CustomerID,CustomerName,LoyaltyTier,JoinDate,HomeCity,HomeStateCode,PreferredStoreID
C00001,Saskia Pemberton,Summit,2024-07-24,Fort Collins,CO,ST018
C00002,Callum Zielinski,Summit,2020-10-09,Tacoma,WA,ST003
C00003,Yara Barros,Trailhead,2023-02-25,Bend,OR,ST004
C00004,Imani Ellery,Trailhead,2024-03-17,Denver,CO,ST010
C00005,Mateo Yardley,Trailhead,2021-10-28,Reno,NV,ST015
C00006,Theo Vasquez,None,2022-11-22,Sacramento,CA,ST013
C00007,Saskia Kowalski,Summit,2020-06-22,Bozeman,MT,ST004
C00008,Callum Ashworth,None,2022-03-25,Boulder,CO,ST003
C00009,Mateo Yardley,Trailhead,2021-09-01,Spokane,WA,ST009
C00010,Lucian Ibarra,Alpine,2024-03-04,Fort Collins,CO,ST007
C00011,Greta Grimshaw,Trailhead,2021-10-13,Reno,NV,ST012
C00012,Noor Kowalski,Trailhead,2021-03-09,Eugene,OR,ST001
C00013,Nadia Whitfield,Trailhead,2020-02-16,Eugene,OR,ST013
C00014,Mateo Thorne,Trailhead,2021-01-16,Bozeman,MT,ST018
C00015,Greta Ibarra,None,2021-07-10,Park City,UT,ST008
C00016,Noor Delacroix,None,2024-03-02,Portland,OR,ST002
C00017,Nadia Pemberton,Trailhead,2022-10-09,Spokane,WA,ST001
C00018,Priya Halvorsen,None,2022-05-05,Bend,OR,ST001
C00019,Ravi Yardley,Summit,2022-09-13,Boise,ID,ST013
C00020,Ravi Yardley,None,2021-05-07,Boulder,CO,ST008
C00021,Amara Pemberton,Summit,2024-09-07,Eugene,OR,ST011
C00022,Soren Yardley,Trailhead,2021-11-29,Seattle,WA,ST005
C00023,Imani Delacroix,None,2023-04-30,Missoula,MT,ST010
C00024,Saskia Hollis,None,2024-01-11,Reno,NV,ST011
C00025,Felix Grimshaw,None,2021-05-13,Boulder,CO,ST015
C00026,Beatrix Whitfield,Summit,2023-03-08,Bend,OR,ST017
C00027,Saskia Halvorsen,None,2023-06-06,Boulder,CO,ST002
C00028,Marcus Grimshaw,Trailhead,2021-08-23,Sacramento,CA,ST018
C00029,Mateo Yardley,Trailhead,2022-10-27,Boulder,CO,ST002
C00030,Greta Ashworth,None,2024-05-16,Flagstaff,AZ,ST006
C00031,Emrys Kowalski,Summit,2023-02-27,Seattle,WA,ST001
C00032,Callum Ashworth,Summit,2024-11-27,Denver,CO,ST005
C00033,Greta Kowalski,Trailhead,2023-11-26,Boulder,CO,ST009
C00034,Felix Ibarra,Summit,2021-12-15,Coeur d'Alene,ID,ST018
C00035,Emrys Nakamura,None,2023-11-30,Flagstaff,AZ,ST018
C00036,Noor Pemberton,Summit,2024-02-03,Portland,OR,ST008
C00037,Theo Rasmussen,Summit,2020-08-27,Eugene,OR,ST009
C00038,Callum Vasquez,Trailhead,2023-05-21,Spokane,WA,ST016
C00039,Hugo Wexford,Summit,2023-02-18,Bozeman,MT,ST012
C00040,Hugo Thorne,None,2020-01-30,Portland,OR,ST005
C00041,Noor Ashworth,None,2022-10-04,Denver,CO,ST007
C00042,Theo Lindqvist,Summit,2022-10-09,Bozeman,MT,ST017
C00043,Saskia Zielinski,Summit,2022-08-22,Tacoma,WA,ST017
C00044,Sana Grimshaw,Trailhead,2021-11-27,Bozeman,MT,ST012
C00045,Hugo Barros,None,2022-02-21,Bend,OR,ST015
C00046,Soren Ferreira,Alpine,2023-01-14,Park City,UT,ST007
C00047,Freya Ellery,Trailhead,2023-09-14,Portland,OR,ST008
C00048,Noor Nakamura,Summit,2021-11-08,Missoula,MT,ST003
C00049,Felix Lindqvist,Alpine,2024-02-07,Bozeman,MT,ST004
C00050,Greta Thorne,None,2023-06-07,Seattle,WA,ST004
C00051,Hugo Ellery,None,2022-09-29,Boise,ID,ST018
C00052,Beatrix Marchetti,Trailhead,2022-06-03,Flagstaff,AZ,ST004
C00053,Imani Wexford,Summit,2021-09-15,Boulder,CO,ST016
C00054,Sana Sandoval,Summit,2023-02-15,Tacoma,WA,ST010
C00055,Emrys Nakamura,Summit,2021-05-22,Salt Lake City,UT,ST016
C00056,Amara Zielinski,None,2021-11-12,Tacoma,WA,ST018
C00057,Sana Ferreira,None,2023-03-13,Fort Collins,CO,ST007
C00058,Beatrix Pemberton,Summit,2022-05-08,Portland,OR,ST011
C00059,Diego Ashworth,None,2022-03-11,Seattle,WA,ST006
C00060,Kenji Ashworth,Trailhead,2024-06-27,Seattle,WA,ST010
C00061,Saskia Ellery,Summit,2021-03-23,Tacoma,WA,ST001
C00062,Yara Wexford,Summit,2020-02-14,Flagstaff,AZ,ST003
C00063,Alina Okonkwo,None,2021-04-20,Portland,OR,ST002
C00064,Sana Delacroix,Alpine,2024-04-10,Sacramento,CA,ST007
C00065,Soren Ibarra,Trailhead,2023-10-20,Seattle,WA,ST006
C00066,Yara Barros,None,2023-12-22,Bozeman,MT,ST004
C00067,Noor Whitfield,Trailhead,2020-04-08,Coeur d'Alene,ID,ST017
C00068,Tobias Rasmussen,Trailhead,2024-09-18,Park City,UT,ST014
C00069,Lucian Lindqvist,None,2024-03-31,Boulder,CO,ST013
C00070,Amara Lindqvist,None,2022-08-19,Seattle,WA,ST006
C00071,Sana Ashworth,None,2023-04-01,Sacramento,CA,ST007
C00072,Callum Zielinski,Trailhead,2024-06-25,Seattle,WA,ST001
C00073,Rosa Whitfield,Trailhead,2022-07-26,Flagstaff,AZ,ST012
C00074,Felix Lindqvist,Summit,2020-07-13,Park City,UT,ST002
C00075,Hugo Okonkwo,None,2024-12-25,Boulder,CO,ST003
C00076,Theo Kowalski,Summit,2023-09-21,Reno,NV,ST012
C00077,Elena Hollis,None,2024-05-01,Denver,CO,ST012
C00078,Theo Kowalski,Summit,2020-12-31,Sacramento,CA,ST007
C00079,Alina Ellery,Summit,2021-03-31,Denver,CO,ST013
C00080,Hugo Yardley,Trailhead,2023-12-08,Bend,OR,ST009
C00081,Beatrix Kowalski,Trailhead,2024-06-16,Eugene,OR,ST016
C00082,Marcus Sandoval,None,2022-08-23,Seattle,WA,ST006
C00083,Amara Nakamura,Trailhead,2021-03-20,Boise,ID,ST017
C00084,Lucian Ibarra,Summit,2024-06-26,Portland,OR,ST001
C00085,Noor Grimshaw,Trailhead,2024-11-15,Seattle,WA,ST008
C00086,Ravi Thorne,Summit,2021-10-25,Seattle,WA,ST014
C00087,Rosa Ellery,None,2021-03-14,Missoula,MT,ST013
C00088,Diego Ibarra,None,2024-11-05,Flagstaff,AZ,ST008
C00089,Elias Thorne,Trailhead,2020-10-04,Portland,OR,ST014
C00090,Alina Grimshaw,None,2021-09-01,Salt Lake City,UT,ST010
C00091,Mateo Hollis,Alpine,2022-03-30,Spokane,WA,ST012
C00092,Lucian Sandoval,Trailhead,2023-10-04,Tacoma,WA,ST016
C00093,Emrys Hollis,None,2021-10-16,Spokane,WA,ST009
C00094,Yara Kowalski,Summit,2020-12-07,Reno,NV,ST003
C00095,Elena Grimshaw,Summit,2024-04-23,Seattle,WA,ST016
C00096,Lucian Grimshaw,Trailhead,2022-12-09,Bozeman,MT,ST012
C00097,Nadia Ellery,Summit,2021-09-07,Eugene,OR,ST003
C00098,Hugo Delacroix,None,2020-11-15,Boise,ID,ST001
C00099,Kenji Lindqvist,Trailhead,2021-12-20,Fort Collins,CO,ST013
C00100,Callum Whitfield,None,2022-11-26,Boulder,CO,ST002
C00101,Soren Ellery,Summit,2023-07-17,Seattle,WA,ST008
C00102,Priya Rasmussen,Trailhead,2020-02-17,Salt Lake City,UT,ST005
C00103,Sana Thorne,Trailhead,2020-04-15,Boise,ID,ST006
C00104,Diego Hollis,Trailhead,2021-08-07,Coeur d'Alene,ID,ST013
C00105,Marcus Hollis,None,2023-10-05,Fort Collins,CO,ST010
C00106,Hugo Rasmussen,Trailhead,2024-09-12,Eugene,OR,ST012
C00107,Greta Ashworth,None,2021-12-29,Missoula,MT,ST005
C00108,Amara Barros,None,2022-11-01,Park City,UT,ST016
C00109,Yara Thorne,None,2021-06-24,Boise,ID,ST012
C00110,Sana Grimshaw,Trailhead,2020-10-01,Sacramento,CA,ST017
C00111,Ravi Okonkwo,Trailhead,2022-04-18,Sacramento,CA,ST005
C00112,Diego Lindqvist,None,2021-07-14,Boise,ID,ST015
C00113,Ravi Vasquez,Trailhead,2021-07-23,Flagstaff,AZ,ST012
C00114,Beatrix Vasquez,Alpine,2024-07-31,Denver,CO,ST002
C00115,Theo Grimshaw,None,2022-09-22,Missoula,MT,ST004
C00116,Beatrix Wexford,None,2022-01-09,Seattle,WA,ST009
C00117,Diego Rasmussen,Trailhead,2020-06-27,Coeur d'Alene,ID,ST010
C00118,Hugo Okonkwo,Trailhead,2024-01-14,Flagstaff,AZ,ST007
C00119,Nadia Delacroix,Trailhead,2022-01-03,Denver,CO,ST005
C00120,Ravi Sandoval,None,2024-07-06,Boise,ID,ST003
C00121,Hugo Pemberton,Trailhead,2024-07-28,Tacoma,WA,ST016
C00122,Otto Farrow,None,2021-11-28,Bend,OR,ST009
C00123,Elena Ashworth,None,2023-05-09,Salt Lake City,UT,ST012
C00124,Emrys Okonkwo,None,2023-09-11,Eugene,OR,ST004
C00125,Elias Marchetti,None,2023-07-05,Eugene,OR,ST005
C00126,Ravi Wexford,Trailhead,2022-03-17,Spokane,WA,ST002
C00127,Elias Yardley,None,2021-11-11,Sacramento,CA,ST006
C00128,Diego Nakamura,None,2020-05-26,Bend,OR,ST010
C00129,Marcus Marchetti,Trailhead,2024-01-11,Park City,UT,ST003
C00130,Otto Okonkwo,None,2021-12-30,Boise,ID,ST013
C00131,Freya Hollis,Summit,2020-06-18,Tacoma,WA,ST004
C00132,Alina Rasmussen,Trailhead,2021-09-26,Sacramento,CA,ST014
C00133,Otto Farrow,None,2020-04-19,Coeur d'Alene,ID,ST013
C00134,Priya Okonkwo,Trailhead,2021-12-23,Bozeman,MT,ST003
C00135,Saskia Zielinski,Summit,2022-10-07,Boise,ID,ST016
C00136,Leila Rasmussen,Trailhead,2020-03-14,Boulder,CO,ST001
C00137,Beatrix Okonkwo,Alpine,2020-08-01,Boulder,CO,ST006
C00138,Sana Barros,Summit,2021-12-08,Park City,UT,ST017
C00139,Kenji Lindqvist,None,2024-10-31,Tacoma,WA,ST015
C00140,Lucian Marchetti,Summit,2020-05-20,Fort Collins,CO,ST011
C00141,Sana Whitfield,Alpine,2020-02-20,Bend,OR,ST009
C00142,Kenji Ellery,Alpine,2022-01-04,Park City,UT,ST007
C00143,Alina Ellery,None,2022-11-26,Park City,UT,ST002
C00144,Diego Wexford,None,2023-04-18,Tacoma,WA,ST003
C00145,Tobias Vasquez,None,2022-02-04,Flagstaff,AZ,ST018
C00146,Amara Kowalski,None,2022-08-23,Portland,OR,ST012
C00147,Hugo Ibarra,None,2020-12-24,Tacoma,WA,ST015
C00148,Otto Barros,Alpine,2024-10-04,Reno,NV,ST006
C00149,Noor Nakamura,None,2023-09-20,Coeur d'Alene,ID,ST007
C00150,Marcus Vasquez,None,2023-07-25,Reno,NV,ST009
C00151,Saskia Yardley,None,2021-06-07,Park City,UT,ST008
C00152,Alina Farrow,Summit,2023-06-15,Sacramento,CA,ST016
C00153,Alina Kowalski,None,2022-12-16,Bend,OR,ST017
C00154,Otto Grimshaw,None,2024-05-30,Tacoma,WA,ST017
C00155,Soren Yardley,Trailhead,2020-05-08,Park City,UT,ST011
C00156,Saskia Barros,Summit,2024-12-19,Sacramento,CA,ST004
C00157,Callum Ibarra,Summit,2020-02-03,Portland,OR,ST016
C00158,Kenji Grimshaw,None,2020-09-02,Tacoma,WA,ST013
C00159,Noor Yardley,None,2021-11-15,Fort Collins,CO,ST018
C00160,Callum Rasmussen,Trailhead,2024-01-09,Sacramento,CA,ST018
C00161,Beatrix Thorne,Trailhead,2023-02-02,Denver,CO,ST009
C00162,Soren Marchetti,Trailhead,2024-08-12,Boise,ID,ST014
C00163,Imani Rasmussen,None,2021-09-25,Tacoma,WA,ST006
C00164,Nadia Vasquez,Summit,2020-12-30,Denver,CO,ST018
C00165,Kenji Nakamura,None,2024-06-19,Eugene,OR,ST008
C00166,Tobias Grimshaw,None,2021-04-02,Missoula,MT,ST016
C00167,Noor Barros,Trailhead,2023-07-15,Denver,CO,ST015
C00168,Sana Sandoval,None,2023-11-11,Portland,OR,ST007
C00169,Tobias Yardley,Alpine,2022-11-07,Eugene,OR,ST003
C00170,Marcus Zielinski,Summit,2021-02-21,Bend,OR,ST003
C00171,Soren Hollis,Trailhead,2023-03-22,Sacramento,CA,ST003
C00172,Felix Thorne,Summit,2021-04-16,Reno,NV,ST002
C00173,Soren Grimshaw,None,2020-02-12,Bend,OR,ST004
C00174,Mateo Sandoval,Trailhead,2022-02-10,Reno,NV,ST013
C00175,Elena Yardley,Alpine,2021-06-20,Boise,ID,ST008
C00176,Amara Delacroix,Summit,2020-05-31,Missoula,MT,ST005
C00177,Rosa Yardley,None,2021-12-21,Flagstaff,AZ,ST007
C00178,Noor Pemberton,None,2023-09-06,Denver,CO,ST008
C00179,Elias Vasquez,Alpine,2020-07-09,Eugene,OR,ST005
C00180,Amara Farrow,Summit,2020-08-11,Park City,UT,ST012
C00181,Lucian Ibarra,None,2020-06-16,Spokane,WA,ST007
C00182,Kenji Grimshaw,Trailhead,2022-01-11,Spokane,WA,ST004
C00183,Elena Delacroix,Summit,2021-07-29,Boise,ID,ST010
C00184,Alina Nakamura,None,2022-09-17,Tacoma,WA,ST004
C00185,Soren Farrow,Trailhead,2024-02-15,Denver,CO,ST017
C00186,Emrys Wexford,Trailhead,2021-06-21,Missoula,MT,ST001
C00187,Felix Farrow,Trailhead,2020-06-15,Salt Lake City,UT,ST005
C00188,Noor Lindqvist,Alpine,2022-07-29,Spokane,WA,ST003
C00189,Rosa Marchetti,Trailhead,2024-06-05,Sacramento,CA,ST009
C00190,Sana Wexford,None,2021-12-03,Bozeman,MT,ST011
C00191,Leila Delacroix,Trailhead,2022-05-17,Boise,ID,ST013
C00192,Lucian Zielinski,None,2021-01-16,Bend,OR,ST018
C00193,Felix Okonkwo,Summit,2020-02-13,Reno,NV,ST007
C00194,Nadia Sandoval,Summit,2023-02-08,Spokane,WA,ST006
C00195,Otto Vasquez,Summit,2023-03-04,Coeur d'Alene,ID,ST006
C00196,Freya Farrow,Summit,2024-10-13,Eugene,OR,ST015
C00197,Greta Kowalski,Alpine,2022-06-06,Eugene,OR,ST004
C00198,Ravi Okonkwo,None,2021-09-17,Boise,ID,ST015
C00199,Noor Whitfield,Alpine,2024-06-02,Fort Collins,CO,ST003
C00200,Elena Ferreira,Alpine,2020-08-04,Bend,OR,ST012
C00201,Hugo Marchetti,Trailhead,2024-09-19,Tacoma,WA,ST008
C00202,Kenji Ellery,None,2023-09-14,Missoula,MT,ST018
C00203,Greta Grimshaw,None,2023-06-01,Seattle,WA,ST004
C00204,Yara Yardley,None,2020-04-04,Salt Lake City,UT,ST013
C00205,Leila Okonkwo,None,2023-02-27,Boulder,CO,ST013
C00206,Freya Ellery,Trailhead,2024-05-14,Seattle,WA,ST009
C00207,Elena Nakamura,Trailhead,2022-08-10,Tacoma,WA,ST005
C00208,Leila Thorne,None,2022-04-24,Eugene,OR,ST014
C00209,Marcus Whitfield,Trailhead,2021-06-10,Denver,CO,ST004
C00210,Soren Okonkwo,Alpine,2020-07-26,Tacoma,WA,ST008
C00211,Mateo Yardley,Trailhead,2024-03-05,Seattle,WA,ST011
C00212,Freya Wexford,Trailhead,2024-07-24,Boise,ID,ST010
C00213,Elias Halvorsen,None,2022-11-07,Fort Collins,CO,ST013
C00214,Hugo Okonkwo,Trailhead,2023-10-15,Reno,NV,ST004
C00215,Ravi Lindqvist,None,2024-01-11,Missoula,MT,ST006
C00216,Noor Kowalski,Summit,2023-07-16,Salt Lake City,UT,ST012
C00217,Hugo Barros,Trailhead,2024-04-13,Boulder,CO,ST013
C00218,Kenji Ferreira,Summit,2022-07-20,Eugene,OR,ST004
C00219,Imani Halvorsen,Trailhead,2021-10-23,Tacoma,WA,ST017
C00220,Leila Ibarra,Trailhead,2024-02-05,Seattle,WA,ST012
C00221,Amara Sandoval,Summit,2023-07-15,Missoula,MT,ST005
C00222,Ravi Pemberton,Alpine,2021-08-09,Spokane,WA,ST004
C00223,Soren Ibarra,None,2020-07-07,Boulder,CO,ST011
C00224,Noor Lindqvist,Summit,2020-11-20,Reno,NV,ST014
C00225,Marcus Ferreira,Alpine,2022-02-22,Sacramento,CA,ST012
C00226,Mateo Ellery,None,2021-08-25,Seattle,WA,ST012
C00227,Soren Ellery,Summit,2023-03-09,Park City,UT,ST003
C00228,Leila Grimshaw,Summit,2023-04-30,Reno,NV,ST017
C00229,Beatrix Sandoval,Trailhead,2023-12-09,Spokane,WA,ST006
C00230,Alina Lindqvist,None,2023-05-22,Spokane,WA,ST004
C00231,Theo Kowalski,Alpine,2021-04-24,Boulder,CO,ST010
C00232,Otto Rasmussen,None,2024-12-30,Salt Lake City,UT,ST009
C00233,Callum Farrow,Trailhead,2020-06-28,Spokane,WA,ST014
C00234,Nadia Wexford,Trailhead,2021-03-28,Sacramento,CA,ST008
C00235,Beatrix Whitfield,Trailhead,2021-12-19,Bend,OR,ST014
C00236,Nadia Zielinski,Trailhead,2020-12-20,Salt Lake City,UT,ST011
C00237,Marcus Farrow,None,2022-12-15,Boise,ID,ST011
C00238,Alina Barros,Alpine,2021-06-28,Denver,CO,ST005
C00239,Priya Ashworth,None,2020-08-06,Reno,NV,ST003
C00240,Sana Thorne,None,2020-03-14,Salt Lake City,UT,ST010
C00241,Imani Ferreira,None,2023-12-04,Park City,UT,ST004
C00242,Saskia Grimshaw,None,2020-07-21,Bend,OR,ST015
C00243,Freya Hollis,None,2020-11-18,Seattle,WA,ST007
C00244,Diego Barros,Summit,2023-10-02,Spokane,WA,ST009
C00245,Leila Delacroix,None,2023-11-21,Park City,UT,ST011
C00246,Otto Lindqvist,Summit,2024-09-17,Sacramento,CA,ST012
C00247,Hugo Ellery,None,2023-01-07,Denver,CO,ST014
C00248,Elena Sandoval,Trailhead,2024-06-14,Spokane,WA,ST001
C00249,Marcus Kowalski,Trailhead,2022-06-29,Boise,ID,ST013
C00250,Elias Ellery,Alpine,2023-09-20,Eugene,OR,ST014
C00251,Sana Ibarra,Trailhead,2020-07-07,Eugene,OR,ST014
C00252,Soren Marchetti,None,2021-08-08,Bozeman,MT,ST013
C00253,Imani Rasmussen,Summit,2021-06-18,Coeur d'Alene,ID,ST012
C00254,Lucian Yardley,Alpine,2024-10-13,Sacramento,CA,ST008
C00255,Beatrix Lindqvist,Summit,2020-09-20,Coeur d'Alene,ID,ST011
C00256,Callum Okonkwo,Trailhead,2024-05-31,Denver,CO,ST004
C00257,Rosa Ashworth,Summit,2022-01-18,Portland,OR,ST012
C00258,Mateo Thorne,Trailhead,2023-06-16,Denver,CO,ST004
C00259,Beatrix Whitfield,Trailhead,2021-02-12,Denver,CO,ST013
C00260,Emrys Sandoval,Summit,2022-04-18,Missoula,MT,ST017
C00261,Amara Barros,Summit,2021-10-10,Coeur d'Alene,ID,ST004
C00262,Rosa Ferreira,None,2020-12-03,Eugene,OR,ST010
C00263,Beatrix Pemberton,Trailhead,2023-02-20,Tacoma,WA,ST018
C00264,Rosa Marchetti,Trailhead,2023-09-03,Portland,OR,ST016
C00265,Yara Thorne,Summit,2022-02-14,Flagstaff,AZ,ST014
C00266,Elena Marchetti,Trailhead,2024-12-13,Reno,NV,ST001
C00267,Ravi Delacroix,None,2021-08-01,Bend,OR,ST017
C00268,Theo Ibarra,Alpine,2024-04-12,Denver,CO,ST016
C00269,Priya Zielinski,Trailhead,2022-11-28,Denver,CO,ST012
C00270,Mateo Thorne,None,2022-04-28,Salt Lake City,UT,ST017
C00271,Amara Farrow,Summit,2024-07-17,Sacramento,CA,ST003
C00272,Otto Ibarra,Trailhead,2024-01-06,Spokane,WA,ST010
C00273,Freya Yardley,Alpine,2020-09-26,Eugene,OR,ST010
C00274,Imani Delacroix,None,2024-05-24,Spokane,WA,ST014
C00275,Nadia Nakamura,None,2024-02-14,Portland,OR,ST016
C00276,Marcus Hollis,None,2024-10-24,Bend,OR,ST005
C00277,Tobias Farrow,None,2024-11-10,Sacramento,CA,ST018
C00278,Emrys Marchetti,Summit,2020-02-16,Portland,OR,ST014
C00279,Saskia Vasquez,Alpine,2020-12-05,Boulder,CO,ST010
C00280,Alina Ferreira,Trailhead,2023-12-13,Park City,UT,ST018
C00281,Kenji Halvorsen,Alpine,2021-07-24,Portland,OR,ST018
C00282,Rosa Nakamura,Summit,2022-02-09,Flagstaff,AZ,ST001
C00283,Imani Grimshaw,Trailhead,2024-10-17,Seattle,WA,ST002
C00284,Ravi Farrow,Trailhead,2021-02-26,Boise,ID,ST018
C00285,Felix Nakamura,Trailhead,2023-10-27,Coeur d'Alene,ID,ST014
C00286,Mateo Rasmussen,None,2022-02-19,Boise,ID,ST014
C00287,Priya Ellery,Summit,2021-03-12,Missoula,MT,ST001
C00288,Beatrix Marchetti,Trailhead,2020-10-28,Reno,NV,ST008
C00289,Felix Ashworth,Summit,2021-05-30,Spokane,WA,ST003
C00290,Saskia Sandoval,Trailhead,2021-12-09,Denver,CO,ST018
C00291,Mateo Delacroix,Trailhead,2023-09-12,Portland,OR,ST013
C00292,Sana Halvorsen,Summit,2020-09-09,Sacramento,CA,ST012
C00293,Marcus Yardley,None,2021-02-08,Sacramento,CA,ST004
C00294,Saskia Rasmussen,None,2020-07-24,Eugene,OR,ST010
C00295,Leila Pemberton,Summit,2021-08-23,Fort Collins,CO,ST007
C00296,Lucian Ibarra,Summit,2023-07-08,Eugene,OR,ST007
C00297,Sana Whitfield,None,2020-10-12,Boulder,CO,ST008
C00298,Priya Thorne,Trailhead,2020-11-02,Boise,ID,ST007
C00299,Rosa Kowalski,Trailhead,2021-10-16,Spokane,WA,ST012
C00300,Theo Lindqvist,None,2020-02-12,Fort Collins,CO,ST015
C00301,Priya Ashworth,Alpine,2023-09-12,Park City,UT,ST005
C00302,Callum Ashworth,Trailhead,2024-08-11,Missoula,MT,ST003
C00303,Yara Nakamura,Summit,2021-02-03,Sacramento,CA,ST008
C00304,Saskia Whitfield,Summit,2024-02-10,Sacramento,CA,ST017
C00305,Elias Ellery,Trailhead,2023-01-01,Park City,UT,ST007
C00306,Rosa Thorne,Trailhead,2024-07-19,Eugene,OR,ST004
C00307,Tobias Hollis,None,2020-12-15,Reno,NV,ST006
C00308,Beatrix Ferreira,Trailhead,2021-12-12,Portland,OR,ST014
C00309,Lucian Nakamura,Trailhead,2022-02-08,Eugene,OR,ST005
C00310,Mateo Zielinski,None,2021-07-19,Seattle,WA,ST013
C00311,Soren Hollis,Alpine,2022-05-03,Portland,OR,ST015
C00312,Leila Nakamura,None,2020-11-11,Park City,UT,ST012
C00313,Otto Ashworth,Summit,2022-11-25,Fort Collins,CO,ST017
C00314,Imani Ellery,Trailhead,2021-06-21,Reno,NV,ST017
C00315,Callum Barros,None,2023-07-13,Seattle,WA,ST018
C00316,Kenji Ibarra,Summit,2023-09-12,Flagstaff,AZ,ST010
C00317,Elias Pemberton,None,2023-11-27,Boulder,CO,ST007
C00318,Ravi Wexford,Summit,2020-04-21,Tacoma,WA,ST013
C00319,Sana Vasquez,None,2022-07-04,Reno,NV,ST003
C00320,Alina Wexford,None,2021-06-14,Park City,UT,ST003
C00321,Otto Ashworth,Summit,2024-12-27,Fort Collins,CO,ST017
C00322,Kenji Thorne,Trailhead,2024-04-27,Park City,UT,ST013
C00323,Priya Ferreira,Summit,2020-05-21,Eugene,OR,ST007
C00324,Saskia Farrow,Alpine,2022-06-16,Sacramento,CA,ST004
C00325,Yara Yardley,Trailhead,2022-04-22,Missoula,MT,ST018
C00326,Soren Yardley,Summit,2022-05-04,Bend,OR,ST003
C00327,Greta Whitfield,Alpine,2022-08-13,Missoula,MT,ST018
C00328,Theo Nakamura,Alpine,2022-07-17,Reno,NV,ST005
C00329,Tobias Yardley,None,2023-10-16,Park City,UT,ST003
C00330,Beatrix Yardley,None,2020-10-28,Seattle,WA,ST004
C00331,Mateo Lindqvist,None,2020-10-08,Sacramento,CA,ST018
C00332,Callum Nakamura,None,2021-11-18,Boise,ID,ST010
C00333,Alina Vasquez,Trailhead,2024-11-05,Park City,UT,ST015
C00334,Saskia Whitfield,Trailhead,2023-09-03,Fort Collins,CO,ST002
C00335,Felix Kowalski,None,2024-02-24,Spokane,WA,ST007
C00336,Mateo Halvorsen,Summit,2022-08-06,Boulder,CO,ST015
C00337,Mateo Wexford,None,2021-05-26,Salt Lake City,UT,ST006
C00338,Kenji Barros,None,2024-07-16,Fort Collins,CO,ST012
C00339,Theo Nakamura,Summit,2024-05-23,Coeur d'Alene,ID,ST015
C00340,Leila Ashworth,Alpine,2021-01-21,Bend,OR,ST002
C00341,Sana Nakamura,Trailhead,2021-12-28,Missoula,MT,ST011
C00342,Marcus Sandoval,None,2022-03-12,Portland,OR,ST014
C00343,Theo Thorne,None,2024-07-13,Seattle,WA,ST009
C00344,Amara Lindqvist,None,2021-10-09,Bend,OR,ST008
C00345,Marcus Nakamura,Trailhead,2024-03-26,Missoula,MT,ST011
C00346,Otto Zielinski,Trailhead,2020-06-25,Park City,UT,ST008
C00347,Noor Farrow,None,2023-08-30,Missoula,MT,ST011
C00348,Freya Thorne,Trailhead,2024-06-12,Reno,NV,ST013
C00349,Marcus Wexford,Trailhead,2022-08-02,Seattle,WA,ST003
C00350,Leila Whitfield,None,2023-07-03,Tacoma,WA,ST017
C00351,Soren Ellery,None,2020-11-18,Tacoma,WA,ST012
C00352,Elias Ibarra,None,2021-04-25,Spokane,WA,ST012
C00353,Tobias Sandoval,None,2023-09-04,Spokane,WA,ST008
C00354,Ravi Sandoval,Trailhead,2021-11-06,Park City,UT,ST014
C00355,Elena Halvorsen,None,2020-09-05,Sacramento,CA,ST005
C00356,Elias Zielinski,None,2022-09-07,Tacoma,WA,ST012
C00357,Marcus Ellery,None,2023-10-01,Spokane,WA,ST010
C00358,Callum Rasmussen,Trailhead,2024-06-13,Bend,OR,ST006
C00359,Soren Halvorsen,None,2021-02-08,Flagstaff,AZ,ST008
C00360,Tobias Whitfield,None,2021-06-09,Eugene,OR,ST012
C00361,Tobias Ferreira,Summit,2024-11-17,Bend,OR,ST001
C00362,Imani Kowalski,Trailhead,2020-10-10,Salt Lake City,UT,ST010
C00363,Elena Wexford,None,2020-02-17,Flagstaff,AZ,ST015
C00364,Elias Zielinski,None,2021-04-02,Reno,NV,ST004
C00365,Greta Delacroix,Summit,2021-10-06,Boise,ID,ST002
C00366,Imani Ellery,Trailhead,2022-07-29,Missoula,MT,ST008
C00367,Beatrix Barros,Trailhead,2023-11-28,Seattle,WA,ST017
C00368,Mateo Wexford,Alpine,2022-01-13,Salt Lake City,UT,ST016
C00369,Amara Delacroix,None,2023-03-02,Park City,UT,ST012
C00370,Emrys Ashworth,None,2023-03-29,Fort Collins,CO,ST007
C00371,Alina Ellery,Trailhead,2020-12-06,Missoula,MT,ST016
C00372,Soren Thorne,Trailhead,2022-05-16,Salt Lake City,UT,ST018
C00373,Nadia Yardley,Trailhead,2022-09-21,Missoula,MT,ST012
C00374,Greta Halvorsen,Summit,2020-07-13,Bend,OR,ST006
C00375,Lucian Rasmussen,Trailhead,2022-12-03,Sacramento,CA,ST005
C00376,Ravi Halvorsen,None,2023-05-29,Denver,CO,ST013
C00377,Imani Thorne,Summit,2023-12-06,Bozeman,MT,ST008
C00378,Sana Ferreira,Trailhead,2020-07-27,Reno,NV,ST006
C00379,Elena Wexford,Trailhead,2023-02-11,Boise,ID,ST017
C00380,Felix Farrow,None,2024-04-15,Boise,ID,ST016
C00381,Saskia Delacroix,None,2021-01-25,Bend,OR,ST009
C00382,Sana Kowalski,Summit,2023-11-23,Flagstaff,AZ,ST010
C00383,Soren Farrow,None,2021-01-26,Seattle,WA,ST005
C00384,Elena Farrow,Trailhead,2022-12-18,Tacoma,WA,ST008
C00385,Diego Marchetti,None,2022-08-06,Seattle,WA,ST017
C00386,Soren Nakamura,Trailhead,2023-12-20,Fort Collins,CO,ST007
C00387,Noor Ellery,None,2024-04-02,Spokane,WA,ST015
C00388,Amara Grimshaw,None,2020-09-07,Fort Collins,CO,ST003
C00389,Elena Rasmussen,Summit,2023-11-19,Coeur d'Alene,ID,ST009
C00390,Soren Delacroix,None,2024-11-22,Spokane,WA,ST017
C00391,Rosa Ashworth,Trailhead,2021-07-10,Salt Lake City,UT,ST014
C00392,Elena Halvorsen,None,2024-07-14,Coeur d'Alene,ID,ST005
C00393,Emrys Vasquez,Summit,2023-01-24,Portland,OR,ST002
C00394,Beatrix Hollis,Trailhead,2024-05-07,Seattle,WA,ST016
C00395,Saskia Marchetti,Summit,2023-04-14,Seattle,WA,ST002
C00396,Otto Grimshaw,None,2021-09-09,Seattle,WA,ST018
C00397,Elena Farrow,Alpine,2024-01-05,Denver,CO,ST015
C00398,Otto Barros,None,2020-05-17,Boise,ID,ST004
C00399,Rosa Ibarra,None,2022-04-10,Bend,OR,ST010
C00400,Sana Ashworth,None,2022-02-03,Reno,NV,ST010
C00401,Greta Sandoval,Summit,2023-12-17,Reno,NV,ST009
C00402,Rosa Vasquez,None,2022-09-18,Portland,OR,ST016
C00403,Emrys Wexford,Trailhead,2024-11-23,Bend,OR,ST018
C00404,Imani Lindqvist,Summit,2024-06-28,Seattle,WA,ST006
C00405,Alina Pemberton,Trailhead,2023-08-06,Flagstaff,AZ,ST001
C00406,Greta Yardley,Summit,2021-12-18,Seattle,WA,ST012
C00407,Diego Sandoval,Trailhead,2021-11-16,Coeur d'Alene,ID,ST003
C00408,Lucian Thorne,Trailhead,2024-07-10,Bend,OR,ST001
C00409,Otto Wexford,None,2021-05-30,Bozeman,MT,ST013
C00410,Elias Farrow,Summit,2022-09-17,Bend,OR,ST012
C00411,Hugo Ashworth,Trailhead,2020-08-01,Portland,OR,ST011
C00412,Imani Farrow,Trailhead,2024-05-13,Reno,NV,ST012
C00413,Kenji Barros,Alpine,2023-02-19,Salt Lake City,UT,ST016
C00414,Amara Farrow,None,2023-01-09,Park City,UT,ST009
C00415,Imani Grimshaw,Trailhead,2021-10-21,Tacoma,WA,ST007
C00416,Amara Ferreira,None,2021-11-03,Eugene,OR,ST007
C00417,Otto Hollis,Summit,2024-05-29,Park City,UT,ST002
C00418,Elena Yardley,Trailhead,2021-10-14,Salt Lake City,UT,ST011
C00419,Saskia Kowalski,Trailhead,2022-08-03,Portland,OR,ST016
C00420,Amara Halvorsen,Trailhead,2020-10-13,Bozeman,MT,ST013
C00421,Noor Barros,None,2023-08-19,Missoula,MT,ST001
C00422,Sana Okonkwo,None,2021-09-08,Flagstaff,AZ,ST014
C00423,Lucian Ibarra,Trailhead,2020-12-14,Reno,NV,ST005
C00424,Elena Pemberton,Trailhead,2023-09-23,Fort Collins,CO,ST009
C00425,Amara Okonkwo,Trailhead,2023-01-10,Denver,CO,ST004
C00426,Tobias Zielinski,None,2022-11-07,Salt Lake City,UT,ST002
C00427,Felix Rasmussen,None,2020-10-23,Fort Collins,CO,ST010
C00428,Mateo Vasquez,None,2021-03-31,Fort Collins,CO,ST002
C00429,Diego Rasmussen,None,2022-09-21,Tacoma,WA,ST010
C00430,Yara Halvorsen,Trailhead,2022-10-18,Denver,CO,ST009
C00431,Lucian Ashworth,Trailhead,2024-03-18,Missoula,MT,ST007
C00432,Tobias Pemberton,Trailhead,2024-03-29,Bend,OR,ST013
C00433,Elena Halvorsen,Trailhead,2024-09-20,Fort Collins,CO,ST012
C00434,Priya Ibarra,None,2022-07-14,Bend,OR,ST001
C00435,Callum Ellery,Trailhead,2023-12-20,Boulder,CO,ST009
C00436,Greta Lindqvist,Summit,2024-01-05,Bend,OR,ST010
C00437,Leila Lindqvist,None,2023-07-11,Portland,OR,ST008
C00438,Mateo Lindqvist,None,2024-03-01,Flagstaff,AZ,ST015
C00439,Emrys Ibarra,Summit,2021-05-24,Coeur d'Alene,ID,ST018
C00440,Greta Grimshaw,Trailhead,2024-05-07,Missoula,MT,ST005
C00441,Rosa Hollis,None,2024-04-05,Sacramento,CA,ST004
C00442,Theo Vasquez,Trailhead,2024-02-06,Bend,OR,ST015
C00443,Yara Sandoval,None,2022-04-14,Fort Collins,CO,ST002
C00444,Lucian Nakamura,None,2021-12-24,Boulder,CO,ST012
C00445,Elena Delacroix,Trailhead,2020-02-13,Denver,CO,ST005
C00446,Yara Barros,Trailhead,2021-06-27,Portland,OR,ST009
C00447,Freya Sandoval,None,2023-10-09,Fort Collins,CO,ST013
C00448,Diego Lindqvist,Summit,2022-02-03,Coeur d'Alene,ID,ST008
C00449,Saskia Kowalski,Summit,2020-05-05,Sacramento,CA,ST016
C00450,Felix Hollis,Trailhead,2023-01-08,Portland,OR,ST018
C00451,Freya Zielinski,None,2023-05-06,Eugene,OR,ST009
C00452,Freya Farrow,Trailhead,2024-01-10,Salt Lake City,UT,ST005
C00453,Alina Marchetti,None,2022-09-26,Coeur d'Alene,ID,ST005
C00454,Rosa Sandoval,None,2023-10-11,Sacramento,CA,ST014
C00455,Rosa Whitfield,Summit,2024-07-18,Missoula,MT,ST003
C00456,Sana Pemberton,Trailhead,2022-03-24,Boulder,CO,ST007
C00457,Priya Zielinski,Trailhead,2023-07-27,Sacramento,CA,ST005
C00458,Rosa Zielinski,Trailhead,2023-01-10,Sacramento,CA,ST010
C00459,Rosa Vasquez,Trailhead,2023-02-12,Reno,NV,ST006
C00460,Otto Halvorsen,Summit,2021-11-02,Spokane,WA,ST002
C00461,Tobias Rasmussen,Alpine,2022-05-13,Boise,ID,ST012
C00462,Theo Delacroix,Trailhead,2023-10-31,Bozeman,MT,ST009
C00463,Elena Ferreira,None,2023-01-02,Boulder,CO,ST004
C00464,Diego Ferreira,Trailhead,2021-05-29,Denver,CO,ST017
C00465,Diego Lindqvist,None,2022-12-31,Coeur d'Alene,ID,ST006
C00466,Marcus Thorne,None,2020-12-30,Spokane,WA,ST001
C00467,Imani Nakamura,Summit,2023-09-03,Park City,UT,ST017
C00468,Rosa Halvorsen,Trailhead,2020-04-06,Eugene,OR,ST010
C00469,Theo Ibarra,Summit,2023-10-19,Park City,UT,ST005
C00470,Callum Ellery,None,2021-03-22,Flagstaff,AZ,ST008
C00471,Felix Sandoval,None,2021-05-09,Sacramento,CA,ST013
C00472,Greta Kowalski,Summit,2020-04-16,Boulder,CO,ST008
C00473,Rosa Ferreira,Trailhead,2024-09-25,Salt Lake City,UT,ST012
C00474,Alina Zielinski,Alpine,2022-01-17,Fort Collins,CO,ST001
C00475,Ravi Zielinski,None,2020-08-17,Boise,ID,ST012
C00476,Elena Farrow,Trailhead,2020-10-26,Coeur d'Alene,ID,ST003
C00477,Rosa Halvorsen,Trailhead,2023-06-04,Park City,UT,ST009
C00478,Elena Barros,Trailhead,2021-10-14,Boise,ID,ST006
C00479,Marcus Wexford,Summit,2023-05-25,Bend,OR,ST010
C00480,Yara Hollis,None,2020-11-19,Missoula,MT,ST018
C00481,Priya Delacroix,Summit,2024-01-06,Bend,OR,ST005
C00482,Theo Zielinski,Summit,2022-02-08,Salt Lake City,UT,ST009
C00483,Noor Wexford,None,2020-05-11,Boise,ID,ST007
C00484,Callum Nakamura,Trailhead,2022-06-02,Reno,NV,ST005
C00485,Theo Ashworth,Summit,2022-03-07,Flagstaff,AZ,ST012
C00486,Noor Kowalski,Trailhead,2022-06-15,Missoula,MT,ST005
C00487,Yara Marchetti,Trailhead,2022-02-06,Flagstaff,AZ,ST008
C00488,Soren Ellery,Trailhead,2024-12-21,Spokane,WA,ST007
C00489,Callum Ferreira,Summit,2021-03-08,Denver,CO,ST007
C00490,Tobias Halvorsen,None,2022-05-26,Coeur d'Alene,ID,ST015
C00491,Soren Thorne,None,2023-06-05,Seattle,WA,ST010
C00492,Imani Sandoval,Summit,2023-08-23,Reno,NV,ST009
C00493,Felix Yardley,None,2021-03-21,Tacoma,WA,ST004
C00494,Beatrix Ellery,None,2023-06-12,Boulder,CO,ST011
C00495,Noor Wexford,None,2023-09-23,Sacramento,CA,ST007
C00496,Otto Sandoval,Summit,2023-07-03,Spokane,WA,ST003
C00497,Elena Ellery,None,2021-03-13,Salt Lake City,UT,ST001
C00498,Freya Whitfield,None,2021-12-07,Eugene,OR,ST003
C00499,Noor Thorne,None,2022-08-10,Tacoma,WA,ST012
C00500,Nadia Hollis,None,2024-02-07,Eugene,OR,ST005
C00501,Priya Whitfield,Trailhead,2022-06-20,Denver,CO,ST003
C00502,Theo Zielinski,Summit,2024-02-16,Coeur d'Alene,ID,ST018
C00503,Imani Ferreira,Summit,2024-02-27,Reno,NV,ST001
C00504,Noor Ashworth,Summit,2022-06-17,Boulder,CO,ST018
C00505,Elias Whitfield,None,2023-06-04,Seattle,WA,ST004
C00506,Rosa Ferreira,Trailhead,2023-04-09,Reno,NV,ST012
C00507,Mateo Whitfield,Summit,2024-11-05,Sacramento,CA,ST014
C00508,Emrys Zielinski,Trailhead,2021-02-20,Denver,CO,ST008
C00509,Theo Lindqvist,None,2021-11-11,Denver,CO,ST002
C00510,Otto Halvorsen,Trailhead,2021-03-09,Missoula,MT,ST006
C00511,Emrys Ellery,None,2024-09-30,Bozeman,MT,ST016
C00512,Amara Whitfield,None,2022-04-04,Fort Collins,CO,ST001
C00513,Leila Okonkwo,Summit,2024-01-03,Boise,ID,ST012
C00514,Otto Pemberton,None,2020-09-18,Salt Lake City,UT,ST016
C00515,Greta Hollis,None,2021-09-12,Tacoma,WA,ST007
C00516,Lucian Sandoval,None,2023-08-01,Boise,ID,ST008
C00517,Soren Thorne,None,2022-03-24,Boise,ID,ST001
C00518,Elena Wexford,None,2021-05-27,Spokane,WA,ST016
C00519,Rosa Thorne,None,2021-07-06,Denver,CO,ST007
C00520,Hugo Kowalski,None,2020-04-28,Missoula,MT,ST003
C00521,Beatrix Yardley,None,2020-04-14,Salt Lake City,UT,ST006
C00522,Priya Pemberton,None,2024-12-29,Reno,NV,ST012
C00523,Tobias Grimshaw,Summit,2021-03-07,Seattle,WA,ST008
C00524,Alina Ibarra,None,2020-12-05,Reno,NV,ST009
C00525,Yara Marchetti,Summit,2023-06-22,Eugene,OR,ST008
C00526,Rosa Okonkwo,Trailhead,2020-11-21,Bozeman,MT,ST016
C00527,Diego Hollis,None,2022-07-20,Bend,OR,ST010
C00528,Elias Barros,None,2022-08-02,Salt Lake City,UT,ST016
C00529,Nadia Sandoval,Summit,2022-12-23,Portland,OR,ST018
C00530,Mateo Okonkwo,None,2023-12-15,Bend,OR,ST011
C00531,Nadia Zielinski,Summit,2022-06-24,Sacramento,CA,ST002
C00532,Ravi Kowalski,None,2022-02-06,Park City,UT,ST009
C00533,Saskia Vasquez,None,2024-08-11,Bozeman,MT,ST018
C00534,Noor Delacroix,Alpine,2024-07-06,Missoula,MT,ST003
C00535,Sana Nakamura,None,2022-05-01,Fort Collins,CO,ST012
C00536,Hugo Ibarra,Trailhead,2023-09-21,Boise,ID,ST011
C00537,Sana Ashworth,Summit,2023-02-06,Flagstaff,AZ,ST013
C00538,Priya Delacroix,None,2020-02-18,Boise,ID,ST012
C00539,Saskia Barros,None,2021-03-21,Missoula,MT,ST011
C00540,Kenji Zielinski,Trailhead,2022-10-16,Boise,ID,ST005
C00541,Priya Kowalski,None,2024-11-19,Tacoma,WA,ST004
C00542,Soren Farrow,None,2023-06-28,Sacramento,CA,ST006
C00543,Lucian Thorne,Trailhead,2023-04-21,Missoula,MT,ST010
C00544,Marcus Sandoval,None,2020-05-28,Salt Lake City,UT,ST018
C00545,Leila Barros,None,2024-05-19,Denver,CO,ST012
C00546,Ravi Marchetti,None,2022-02-20,Coeur d'Alene,ID,ST014
C00547,Diego Delacroix,Trailhead,2021-01-22,Coeur d'Alene,ID,ST004
C00548,Felix Kowalski,Summit,2024-04-16,Portland,OR,ST014
C00549,Theo Rasmussen,None,2024-12-11,Park City,UT,ST011
C00550,Amara Thorne,Summit,2024-07-14,Flagstaff,AZ,ST013
C00551,Callum Thorne,Summit,2024-12-17,Fort Collins,CO,ST004
C00552,Yara Wexford,None,2023-03-18,Bend,OR,ST007
C00553,Tobias Barros,Trailhead,2020-06-09,Denver,CO,ST011
C00554,Callum Barros,Trailhead,2022-11-15,Eugene,OR,ST012
C00555,Emrys Ibarra,Trailhead,2020-04-19,Bend,OR,ST011
C00556,Felix Ellery,None,2022-02-23,Boulder,CO,ST011
C00557,Beatrix Delacroix,None,2022-10-26,Park City,UT,ST002
C00558,Otto Whitfield,Alpine,2024-07-18,Salt Lake City,UT,ST002
C00559,Leila Wexford,None,2023-09-17,Coeur d'Alene,ID,ST010
C00560,Ravi Ibarra,Alpine,2022-09-02,Salt Lake City,UT,ST003
C00561,Noor Pemberton,None,2020-07-20,Bend,OR,ST015
C00562,Greta Pemberton,Trailhead,2020-08-13,Eugene,OR,ST009
C00563,Elias Ashworth,None,2024-03-17,Boise,ID,ST001
C00564,Emrys Thorne,None,2023-12-03,Spokane,WA,ST011
C00565,Priya Ibarra,Trailhead,2021-10-17,Seattle,WA,ST016
C00566,Soren Rasmussen,Alpine,2022-08-18,Flagstaff,AZ,ST013
C00567,Imani Kowalski,Trailhead,2020-03-27,Park City,UT,ST014
C00568,Marcus Grimshaw,Summit,2022-09-22,Eugene,OR,ST002
C00569,Ravi Grimshaw,Summit,2024-10-23,Eugene,OR,ST003
C00570,Soren Ellery,None,2024-07-18,Denver,CO,ST009
C00571,Noor Delacroix,None,2021-02-22,Spokane,WA,ST015
C00572,Tobias Zielinski,None,2022-04-23,Fort Collins,CO,ST002
C00573,Elias Wexford,Summit,2024-06-02,Park City,UT,ST005
C00574,Theo Farrow,Trailhead,2021-01-16,Spokane,WA,ST013
C00575,Soren Grimshaw,Trailhead,2020-07-17,Salt Lake City,UT,ST007
C00576,Imani Hollis,Trailhead,2020-02-14,Eugene,OR,ST005
C00577,Ravi Yardley,Summit,2022-02-28,Reno,NV,ST009
C00578,Beatrix Okonkwo,Trailhead,2021-06-10,Park City,UT,ST002
C00579,Ravi Lindqvist,Summit,2021-03-09,Spokane,WA,ST014
C00580,Greta Ellery,Summit,2020-05-15,Park City,UT,ST017
C00581,Amara Ellery,Summit,2024-02-13,Sacramento,CA,ST011
C00582,Greta Marchetti,Trailhead,2023-11-08,Tacoma,WA,ST008
C00583,Sana Wexford,Summit,2024-08-07,Boise,ID,ST010
C00584,Tobias Ferreira,Summit,2024-02-12,Spokane,WA,ST016
C00585,Hugo Pemberton,None,2024-08-02,Flagstaff,AZ,ST014
C00586,Emrys Wexford,None,2024-02-02,Boise,ID,ST008
C00587,Saskia Farrow,Summit,2022-05-01,Tacoma,WA,ST009
C00588,Amara Grimshaw,None,2021-10-15,Flagstaff,AZ,ST006
C00589,Diego Yardley,Summit,2024-03-11,Seattle,WA,ST001
C00590,Elena Marchetti,Trailhead,2020-11-06,Bozeman,MT,ST003
C00591,Felix Zielinski,Alpine,2022-04-24,Bozeman,MT,ST013
C00592,Greta Pemberton,Alpine,2021-11-06,Spokane,WA,ST003
C00593,Alina Barros,None,2023-11-25,Sacramento,CA,ST010
C00594,Diego Delacroix,Trailhead,2023-03-05,Eugene,OR,ST006
C00595,Emrys Grimshaw,Alpine,2020-12-04,Coeur d'Alene,ID,ST005
C00596,Beatrix Marchetti,None,2023-09-08,Boulder,CO,ST010
C00597,Saskia Wexford,Trailhead,2022-04-03,Missoula,MT,ST006
C00598,Nadia Sandoval,None,2021-12-08,Park City,UT,ST007
C00599,Noor Wexford,Trailhead,2022-02-06,Boulder,CO,ST007
C00600,Alina Rasmussen,Alpine,2021-04-13,Bozeman,MT,ST005
C00601,Ravi Thorne,None,2022-05-11,Bend,OR,ST012
C00602,Saskia Yardley,None,2023-06-26,Eugene,OR,ST001
C00603,Leila Sandoval,Trailhead,2023-06-14,Bend,OR,ST007
C00604,Noor Lindqvist,None,2020-08-08,Portland,OR,ST012
C00605,Yara Halvorsen,Trailhead,2020-09-19,Fort Collins,CO,ST012
C00606,Sana Farrow,Trailhead,2023-02-26,Boulder,CO,ST010
C00607,Saskia Yardley,Summit,2020-07-24,Boulder,CO,ST001
C00608,Sana Ellery,None,2024-10-20,Denver,CO,ST013
C00609,Ravi Nakamura,None,2022-11-01,Reno,NV,ST018
C00610,Otto Wexford,None,2022-06-25,Seattle,WA,ST002
C00611,Saskia Ibarra,Trailhead,2023-01-13,Bozeman,MT,ST001
C00612,Freya Thorne,Trailhead,2022-12-29,Bend,OR,ST006
C00613,Alina Sandoval,Summit,2024-12-12,Salt Lake City,UT,ST015
C00614,Greta Sandoval,Trailhead,2021-01-29,Park City,UT,ST004
C00615,Yara Delacroix,None,2023-08-24,Spokane,WA,ST007
C00616,Felix Ashworth,Summit,2022-11-17,Denver,CO,ST004
C00617,Priya Ferreira,Summit,2024-01-01,Coeur d'Alene,ID,ST016
C00618,Freya Nakamura,None,2023-05-02,Park City,UT,ST014
C00619,Ravi Wexford,None,2020-06-18,Tacoma,WA,ST018
C00620,Marcus Wexford,None,2024-07-20,Missoula,MT,ST006
C00621,Emrys Kowalski,None,2023-05-22,Flagstaff,AZ,ST009
C00622,Leila Marchetti,None,2023-05-12,Bend,OR,ST003
C00623,Rosa Barros,None,2022-01-19,Reno,NV,ST010
C00624,Freya Delacroix,Trailhead,2021-03-20,Coeur d'Alene,ID,ST003
C00625,Mateo Kowalski,None,2024-07-16,Sacramento,CA,ST014
C00626,Elias Halvorsen,None,2022-11-15,Bozeman,MT,ST006
C00627,Alina Ashworth,Summit,2021-10-21,Flagstaff,AZ,ST009
C00628,Amara Farrow,Summit,2020-04-17,Park City,UT,ST005
C00629,Emrys Ferreira,None,2024-12-05,Boulder,CO,ST009
C00630,Emrys Marchetti,Trailhead,2020-11-07,Flagstaff,AZ,ST017
C00631,Mateo Vasquez,None,2024-07-16,Denver,CO,ST016
C00632,Soren Kowalski,Trailhead,2021-07-12,Salt Lake City,UT,ST008
C00633,Mateo Ibarra,Summit,2020-11-27,Spokane,WA,ST006
C00634,Kenji Thorne,None,2021-01-17,Coeur d'Alene,ID,ST011
C00635,Amara Barros,Alpine,2023-11-10,Boise,ID,ST012
C00636,Ravi Marchetti,Trailhead,2024-10-05,Seattle,WA,ST015
C00637,Imani Lindqvist,Trailhead,2022-07-17,Tacoma,WA,ST014
C00638,Beatrix Hollis,Summit,2024-07-24,Coeur d'Alene,ID,ST009
C00639,Greta Ashworth,Trailhead,2023-04-11,Spokane,WA,ST015
C00640,Otto Delacroix,Trailhead,2023-03-08,Bend,OR,ST009
C00641,Mateo Yardley,None,2021-11-13,Sacramento,CA,ST013
C00642,Nadia Ashworth,Summit,2020-09-06,Salt Lake City,UT,ST010
C00643,Felix Yardley,Trailhead,2021-09-04,Eugene,OR,ST016
C00644,Elias Kowalski,Trailhead,2023-03-28,Spokane,WA,ST008
C00645,Theo Halvorsen,Summit,2022-12-26,Denver,CO,ST013
C00646,Amara Halvorsen,Trailhead,2020-08-10,Fort Collins,CO,ST007
C00647,Greta Pemberton,None,2020-07-21,Eugene,OR,ST008
C00648,Elena Whitfield,Alpine,2022-10-29,Bozeman,MT,ST005
C00649,Emrys Zielinski,Trailhead,2024-12-15,Salt Lake City,UT,ST013
C00650,Freya Ashworth,None,2022-08-21,Sacramento,CA,ST004
C00651,Callum Kowalski,None,2020-05-27,Denver,CO,ST009
C00652,Marcus Halvorsen,Trailhead,2024-05-09,Eugene,OR,ST013
C00653,Alina Ashworth,Summit,2024-10-03,Denver,CO,ST016
C00654,Imani Farrow,Trailhead,2023-12-22,Salt Lake City,UT,ST003
C00655,Ravi Farrow,Summit,2021-03-19,Eugene,OR,ST016
C00656,Kenji Rasmussen,Summit,2022-11-06,Sacramento,CA,ST014
C00657,Alina Ellery,None,2021-12-02,Fort Collins,CO,ST017
C00658,Noor Kowalski,Trailhead,2023-09-04,Reno,NV,ST010
C00659,Elias Zielinski,Trailhead,2020-03-12,Flagstaff,AZ,ST007
C00660,Elena Zielinski,Trailhead,2021-12-26,Eugene,OR,ST010
C00661,Marcus Pemberton,Trailhead,2023-04-07,Sacramento,CA,ST014
C00662,Felix Ferreira,None,2022-01-11,Coeur d'Alene,ID,ST013
C00663,Theo Wexford,Summit,2023-08-25,Seattle,WA,ST002
C00664,Felix Ferreira,None,2021-11-18,Coeur d'Alene,ID,ST007
C00665,Yara Halvorsen,Trailhead,2023-11-14,Fort Collins,CO,ST007
C00666,Diego Ferreira,None,2024-06-21,Missoula,MT,ST007
C00667,Priya Delacroix,None,2022-12-28,Seattle,WA,ST006
C00668,Ravi Whitfield,None,2022-11-12,Coeur d'Alene,ID,ST016
C00669,Alina Farrow,None,2020-09-08,Coeur d'Alene,ID,ST004
C00670,Felix Ibarra,Trailhead,2023-09-17,Seattle,WA,ST012
C00671,Leila Nakamura,None,2022-12-19,Boise,ID,ST007
C00672,Lucian Ibarra,None,2021-04-30,Reno,NV,ST011
C00673,Noor Thorne,Trailhead,2023-06-20,Salt Lake City,UT,ST003
C00674,Elias Hollis,None,2022-09-09,Bend,OR,ST003
C00675,Elias Lindqvist,Trailhead,2023-04-21,Denver,CO,ST005
C00676,Alina Vasquez,Alpine,2024-05-31,Fort Collins,CO,ST016
C00677,Callum Zielinski,Summit,2024-02-02,Flagstaff,AZ,ST006
C00678,Marcus Kowalski,None,2024-01-22,Coeur d'Alene,ID,ST016
C00679,Noor Whitfield,Summit,2020-09-24,Bend,OR,ST005
C00680,Tobias Nakamura,Alpine,2024-11-06,Reno,NV,ST006
C00681,Kenji Yardley,Summit,2021-04-29,Denver,CO,ST018
C00682,Soren Marchetti,None,2022-06-13,Spokane,WA,ST010
C00683,Beatrix Vasquez,Trailhead,2022-08-01,Boise,ID,ST008
C00684,Saskia Zielinski,Alpine,2023-11-07,Reno,NV,ST006
C00685,Mateo Yardley,None,2020-03-01,Eugene,OR,ST004
C00686,Freya Ibarra,None,2024-10-02,Eugene,OR,ST014
C00687,Theo Ashworth,Summit,2020-04-13,Reno,NV,ST004
C00688,Leila Okonkwo,None,2023-02-25,Fort Collins,CO,ST003
C00689,Saskia Delacroix,Trailhead,2023-02-24,Sacramento,CA,ST013
C00690,Noor Pemberton,None,2021-01-16,Seattle,WA,ST008
C00691,Noor Yardley,Summit,2020-06-20,Sacramento,CA,ST016
C00692,Marcus Kowalski,None,2022-11-05,Tacoma,WA,ST014
C00693,Soren Nakamura,Summit,2024-05-02,Spokane,WA,ST015
C00694,Mateo Kowalski,None,2020-12-12,Spokane,WA,ST012
C00695,Amara Okonkwo,Trailhead,2020-11-13,Bozeman,MT,ST011
C00696,Emrys Sandoval,None,2024-09-26,Portland,OR,ST007
C00697,Alina Yardley,Summit,2020-02-17,Boise,ID,ST008
C00698,Yara Ashworth,None,2022-01-07,Fort Collins,CO,ST014
C00699,Elena Whitfield,Trailhead,2024-04-05,Seattle,WA,ST015
C00700,Diego Rasmussen,Trailhead,2023-07-06,Bend,OR,ST015
C00701,Marcus Delacroix,Trailhead,2024-07-18,Boulder,CO,ST016
C00702,Yara Rasmussen,None,2022-11-15,Sacramento,CA,ST007
C00703,Sana Pemberton,Trailhead,2022-01-09,Spokane,WA,ST007
C00704,Callum Ferreira,Trailhead,2021-05-17,Park City,UT,ST016
C00705,Imani Barros,Summit,2020-07-29,Boise,ID,ST013
C00706,Mateo Whitfield,Alpine,2023-02-24,Bend,OR,ST010
C00707,Tobias Okonkwo,None,2023-12-05,Denver,CO,ST008
C00708,Kenji Sandoval,Trailhead,2022-04-11,Bozeman,MT,ST006
C00709,Greta Rasmussen,Alpine,2022-09-05,Missoula,MT,ST012
C00710,Theo Grimshaw,None,2021-02-28,Eugene,OR,ST018
C00711,Ravi Sandoval,Trailhead,2024-10-12,Seattle,WA,ST015
C00712,Sana Thorne,None,2021-04-22,Park City,UT,ST010
C00713,Otto Ferreira,Summit,2023-12-26,Missoula,MT,ST017
C00714,Kenji Thorne,None,2024-02-17,Boulder,CO,ST010
C00715,Kenji Hollis,Alpine,2020-03-08,Seattle,WA,ST013
C00716,Amara Sandoval,None,2023-12-17,Missoula,MT,ST004
C00717,Greta Pemberton,None,2023-03-24,Boulder,CO,ST010
C00718,Priya Pemberton,Alpine,2024-09-27,Portland,OR,ST013
C00719,Imani Marchetti,None,2023-05-01,Portland,OR,ST007
C00720,Otto Halvorsen,Trailhead,2022-03-14,Fort Collins,CO,ST003
C00721,Soren Grimshaw,None,2024-01-24,Denver,CO,ST016
C00722,Mateo Thorne,Summit,2021-07-02,Bozeman,MT,ST017
C00723,Alina Okonkwo,Alpine,2020-11-16,Flagstaff,AZ,ST004
C00724,Ravi Ashworth,Trailhead,2022-09-02,Bozeman,MT,ST016
C00725,Elena Halvorsen,None,2022-12-05,Spokane,WA,ST009
C00726,Beatrix Marchetti,None,2023-12-14,Seattle,WA,ST009
C00727,Rosa Ashworth,Trailhead,2021-03-15,Reno,NV,ST008
C00728,Marcus Halvorsen,None,2020-10-13,Flagstaff,AZ,ST003
C00729,Greta Marchetti,Summit,2021-04-19,Boise,ID,ST007
C00730,Rosa Ashworth,Summit,2023-05-03,Sacramento,CA,ST017
C00731,Tobias Sandoval,Trailhead,2023-01-16,Flagstaff,AZ,ST001
C00732,Kenji Kowalski,Trailhead,2023-03-29,Flagstaff,AZ,ST001
C00733,Soren Sandoval,Summit,2024-06-29,Park City,UT,ST018
C00734,Kenji Barros,None,2024-11-01,Eugene,OR,ST017
C00735,Elena Wexford,Trailhead,2021-09-25,Boise,ID,ST015
C00736,Mateo Nakamura,Trailhead,2020-01-30,Boise,ID,ST008
C00737,Tobias Marchetti,None,2023-07-13,Portland,OR,ST012
C00738,Theo Halvorsen,None,2023-03-12,Eugene,OR,ST006
C00739,Beatrix Hollis,None,2024-05-20,Salt Lake City,UT,ST014
C00740,Yara Kowalski,Trailhead,2023-12-05,Sacramento,CA,ST018
C00741,Greta Whitfield,None,2023-09-10,Salt Lake City,UT,ST010
C00742,Diego Lindqvist,Alpine,2020-10-19,Reno,NV,ST001
C00743,Leila Grimshaw,Summit,2023-05-13,Fort Collins,CO,ST013
C00744,Beatrix Lindqvist,Trailhead,2022-08-12,Salt Lake City,UT,ST015
C00745,Leila Ibarra,Trailhead,2021-01-08,Bozeman,MT,ST002
C00746,Imani Barros,Trailhead,2024-04-22,Seattle,WA,ST004
C00747,Nadia Kowalski,Summit,2023-09-29,Salt Lake City,UT,ST003
C00748,Emrys Okonkwo,Trailhead,2020-06-23,Sacramento,CA,ST016
C00749,Leila Nakamura,Summit,2020-07-02,Fort Collins,CO,ST007
C00750,Imani Ferreira,Summit,2023-02-19,Eugene,OR,ST012
C00751,Sana Thorne,Summit,2022-03-22,Tacoma,WA,ST001
C00752,Elias Rasmussen,Trailhead,2021-12-14,Flagstaff,AZ,ST008
C00753,Elena Sandoval,None,2024-04-30,Salt Lake City,UT,ST015
C00754,Lucian Hollis,None,2023-11-23,Park City,UT,ST015
C00755,Callum Delacroix,Trailhead,2022-11-22,Spokane,WA,ST009
C00756,Emrys Kowalski,Trailhead,2024-08-30,Reno,NV,ST009
C00757,Mateo Ferreira,Trailhead,2022-11-10,Boulder,CO,ST016
C00758,Soren Wexford,None,2024-08-08,Coeur d'Alene,ID,ST011
C00759,Noor Marchetti,Trailhead,2022-10-12,Portland,OR,ST014
C00760,Kenji Pemberton,None,2021-08-04,Tacoma,WA,ST003
C00761,Diego Barros,None,2022-01-02,Boise,ID,ST004
C00762,Noor Wexford,None,2023-08-26,Bend,OR,ST008
C00763,Marcus Ellery,Summit,2024-08-07,Coeur d'Alene,ID,ST013
C00764,Nadia Ibarra,Trailhead,2020-02-28,Sacramento,CA,ST005
C00765,Nadia Nakamura,Trailhead,2024-10-27,Salt Lake City,UT,ST013
C00766,Yara Ashworth,None,2020-10-04,Seattle,WA,ST008
C00767,Freya Nakamura,Trailhead,2024-04-09,Reno,NV,ST005
C00768,Marcus Ellery,None,2021-09-20,Bozeman,MT,ST012
C00769,Saskia Sandoval,Summit,2024-01-21,Portland,OR,ST015
C00770,Greta Nakamura,Summit,2020-09-26,Reno,NV,ST002
C00771,Diego Whitfield,None,2024-04-18,Seattle,WA,ST017
C00772,Leila Yardley,Alpine,2021-09-23,Eugene,OR,ST012
C00773,Elena Ferreira,Summit,2021-05-18,Bend,OR,ST013
C00774,Diego Ashworth,None,2020-02-27,Flagstaff,AZ,ST002
C00775,Lucian Lindqvist,Summit,2022-04-01,Park City,UT,ST001
C00776,Diego Okonkwo,None,2022-08-24,Reno,NV,ST018
C00777,Marcus Halvorsen,Trailhead,2020-02-19,Coeur d'Alene,ID,ST003
C00778,Leila Marchetti,Trailhead,2022-12-01,Boulder,CO,ST009
C00779,Hugo Whitfield,None,2021-01-20,Boulder,CO,ST005
C00780,Sana Delacroix,None,2024-05-14,Boulder,CO,ST012
C00781,Hugo Ashworth,Trailhead,2022-03-09,Missoula,MT,ST007
C00782,Emrys Grimshaw,Summit,2020-07-15,Reno,NV,ST005
C00783,Hugo Farrow,Trailhead,2023-10-23,Portland,OR,ST011
C00784,Imani Thorne,None,2023-09-01,Eugene,OR,ST007
C00785,Otto Marchetti,Summit,2024-10-11,Coeur d'Alene,ID,ST006
C00786,Emrys Kowalski,Trailhead,2021-12-09,Flagstaff,AZ,ST003
C00787,Rosa Ellery,None,2020-05-20,Flagstaff,AZ,ST001
C00788,Callum Whitfield,Trailhead,2024-10-11,Fort Collins,CO,ST004
C00789,Theo Delacroix,None,2023-07-24,Tacoma,WA,ST004
C00790,Amara Farrow,Alpine,2023-02-12,Missoula,MT,ST004
C00791,Alina Zielinski,Summit,2020-05-02,Park City,UT,ST017
C00792,Soren Pemberton,Trailhead,2023-12-19,Spokane,WA,ST016
C00793,Soren Wexford,Summit,2021-07-20,Sacramento,CA,ST010
C00794,Elena Marchetti,Trailhead,2020-04-11,Boise,ID,ST003
C00795,Elena Lindqvist,None,2022-06-14,Boulder,CO,ST014
C00796,Hugo Delacroix,None,2021-02-07,Bozeman,MT,ST017
C00797,Rosa Zielinski,None,2020-06-28,Salt Lake City,UT,ST004
C00798,Saskia Vasquez,Trailhead,2024-07-03,Coeur d'Alene,ID,ST011
C00799,Marcus Lindqvist,Trailhead,2024-11-19,Seattle,WA,ST011
C00800,Freya Barros,Summit,2023-10-13,Reno,NV,ST004
C00801,Emrys Marchetti,Summit,2023-06-29,Portland,OR,ST015
C00802,Theo Nakamura,Summit,2020-04-13,Denver,CO,ST007
C00803,Greta Ferreira,Summit,2020-12-09,Park City,UT,ST007
C00804,Leila Lindqvist,Summit,2021-01-12,Tacoma,WA,ST001
C00805,Elena Barros,Summit,2021-08-04,Salt Lake City,UT,ST017
C00806,Otto Wexford,Trailhead,2024-02-02,Seattle,WA,ST002
C00807,Tobias Yardley,Summit,2020-11-17,Boise,ID,ST016
C00808,Soren Yardley,Trailhead,2023-03-17,Fort Collins,CO,ST012
C00809,Ravi Whitfield,None,2020-05-17,Flagstaff,AZ,ST015
C00810,Emrys Rasmussen,Summit,2022-04-18,Missoula,MT,ST002
C00811,Soren Yardley,Trailhead,2024-03-08,Spokane,WA,ST013
C00812,Elena Nakamura,None,2022-12-06,Denver,CO,ST010
C00813,Rosa Rasmussen,Trailhead,2024-06-26,Boise,ID,ST014
C00814,Priya Ferreira,None,2023-04-27,Reno,NV,ST007
C00815,Callum Barros,Alpine,2021-07-07,Denver,CO,ST001
C00816,Freya Farrow,None,2024-03-28,Salt Lake City,UT,ST004
C00817,Theo Delacroix,Summit,2024-06-03,Missoula,MT,ST008
C00818,Freya Nakamura,Summit,2022-01-13,Flagstaff,AZ,ST005
C00819,Marcus Delacroix,None,2020-05-23,Denver,CO,ST016
C00820,Tobias Ellery,None,2022-04-09,Coeur d'Alene,ID,ST013
C00821,Greta Okonkwo,Trailhead,2022-04-25,Seattle,WA,ST015
C00822,Otto Yardley,Trailhead,2023-11-22,Salt Lake City,UT,ST006
C00823,Yara Grimshaw,Trailhead,2024-07-05,Park City,UT,ST005
C00824,Lucian Hollis,Trailhead,2022-02-05,Flagstaff,AZ,ST007
C00825,Otto Barros,Summit,2021-12-05,Sacramento,CA,ST012
C00826,Beatrix Whitfield,Alpine,2023-08-24,Coeur d'Alene,ID,ST007
C00827,Theo Marchetti,Summit,2021-07-13,Salt Lake City,UT,ST013
C00828,Diego Ibarra,Trailhead,2023-12-30,Portland,OR,ST011
C00829,Saskia Grimshaw,None,2021-07-09,Boulder,CO,ST010
C00830,Callum Farrow,None,2023-08-03,Denver,CO,ST008
C00831,Otto Ibarra,None,2020-08-22,Reno,NV,ST007
C00832,Ravi Vasquez,Trailhead,2022-11-23,Tacoma,WA,ST011
C00833,Imani Whitfield,None,2020-06-18,Boulder,CO,ST001
C00834,Imani Sandoval,None,2020-08-27,Spokane,WA,ST014
C00835,Saskia Lindqvist,None,2024-09-28,Denver,CO,ST018
C00836,Elena Farrow,Trailhead,2020-02-11,Boulder,CO,ST015
C00837,Otto Rasmussen,Trailhead,2023-01-04,Reno,NV,ST018
C00838,Elena Ellery,None,2024-08-08,Seattle,WA,ST014
C00839,Saskia Thorne,None,2022-05-02,Sacramento,CA,ST012
C00840,Soren Rasmussen,Trailhead,2023-02-27,Reno,NV,ST005
C00841,Hugo Halvorsen,None,2023-12-03,Coeur d'Alene,ID,ST011
C00842,Ravi Lindqvist,Trailhead,2023-07-08,Flagstaff,AZ,ST008
C00843,Yara Ibarra,Trailhead,2022-05-22,Eugene,OR,ST018
C00844,Elias Whitfield,None,2021-09-11,Seattle,WA,ST010
C00845,Beatrix Ashworth,Trailhead,2021-04-26,Coeur d'Alene,ID,ST017
C00846,Beatrix Thorne,None,2021-03-05,Park City,UT,ST012
C00847,Priya Sandoval,None,2021-01-11,Bozeman,MT,ST003
C00848,Beatrix Zielinski,None,2023-10-12,Park City,UT,ST018
C00849,Leila Farrow,Summit,2022-05-14,Spokane,WA,ST008
C00850,Elena Pemberton,Summit,2020-07-26,Fort Collins,CO,ST015
C00851,Kenji Farrow,None,2021-11-02,Coeur d'Alene,ID,ST008
C00852,Elena Rasmussen,Alpine,2021-03-01,Boulder,CO,ST006
C00853,Rosa Lindqvist,None,2022-08-15,Reno,NV,ST011
C00854,Leila Marchetti,Trailhead,2023-01-04,Denver,CO,ST003
C00855,Saskia Lindqvist,Alpine,2024-07-03,Fort Collins,CO,ST002
C00856,Priya Rasmussen,None,2020-12-06,Flagstaff,AZ,ST007
C00857,Marcus Ibarra,Trailhead,2020-03-27,Park City,UT,ST004
C00858,Ravi Barros,Trailhead,2020-03-22,Boulder,CO,ST002
C00859,Theo Sandoval,None,2024-02-04,Flagstaff,AZ,ST009
C00860,Tobias Grimshaw,Alpine,2022-04-02,Sacramento,CA,ST006
C00861,Diego Farrow,Trailhead,2020-07-18,Sacramento,CA,ST017
C00862,Imani Hollis,Summit,2022-01-17,Flagstaff,AZ,ST005
C00863,Greta Nakamura,Trailhead,2022-09-26,Portland,OR,ST010
C00864,Nadia Ellery,Trailhead,2022-08-13,Eugene,OR,ST004
C00865,Hugo Yardley,Trailhead,2024-03-01,Bozeman,MT,ST008
C00866,Alina Vasquez,Summit,2020-10-19,Salt Lake City,UT,ST008
C00867,Alina Lindqvist,Trailhead,2020-07-28,Reno,NV,ST007
C00868,Noor Lindqvist,None,2022-03-29,Tacoma,WA,ST012
C00869,Beatrix Thorne,Summit,2024-02-14,Salt Lake City,UT,ST006
C00870,Emrys Grimshaw,Trailhead,2023-12-23,Boise,ID,ST009
C00871,Ravi Wexford,Trailhead,2024-03-10,Boulder,CO,ST007
C00872,Noor Sandoval,None,2022-10-10,Boulder,CO,ST006
C00873,Emrys Zielinski,Trailhead,2023-09-20,Portland,OR,ST014
C00874,Theo Pemberton,None,2024-12-31,Denver,CO,ST006
C00875,Marcus Ashworth,Trailhead,2020-03-10,Portland,OR,ST007
C00876,Rosa Wexford,Alpine,2021-06-16,Sacramento,CA,ST012
C00877,Elena Ashworth,Trailhead,2020-09-13,Sacramento,CA,ST018
C00878,Saskia Nakamura,None,2023-04-30,Missoula,MT,ST004
C00879,Emrys Wexford,Trailhead,2021-04-10,Park City,UT,ST006
C00880,Alina Thorne,Trailhead,2024-04-26,Reno,NV,ST012
C00881,Marcus Ellery,Trailhead,2021-09-12,Sacramento,CA,ST013
C00882,Diego Sandoval,Trailhead,2021-06-10,Flagstaff,AZ,ST017
C00883,Soren Okonkwo,Trailhead,2020-03-03,Salt Lake City,UT,ST007
C00884,Ravi Okonkwo,Summit,2020-06-12,Reno,NV,ST004
C00885,Felix Kowalski,Trailhead,2024-10-12,Salt Lake City,UT,ST014
C00886,Sana Halvorsen,None,2021-01-02,Bozeman,MT,ST005
C00887,Rosa Ibarra,None,2022-04-03,Flagstaff,AZ,ST010
C00888,Yara Nakamura,None,2024-12-02,Park City,UT,ST010
C00889,Amara Halvorsen,Trailhead,2022-02-21,Park City,UT,ST017
C00890,Diego Vasquez,None,2021-03-16,Spokane,WA,ST008
C00891,Callum Barros,None,2024-03-15,Boise,ID,ST002
C00892,Otto Grimshaw,None,2020-04-14,Missoula,MT,ST011
C00893,Beatrix Rasmussen,Trailhead,2020-09-13,Tacoma,WA,ST017
C00894,Hugo Sandoval,Trailhead,2021-07-14,Reno,NV,ST004
C00895,Yara Delacroix,Trailhead,2022-06-30,Reno,NV,ST013
C00896,Priya Whitfield,None,2022-08-31,Spokane,WA,ST001
C00897,Elias Yardley,Trailhead,2021-01-05,Coeur d'Alene,ID,ST002
C00898,Tobias Ibarra,Summit,2020-09-28,Salt Lake City,UT,ST012
C00899,Greta Wexford,Summit,2021-05-28,Denver,CO,ST015
C00900,Nadia Yardley,None,2021-01-12,Sacramento,CA,ST001
C00901,Felix Wexford,Trailhead,2023-11-22,Boulder,CO,ST011
C00902,Noor Okonkwo,None,2020-06-23,Portland,OR,ST006
C00903,Theo Yardley,Trailhead,2020-05-04,Eugene,OR,ST009
C00904,Freya Grimshaw,None,2023-05-26,Denver,CO,ST016
C00905,Diego Whitfield,Trailhead,2024-11-17,Denver,CO,ST004
C00906,Theo Nakamura,Trailhead,2024-08-11,Bend,OR,ST008
C00907,Yara Whitfield,None,2023-10-27,Flagstaff,AZ,ST002
C00908,Elias Sandoval,Summit,2024-09-14,Portland,OR,ST015
C00909,Elias Sandoval,Trailhead,2022-09-18,Boulder,CO,ST003
C00910,Amara Ibarra,None,2021-05-23,Boulder,CO,ST014
C00911,Nadia Ferreira,Trailhead,2021-07-26,Sacramento,CA,ST013
C00912,Amara Nakamura,Trailhead,2022-07-26,Portland,OR,ST010
C00913,Tobias Rasmussen,Alpine,2024-09-17,Fort Collins,CO,ST002
C00914,Callum Hollis,None,2024-05-21,Boulder,CO,ST002
C00915,Callum Wexford,None,2022-05-19,Park City,UT,ST006
C00916,Freya Hollis,Alpine,2021-06-17,Bend,OR,ST012
C00917,Callum Ferreira,Trailhead,2022-04-12,Flagstaff,AZ,ST015
C00918,Lucian Wexford,None,2021-03-26,Missoula,MT,ST010
C00919,Nadia Halvorsen,Summit,2024-04-29,Eugene,OR,ST003
C00920,Elias Yardley,None,2021-04-12,Denver,CO,ST004
C00921,Hugo Barros,Summit,2020-05-26,Coeur d'Alene,ID,ST018
C00922,Mateo Kowalski,Trailhead,2020-11-04,Bozeman,MT,ST013
C00923,Soren Delacroix,None,2021-12-11,Sacramento,CA,ST004
C00924,Hugo Grimshaw,Alpine,2024-12-23,Reno,NV,ST017
C00925,Alina Zielinski,None,2021-02-08,Boise,ID,ST012
C00926,Leila Ferreira,None,2020-04-04,Missoula,MT,ST008
C00927,Leila Hollis,Trailhead,2022-05-07,Fort Collins,CO,ST016
C00928,Noor Zielinski,None,2023-07-08,Park City,UT,ST007
C00929,Diego Lindqvist,Trailhead,2021-12-17,Reno,NV,ST008
C00930,Theo Sandoval,Trailhead,2021-09-09,Sacramento,CA,ST016
C00931,Elias Lindqvist,Summit,2021-02-08,Boulder,CO,ST008
C00932,Alina Vasquez,Trailhead,2020-11-06,Park City,UT,ST011
C00933,Marcus Delacroix,None,2023-08-02,Seattle,WA,ST011
C00934,Hugo Ferreira,Trailhead,2024-05-14,Park City,UT,ST017
C00935,Rosa Nakamura,None,2021-11-09,Reno,NV,ST012
C00936,Elias Kowalski,Trailhead,2020-08-13,Spokane,WA,ST016
C00937,Soren Thorne,Summit,2020-10-31,Tacoma,WA,ST016
C00938,Amara Lindqvist,Alpine,2020-02-25,Park City,UT,ST006
C00939,Kenji Wexford,Summit,2023-10-19,Coeur d'Alene,ID,ST001
C00940,Saskia Ashworth,Trailhead,2023-06-11,Flagstaff,AZ,ST017
C00941,Kenji Thorne,Summit,2021-03-20,Coeur d'Alene,ID,ST009
C00942,Otto Ashworth,Trailhead,2022-08-13,Eugene,OR,ST008
C00943,Alina Marchetti,Trailhead,2024-10-11,Boulder,CO,ST004
C00944,Freya Thorne,Trailhead,2022-03-26,Fort Collins,CO,ST011
C00945,Leila Marchetti,None,2021-04-19,Flagstaff,AZ,ST002
C00946,Kenji Ashworth,None,2021-11-21,Portland,OR,ST002
C00947,Yara Nakamura,Alpine,2023-05-01,Sacramento,CA,ST009
C00948,Otto Vasquez,None,2022-03-09,Reno,NV,ST011
C00949,Soren Ellery,Trailhead,2024-03-22,Missoula,MT,ST008
C00950,Amara Kowalski,Trailhead,2020-08-29,Denver,CO,ST006
C00951,Saskia Pemberton,Trailhead,2020-06-21,Flagstaff,AZ,ST011
C00952,Kenji Thorne,None,2021-01-06,Park City,UT,ST004
C00953,Imani Lindqvist,Summit,2022-04-23,Fort Collins,CO,ST010
C00954,Greta Ferreira,Trailhead,2022-11-26,Coeur d'Alene,ID,ST003
C00955,Amara Nakamura,Summit,2021-02-21,Eugene,OR,ST013
C00956,Beatrix Marchetti,None,2021-06-13,Coeur d'Alene,ID,ST005
C00957,Elena Pemberton,Trailhead,2020-06-17,Bozeman,MT,ST006
C00958,Yara Wexford,Summit,2024-06-17,Salt Lake City,UT,ST003
C00959,Hugo Delacroix,Trailhead,2023-02-18,Seattle,WA,ST004
C00960,Marcus Kowalski,None,2021-08-09,Park City,UT,ST013
C00961,Noor Zielinski,Trailhead,2024-04-22,Seattle,WA,ST010
C00962,Tobias Hollis,Trailhead,2020-11-07,Seattle,WA,ST008
C00963,Alina Sandoval,Trailhead,2020-05-23,Salt Lake City,UT,ST015
C00964,Elias Marchetti,Summit,2023-12-02,Park City,UT,ST005
C00965,Hugo Farrow,Summit,2022-01-11,Bend,OR,ST012
C00966,Kenji Farrow,Trailhead,2022-04-01,Denver,CO,ST001
C00967,Mateo Yardley,Trailhead,2022-03-24,Fort Collins,CO,ST003
C00968,Tobias Whitfield,None,2022-01-08,Fort Collins,CO,ST005
C00969,Imani Vasquez,Summit,2020-03-20,Missoula,MT,ST004
C00970,Soren Kowalski,None,2022-03-31,Sacramento,CA,ST017
C00971,Leila Kowalski,Summit,2020-02-09,Tacoma,WA,ST014
C00972,Soren Lindqvist,Summit,2023-10-11,Denver,CO,ST016
C00973,Imani Lindqvist,None,2021-03-26,Park City,UT,ST009
C00974,Hugo Lindqvist,Trailhead,2023-10-30,Missoula,MT,ST016
C00975,Sana Thorne,Trailhead,2024-01-04,Fort Collins,CO,ST001
C00976,Lucian Ashworth,Trailhead,2020-11-02,Bozeman,MT,ST018
C00977,Yara Wexford,None,2024-12-14,Reno,NV,ST007
C00978,Felix Ferreira,Alpine,2021-10-21,Salt Lake City,UT,ST011
C00979,Alina Pemberton,None,2023-06-19,Boulder,CO,ST009
C00980,Marcus Kowalski,Summit,2020-08-14,Coeur d'Alene,ID,ST018
C00981,Theo Rasmussen,Trailhead,2023-08-23,Park City,UT,ST009
C00982,Rosa Yardley,Trailhead,2023-05-07,Park City,UT,ST004
C00983,Theo Zielinski,Summit,2023-03-08,Park City,UT,ST010
C00984,Mateo Ellery,None,2023-10-25,Missoula,MT,ST014
C00985,Sana Zielinski,Alpine,2022-04-13,Boise,ID,ST015
C00986,Elena Hollis,Summit,2021-09-28,Boulder,CO,ST007
C00987,Greta Thorne,Trailhead,2024-01-01,Park City,UT,ST012
C00988,Greta Nakamura,Summit,2024-09-18,Eugene,OR,ST014
C00989,Leila Marchetti,Summit,2022-08-12,Sacramento,CA,ST013
C00990,Marcus Grimshaw,None,2024-05-15,Denver,CO,ST001
C00991,Amara Ashworth,None,2022-02-27,Reno,NV,ST011
C00992,Kenji Okonkwo,Trailhead,2021-08-22,Flagstaff,AZ,ST012
C00993,Leila Wexford,Summit,2020-04-16,Portland,OR,ST017
C00994,Beatrix Ibarra,Trailhead,2022-02-11,Flagstaff,AZ,ST012
C00995,Leila Delacroix,Summit,2020-10-15,Sacramento,CA,ST005
C00996,Hugo Thorne,Trailhead,2020-04-19,Portland,OR,ST010
C00997,Sana Yardley,None,2021-01-02,Park City,UT,ST013
C00998,Emrys Wexford,None,2022-09-30,Reno,NV,ST011
C00999,Callum Yardley,Summit,2020-04-12,Missoula,MT,ST006
C01000,Saskia Ferreira,Alpine,2023-05-16,Reno,NV,ST010
C01001,Elias Marchetti,Trailhead,2022-07-09,Fort Collins,CO,ST015
C01002,Kenji Rasmussen,Trailhead,2022-09-09,Bozeman,MT,ST010
C01003,Beatrix Wexford,Trailhead,2022-11-19,Bend,OR,ST014
C01004,Noor Ellery,Alpine,2023-07-30,Missoula,MT,ST012
C01005,Imani Ibarra,None,2023-10-13,Reno,NV,ST006
C01006,Callum Zielinski,None,2023-12-27,Bozeman,MT,ST005
C01007,Felix Marchetti,Trailhead,2024-08-16,Tacoma,WA,ST014
C01008,Noor Kowalski,Summit,2023-07-12,Boise,ID,ST003
C01009,Freya Rasmussen,Trailhead,2020-03-05,Portland,OR,ST018
C01010,Priya Kowalski,None,2020-06-19,Flagstaff,AZ,ST016
C01011,Tobias Kowalski,Summit,2024-10-28,Eugene,OR,ST009
C01012,Felix Ashworth,Summit,2020-12-05,Eugene,OR,ST004
C01013,Amara Barros,Trailhead,2020-08-06,Park City,UT,ST008
C01014,Beatrix Farrow,Trailhead,2021-04-22,Denver,CO,ST001
C01015,Leila Lindqvist,None,2023-08-08,Sacramento,CA,ST008
C01016,Theo Rasmussen,Trailhead,2021-12-14,Bend,OR,ST005
C01017,Amara Yardley,Alpine,2024-11-11,Park City,UT,ST015
C01018,Marcus Whitfield,None,2020-05-15,Salt Lake City,UT,ST007
C01019,Emrys Kowalski,None,2024-08-03,Eugene,OR,ST016
C01020,Imani Thorne,Trailhead,2023-09-29,Seattle,WA,ST008
C01021,Priya Ferreira,Summit,2022-09-20,Coeur d'Alene,ID,ST005
C01022,Ravi Sandoval,Trailhead,2020-10-15,Missoula,MT,ST017
C01023,Hugo Barros,Summit,2023-08-17,Portland,OR,ST001
C01024,Rosa Hollis,Trailhead,2022-02-23,Fort Collins,CO,ST010
C01025,Ravi Hollis,None,2021-09-10,Eugene,OR,ST018
C01026,Tobias Ashworth,Trailhead,2024-08-03,Fort Collins,CO,ST017
C01027,Sana Zielinski,None,2024-02-04,Reno,NV,ST018
C01028,Marcus Wexford,Trailhead,2022-12-04,Bend,OR,ST014
C01029,Emrys Delacroix,Trailhead,2023-09-01,Missoula,MT,ST001
C01030,Yara Delacroix,None,2023-01-01,Coeur d'Alene,ID,ST001
C01031,Diego Okonkwo,None,2023-04-20,Portland,OR,ST011
C01032,Kenji Barros,None,2022-11-21,Fort Collins,CO,ST002
C01033,Mateo Halvorsen,Trailhead,2021-07-03,Boise,ID,ST010
C01034,Mateo Marchetti,Trailhead,2022-03-16,Sacramento,CA,ST004
C01035,Rosa Ferreira,None,2022-08-30,Boise,ID,ST012
C01036,Beatrix Farrow,Trailhead,2021-06-01,Boise,ID,ST014
C01037,Lucian Grimshaw,Summit,2023-08-14,Sacramento,CA,ST012
C01038,Priya Yardley,None,2024-09-16,Denver,CO,ST017
C01039,Sana Rasmussen,Trailhead,2023-08-23,Coeur d'Alene,ID,ST002
C01040,Leila Whitfield,Trailhead,2023-01-01,Salt Lake City,UT,ST015
C01041,Hugo Ibarra,None,2021-07-09,Portland,OR,ST018
C01042,Saskia Yardley,Trailhead,2021-08-05,Denver,CO,ST004
C01043,Theo Barros,Alpine,2024-09-28,Fort Collins,CO,ST003
C01044,Imani Ibarra,Trailhead,2023-11-09,Denver,CO,ST013
C01045,Diego Sandoval,Summit,2022-12-09,Boulder,CO,ST007
C01046,Greta Grimshaw,None,2024-04-26,Flagstaff,AZ,ST004
C01047,Emrys Marchetti,Trailhead,2024-02-24,Salt Lake City,UT,ST001
C01048,Sana Marchetti,Summit,2022-07-28,Flagstaff,AZ,ST002
C01049,Kenji Farrow,Summit,2021-12-30,Denver,CO,ST003
C01050,Beatrix Delacroix,Summit,2022-08-02,Park City,UT,ST008
C01051,Kenji Ashworth,None,2020-05-21,Bozeman,MT,ST014
C01052,Sana Wexford,Trailhead,2022-08-19,Salt Lake City,UT,ST002
C01053,Lucian Sandoval,Summit,2022-11-13,Boise,ID,ST017
C01054,Amara Ellery,Alpine,2021-08-28,Missoula,MT,ST009
C01055,Kenji Ellery,Summit,2024-10-03,Sacramento,CA,ST002
C01056,Saskia Lindqvist,Trailhead,2020-07-01,Reno,NV,ST015
C01057,Imani Barros,Summit,2024-03-23,Salt Lake City,UT,ST007
C01058,Noor Pemberton,Summit,2023-12-16,Denver,CO,ST009
C01059,Lucian Thorne,None,2024-04-04,Denver,CO,ST013
C01060,Elena Delacroix,Trailhead,2021-12-18,Spokane,WA,ST012
C01061,Elias Nakamura,Trailhead,2020-07-10,Boulder,CO,ST004
C01062,Otto Nakamura,Summit,2024-03-28,Tacoma,WA,ST008
C01063,Mateo Hollis,None,2021-04-06,Park City,UT,ST003
C01064,Amara Zielinski,Trailhead,2024-04-27,Reno,NV,ST010
C01065,Saskia Pemberton,None,2023-02-11,Boulder,CO,ST002
C01066,Elias Ibarra,Trailhead,2022-07-18,Boulder,CO,ST003
C01067,Lucian Nakamura,Summit,2024-07-27,Spokane,WA,ST012
C01068,Lucian Marchetti,Summit,2024-01-27,Spokane,WA,ST004
C01069,Leila Ellery,Trailhead,2020-11-21,Salt Lake City,UT,ST003
C01070,Emrys Yardley,None,2023-05-20,Boulder,CO,ST015
C01071,Marcus Delacroix,Trailhead,2024-05-24,Coeur d'Alene,ID,ST001
C01072,Otto Nakamura,Summit,2021-03-14,Coeur d'Alene,ID,ST007
C01073,Lucian Sandoval,Trailhead,2020-09-06,Sacramento,CA,ST008
C01074,Elena Zielinski,None,2022-06-15,Bend,OR,ST008
C01075,Elias Ibarra,None,2024-02-23,Boulder,CO,ST007
C01076,Otto Zielinski,None,2022-08-13,Park City,UT,ST011
C01077,Saskia Ellery,None,2022-11-06,Boulder,CO,ST003
C01078,Otto Thorne,Trailhead,2024-03-13,Coeur d'Alene,ID,ST008
C01079,Nadia Farrow,None,2024-08-02,Spokane,WA,ST005
C01080,Elena Vasquez,Trailhead,2023-02-26,Portland,OR,ST014
C01081,Ravi Vasquez,Trailhead,2020-02-18,Eugene,OR,ST014
C01082,Marcus Ellery,Trailhead,2021-07-29,Fort Collins,CO,ST017
C01083,Imani Barros,Alpine,2024-07-28,Fort Collins,CO,ST002
C01084,Ravi Delacroix,Alpine,2022-06-25,Tacoma,WA,ST009
C01085,Tobias Farrow,Trailhead,2024-12-15,Seattle,WA,ST014
C01086,Felix Grimshaw,Alpine,2021-07-16,Missoula,MT,ST005
C01087,Marcus Sandoval,Trailhead,2023-05-12,Portland,OR,ST001
C01088,Rosa Ellery,Trailhead,2024-09-06,Spokane,WA,ST015
C01089,Elena Barros,Alpine,2024-06-17,Park City,UT,ST002
C01090,Sana Nakamura,Trailhead,2020-04-01,Spokane,WA,ST016
C01091,Yara Barros,Summit,2023-10-23,Seattle,WA,ST012
C01092,Saskia Kowalski,Summit,2020-03-21,Denver,CO,ST016
C01093,Emrys Yardley,Alpine,2023-12-30,Flagstaff,AZ,ST013
C01094,Diego Ferreira,Summit,2021-07-27,Boulder,CO,ST001
C01095,Leila Kowalski,None,2020-08-05,Bend,OR,ST009
C01096,Mateo Hollis,Alpine,2023-03-23,Missoula,MT,ST017
C01097,Elena Rasmussen,None,2023-07-25,Fort Collins,CO,ST014
C01098,Lucian Thorne,Trailhead,2021-11-23,Salt Lake City,UT,ST015
C01099,Marcus Lindqvist,Trailhead,2020-08-14,Bend,OR,ST012
C01100,Freya Rasmussen,None,2021-08-22,Fort Collins,CO,ST005
C01101,Hugo Ibarra,Summit,2020-03-12,Fort Collins,CO,ST018
C01102,Hugo Whitfield,None,2024-12-23,Eugene,OR,ST008
C01103,Amara Pemberton,Summit,2021-12-20,Tacoma,WA,ST015
C01104,Greta Hollis,Summit,2022-12-03,Tacoma,WA,ST014
C01105,Amara Hollis,None,2020-04-07,Park City,UT,ST014
C01106,Greta Barros,Trailhead,2020-11-07,Sacramento,CA,ST006
C01107,Freya Barros,Trailhead,2024-09-29,Salt Lake City,UT,ST004
C01108,Mateo Nakamura,Trailhead,2023-07-18,Boise,ID,ST008
C01109,Diego Hollis,Alpine,2023-04-22,Flagstaff,AZ,ST011
C01110,Amara Ellery,Summit,2022-03-15,Sacramento,CA,ST010
C01111,Mateo Lindqvist,None,2020-07-30,Tacoma,WA,ST012
C01112,Leila Ellery,None,2020-06-01,Boulder,CO,ST006
C01113,Tobias Ellery,None,2022-08-12,Coeur d'Alene,ID,ST007
C01114,Tobias Yardley,None,2023-01-10,Denver,CO,ST004
C01115,Beatrix Marchetti,None,2021-09-29,Missoula,MT,ST015
C01116,Emrys Farrow,None,2020-09-29,Spokane,WA,ST013
C01117,Lucian Okonkwo,None,2021-08-07,Reno,NV,ST004
C01118,Saskia Grimshaw,Trailhead,2024-04-11,Salt Lake City,UT,ST018
C01119,Tobias Thorne,None,2024-09-20,Bend,OR,ST018
C01120,Diego Barros,Summit,2023-08-03,Flagstaff,AZ,ST005
C01121,Imani Yardley,Summit,2023-03-18,Park City,UT,ST012
C01122,Otto Hollis,Summit,2021-08-02,Flagstaff,AZ,ST005
C01123,Tobias Zielinski,None,2024-06-21,Sacramento,CA,ST004
C01124,Greta Kowalski,None,2020-05-24,Boulder,CO,ST012
C01125,Kenji Okonkwo,Alpine,2024-06-13,Boise,ID,ST014
C01126,Freya Sandoval,Trailhead,2022-09-08,Spokane,WA,ST002
C01127,Priya Ibarra,None,2024-10-04,Reno,NV,ST014
C01128,Ravi Farrow,None,2023-08-28,Eugene,OR,ST012
C01129,Soren Farrow,Trailhead,2023-04-30,Boise,ID,ST002
C01130,Beatrix Hollis,None,2023-03-02,Portland,OR,ST005
C01131,Otto Grimshaw,Trailhead,2020-11-22,Fort Collins,CO,ST008
C01132,Kenji Pemberton,Summit,2024-07-22,Salt Lake City,UT,ST006
C01133,Marcus Farrow,None,2021-01-15,Missoula,MT,ST012
C01134,Yara Delacroix,None,2023-05-10,Eugene,OR,ST016
C01135,Ravi Sandoval,None,2022-08-13,Portland,OR,ST017
C01136,Sana Ashworth,None,2023-11-18,Boise,ID,ST005
C01137,Felix Ashworth,Trailhead,2023-06-05,Portland,OR,ST016
C01138,Mateo Farrow,Trailhead,2023-12-17,Seattle,WA,ST018
C01139,Felix Ellery,Alpine,2024-09-13,Flagstaff,AZ,ST001
C01140,Ravi Yardley,None,2024-06-07,Salt Lake City,UT,ST012
C01141,Yara Thorne,Trailhead,2024-08-02,Denver,CO,ST015
C01142,Marcus Zielinski,None,2023-11-15,Coeur d'Alene,ID,ST005
C01143,Beatrix Nakamura,None,2024-04-05,Spokane,WA,ST005
C01144,Alina Rasmussen,Trailhead,2023-11-21,Boise,ID,ST007
C01145,Freya Thorne,Trailhead,2023-10-26,Salt Lake City,UT,ST012
C01146,Felix Nakamura,Trailhead,2024-10-23,Boulder,CO,ST003
C01147,Noor Zielinski,None,2022-09-22,Fort Collins,CO,ST006
C01148,Elena Yardley,None,2021-11-04,Portland,OR,ST005
C01149,Diego Vasquez,Alpine,2022-01-26,Park City,UT,ST012
C01150,Greta Hollis,None,2022-01-15,Coeur d'Alene,ID,ST005
C01151,Callum Rasmussen,Summit,2020-05-22,Fort Collins,CO,ST009
C01152,Mateo Barros,None,2020-05-23,Boulder,CO,ST010
C01153,Rosa Farrow,Summit,2023-05-21,Bozeman,MT,ST002
C01154,Emrys Yardley,None,2024-01-28,Coeur d'Alene,ID,ST006
C01155,Greta Nakamura,Trailhead,2021-06-08,Eugene,OR,ST007
C01156,Priya Ferreira,Summit,2024-05-03,Boise,ID,ST013
C01157,Lucian Thorne,Trailhead,2024-03-17,Sacramento,CA,ST007
C01158,Emrys Barros,Summit,2021-11-25,Reno,NV,ST009
C01159,Soren Vasquez,Trailhead,2024-04-28,Coeur d'Alene,ID,ST015
C01160,Imani Grimshaw,None,2021-12-02,Bozeman,MT,ST011
C01161,Amara Ellery,None,2021-11-22,Boulder,CO,ST011
C01162,Theo Ferreira,None,2021-11-11,Bend,OR,ST002
C01163,Theo Ashworth,Summit,2024-12-08,Boise,ID,ST008
C01164,Noor Wexford,None,2022-08-05,Park City,UT,ST018
C01165,Elias Marchetti,None,2024-04-13,Bozeman,MT,ST005
C01166,Yara Okonkwo,None,2021-08-02,Denver,CO,ST010
C01167,Elias Wexford,None,2021-11-30,Seattle,WA,ST018
C01168,Freya Rasmussen,Trailhead,2022-12-23,Coeur d'Alene,ID,ST003
C01169,Felix Delacroix,Alpine,2022-04-15,Boise,ID,ST018
C01170,Emrys Grimshaw,Summit,2023-02-20,Flagstaff,AZ,ST003
C01171,Noor Yardley,Summit,2020-04-25,Salt Lake City,UT,ST014
C01172,Soren Halvorsen,Trailhead,2024-03-10,Bozeman,MT,ST008
C01173,Sana Lindqvist,Summit,2022-12-19,Denver,CO,ST016
C01174,Marcus Ferreira,None,2022-02-24,Seattle,WA,ST005
C01175,Yara Ibarra,Alpine,2022-03-09,Spokane,WA,ST016
C01176,Freya Delacroix,None,2020-12-24,Eugene,OR,ST015
C01177,Felix Zielinski,Alpine,2024-11-01,Eugene,OR,ST004
C01178,Diego Kowalski,None,2022-10-06,Park City,UT,ST015
C01179,Freya Hollis,None,2023-04-01,Eugene,OR,ST018
C01180,Callum Nakamura,Trailhead,2021-06-17,Portland,OR,ST017
C01181,Sana Wexford,Trailhead,2020-03-08,Seattle,WA,ST010
C01182,Nadia Farrow,Alpine,2021-06-02,Reno,NV,ST007
C01183,Elena Okonkwo,Summit,2023-12-11,Bozeman,MT,ST004
C01184,Felix Whitfield,None,2024-03-23,Tacoma,WA,ST017
C01185,Marcus Thorne,None,2024-06-09,Bend,OR,ST016
C01186,Yara Nakamura,Trailhead,2020-07-26,Sacramento,CA,ST001
C01187,Saskia Ibarra,Alpine,2020-04-26,Sacramento,CA,ST018
C01188,Nadia Rasmussen,None,2020-06-02,Portland,OR,ST018
C01189,Noor Ashworth,Trailhead,2024-04-15,Flagstaff,AZ,ST005
C01190,Theo Wexford,Summit,2020-04-20,Bozeman,MT,ST018
C01191,Sana Marchetti,Trailhead,2022-07-22,Portland,OR,ST007
C01192,Yara Grimshaw,Trailhead,2023-03-05,Missoula,MT,ST013
C01193,Nadia Marchetti,Summit,2024-01-20,Missoula,MT,ST011
C01194,Tobias Sandoval,Trailhead,2023-07-26,Denver,CO,ST002
C01195,Emrys Nakamura,None,2020-06-08,Seattle,WA,ST011
C01196,Mateo Pemberton,Alpine,2022-01-06,Park City,UT,ST001
C01197,Callum Farrow,None,2021-12-25,Reno,NV,ST010
C01198,Freya Okonkwo,Trailhead,2023-08-23,Salt Lake City,UT,ST010
C01199,Freya Wexford,Alpine,2020-07-02,Coeur d'Alene,ID,ST004
C01200,Greta Ashworth,None,2023-02-02,Seattle,WA,ST013
C01201,Emrys Hollis,Trailhead,2023-04-13,Denver,CO,ST009
C01202,Noor Sandoval,None,2022-08-23,Missoula,MT,ST002
C01203,Yara Ashworth,Trailhead,2024-01-30,Reno,NV,ST003
C01204,Rosa Ashworth,None,2022-03-13,Eugene,OR,ST006
C01205,Nadia Kowalski,Trailhead,2020-10-13,Bozeman,MT,ST016
C01206,Soren Hollis,None,2021-10-24,Sacramento,CA,ST009
C01207,Hugo Farrow,None,2021-06-24,Portland,OR,ST006
C01208,Theo Hollis,Trailhead,2024-05-12,Spokane,WA,ST015
C01209,Amara Rasmussen,Trailhead,2024-10-10,Bozeman,MT,ST012
C01210,Nadia Zielinski,None,2021-10-14,Flagstaff,AZ,ST001
C01211,Greta Whitfield,Summit,2021-07-02,Tacoma,WA,ST014
C01212,Hugo Grimshaw,None,2020-05-09,Reno,NV,ST013
C01213,Soren Delacroix,Trailhead,2020-09-03,Denver,CO,ST008
C01214,Kenji Ferreira,Trailhead,2023-03-12,Bend,OR,ST010
C01215,Mateo Wexford,None,2020-02-22,Boise,ID,ST003
C01216,Diego Okonkwo,Summit,2024-06-17,Spokane,WA,ST016
C01217,Imani Ibarra,Trailhead,2021-06-26,Portland,OR,ST010
C01218,Freya Barros,None,2023-11-22,Flagstaff,AZ,ST003
C01219,Callum Grimshaw,Summit,2022-08-17,Missoula,MT,ST016
C01220,Priya Okonkwo,Alpine,2021-06-19,Park City,UT,ST006
C01221,Sana Zielinski,None,2021-04-30,Eugene,OR,ST015
C01222,Lucian Ashworth,Trailhead,2020-04-21,Boulder,CO,ST014
C01223,Felix Hollis,Trailhead,2023-06-17,Bend,OR,ST008
C01224,Ravi Nakamura,None,2020-07-25,Reno,NV,ST015
C01225,Ravi Pemberton,Alpine,2021-03-19,Flagstaff,AZ,ST011
C01226,Diego Ellery,Summit,2024-05-13,Bend,OR,ST007
C01227,Kenji Sandoval,None,2022-10-16,Boulder,CO,ST009
C01228,Alina Grimshaw,Alpine,2023-04-07,Spokane,WA,ST017
C01229,Alina Ibarra,Alpine,2023-05-11,Boise,ID,ST003
C01230,Greta Nakamura,Trailhead,2022-10-15,Bend,OR,ST016
C01231,Emrys Lindqvist,None,2024-12-27,Coeur d'Alene,ID,ST009
C01232,Saskia Lindqvist,Trailhead,2022-10-16,Park City,UT,ST015
C01233,Felix Zielinski,Alpine,2024-03-29,Park City,UT,ST009
C01234,Nadia Barros,None,2020-04-03,Coeur d'Alene,ID,ST007
C01235,Greta Whitfield,Trailhead,2021-11-28,Flagstaff,AZ,ST004
C01236,Elias Thorne,None,2024-10-16,Boulder,CO,ST004
C01237,Elias Wexford,Trailhead,2023-03-28,Salt Lake City,UT,ST009
C01238,Elias Lindqvist,Summit,2024-12-17,Boise,ID,ST018
C01239,Beatrix Hollis,Summit,2024-04-05,Bozeman,MT,ST014
C01240,Yara Lindqvist,Trailhead,2023-03-14,Bozeman,MT,ST008
C01241,Leila Wexford,Trailhead,2023-12-08,Boulder,CO,ST012
C01242,Alina Ferreira,Trailhead,2021-08-20,Spokane,WA,ST008
C01243,Tobias Zielinski,Trailhead,2024-07-25,Salt Lake City,UT,ST003
C01244,Rosa Barros,Trailhead,2022-10-24,Salt Lake City,UT,ST016
C01245,Callum Whitfield,Summit,2023-08-04,Seattle,WA,ST016
C01246,Lucian Ashworth,Summit,2021-09-23,Coeur d'Alene,ID,ST011
C01247,Callum Rasmussen,None,2021-11-09,Tacoma,WA,ST018
C01248,Hugo Vasquez,Trailhead,2020-02-13,Coeur d'Alene,ID,ST002
C01249,Callum Grimshaw,None,2024-08-27,Bend,OR,ST009
C01250,Alina Barros,Trailhead,2024-06-26,Denver,CO,ST018
C01251,Leila Grimshaw,Trailhead,2023-12-31,Missoula,MT,ST007
C01252,Nadia Ellery,Alpine,2022-03-02,Salt Lake City,UT,ST004
C01253,Nadia Pemberton,Trailhead,2021-08-12,Tacoma,WA,ST009
C01254,Emrys Farrow,None,2023-08-09,Seattle,WA,ST003
C01255,Rosa Barros,None,2023-08-12,Eugene,OR,ST013
C01256,Freya Farrow,Trailhead,2022-06-06,Eugene,OR,ST012
C01257,Freya Yardley,None,2020-04-09,Salt Lake City,UT,ST006
C01258,Elena Grimshaw,Summit,2023-01-02,Seattle,WA,ST002
C01259,Priya Rasmussen,None,2023-06-21,Fort Collins,CO,ST009
C01260,Noor Zielinski,Summit,2023-06-04,Coeur d'Alene,ID,ST002
C01261,Nadia Grimshaw,Trailhead,2023-04-28,Sacramento,CA,ST017
C01262,Tobias Vasquez,Trailhead,2024-05-12,Missoula,MT,ST011
C01263,Theo Nakamura,Trailhead,2021-04-18,Park City,UT,ST001
C01264,Marcus Ferreira,Trailhead,2021-04-30,Tacoma,WA,ST005
C01265,Alina Barros,None,2024-07-13,Park City,UT,ST013
C01266,Theo Lindqvist,None,2021-09-19,Spokane,WA,ST009
C01267,Diego Zielinski,Trailhead,2021-02-23,Eugene,OR,ST006
C01268,Yara Farrow,None,2023-04-20,Park City,UT,ST015
C01269,Callum Ibarra,None,2023-05-26,Missoula,MT,ST007
C01270,Freya Barros,Summit,2020-12-25,Eugene,OR,ST010
C01271,Marcus Kowalski,Summit,2022-11-28,Sacramento,CA,ST003
C01272,Leila Marchetti,None,2024-02-13,Eugene,OR,ST015
C01273,Saskia Sandoval,Summit,2023-09-21,Boulder,CO,ST017
C01274,Elena Zielinski,Trailhead,2021-09-13,Tacoma,WA,ST005
C01275,Nadia Ibarra,Trailhead,2021-04-28,Bend,OR,ST005
C01276,Tobias Barros,None,2023-03-20,Flagstaff,AZ,ST018
C01277,Freya Yardley,Summit,2021-10-26,Bend,OR,ST012
C01278,Imani Yardley,Alpine,2020-11-09,Park City,UT,ST002
C01279,Noor Okonkwo,Trailhead,2020-04-03,Sacramento,CA,ST018
C01280,Alina Hollis,Trailhead,2022-02-23,Portland,OR,ST018
C01281,Saskia Vasquez,None,2023-11-17,Tacoma,WA,ST014
C01282,Mateo Delacroix,None,2023-05-31,Coeur d'Alene,ID,ST010
C01283,Greta Sandoval,None,2020-03-10,Salt Lake City,UT,ST009
C01284,Soren Whitfield,Trailhead,2023-01-09,Fort Collins,CO,ST009
C01285,Kenji Delacroix,Trailhead,2023-01-15,Missoula,MT,ST011
C01286,Felix Pemberton,None,2020-06-06,Boulder,CO,ST016
C01287,Soren Ellery,Trailhead,2021-09-22,Bend,OR,ST012
C01288,Saskia Thorne,None,2020-09-24,Eugene,OR,ST016
C01289,Emrys Whitfield,Summit,2021-03-29,Park City,UT,ST006
C01290,Sana Wexford,None,2020-12-10,Fort Collins,CO,ST001
C01291,Freya Vasquez,Trailhead,2021-08-18,Eugene,OR,ST005
C01292,Felix Zielinski,Trailhead,2021-07-23,Seattle,WA,ST017
C01293,Ravi Okonkwo,Alpine,2024-02-10,Reno,NV,ST017
C01294,Nadia Whitfield,Summit,2021-03-17,Boise,ID,ST013
C01295,Alina Whitfield,Trailhead,2021-01-25,Seattle,WA,ST015
C01296,Elena Farrow,Trailhead,2022-02-21,Denver,CO,ST003
C01297,Nadia Ellery,None,2024-06-21,Park City,UT,ST018
C01298,Otto Ferreira,Trailhead,2022-12-30,Denver,CO,ST007
C01299,Rosa Thorne,Summit,2024-07-04,Bend,OR,ST014
C01300,Otto Barros,Trailhead,2022-01-02,Missoula,MT,ST016
C01301,Elias Rasmussen,Trailhead,2021-04-01,Missoula,MT,ST005
C01302,Otto Zielinski,Trailhead,2022-07-31,Coeur d'Alene,ID,ST006
C01303,Emrys Delacroix,None,2024-04-09,Bend,OR,ST018
C01304,Marcus Halvorsen,None,2021-08-21,Park City,UT,ST007
C01305,Tobias Delacroix,Summit,2021-01-08,Denver,CO,ST012
C01306,Rosa Vasquez,Summit,2023-03-23,Reno,NV,ST003
C01307,Greta Ashworth,None,2021-09-14,Flagstaff,AZ,ST012
C01308,Callum Ferreira,Trailhead,2021-01-14,Boise,ID,ST004
C01309,Kenji Marchetti,None,2022-07-30,Flagstaff,AZ,ST005
C01310,Marcus Pemberton,None,2021-01-20,Sacramento,CA,ST009
C01311,Elias Delacroix,Summit,2023-07-30,Spokane,WA,ST010
C01312,Felix Delacroix,Trailhead,2020-07-26,Seattle,WA,ST010
C01313,Leila Lindqvist,None,2021-07-20,Boise,ID,ST002
C01314,Marcus Ferreira,Summit,2020-08-26,Portland,OR,ST009
C01315,Amara Marchetti,None,2021-08-15,Bend,OR,ST004
C01316,Rosa Halvorsen,Trailhead,2024-02-21,Boulder,CO,ST007
C01317,Theo Barros,Summit,2023-10-17,Salt Lake City,UT,ST007
C01318,Greta Okonkwo,Summit,2024-06-26,Boulder,CO,ST002
C01319,Lucian Ibarra,Summit,2022-03-27,Tacoma,WA,ST007
C01320,Saskia Ferreira,Trailhead,2024-07-19,Tacoma,WA,ST009
C01321,Otto Wexford,None,2024-06-19,Spokane,WA,ST012
C01322,Imani Okonkwo,Trailhead,2023-10-10,Seattle,WA,ST010
C01323,Nadia Ashworth,None,2022-06-06,Bozeman,MT,ST009
C01324,Callum Barros,None,2023-05-25,Eugene,OR,ST014
C01325,Marcus Nakamura,None,2024-08-16,Denver,CO,ST005
C01326,Marcus Sandoval,Trailhead,2024-12-12,Bend,OR,ST009
C01327,Elena Okonkwo,Summit,2023-06-01,Bozeman,MT,ST018
C01328,Ravi Ibarra,None,2024-11-30,Fort Collins,CO,ST009
C01329,Greta Hollis,Summit,2023-11-18,Bend,OR,ST015
C01330,Leila Whitfield,Summit,2023-11-11,Salt Lake City,UT,ST017
C01331,Lucian Kowalski,Trailhead,2022-09-04,Denver,CO,ST009
C01332,Priya Thorne,Trailhead,2024-05-01,Denver,CO,ST016
C01333,Noor Sandoval,Summit,2020-11-16,Portland,OR,ST008
C01334,Rosa Hollis,None,2020-08-23,Bend,OR,ST008
C01335,Diego Rasmussen,None,2022-11-27,Denver,CO,ST005
C01336,Tobias Whitfield,Summit,2024-02-22,Bend,OR,ST018
C01337,Hugo Marchetti,None,2023-04-06,Tacoma,WA,ST013
C01338,Alina Halvorsen,Trailhead,2024-11-28,Bend,OR,ST012
C01339,Rosa Ellery,Summit,2022-05-12,Sacramento,CA,ST018
C01340,Nadia Zielinski,None,2021-12-16,Portland,OR,ST010
C01341,Sana Rasmussen,None,2024-05-29,Eugene,OR,ST016
C01342,Lucian Ibarra,None,2023-09-12,Reno,NV,ST009
C01343,Hugo Wexford,None,2023-05-30,Missoula,MT,ST009
C01344,Tobias Halvorsen,None,2022-05-12,Salt Lake City,UT,ST008
C01345,Otto Delacroix,None,2023-08-08,Sacramento,CA,ST011
C01346,Soren Kowalski,None,2023-07-06,Spokane,WA,ST005
C01347,Ravi Ibarra,None,2020-04-03,Bozeman,MT,ST004
C01348,Freya Thorne,Summit,2022-04-12,Salt Lake City,UT,ST017
C01349,Elena Wexford,Trailhead,2021-08-28,Denver,CO,ST016
C01350,Priya Pemberton,Summit,2023-04-08,Sacramento,CA,ST015
C01351,Greta Sandoval,Trailhead,2022-03-24,Boulder,CO,ST015
C01352,Kenji Marchetti,Alpine,2021-09-28,Sacramento,CA,ST017
C01353,Felix Ibarra,Alpine,2020-08-15,Tacoma,WA,ST012
C01354,Elias Ashworth,None,2022-12-29,Tacoma,WA,ST005
C01355,Noor Okonkwo,Trailhead,2022-03-20,Boise,ID,ST002
C01356,Noor Yardley,Trailhead,2023-02-25,Eugene,OR,ST003
C01357,Beatrix Sandoval,None,2020-10-30,Missoula,MT,ST004
C01358,Mateo Ibarra,Trailhead,2024-05-03,Tacoma,WA,ST007
C01359,Callum Pemberton,None,2023-09-21,Flagstaff,AZ,ST016
C01360,Freya Farrow,Trailhead,2022-06-27,Eugene,OR,ST018
C01361,Rosa Thorne,None,2022-03-02,Fort Collins,CO,ST013
C01362,Saskia Yardley,Summit,2022-05-05,Salt Lake City,UT,ST005
C01363,Leila Hollis,None,2023-04-10,Bend,OR,ST007
C01364,Marcus Barros,Trailhead,2022-10-15,Boulder,CO,ST005
C01365,Felix Wexford,Trailhead,2023-09-12,Bozeman,MT,ST011
C01366,Noor Sandoval,Trailhead,2024-06-25,Coeur d'Alene,ID,ST006
C01367,Noor Thorne,Summit,2024-08-14,Reno,NV,ST010
C01368,Soren Hollis,None,2022-01-14,Flagstaff,AZ,ST004
C01369,Theo Hollis,Alpine,2023-10-06,Bend,OR,ST001
C01370,Ravi Ibarra,Trailhead,2021-09-11,Spokane,WA,ST012
C01371,Felix Zielinski,None,2022-09-16,Flagstaff,AZ,ST014
C01372,Noor Ashworth,Trailhead,2022-07-29,Spokane,WA,ST001
C01373,Soren Nakamura,None,2022-11-19,Reno,NV,ST003
C01374,Noor Vasquez,Alpine,2023-09-14,Eugene,OR,ST003
C01375,Sana Wexford,Trailhead,2023-04-12,Denver,CO,ST017
C01376,Diego Rasmussen,None,2020-02-24,Fort Collins,CO,ST009
C01377,Noor Whitfield,None,2023-07-29,Denver,CO,ST001
C01378,Theo Rasmussen,Trailhead,2023-03-09,Missoula,MT,ST007
C01379,Callum Wexford,None,2022-01-01,Boulder,CO,ST012
C01380,Saskia Ellery,Trailhead,2022-01-14,Bozeman,MT,ST006
C01381,Soren Sandoval,Summit,2020-07-23,Portland,OR,ST004
C01382,Tobias Okonkwo,Trailhead,2023-02-08,Boise,ID,ST009
C01383,Elena Sandoval,Trailhead,2024-04-07,Denver,CO,ST006
C01384,Rosa Rasmussen,None,2021-10-14,Missoula,MT,ST013
C01385,Greta Pemberton,None,2024-10-26,Portland,OR,ST013
C01386,Saskia Sandoval,Alpine,2022-04-17,Coeur d'Alene,ID,ST013
C01387,Callum Kowalski,None,2021-06-28,Denver,CO,ST009
C01388,Felix Thorne,None,2022-04-25,Seattle,WA,ST010
C01389,Rosa Nakamura,Summit,2024-11-18,Coeur d'Alene,ID,ST005
C01390,Otto Delacroix,Alpine,2022-09-10,Park City,UT,ST018
C01391,Callum Grimshaw,Trailhead,2022-05-26,Seattle,WA,ST008
C01392,Ravi Yardley,None,2021-11-21,Fort Collins,CO,ST014
C01393,Soren Grimshaw,None,2022-02-05,Portland,OR,ST017
C01394,Amara Yardley,Trailhead,2022-11-29,Park City,UT,ST002
C01395,Callum Ibarra,Trailhead,2020-08-08,Eugene,OR,ST007
C01396,Lucian Rasmussen,Trailhead,2022-07-30,Missoula,MT,ST018
C01397,Ravi Ferreira,None,2021-03-19,Boise,ID,ST005
C01398,Emrys Delacroix,Summit,2024-08-05,Denver,CO,ST017
C01399,Alina Sandoval,Trailhead,2021-09-16,Boulder,CO,ST009
C01400,Imani Farrow,Summit,2024-09-03,Seattle,WA,ST003
C01401,Tobias Marchetti,Alpine,2023-02-25,Bend,OR,ST008
C01402,Ravi Hollis,None,2021-10-18,Fort Collins,CO,ST003
C01403,Callum Whitfield,Summit,2024-11-22,Reno,NV,ST009
C01404,Sana Ferreira,None,2024-06-21,Seattle,WA,ST009
C01405,Beatrix Nakamura,Summit,2020-12-07,Portland,OR,ST007
C01406,Amara Delacroix,None,2024-01-22,Eugene,OR,ST014
C01407,Saskia Halvorsen,Trailhead,2020-11-04,Seattle,WA,ST004
C01408,Freya Marchetti,Trailhead,2020-04-01,Spokane,WA,ST013
C01409,Mateo Sandoval,Summit,2023-07-22,Denver,CO,ST018
C01410,Amara Grimshaw,None,2024-02-26,Eugene,OR,ST009
C01411,Elias Ferreira,Alpine,2024-11-03,Flagstaff,AZ,ST018
C01412,Hugo Hollis,None,2023-06-15,Seattle,WA,ST007
C01413,Noor Delacroix,Summit,2024-12-08,Bozeman,MT,ST011
C01414,Greta Ibarra,None,2023-01-21,Missoula,MT,ST007
C01415,Mateo Zielinski,Summit,2022-01-31,Sacramento,CA,ST003
C01416,Rosa Pemberton,None,2020-06-10,Portland,OR,ST004
C01417,Amara Hollis,None,2021-08-09,Spokane,WA,ST009
C01418,Rosa Ferreira,Trailhead,2020-09-24,Boise,ID,ST017
C01419,Amara Farrow,None,2022-11-11,Spokane,WA,ST015
C01420,Diego Lindqvist,Trailhead,2020-02-09,Eugene,OR,ST004
C01421,Nadia Marchetti,Trailhead,2023-03-09,Boise,ID,ST006
C01422,Felix Okonkwo,Alpine,2021-01-19,Tacoma,WA,ST005
C01423,Elias Rasmussen,None,2024-12-30,Flagstaff,AZ,ST004
C01424,Beatrix Ashworth,None,2023-11-03,Eugene,OR,ST001
C01425,Ravi Pemberton,None,2024-08-04,Portland,OR,ST005
C01426,Ravi Barros,Summit,2023-03-04,Park City,UT,ST013
C01427,Leila Marchetti,Trailhead,2024-07-28,Salt Lake City,UT,ST008
C01428,Theo Vasquez,Summit,2024-04-04,Portland,OR,ST015
C01429,Freya Yardley,Trailhead,2024-06-19,Missoula,MT,ST017
C01430,Freya Rasmussen,None,2020-04-10,Flagstaff,AZ,ST013
C01431,Saskia Hollis,Alpine,2022-01-10,Denver,CO,ST018
C01432,Priya Okonkwo,Summit,2023-03-26,Reno,NV,ST012
C01433,Theo Okonkwo,Trailhead,2023-02-13,Boise,ID,ST007
C01434,Saskia Lindqvist,Trailhead,2020-10-26,Missoula,MT,ST018
C01435,Emrys Delacroix,Trailhead,2022-03-03,Sacramento,CA,ST012
C01436,Emrys Vasquez,Summit,2023-09-25,Coeur d'Alene,ID,ST002
C01437,Soren Ashworth,Trailhead,2022-08-16,Portland,OR,ST012
C01438,Freya Halvorsen,Alpine,2021-09-23,Coeur d'Alene,ID,ST016
C01439,Theo Whitfield,Trailhead,2023-04-30,Spokane,WA,ST012
C01440,Beatrix Ibarra,None,2023-12-26,Boulder,CO,ST007
C01441,Saskia Okonkwo,Trailhead,2024-10-09,Park City,UT,ST001
C01442,Soren Ferreira,Summit,2022-06-13,Spokane,WA,ST006
C01443,Sana Farrow,Summit,2023-03-14,Spokane,WA,ST004
C01444,Soren Rasmussen,None,2023-09-25,Missoula,MT,ST010
C01445,Lucian Kowalski,None,2024-05-11,Bend,OR,ST002
C01446,Sana Barros,None,2023-05-13,Fort Collins,CO,ST001
C01447,Priya Rasmussen,None,2020-10-04,Fort Collins,CO,ST005
C01448,Imani Sandoval,Summit,2024-09-11,Boulder,CO,ST006
C01449,Greta Yardley,None,2023-07-18,Park City,UT,ST003
C01450,Callum Marchetti,Summit,2023-11-15,Salt Lake City,UT,ST015
C01451,Rosa Farrow,Summit,2023-07-06,Salt Lake City,UT,ST016
C01452,Priya Rasmussen,Summit,2021-12-25,Salt Lake City,UT,ST013
C01453,Theo Yardley,Summit,2020-12-18,Missoula,MT,ST009
C01454,Callum Ellery,Trailhead,2023-02-12,Eugene,OR,ST002
C01455,Tobias Okonkwo,Trailhead,2021-04-09,Eugene,OR,ST017
C01456,Tobias Nakamura,Trailhead,2020-11-30,Seattle,WA,ST002
C01457,Greta Hollis,Trailhead,2021-10-19,Boulder,CO,ST004
C01458,Alina Nakamura,None,2020-04-07,Bozeman,MT,ST017
C01459,Sana Sandoval,Trailhead,2020-12-23,Bozeman,MT,ST007
C01460,Elias Barros,None,2023-04-09,Park City,UT,ST010
C01461,Nadia Sandoval,Trailhead,2021-06-10,Park City,UT,ST003
C01462,Elias Ellery,None,2022-11-06,Boise,ID,ST004
C01463,Elias Zielinski,Summit,2020-05-21,Fort Collins,CO,ST006
C01464,Emrys Grimshaw,Summit,2024-05-21,Coeur d'Alene,ID,ST006
C01465,Otto Rasmussen,Summit,2024-01-30,Eugene,OR,ST007
C01466,Elias Delacroix,Trailhead,2024-04-15,Spokane,WA,ST012
C01467,Felix Ashworth,None,2020-07-29,Spokane,WA,ST004
C01468,Imani Sandoval,None,2024-10-26,Tacoma,WA,ST016
C01469,Imani Grimshaw,Trailhead,2024-04-05,Flagstaff,AZ,ST016
C01470,Otto Sandoval,Trailhead,2024-09-12,Park City,UT,ST003
C01471,Elias Lindqvist,Trailhead,2024-04-28,Fort Collins,CO,ST006
C01472,Ravi Vasquez,Summit,2022-04-30,Coeur d'Alene,ID,ST009
C01473,Sana Rasmussen,Summit,2024-07-15,Bend,OR,ST002
C01474,Emrys Whitfield,None,2024-07-26,Tacoma,WA,ST008
C01475,Beatrix Okonkwo,None,2024-05-19,Portland,OR,ST018
C01476,Elena Farrow,Trailhead,2020-08-13,Sacramento,CA,ST009
C01477,Rosa Whitfield,None,2022-10-19,Reno,NV,ST006
C01478,Noor Rasmussen,None,2024-10-20,Salt Lake City,UT,ST017
C01479,Elias Farrow,Summit,2020-07-01,Portland,OR,ST004
C01480,Rosa Pemberton,Summit,2020-07-10,Flagstaff,AZ,ST008
C01481,Tobias Pemberton,None,2020-09-17,Park City,UT,ST004
C01482,Diego Pemberton,Trailhead,2023-03-05,Flagstaff,AZ,ST003
C01483,Greta Nakamura,None,2020-12-07,Tacoma,WA,ST017
C01484,Sana Yardley,None,2023-02-06,Eugene,OR,ST005
C01485,Elena Farrow,Trailhead,2021-02-07,Bozeman,MT,ST015
C01486,Soren Grimshaw,Alpine,2022-03-26,Denver,CO,ST002
C01487,Saskia Ferreira,Trailhead,2023-08-07,Seattle,WA,ST011
C01488,Soren Yardley,Alpine,2023-07-13,Park City,UT,ST004
C01489,Theo Wexford,Trailhead,2021-01-29,Denver,CO,ST012
C01490,Imani Delacroix,None,2024-09-15,Missoula,MT,ST014
C01491,Tobias Barros,None,2022-10-15,Flagstaff,AZ,ST009
C01492,Tobias Ellery,Trailhead,2021-11-03,Park City,UT,ST006
C01493,Rosa Okonkwo,None,2021-09-01,Spokane,WA,ST002
C01494,Theo Rasmussen,Trailhead,2022-02-05,Eugene,OR,ST012
C01495,Felix Sandoval,None,2023-06-18,Denver,CO,ST001
C01496,Lucian Yardley,Summit,2022-07-31,Reno,NV,ST005
C01497,Marcus Nakamura,None,2023-09-16,Park City,UT,ST014
C01498,Marcus Ellery,Trailhead,2023-10-31,Spokane,WA,ST016
C01499,Soren Lindqvist,None,2022-03-08,Sacramento,CA,ST017
C01500,Theo Pemberton,None,2023-06-19,Eugene,OR,ST001
C01501,Imani Ellery,Summit,2023-12-23,Bozeman,MT,ST007
C01502,Nadia Wexford,Alpine,2022-04-16,Portland,OR,ST012
C01503,Felix Barros,Trailhead,2020-05-31,Tacoma,WA,ST009
C01504,Alina Sandoval,Trailhead,2022-02-18,Seattle,WA,ST007
C01505,Elena Halvorsen,None,2024-11-09,Tacoma,WA,ST001
C01506,Freya Thorne,None,2021-05-01,Bozeman,MT,ST002
C01507,Saskia Yardley,Trailhead,2020-03-17,Reno,NV,ST018
C01508,Elias Whitfield,Trailhead,2024-10-19,Park City,UT,ST011
C01509,Saskia Grimshaw,None,2023-07-31,Bozeman,MT,ST010
C01510,Callum Nakamura,Summit,2022-06-06,Boulder,CO,ST012
C01511,Ravi Vasquez,Summit,2024-02-22,Tacoma,WA,ST016
C01512,Kenji Lindqvist,Trailhead,2024-02-16,Tacoma,WA,ST012
C01513,Mateo Barros,None,2020-04-02,Boulder,CO,ST018
C01514,Tobias Grimshaw,None,2024-04-24,Coeur d'Alene,ID,ST003
C01515,Saskia Wexford,Trailhead,2021-10-11,Boulder,CO,ST018
C01516,Hugo Thorne,Trailhead,2023-12-23,Eugene,OR,ST009
C01517,Soren Ibarra,None,2020-06-25,Denver,CO,ST003
C01518,Greta Barros,None,2022-06-20,Tacoma,WA,ST011
C01519,Leila Ferreira,Trailhead,2021-08-27,Flagstaff,AZ,ST014
C01520,Diego Grimshaw,None,2021-01-07,Boulder,CO,ST004
C01521,Rosa Delacroix,Alpine,2020-04-15,Salt Lake City,UT,ST010
C01522,Yara Pemberton,Trailhead,2020-05-25,Denver,CO,ST005
C01523,Felix Rasmussen,None,2022-03-16,Spokane,WA,ST012
C01524,Rosa Pemberton,Trailhead,2024-02-20,Coeur d'Alene,ID,ST014
C01525,Rosa Grimshaw,Trailhead,2023-02-05,Spokane,WA,ST002
C01526,Kenji Halvorsen,Summit,2020-12-08,Denver,CO,ST010
C01527,Leila Zielinski,None,2021-03-06,Park City,UT,ST017
C01528,Priya Wexford,None,2020-07-29,Boise,ID,ST006
C01529,Marcus Zielinski,Trailhead,2023-02-10,Sacramento,CA,ST014
C01530,Tobias Zielinski,None,2021-04-19,Tacoma,WA,ST013
C01531,Greta Barros,None,2020-07-02,Salt Lake City,UT,ST003
C01532,Callum Wexford,Summit,2020-06-27,Coeur d'Alene,ID,ST014
C01533,Marcus Halvorsen,None,2024-07-29,Portland,OR,ST018
C01534,Nadia Ellery,None,2021-06-27,Portland,OR,ST016
C01535,Freya Grimshaw,Alpine,2022-05-06,Bozeman,MT,ST012
C01536,Hugo Pemberton,Trailhead,2022-12-01,Spokane,WA,ST008
C01537,Freya Barros,Trailhead,2020-11-21,Bend,OR,ST007
C01538,Emrys Ashworth,Trailhead,2023-07-24,Boulder,CO,ST015
C01539,Lucian Yardley,None,2024-03-29,Denver,CO,ST012
C01540,Elena Nakamura,Summit,2020-08-14,Coeur d'Alene,ID,ST012
C01541,Mateo Wexford,Summit,2024-09-04,Portland,OR,ST018
C01542,Marcus Marchetti,None,2023-07-05,Sacramento,CA,ST007
C01543,Soren Wexford,Trailhead,2024-10-06,Spokane,WA,ST008
C01544,Rosa Barros,Summit,2020-04-14,Tacoma,WA,ST005
C01545,Priya Ibarra,Alpine,2023-08-02,Salt Lake City,UT,ST016
C01546,Elias Yardley,Alpine,2022-10-15,Fort Collins,CO,ST008
C01547,Elias Marchetti,None,2023-08-17,Salt Lake City,UT,ST016
C01548,Imani Ashworth,Trailhead,2022-09-06,Park City,UT,ST009
C01549,Freya Yardley,Summit,2022-04-19,Eugene,OR,ST008
C01550,Imani Pemberton,None,2024-10-11,Portland,OR,ST012
C01551,Emrys Lindqvist,Alpine,2020-06-18,Seattle,WA,ST005
C01552,Otto Barros,Trailhead,2020-07-21,Bozeman,MT,ST014
C01553,Yara Barros,Trailhead,2021-07-02,Seattle,WA,ST008
C01554,Marcus Yardley,Trailhead,2021-03-22,Missoula,MT,ST018
C01555,Tobias Marchetti,None,2023-03-07,Denver,CO,ST008
C01556,Hugo Grimshaw,Trailhead,2022-08-23,Coeur d'Alene,ID,ST008
C01557,Elias Ashworth,Trailhead,2024-07-02,Missoula,MT,ST007
C01558,Lucian Lindqvist,None,2024-05-11,Bend,OR,ST001
C01559,Emrys Marchetti,None,2023-08-27,Boulder,CO,ST010
C01560,Elias Rasmussen,Summit,2021-03-09,Spokane,WA,ST008
C01561,Diego Farrow,Summit,2023-05-05,Fort Collins,CO,ST014
C01562,Rosa Grimshaw,None,2024-05-04,Fort Collins,CO,ST015
C01563,Hugo Delacroix,None,2021-10-21,Bozeman,MT,ST003
C01564,Callum Rasmussen,Trailhead,2023-12-03,Park City,UT,ST004
C01565,Saskia Nakamura,Summit,2024-11-25,Boise,ID,ST008
C01566,Nadia Grimshaw,None,2021-02-02,Salt Lake City,UT,ST015
C01567,Lucian Delacroix,Summit,2021-04-29,Park City,UT,ST011
C01568,Otto Farrow,None,2021-11-16,Coeur d'Alene,ID,ST014
C01569,Otto Barros,None,2024-11-23,Denver,CO,ST009
C01570,Alina Zielinski,None,2022-04-13,Fort Collins,CO,ST014
C01571,Lucian Ellery,Alpine,2022-07-13,Portland,OR,ST012
C01572,Marcus Delacroix,Trailhead,2020-03-16,Denver,CO,ST015
C01573,Otto Kowalski,Trailhead,2020-09-07,Bend,OR,ST009
C01574,Diego Grimshaw,None,2024-12-26,Denver,CO,ST002
C01575,Otto Wexford,None,2023-02-28,Tacoma,WA,ST001
C01576,Theo Delacroix,Trailhead,2024-08-27,Coeur d'Alene,ID,ST002
C01577,Felix Sandoval,None,2024-04-12,Bozeman,MT,ST006
C01578,Alina Lindqvist,Trailhead,2021-09-15,Bozeman,MT,ST006
C01579,Imani Ferreira,Summit,2020-02-04,Eugene,OR,ST009
C01580,Noor Yardley,Trailhead,2023-02-23,Eugene,OR,ST016
C01581,Alina Ashworth,Summit,2021-02-20,Spokane,WA,ST004
C01582,Soren Yardley,None,2022-07-11,Salt Lake City,UT,ST015
C01583,Mateo Halvorsen,Trailhead,2023-06-12,Reno,NV,ST004
C01584,Priya Wexford,None,2022-05-22,Flagstaff,AZ,ST006
C01585,Rosa Thorne,None,2021-04-07,Reno,NV,ST005
C01586,Tobias Delacroix,Summit,2021-10-31,Flagstaff,AZ,ST010
C01587,Tobias Nakamura,None,2022-11-03,Bend,OR,ST016
C01588,Sana Lindqvist,None,2022-04-06,Park City,UT,ST001
C01589,Imani Grimshaw,None,2024-11-03,Spokane,WA,ST017
C01590,Saskia Ellery,Trailhead,2023-09-12,Park City,UT,ST016
C01591,Beatrix Halvorsen,Trailhead,2023-11-23,Park City,UT,ST011
C01592,Priya Okonkwo,None,2022-03-07,Park City,UT,ST001
C01593,Yara Whitfield,Trailhead,2022-03-23,Coeur d'Alene,ID,ST006
C01594,Freya Grimshaw,Trailhead,2020-05-24,Sacramento,CA,ST002
C01595,Theo Pemberton,Summit,2024-06-27,Eugene,OR,ST008
C01596,Felix Zielinski,Trailhead,2022-10-20,Bozeman,MT,ST018
C01597,Freya Delacroix,Trailhead,2020-04-05,Eugene,OR,ST018
C01598,Lucian Farrow,Trailhead,2023-12-26,Park City,UT,ST015
C01599,Imani Yardley,Alpine,2024-01-17,Fort Collins,CO,ST001
C01600,Emrys Okonkwo,None,2020-10-21,Bend,OR,ST005
C01601,Diego Whitfield,None,2023-11-10,Eugene,OR,ST013
C01602,Greta Delacroix,Summit,2020-06-10,Reno,NV,ST015
C01603,Lucian Ferreira,Summit,2022-04-24,Missoula,MT,ST012
C01604,Lucian Farrow,Summit,2022-12-10,Reno,NV,ST018
C01605,Theo Ashworth,Trailhead,2020-03-01,Boulder,CO,ST007
C01606,Yara Ashworth,None,2023-10-08,Salt Lake City,UT,ST006
C01607,Freya Lindqvist,None,2024-11-28,Flagstaff,AZ,ST005
C01608,Elena Kowalski,Alpine,2024-08-19,Salt Lake City,UT,ST004
C01609,Beatrix Delacroix,Trailhead,2023-02-08,Seattle,WA,ST003
C01610,Rosa Whitfield,None,2024-09-20,Boise,ID,ST015
C01611,Beatrix Wexford,Trailhead,2022-12-28,Reno,NV,ST001
C01612,Imani Farrow,None,2022-04-07,Tacoma,WA,ST017
C01613,Marcus Zielinski,Summit,2023-08-05,Eugene,OR,ST016
C01614,Mateo Lindqvist,Summit,2021-03-10,Tacoma,WA,ST018
C01615,Nadia Halvorsen,None,2023-12-04,Park City,UT,ST015
C01616,Noor Yardley,Summit,2022-06-03,Eugene,OR,ST014
C01617,Emrys Grimshaw,None,2022-01-24,Sacramento,CA,ST001
C01618,Tobias Ibarra,Trailhead,2021-02-15,Sacramento,CA,ST009
C01619,Callum Halvorsen,Summit,2021-08-29,Flagstaff,AZ,ST006
C01620,Emrys Wexford,Trailhead,2024-02-10,Bozeman,MT,ST009
C01621,Freya Ashworth,Summit,2024-02-21,Boise,ID,ST004
C01622,Leila Okonkwo,Summit,2021-05-26,Spokane,WA,ST008
C01623,Theo Nakamura,Trailhead,2023-12-12,Bend,OR,ST002
C01624,Otto Whitfield,None,2022-01-14,Boise,ID,ST015
C01625,Ravi Sandoval,None,2023-08-18,Portland,OR,ST017
C01626,Hugo Ellery,Summit,2023-01-07,Portland,OR,ST018
C01627,Beatrix Barros,Trailhead,2023-09-17,Bend,OR,ST015
C01628,Freya Ibarra,Summit,2020-06-29,Denver,CO,ST008
C01629,Lucian Nakamura,Summit,2021-09-15,Eugene,OR,ST003
C01630,Hugo Whitfield,None,2022-08-25,Tacoma,WA,ST006
C01631,Rosa Okonkwo,Trailhead,2022-07-06,Salt Lake City,UT,ST007
C01632,Greta Pemberton,None,2023-06-12,Spokane,WA,ST001
C01633,Otto Whitfield,Trailhead,2024-01-15,Fort Collins,CO,ST001
C01634,Theo Vasquez,Alpine,2020-09-25,Missoula,MT,ST008
C01635,Amara Farrow,Trailhead,2024-10-24,Flagstaff,AZ,ST004
C01636,Mateo Whitfield,None,2020-08-23,Denver,CO,ST008
C01637,Marcus Ashworth,Trailhead,2023-07-21,Park City,UT,ST017
C01638,Mateo Whitfield,Summit,2024-01-03,Flagstaff,AZ,ST004
C01639,Felix Nakamura,Summit,2024-05-04,Seattle,WA,ST012
C01640,Alina Barros,Trailhead,2023-01-10,Spokane,WA,ST010
C01641,Callum Vasquez,Trailhead,2023-12-20,Bend,OR,ST012
C01642,Hugo Delacroix,Trailhead,2022-02-03,Fort Collins,CO,ST006
C01643,Yara Delacroix,None,2022-06-24,Reno,NV,ST016
C01644,Priya Ashworth,Trailhead,2022-12-23,Eugene,OR,ST013
C01645,Leila Wexford,None,2020-04-30,Coeur d'Alene,ID,ST001
C01646,Saskia Kowalski,Trailhead,2022-06-15,Boulder,CO,ST008
C01647,Nadia Delacroix,Trailhead,2020-02-04,Denver,CO,ST008
C01648,Ravi Kowalski,Trailhead,2023-12-31,Portland,OR,ST012
C01649,Sana Marchetti,Trailhead,2020-10-29,Reno,NV,ST011
C01650,Sana Okonkwo,Trailhead,2020-05-30,Denver,CO,ST010
C01651,Elias Vasquez,Summit,2022-12-27,Flagstaff,AZ,ST002
C01652,Elena Okonkwo,Trailhead,2023-12-03,Boulder,CO,ST001
C01653,Lucian Zielinski,None,2021-04-01,Boulder,CO,ST016
C01654,Felix Barros,Trailhead,2021-06-18,Portland,OR,ST014
C01655,Theo Whitfield,Summit,2024-11-16,Portland,OR,ST005
C01656,Greta Marchetti,Summit,2020-11-23,Reno,NV,ST017
C01657,Imani Zielinski,None,2021-09-30,Sacramento,CA,ST001
C01658,Lucian Ferreira,None,2023-06-08,Tacoma,WA,ST018
C01659,Imani Yardley,Summit,2022-07-09,Denver,CO,ST001
C01660,Alina Ellery,Summit,2021-10-20,Seattle,WA,ST014
C01661,Elena Okonkwo,None,2024-02-15,Reno,NV,ST003
C01662,Hugo Marchetti,None,2022-06-14,Coeur d'Alene,ID,ST005
C01663,Hugo Nakamura,None,2021-06-18,Spokane,WA,ST008
C01664,Hugo Thorne,Alpine,2021-09-29,Reno,NV,ST014
C01665,Kenji Ellery,Trailhead,2021-07-19,Eugene,OR,ST004
C01666,Theo Thorne,None,2022-01-14,Coeur d'Alene,ID,ST002
C01667,Hugo Ferreira,Summit,2023-09-23,Reno,NV,ST014
C01668,Sana Ferreira,Trailhead,2024-02-02,Boulder,CO,ST008
C01669,Imani Okonkwo,None,2024-12-02,Tacoma,WA,ST004
C01670,Saskia Whitfield,None,2021-09-01,Boise,ID,ST012
C01671,Ravi Thorne,None,2023-03-07,Coeur d'Alene,ID,ST004
C01672,Mateo Grimshaw,None,2024-06-13,Seattle,WA,ST001
C01673,Elias Kowalski,None,2023-06-27,Missoula,MT,ST004
C01674,Priya Thorne,None,2023-10-28,Spokane,WA,ST013
C01675,Amara Nakamura,Alpine,2022-04-29,Fort Collins,CO,ST011
C01676,Mateo Grimshaw,Trailhead,2021-03-20,Seattle,WA,ST010
C01677,Callum Wexford,Trailhead,2022-06-11,Sacramento,CA,ST005
C01678,Ravi Wexford,None,2020-07-06,Tacoma,WA,ST014
C01679,Emrys Halvorsen,None,2020-09-22,Bend,OR,ST002
C01680,Soren Kowalski,None,2021-10-04,Seattle,WA,ST012
C01681,Leila Hollis,None,2021-12-25,Sacramento,CA,ST016
C01682,Saskia Yardley,None,2020-02-22,Bend,OR,ST010
C01683,Tobias Kowalski,Trailhead,2020-10-06,Fort Collins,CO,ST017
C01684,Elias Delacroix,Summit,2020-04-23,Bend,OR,ST003
C01685,Sana Nakamura,Trailhead,2021-01-09,Flagstaff,AZ,ST012
C01686,Elias Zielinski,None,2021-09-29,Fort Collins,CO,ST013
C01687,Lucian Thorne,Summit,2022-09-06,Tacoma,WA,ST005
C01688,Ravi Kowalski,None,2021-01-20,Fort Collins,CO,ST013
C01689,Hugo Wexford,None,2023-09-25,Coeur d'Alene,ID,ST005
C01690,Marcus Sandoval,Alpine,2020-12-16,Bozeman,MT,ST018
C01691,Otto Nakamura,None,2024-06-04,Salt Lake City,UT,ST006
C01692,Lucian Ferreira,Trailhead,2022-05-29,Sacramento,CA,ST011
C01693,Elias Ibarra,Summit,2020-11-04,Boise,ID,ST018
C01694,Lucian Ashworth,Summit,2023-02-15,Portland,OR,ST001
C01695,Nadia Grimshaw,None,2024-10-31,Coeur d'Alene,ID,ST010
C01696,Alina Sandoval,None,2021-07-25,Salt Lake City,UT,ST004
C01697,Rosa Ellery,None,2021-03-05,Flagstaff,AZ,ST005
C01698,Elias Zielinski,Trailhead,2022-03-02,Reno,NV,ST017
C01699,Kenji Halvorsen,Trailhead,2021-07-21,Flagstaff,AZ,ST017
C01700,Otto Okonkwo,Summit,2020-10-17,Reno,NV,ST007
C01701,Freya Ashworth,Summit,2024-10-23,Reno,NV,ST014
C01702,Greta Okonkwo,Summit,2023-05-23,Boulder,CO,ST010
C01703,Leila Ibarra,Trailhead,2023-08-15,Fort Collins,CO,ST013
C01704,Otto Ellery,Summit,2021-05-24,Spokane,WA,ST004
C01705,Nadia Zielinski,Trailhead,2024-07-12,Fort Collins,CO,ST001
C01706,Imani Farrow,Trailhead,2022-09-26,Coeur d'Alene,ID,ST010
C01707,Alina Yardley,Summit,2023-05-30,Portland,OR,ST013
C01708,Alina Lindqvist,None,2022-11-04,Denver,CO,ST017
C01709,Otto Yardley,Trailhead,2024-05-09,Fort Collins,CO,ST015
C01710,Kenji Wexford,None,2024-12-26,Reno,NV,ST001
C01711,Kenji Thorne,Trailhead,2022-01-18,Seattle,WA,ST015
C01712,Callum Ellery,Trailhead,2021-05-26,Reno,NV,ST011
C01713,Elena Rasmussen,None,2023-12-31,Bozeman,MT,ST017
C01714,Felix Ibarra,Alpine,2021-03-09,Missoula,MT,ST002
C01715,Rosa Farrow,Trailhead,2023-09-13,Sacramento,CA,ST003
C01716,Diego Farrow,Summit,2021-10-22,Fort Collins,CO,ST017
C01717,Nadia Delacroix,None,2023-04-30,Boise,ID,ST007
C01718,Felix Ferreira,None,2020-07-15,Missoula,MT,ST017
C01719,Soren Sandoval,None,2022-05-19,Reno,NV,ST017
C01720,Soren Kowalski,Trailhead,2020-03-29,Flagstaff,AZ,ST012
C01721,Freya Marchetti,None,2022-08-14,Bozeman,MT,ST017
C01722,Emrys Yardley,Alpine,2022-05-26,Seattle,WA,ST012
C01723,Theo Barros,Trailhead,2022-04-17,Portland,OR,ST018
C01724,Leila Nakamura,Trailhead,2023-09-11,Spokane,WA,ST017
C01725,Ravi Ashworth,None,2021-10-22,Missoula,MT,ST011
C01726,Freya Rasmussen,Summit,2023-09-10,Reno,NV,ST003
C01727,Mateo Kowalski,Summit,2024-03-24,Seattle,WA,ST006
C01728,Noor Marchetti,None,2020-06-11,Sacramento,CA,ST005
C01729,Diego Thorne,Alpine,2023-01-06,Sacramento,CA,ST009
C01730,Leila Lindqvist,Summit,2023-09-20,Sacramento,CA,ST015
C01731,Imani Grimshaw,None,2024-12-28,Park City,UT,ST008
C01732,Kenji Ashworth,Summit,2024-05-14,Reno,NV,ST013
C01733,Emrys Hollis,Trailhead,2024-11-20,Eugene,OR,ST017
C01734,Kenji Ferreira,Trailhead,2023-05-09,Denver,CO,ST014
C01735,Freya Ferreira,Summit,2021-03-05,Bozeman,MT,ST002
C01736,Greta Lindqvist,Summit,2021-01-07,Eugene,OR,ST013
C01737,Felix Thorne,Summit,2023-02-11,Boulder,CO,ST008
C01738,Marcus Ashworth,Trailhead,2022-07-11,Portland,OR,ST003
C01739,Soren Wexford,Trailhead,2024-03-10,Portland,OR,ST014
C01740,Priya Barros,Summit,2022-12-22,Bend,OR,ST006
C01741,Greta Whitfield,None,2024-09-08,Tacoma,WA,ST004
C01742,Hugo Halvorsen,None,2023-04-03,Bozeman,MT,ST011
C01743,Soren Wexford,Trailhead,2023-09-23,Seattle,WA,ST008
C01744,Lucian Sandoval,None,2020-02-08,Reno,NV,ST018
C01745,Imani Whitfield,None,2023-08-21,Boise,ID,ST007
C01746,Otto Barros,Trailhead,2024-11-03,Salt Lake City,UT,ST018
C01747,Priya Rasmussen,Trailhead,2023-01-28,Spokane,WA,ST005
C01748,Saskia Sandoval,None,2022-07-02,Boise,ID,ST016
C01749,Kenji Yardley,None,2023-11-24,Park City,UT,ST009
C01750,Priya Lindqvist,None,2021-11-16,Missoula,MT,ST011
C01751,Tobias Farrow,Summit,2021-03-21,Boise,ID,ST013
C01752,Yara Kowalski,Summit,2024-04-18,Sacramento,CA,ST015
C01753,Elias Farrow,Summit,2021-03-14,Boise,ID,ST008
C01754,Beatrix Marchetti,None,2023-05-09,Seattle,WA,ST017
C01755,Rosa Hollis,None,2021-11-25,Missoula,MT,ST018
C01756,Saskia Yardley,None,2023-11-08,Sacramento,CA,ST007
C01757,Noor Ashworth,Trailhead,2021-07-29,Denver,CO,ST002
C01758,Imani Barros,Trailhead,2024-06-13,Salt Lake City,UT,ST014
C01759,Freya Ibarra,Summit,2021-02-13,Salt Lake City,UT,ST012
C01760,Alina Sandoval,None,2022-06-15,Salt Lake City,UT,ST001
C01761,Greta Hollis,None,2020-11-23,Spokane,WA,ST002
C01762,Alina Ellery,Trailhead,2020-02-04,Seattle,WA,ST008
C01763,Alina Ashworth,Alpine,2022-09-02,Salt Lake City,UT,ST018
C01764,Hugo Pemberton,Trailhead,2022-01-26,Fort Collins,CO,ST017
C01765,Alina Yardley,None,2021-05-08,Reno,NV,ST006
C01766,Tobias Marchetti,None,2022-08-31,Reno,NV,ST009
C01767,Leila Thorne,Trailhead,2020-10-21,Salt Lake City,UT,ST015
C01768,Beatrix Halvorsen,Summit,2021-05-28,Eugene,OR,ST013
C01769,Freya Ibarra,Summit,2021-02-01,Coeur d'Alene,ID,ST005
C01770,Felix Grimshaw,Summit,2023-05-19,Fort Collins,CO,ST010
C01771,Alina Ashworth,Trailhead,2022-05-22,Flagstaff,AZ,ST011
C01772,Rosa Whitfield,Summit,2022-08-27,Coeur d'Alene,ID,ST004
C01773,Greta Ellery,Summit,2024-09-08,Park City,UT,ST014
C01774,Elena Hollis,Trailhead,2024-12-15,Boise,ID,ST017
C01775,Saskia Wexford,None,2023-04-14,Tacoma,WA,ST006
C01776,Greta Ashworth,None,2021-02-03,Portland,OR,ST001
C01777,Beatrix Kowalski,None,2023-01-21,Tacoma,WA,ST016
C01778,Saskia Hollis,Trailhead,2022-09-22,Bozeman,MT,ST013
C01779,Saskia Nakamura,Alpine,2022-09-27,Portland,OR,ST016
C01780,Sana Marchetti,Summit,2020-12-09,Park City,UT,ST015
C01781,Yara Ibarra,Summit,2022-06-13,Tacoma,WA,ST011
C01782,Alina Yardley,None,2023-04-27,Sacramento,CA,ST004
C01783,Diego Pemberton,Trailhead,2021-10-24,Fort Collins,CO,ST014
C01784,Amara Pemberton,Summit,2021-08-10,Bend,OR,ST010
C01785,Saskia Yardley,Alpine,2022-09-23,Portland,OR,ST007
C01786,Priya Thorne,None,2022-05-12,Park City,UT,ST004
C01787,Rosa Marchetti,Summit,2020-11-03,Boise,ID,ST015
C01788,Elias Ferreira,Alpine,2023-06-17,Tacoma,WA,ST012
C01789,Beatrix Lindqvist,None,2023-01-13,Reno,NV,ST001
C01790,Lucian Ferreira,Trailhead,2022-05-21,Spokane,WA,ST001
C01791,Imani Zielinski,None,2023-03-31,Boulder,CO,ST001
C01792,Soren Whitfield,Alpine,2023-05-15,Fort Collins,CO,ST008
C01793,Elias Thorne,Trailhead,2020-04-03,Eugene,OR,ST018
C01794,Imani Farrow,Trailhead,2022-03-29,Tacoma,WA,ST009
C01795,Mateo Rasmussen,Alpine,2024-10-11,Seattle,WA,ST006
C01796,Yara Delacroix,Trailhead,2024-07-04,Reno,NV,ST013
C01797,Amara Ellery,None,2020-07-08,Bend,OR,ST010
C01798,Soren Whitfield,None,2022-02-23,Flagstaff,AZ,ST016
C01799,Sana Delacroix,None,2023-03-15,Tacoma,WA,ST012
C01800,Soren Ellery,Trailhead,2023-10-31,Seattle,WA,ST001
C01801,Theo Thorne,Trailhead,2023-07-28,Sacramento,CA,ST016
C01802,Yara Kowalski,Trailhead,2020-09-01,Sacramento,CA,ST002
C01803,Callum Nakamura,Trailhead,2022-05-17,Fort Collins,CO,ST005
C01804,Soren Thorne,None,2020-09-01,Bend,OR,ST002
C01805,Beatrix Thorne,None,2022-08-02,Eugene,OR,ST011
C01806,Priya Thorne,None,2020-06-04,Bozeman,MT,ST017
C01807,Priya Yardley,None,2020-09-15,Park City,UT,ST013
C01808,Ravi Barros,None,2020-09-28,Tacoma,WA,ST010
C01809,Priya Ellery,Summit,2020-04-03,Spokane,WA,ST004
C01810,Saskia Kowalski,None,2023-01-24,Boulder,CO,ST013
C01811,Greta Ashworth,None,2021-11-08,Bend,OR,ST002
C01812,Hugo Ellery,Trailhead,2022-06-14,Portland,OR,ST001
C01813,Leila Lindqvist,Trailhead,2022-09-14,Bend,OR,ST005
C01814,Imani Sandoval,Summit,2020-05-06,Portland,OR,ST009
C01815,Amara Nakamura,None,2023-01-08,Flagstaff,AZ,ST007
C01816,Hugo Ellery,Summit,2023-07-12,Missoula,MT,ST002
C01817,Freya Barros,None,2020-10-26,Flagstaff,AZ,ST007
C01818,Greta Halvorsen,Trailhead,2022-12-30,Portland,OR,ST012
C01819,Otto Okonkwo,None,2023-07-02,Park City,UT,ST015
C01820,Sana Wexford,Summit,2020-07-09,Portland,OR,ST013
C01821,Felix Lindqvist,Summit,2023-07-15,Denver,CO,ST012
C01822,Callum Delacroix,None,2023-08-01,Eugene,OR,ST009
C01823,Lucian Yardley,Trailhead,2024-09-23,Tacoma,WA,ST018
C01824,Callum Thorne,None,2023-07-08,Tacoma,WA,ST018
C01825,Felix Sandoval,Summit,2022-09-11,Coeur d'Alene,ID,ST001
C01826,Theo Kowalski,None,2023-10-07,Sacramento,CA,ST010
C01827,Elias Ellery,None,2022-09-20,Bozeman,MT,ST014
C01828,Saskia Ferreira,Trailhead,2023-05-14,Sacramento,CA,ST018
C01829,Imani Pemberton,None,2022-04-03,Boulder,CO,ST001
C01830,Emrys Hollis,None,2021-05-26,Fort Collins,CO,ST015
C01831,Priya Nakamura,None,2021-06-03,Flagstaff,AZ,ST011
C01832,Tobias Wexford,Trailhead,2024-09-17,Bozeman,MT,ST010
C01833,Kenji Nakamura,Summit,2020-05-16,Salt Lake City,UT,ST018
C01834,Sana Halvorsen,None,2024-07-27,Denver,CO,ST009
C01835,Greta Lindqvist,None,2022-08-05,Tacoma,WA,ST018
C01836,Saskia Barros,Trailhead,2020-08-22,Coeur d'Alene,ID,ST008
C01837,Freya Pemberton,Trailhead,2023-02-12,Salt Lake City,UT,ST014
C01838,Imani Whitfield,Alpine,2022-02-24,Missoula,MT,ST001
C01839,Nadia Pemberton,None,2020-07-12,Bend,OR,ST013
C01840,Leila Ellery,Summit,2020-04-08,Salt Lake City,UT,ST004
C01841,Yara Hollis,None,2022-11-16,Flagstaff,AZ,ST005
C01842,Sana Thorne,Trailhead,2023-02-06,Denver,CO,ST005
C01843,Elias Okonkwo,Summit,2023-02-04,Seattle,WA,ST010
C01844,Nadia Ferreira,Summit,2023-02-01,Missoula,MT,ST004
C01845,Elena Wexford,None,2021-03-04,Eugene,OR,ST010
C01846,Tobias Pemberton,Trailhead,2024-10-04,Salt Lake City,UT,ST017
C01847,Diego Hollis,None,2020-02-23,Spokane,WA,ST013
C01848,Leila Marchetti,Alpine,2024-11-28,Missoula,MT,ST012
C01849,Lucian Barros,Trailhead,2021-08-04,Seattle,WA,ST006
C01850,Emrys Ellery,Summit,2021-12-23,Fort Collins,CO,ST006
C01851,Felix Ashworth,None,2020-05-04,Sacramento,CA,ST008
C01852,Yara Pemberton,Summit,2023-04-14,Reno,NV,ST013
C01853,Elena Halvorsen,Alpine,2023-11-05,Bend,OR,ST015
C01854,Beatrix Vasquez,Summit,2024-01-06,Fort Collins,CO,ST005
C01855,Callum Vasquez,None,2024-10-01,Tacoma,WA,ST015
C01856,Callum Yardley,None,2024-12-10,Salt Lake City,UT,ST007
C01857,Diego Kowalski,Summit,2020-03-01,Fort Collins,CO,ST007
C01858,Callum Lindqvist,Trailhead,2024-07-27,Spokane,WA,ST007
C01859,Elena Marchetti,Trailhead,2024-09-14,Eugene,OR,ST001
C01860,Felix Barros,Summit,2023-10-28,Flagstaff,AZ,ST013
C01861,Elena Delacroix,Summit,2024-04-22,Coeur d'Alene,ID,ST003
C01862,Callum Ferreira,Summit,2024-05-14,Boise,ID,ST010
C01863,Priya Nakamura,Alpine,2023-02-08,Fort Collins,CO,ST008
C01864,Tobias Nakamura,Summit,2023-11-01,Boulder,CO,ST002
C01865,Lucian Marchetti,Summit,2020-10-23,Tacoma,WA,ST004
C01866,Marcus Lindqvist,None,2023-03-17,Park City,UT,ST001
C01867,Priya Pemberton,None,2021-07-18,Spokane,WA,ST009
C01868,Beatrix Wexford,None,2024-09-08,Portland,OR,ST005
C01869,Mateo Vasquez,Trailhead,2021-01-14,Sacramento,CA,ST004
C01870,Theo Farrow,None,2024-12-03,Missoula,MT,ST003
C01871,Elias Zielinski,Summit,2023-02-13,Flagstaff,AZ,ST012
C01872,Diego Zielinski,Trailhead,2024-12-01,Boulder,CO,ST006
C01873,Emrys Ashworth,None,2021-03-26,Park City,UT,ST005
C01874,Rosa Sandoval,Trailhead,2020-12-29,Salt Lake City,UT,ST003
C01875,Noor Farrow,Summit,2020-06-12,Eugene,OR,ST015
C01876,Beatrix Barros,Summit,2022-06-17,Seattle,WA,ST005
C01877,Beatrix Zielinski,Summit,2021-04-11,Salt Lake City,UT,ST010
C01878,Imani Kowalski,Summit,2021-04-30,Bozeman,MT,ST013
C01879,Priya Okonkwo,None,2024-01-06,Missoula,MT,ST015
C01880,Otto Yardley,Summit,2022-08-04,Boulder,CO,ST004
C01881,Theo Wexford,Summit,2021-09-11,Fort Collins,CO,ST002
C01882,Otto Thorne,None,2020-04-06,Boulder,CO,ST008
C01883,Theo Ashworth,Trailhead,2023-02-20,Seattle,WA,ST017
C01884,Emrys Vasquez,None,2023-11-12,Spokane,WA,ST016
C01885,Soren Barros,None,2023-05-10,Fort Collins,CO,ST010
C01886,Freya Grimshaw,Alpine,2020-05-09,Missoula,MT,ST012
C01887,Emrys Ellery,Trailhead,2024-01-04,Seattle,WA,ST001
C01888,Noor Sandoval,Trailhead,2024-07-03,Eugene,OR,ST005
C01889,Elias Hollis,Summit,2024-01-02,Seattle,WA,ST004
C01890,Saskia Marchetti,None,2020-06-28,Spokane,WA,ST003
C01891,Marcus Whitfield,Trailhead,2021-09-25,Fort Collins,CO,ST017
C01892,Marcus Zielinski,Summit,2023-04-27,Park City,UT,ST013
C01893,Saskia Grimshaw,None,2021-07-29,Bend,OR,ST008
C01894,Tobias Farrow,Trailhead,2021-05-17,Boise,ID,ST017
C01895,Saskia Hollis,Alpine,2024-02-09,Portland,OR,ST001
C01896,Mateo Pemberton,Trailhead,2024-11-04,Portland,OR,ST012
C01897,Yara Yardley,Summit,2023-07-09,Boise,ID,ST004
C01898,Kenji Grimshaw,Trailhead,2024-12-20,Denver,CO,ST012
C01899,Sana Whitfield,None,2020-10-30,Bend,OR,ST017
C01900,Emrys Pemberton,None,2022-09-06,Reno,NV,ST015
C01901,Yara Ellery,Trailhead,2024-09-26,Fort Collins,CO,ST010
C01902,Hugo Delacroix,None,2020-12-31,Denver,CO,ST011
C01903,Nadia Zielinski,Summit,2021-12-24,Tacoma,WA,ST013
C01904,Sana Sandoval,Alpine,2023-12-12,Missoula,MT,ST006
C01905,Callum Thorne,Summit,2020-08-20,Portland,OR,ST016
C01906,Callum Ellery,Trailhead,2022-12-01,Denver,CO,ST002
C01907,Kenji Rasmussen,Trailhead,2022-11-05,Tacoma,WA,ST003
C01908,Alina Ibarra,Alpine,2022-05-03,Park City,UT,ST016
C01909,Soren Kowalski,Alpine,2024-08-02,Park City,UT,ST011
C01910,Priya Okonkwo,Trailhead,2024-01-25,Park City,UT,ST009
C01911,Kenji Thorne,Summit,2021-02-26,Reno,NV,ST002
C01912,Felix Okonkwo,None,2023-01-31,Eugene,OR,ST018
C01913,Theo Ashworth,Trailhead,2021-03-02,Denver,CO,ST002
C01914,Saskia Marchetti,Summit,2024-04-19,Portland,OR,ST008
C01915,Marcus Whitfield,Summit,2024-02-26,Portland,OR,ST009
C01916,Imani Nakamura,Trailhead,2024-04-13,Spokane,WA,ST008
C01917,Yara Thorne,Trailhead,2023-01-31,Tacoma,WA,ST018
C01918,Leila Yardley,Trailhead,2021-10-17,Fort Collins,CO,ST011
C01919,Alina Pemberton,Trailhead,2020-12-16,Fort Collins,CO,ST011
C01920,Theo Ellery,None,2024-12-23,Portland,OR,ST017
C01921,Diego Grimshaw,Alpine,2020-11-30,Portland,OR,ST009
C01922,Alina Ashworth,Trailhead,2020-09-22,Spokane,WA,ST008
C01923,Callum Delacroix,None,2020-10-02,Reno,NV,ST009
C01924,Felix Pemberton,None,2022-02-01,Bozeman,MT,ST003
C01925,Noor Halvorsen,Trailhead,2020-04-21,Portland,OR,ST007
C01926,Theo Thorne,None,2020-03-14,Park City,UT,ST011
C01927,Mateo Halvorsen,Summit,2021-04-16,Tacoma,WA,ST005
C01928,Emrys Halvorsen,None,2021-02-20,Spokane,WA,ST010
C01929,Emrys Delacroix,Alpine,2024-03-18,Spokane,WA,ST014
C01930,Nadia Halvorsen,None,2021-06-15,Flagstaff,AZ,ST011
C01931,Freya Farrow,None,2023-09-15,Spokane,WA,ST011
C01932,Alina Pemberton,Trailhead,2020-11-14,Salt Lake City,UT,ST015
C01933,Priya Marchetti,None,2024-09-22,Boulder,CO,ST016
C01934,Elias Whitfield,None,2020-04-26,Salt Lake City,UT,ST015
C01935,Noor Lindqvist,None,2021-08-08,Seattle,WA,ST009
C01936,Otto Nakamura,Summit,2023-03-31,Sacramento,CA,ST013
C01937,Alina Vasquez,None,2023-10-14,Eugene,OR,ST016
C01938,Saskia Zielinski,None,2024-01-13,Sacramento,CA,ST016
C01939,Greta Yardley,None,2020-01-31,Boise,ID,ST003
C01940,Yara Hollis,Summit,2022-06-07,Fort Collins,CO,ST006
C01941,Priya Vasquez,Trailhead,2021-10-18,Coeur d'Alene,ID,ST002
C01942,Theo Halvorsen,Trailhead,2021-02-22,Eugene,OR,ST015
C01943,Elena Ashworth,Summit,2022-03-09,Tacoma,WA,ST001
C01944,Marcus Farrow,Trailhead,2023-04-18,Salt Lake City,UT,ST002
C01945,Alina Sandoval,None,2024-11-13,Spokane,WA,ST014
C01946,Hugo Ibarra,Trailhead,2023-06-04,Spokane,WA,ST011
C01947,Noor Halvorsen,Summit,2024-03-15,Park City,UT,ST016
C01948,Diego Yardley,Alpine,2021-07-09,Boulder,CO,ST011
C01949,Kenji Ibarra,Trailhead,2021-09-18,Bend,OR,ST008
C01950,Freya Ellery,Trailhead,2024-01-25,Seattle,WA,ST002
C01951,Soren Zielinski,None,2024-01-04,Fort Collins,CO,ST018
C01952,Rosa Yardley,Trailhead,2022-09-30,Boulder,CO,ST010
C01953,Yara Farrow,Trailhead,2024-06-18,Fort Collins,CO,ST007
C01954,Saskia Marchetti,None,2021-01-16,Fort Collins,CO,ST018
C01955,Imani Delacroix,Trailhead,2022-06-02,Eugene,OR,ST005
C01956,Imani Whitfield,Trailhead,2024-02-25,Park City,UT,ST003
C01957,Leila Halvorsen,Alpine,2022-01-19,Missoula,MT,ST001
C01958,Emrys Vasquez,None,2024-08-08,Denver,CO,ST017
C01959,Ravi Hollis,Summit,2020-10-25,Denver,CO,ST008
C01960,Beatrix Ibarra,Summit,2024-11-06,Bozeman,MT,ST016
C01961,Elias Barros,Alpine,2020-05-07,Tacoma,WA,ST016
C01962,Kenji Wexford,Alpine,2021-05-30,Missoula,MT,ST017
C01963,Emrys Barros,None,2020-02-28,Portland,OR,ST008
C01964,Yara Wexford,None,2022-06-08,Boise,ID,ST002
C01965,Noor Ibarra,Trailhead,2021-03-22,Bozeman,MT,ST013
C01966,Yara Okonkwo,Trailhead,2020-06-27,Missoula,MT,ST008
C01967,Theo Grimshaw,Alpine,2021-07-23,Portland,OR,ST012
C01968,Alina Sandoval,Summit,2020-04-11,Denver,CO,ST015
C01969,Alina Wexford,Summit,2020-04-15,Spokane,WA,ST018
C01970,Amara Vasquez,Summit,2021-06-19,Tacoma,WA,ST012
C01971,Priya Ashworth,Alpine,2024-06-27,Boulder,CO,ST016
C01972,Imani Okonkwo,None,2024-05-31,Boise,ID,ST013
C01973,Greta Kowalski,None,2020-03-01,Boulder,CO,ST002
C01974,Marcus Delacroix,Trailhead,2022-09-14,Seattle,WA,ST003
C01975,Noor Farrow,None,2022-12-10,Reno,NV,ST002
C01976,Saskia Thorne,Trailhead,2022-05-16,Salt Lake City,UT,ST002
C01977,Elias Farrow,Trailhead,2020-03-18,Salt Lake City,UT,ST017
C01978,Imani Ibarra,Trailhead,2022-09-15,Flagstaff,AZ,ST005
C01979,Rosa Zielinski,None,2024-11-08,Park City,UT,ST015
C01980,Otto Delacroix,Summit,2023-11-21,Portland,OR,ST016
C01981,Yara Grimshaw,None,2024-05-17,Bend,OR,ST017
C01982,Theo Delacroix,Trailhead,2022-04-03,Missoula,MT,ST001
C01983,Theo Kowalski,None,2023-09-11,Portland,OR,ST015
C01984,Theo Thorne,Alpine,2021-07-09,Bozeman,MT,ST017
C01985,Ravi Ibarra,Trailhead,2020-02-21,Denver,CO,ST003
C01986,Yara Delacroix,Trailhead,2020-11-05,Bozeman,MT,ST010
C01987,Emrys Halvorsen,Summit,2022-06-07,Boulder,CO,ST016
C01988,Elias Rasmussen,Alpine,2020-02-12,Tacoma,WA,ST002
C01989,Saskia Okonkwo,Trailhead,2024-06-26,Reno,NV,ST012
C01990,Alina Pemberton,Summit,2020-02-14,Coeur d'Alene,ID,ST010
C01991,Imani Marchetti,Trailhead,2022-07-07,Salt Lake City,UT,ST008
C01992,Beatrix Sandoval,None,2022-12-29,Fort Collins,CO,ST018
C01993,Noor Wexford,Summit,2020-02-15,Spokane,WA,ST015
C01994,Kenji Ferreira,None,2021-10-18,Park City,UT,ST013
C01995,Emrys Sandoval,Trailhead,2024-06-29,Sacramento,CA,ST011
C01996,Mateo Zielinski,Summit,2020-03-17,Tacoma,WA,ST007
C01997,Amara Ferreira,Summit,2020-10-22,Portland,OR,ST017
C01998,Saskia Pemberton,Trailhead,2021-09-12,Boulder,CO,ST011
C01999,Priya Wexford,Summit,2020-03-18,Coeur d'Alene,ID,ST010
C02000,Noor Lindqvist,Trailhead,2020-11-28,Tacoma,WA,ST007
C02001,Emrys Delacroix,Summit,2023-02-08,Salt Lake City,UT,ST009
C02002,Kenji Pemberton,None,2020-07-25,Spokane,WA,ST015
C02003,Theo Whitfield,None,2021-01-19,Boulder,CO,ST008
C02004,Soren Delacroix,Summit,2022-12-09,Reno,NV,ST004
C02005,Mateo Sandoval,Summit,2021-07-13,Missoula,MT,ST007
C02006,Amara Kowalski,Summit,2024-10-15,Tacoma,WA,ST003
C02007,Priya Marchetti,Trailhead,2024-07-18,Boulder,CO,ST006
C02008,Leila Grimshaw,Summit,2020-05-27,Seattle,WA,ST009
C02009,Beatrix Barros,Trailhead,2022-05-05,Denver,CO,ST013
C02010,Noor Ibarra,None,2020-10-22,Salt Lake City,UT,ST008
C02011,Elena Kowalski,None,2021-03-18,Denver,CO,ST005
C02012,Ravi Ferreira,None,2020-10-01,Reno,NV,ST011
C02013,Alina Thorne,Trailhead,2023-12-30,Boise,ID,ST007
C02014,Yara Vasquez,None,2024-02-19,Coeur d'Alene,ID,ST017
C02015,Tobias Pemberton,None,2024-08-25,Salt Lake City,UT,ST005
C02016,Amara Hollis,None,2020-09-24,Park City,UT,ST007
C02017,Saskia Okonkwo,Summit,2024-02-21,Sacramento,CA,ST011
C02018,Mateo Hollis,None,2021-01-12,Eugene,OR,ST004
C02019,Marcus Halvorsen,None,2020-09-23,Coeur d'Alene,ID,ST002
C02020,Callum Barros,None,2022-09-14,Bend,OR,ST008
C02021,Callum Zielinski,Summit,2021-09-01,Spokane,WA,ST011
C02022,Leila Pemberton,Trailhead,2022-05-26,Fort Collins,CO,ST011
C02023,Imani Delacroix,None,2024-07-12,Bozeman,MT,ST016
C02024,Marcus Vasquez,None,2021-07-28,Boise,ID,ST010
C02025,Mateo Hollis,None,2021-07-08,Coeur d'Alene,ID,ST005
C02026,Theo Hollis,Summit,2023-07-24,Reno,NV,ST008
C02027,Imani Barros,None,2020-04-17,Bozeman,MT,ST008
C02028,Freya Okonkwo,Alpine,2022-10-12,Boise,ID,ST004
C02029,Beatrix Sandoval,Trailhead,2020-05-21,Bend,OR,ST001
C02030,Noor Lindqvist,Trailhead,2021-11-13,Boulder,CO,ST002
C02031,Lucian Wexford,Trailhead,2020-06-25,Fort Collins,CO,ST014
C02032,Kenji Vasquez,None,2024-03-21,Bozeman,MT,ST015
C02033,Diego Ibarra,None,2023-03-28,Bozeman,MT,ST013
C02034,Otto Zielinski,Trailhead,2023-04-28,Bozeman,MT,ST008
C02035,Theo Barros,Trailhead,2022-05-05,Spokane,WA,ST011
C02036,Leila Ashworth,Summit,2024-12-05,Boulder,CO,ST005
C02037,Alina Grimshaw,Trailhead,2023-02-26,Sacramento,CA,ST005
C02038,Leila Hollis,Alpine,2021-03-18,Boise,ID,ST017
C02039,Ravi Hollis,Trailhead,2021-01-19,Salt Lake City,UT,ST004
C02040,Leila Kowalski,Summit,2024-10-23,Park City,UT,ST008
C02041,Hugo Nakamura,Summit,2022-01-11,Boulder,CO,ST002
C02042,Priya Ellery,Alpine,2023-02-13,Bend,OR,ST007
C02043,Elias Grimshaw,Trailhead,2024-02-11,Portland,OR,ST011
C02044,Elena Whitfield,Summit,2023-05-01,Park City,UT,ST013
C02045,Marcus Sandoval,None,2020-12-11,Sacramento,CA,ST002
C02046,Priya Kowalski,Trailhead,2023-02-20,Seattle,WA,ST012
C02047,Hugo Lindqvist,None,2023-06-23,Boise,ID,ST001
C02048,Saskia Farrow,Alpine,2020-04-21,Eugene,OR,ST012
C02049,Sana Kowalski,None,2021-10-16,Eugene,OR,ST012
C02050,Elias Ferreira,None,2022-04-06,Sacramento,CA,ST004
C02051,Nadia Lindqvist,Trailhead,2023-06-04,Reno,NV,ST011
C02052,Mateo Thorne,Trailhead,2020-05-14,Bozeman,MT,ST007
C02053,Otto Yardley,Summit,2020-02-20,Salt Lake City,UT,ST014
C02054,Yara Vasquez,Trailhead,2023-10-05,Missoula,MT,ST016
C02055,Diego Whitfield,None,2024-08-16,Boise,ID,ST002
C02056,Mateo Zielinski,Trailhead,2023-01-07,Fort Collins,CO,ST016
C02057,Callum Farrow,Alpine,2024-05-28,Tacoma,WA,ST012
C02058,Kenji Marchetti,Summit,2020-04-06,Fort Collins,CO,ST002
C02059,Soren Rasmussen,None,2023-11-27,Sacramento,CA,ST003
C02060,Callum Thorne,Alpine,2021-07-04,Portland,OR,ST002
C02061,Sana Delacroix,Summit,2024-03-27,Boise,ID,ST006
C02062,Imani Zielinski,None,2023-09-07,Fort Collins,CO,ST018
C02063,Yara Thorne,Trailhead,2021-08-21,Flagstaff,AZ,ST004
C02064,Priya Lindqvist,None,2020-06-02,Fort Collins,CO,ST002
C02065,Yara Vasquez,None,2023-12-21,Coeur d'Alene,ID,ST011
C02066,Sana Barros,None,2022-07-13,Flagstaff,AZ,ST013
C02067,Priya Wexford,None,2024-01-03,Sacramento,CA,ST004
C02068,Greta Grimshaw,Trailhead,2020-03-11,Park City,UT,ST008
C02069,Marcus Farrow,None,2024-11-24,Flagstaff,AZ,ST006
C02070,Mateo Hollis,None,2021-01-18,Boise,ID,ST006
C02071,Imani Nakamura,None,2024-04-26,Seattle,WA,ST014
C02072,Felix Ibarra,None,2020-07-20,Bend,OR,ST013
C02073,Tobias Ferreira,Trailhead,2021-11-07,Coeur d'Alene,ID,ST011
C02074,Lucian Delacroix,Trailhead,2021-09-17,Sacramento,CA,ST004
C02075,Priya Marchetti,Summit,2020-10-16,Flagstaff,AZ,ST003
C02076,Priya Hollis,None,2022-06-03,Reno,NV,ST010
C02077,Marcus Sandoval,Summit,2020-05-24,Missoula,MT,ST015
C02078,Noor Nakamura,None,2023-06-11,Flagstaff,AZ,ST017
C02079,Felix Vasquez,Summit,2023-05-20,Eugene,OR,ST002
C02080,Leila Marchetti,Summit,2024-07-15,Sacramento,CA,ST003
C02081,Alina Ibarra,Summit,2024-01-07,Boulder,CO,ST003
C02082,Emrys Pemberton,None,2024-12-28,Eugene,OR,ST010
C02083,Amara Wexford,Trailhead,2022-12-21,Missoula,MT,ST017
C02084,Nadia Barros,None,2023-12-24,Bend,OR,ST003
C02085,Amara Nakamura,None,2023-09-07,Park City,UT,ST014
C02086,Leila Marchetti,Alpine,2024-06-26,Fort Collins,CO,ST018
C02087,Elias Ellery,None,2023-09-24,Bozeman,MT,ST006
C02088,Nadia Grimshaw,Summit,2024-12-05,Portland,OR,ST009
C02089,Elena Wexford,None,2022-11-29,Park City,UT,ST014
C02090,Mateo Wexford,None,2021-11-16,Reno,NV,ST011
C02091,Emrys Rasmussen,None,2023-07-04,Park City,UT,ST014
C02092,Alina Ellery,None,2023-09-01,Eugene,OR,ST018
C02093,Marcus Wexford,None,2023-04-10,Sacramento,CA,ST018
C02094,Alina Vasquez,Trailhead,2023-05-28,Bend,OR,ST012
C02095,Elias Marchetti,Trailhead,2023-12-22,Missoula,MT,ST008
C02096,Diego Kowalski,None,2022-02-08,Tacoma,WA,ST001
C02097,Elena Barros,Trailhead,2024-04-12,Portland,OR,ST015
C02098,Otto Thorne,Trailhead,2020-03-24,Eugene,OR,ST017
C02099,Lucian Ashworth,None,2022-04-14,Reno,NV,ST011
C02100,Theo Ibarra,None,2024-04-11,Reno,NV,ST008
C02101,Marcus Pemberton,Summit,2021-04-25,Missoula,MT,ST009
C02102,Felix Hollis,Summit,2023-10-28,Seattle,WA,ST012
C02103,Greta Ashworth,None,2023-12-18,Reno,NV,ST012
C02104,Theo Lindqvist,Trailhead,2022-01-15,Tacoma,WA,ST006
C02105,Freya Hollis,None,2023-08-23,Seattle,WA,ST009
C02106,Freya Hollis,None,2023-04-08,Portland,OR,ST011
C02107,Beatrix Halvorsen,Trailhead,2021-06-27,Eugene,OR,ST015
C02108,Lucian Wexford,Summit,2022-12-17,Missoula,MT,ST005
C02109,Emrys Nakamura,None,2022-12-11,Eugene,OR,ST014
C02110,Elias Whitfield,Summit,2024-05-12,Eugene,OR,ST002
C02111,Beatrix Nakamura,Summit,2022-12-15,Boulder,CO,ST002
C02112,Ravi Farrow,Summit,2022-04-29,Bend,OR,ST005
C02113,Amara Grimshaw,Summit,2023-10-25,Portland,OR,ST003
C02114,Felix Ibarra,None,2022-11-18,Tacoma,WA,ST001
C02115,Emrys Sandoval,Trailhead,2024-11-13,Sacramento,CA,ST009
C02116,Amara Farrow,None,2020-05-04,Boulder,CO,ST012
C02117,Yara Barros,None,2022-12-22,Boise,ID,ST007
C02118,Imani Farrow,None,2024-04-19,Flagstaff,AZ,ST003
C02119,Noor Zielinski,Trailhead,2020-09-24,Sacramento,CA,ST014
C02120,Freya Ashworth,None,2020-07-04,Fort Collins,CO,ST006
C02121,Rosa Wexford,Trailhead,2024-05-04,Sacramento,CA,ST008
C02122,Hugo Vasquez,None,2023-04-15,Fort Collins,CO,ST018
C02123,Rosa Whitfield,Trailhead,2022-07-15,Salt Lake City,UT,ST006
C02124,Otto Hollis,Summit,2024-10-10,Portland,OR,ST007
C02125,Tobias Barros,None,2022-03-02,Fort Collins,CO,ST013
C02126,Yara Thorne,Trailhead,2023-05-01,Seattle,WA,ST003
C02127,Freya Ferreira,Summit,2023-07-27,Tacoma,WA,ST010
C02128,Leila Nakamura,None,2023-07-23,Spokane,WA,ST003
C02129,Callum Grimshaw,Summit,2020-10-22,Denver,CO,ST015
C02130,Lucian Nakamura,Alpine,2023-04-27,Denver,CO,ST010
C02131,Sana Kowalski,None,2020-03-03,Salt Lake City,UT,ST004
C02132,Alina Kowalski,Trailhead,2020-03-29,Boise,ID,ST016
C02133,Sana Whitfield,None,2021-02-24,Eugene,OR,ST012
C02134,Callum Pemberton,None,2021-11-08,Boise,ID,ST009
C02135,Priya Ellery,Trailhead,2020-12-30,Eugene,OR,ST014
C02136,Diego Kowalski,None,2024-05-16,Portland,OR,ST004
C02137,Theo Pemberton,Trailhead,2020-02-18,Bozeman,MT,ST008
C02138,Soren Zielinski,Trailhead,2024-05-23,Bend,OR,ST017
C02139,Priya Whitfield,None,2023-10-23,Fort Collins,CO,ST007
C02140,Marcus Sandoval,None,2024-02-10,Salt Lake City,UT,ST014
C02141,Diego Hollis,Summit,2024-07-15,Tacoma,WA,ST006
C02142,Callum Delacroix,Summit,2021-07-17,Bozeman,MT,ST003
C02143,Imani Okonkwo,Trailhead,2022-06-26,Eugene,OR,ST007
C02144,Noor Rasmussen,None,2020-11-08,Missoula,MT,ST004
C02145,Elias Delacroix,Summit,2022-09-28,Flagstaff,AZ,ST011
C02146,Mateo Okonkwo,None,2023-07-26,Flagstaff,AZ,ST006
C02147,Elena Nakamura,None,2020-12-14,Spokane,WA,ST008
C02148,Ravi Pemberton,Trailhead,2022-12-21,Bend,OR,ST018
C02149,Soren Ellery,Summit,2024-11-06,Eugene,OR,ST014
C02150,Otto Rasmussen,Trailhead,2023-10-13,Missoula,MT,ST010
C02151,Saskia Thorne,None,2022-01-27,Salt Lake City,UT,ST009
C02152,Imani Nakamura,Summit,2024-04-29,Portland,OR,ST018
C02153,Alina Okonkwo,None,2020-03-25,Denver,CO,ST015
C02154,Freya Okonkwo,Summit,2023-12-14,Seattle,WA,ST011
C02155,Callum Ferreira,Trailhead,2024-10-16,Bend,OR,ST012
C02156,Emrys Kowalski,None,2022-12-02,Seattle,WA,ST008
C02157,Hugo Nakamura,Trailhead,2021-12-04,Sacramento,CA,ST004
C02158,Kenji Yardley,Trailhead,2022-11-29,Sacramento,CA,ST014
C02159,Imani Pemberton,None,2021-07-26,Reno,NV,ST018
C02160,Noor Thorne,None,2023-11-04,Park City,UT,ST014
C02161,Callum Yardley,Trailhead,2023-02-01,Bozeman,MT,ST003
C02162,Lucian Nakamura,Trailhead,2024-12-17,Missoula,MT,ST003
C02163,Diego Vasquez,Summit,2021-09-04,Seattle,WA,ST004
C02164,Sana Marchetti,Summit,2020-04-23,Fort Collins,CO,ST002
C02165,Elena Marchetti,None,2021-06-06,Flagstaff,AZ,ST015
C02166,Alina Vasquez,None,2021-06-06,Spokane,WA,ST011
C02167,Nadia Lindqvist,Trailhead,2021-04-13,Park City,UT,ST017
C02168,Elias Okonkwo,Summit,2024-07-02,Denver,CO,ST002
C02169,Alina Vasquez,None,2020-06-14,Bozeman,MT,ST009
C02170,Soren Farrow,Trailhead,2020-11-29,Tacoma,WA,ST005
C02171,Mateo Zielinski,Trailhead,2020-04-26,Denver,CO,ST004
C02172,Soren Pemberton,Trailhead,2020-09-01,Bozeman,MT,ST009
C02173,Kenji Halvorsen,None,2024-07-22,Portland,OR,ST011
C02174,Theo Nakamura,Trailhead,2023-07-05,Bend,OR,ST006
C02175,Hugo Pemberton,Summit,2023-09-23,Flagstaff,AZ,ST001
C02176,Yara Rasmussen,Summit,2021-08-18,Coeur d'Alene,ID,ST015
C02177,Otto Ashworth,Trailhead,2023-11-17,Bozeman,MT,ST004
C02178,Callum Ibarra,Summit,2024-02-16,Tacoma,WA,ST007
C02179,Lucian Grimshaw,Trailhead,2024-03-20,Flagstaff,AZ,ST013
C02180,Freya Farrow,Trailhead,2024-06-21,Reno,NV,ST012
C02181,Sana Delacroix,Trailhead,2023-12-20,Missoula,MT,ST006
C02182,Noor Halvorsen,None,2023-10-02,Coeur d'Alene,ID,ST009
C02183,Mateo Zielinski,Trailhead,2020-07-05,Park City,UT,ST018
C02184,Yara Grimshaw,Trailhead,2023-04-14,Boulder,CO,ST003
C02185,Mateo Thorne,Summit,2020-11-20,Salt Lake City,UT,ST002
C02186,Sana Ellery,Trailhead,2024-04-07,Seattle,WA,ST001
C02187,Hugo Ashworth,None,2021-12-19,Fort Collins,CO,ST006
C02188,Soren Vasquez,Trailhead,2024-11-25,Boulder,CO,ST016
C02189,Greta Barros,None,2021-12-22,Boulder,CO,ST003
C02190,Noor Lindqvist,None,2024-02-27,Coeur d'Alene,ID,ST014
C02191,Noor Kowalski,None,2022-10-03,Tacoma,WA,ST007
C02192,Otto Ibarra,None,2020-02-26,Bend,OR,ST001
C02193,Greta Grimshaw,Trailhead,2023-11-10,Eugene,OR,ST016
C02194,Elena Hollis,Alpine,2022-02-24,Boulder,CO,ST004
C02195,Freya Vasquez,Trailhead,2023-08-12,Missoula,MT,ST003
C02196,Greta Ashworth,None,2024-03-23,Tacoma,WA,ST011
C02197,Priya Vasquez,Summit,2021-01-06,Seattle,WA,ST014
C02198,Kenji Grimshaw,None,2023-05-13,Flagstaff,AZ,ST012
C02199,Ravi Yardley,None,2022-01-27,Eugene,OR,ST003
C02200,Felix Sandoval,None,2023-08-18,Flagstaff,AZ,ST004
C02201,Elias Grimshaw,Trailhead,2021-03-25,Reno,NV,ST012
C02202,Theo Vasquez,Trailhead,2021-04-22,Denver,CO,ST012
C02203,Soren Barros,Trailhead,2021-01-24,Tacoma,WA,ST005
C02204,Greta Kowalski,Trailhead,2023-03-10,Eugene,OR,ST015
C02205,Elena Halvorsen,Summit,2021-04-06,Portland,OR,ST005
C02206,Hugo Vasquez,Trailhead,2023-12-11,Portland,OR,ST018
C02207,Rosa Halvorsen,Alpine,2022-03-09,Flagstaff,AZ,ST009
C02208,Leila Ferreira,Trailhead,2023-09-30,Sacramento,CA,ST016
C02209,Elena Vasquez,Trailhead,2021-09-11,Flagstaff,AZ,ST005
C02210,Yara Ferreira,Summit,2023-01-23,Park City,UT,ST017
C02211,Diego Ibarra,Trailhead,2020-06-18,Flagstaff,AZ,ST016
C02212,Yara Sandoval,None,2022-08-31,Eugene,OR,ST009
C02213,Otto Yardley,None,2021-02-23,Tacoma,WA,ST005
C02214,Elena Farrow,None,2023-10-06,Missoula,MT,ST018
C02215,Kenji Okonkwo,None,2020-06-19,Spokane,WA,ST018
C02216,Callum Hollis,Trailhead,2023-12-04,Eugene,OR,ST017
C02217,Yara Hollis,Summit,2020-10-22,Missoula,MT,ST018
C02218,Otto Ibarra,Summit,2020-05-15,Eugene,OR,ST014
C02219,Nadia Ellery,Alpine,2020-12-01,Coeur d'Alene,ID,ST015
C02220,Otto Hollis,None,2020-11-21,Eugene,OR,ST005
C02221,Tobias Wexford,Trailhead,2020-06-15,Boise,ID,ST004
C02222,Alina Nakamura,None,2021-08-07,Boulder,CO,ST016
C02223,Lucian Yardley,Trailhead,2022-11-17,Boulder,CO,ST018
C02224,Diego Halvorsen,Trailhead,2021-07-18,Portland,OR,ST004
C02225,Nadia Hollis,Alpine,2022-12-19,Boise,ID,ST018
C02226,Leila Wexford,None,2022-07-09,Sacramento,CA,ST006
C02227,Hugo Ferreira,Trailhead,2023-07-03,Bozeman,MT,ST017
C02228,Rosa Pemberton,Summit,2020-04-21,Boise,ID,ST018
C02229,Rosa Wexford,None,2023-09-16,Salt Lake City,UT,ST006
C02230,Yara Ellery,Summit,2022-06-07,Portland,OR,ST008
C02231,Kenji Okonkwo,Summit,2020-09-29,Portland,OR,ST009
C02232,Elias Marchetti,None,2023-07-28,Missoula,MT,ST014
C02233,Noor Marchetti,Trailhead,2022-01-10,Salt Lake City,UT,ST016
C02234,Lucian Halvorsen,None,2021-04-27,Seattle,WA,ST006
C02235,Saskia Wexford,Trailhead,2023-02-22,Missoula,MT,ST007
C02236,Freya Farrow,Summit,2022-07-07,Denver,CO,ST010
C02237,Amara Marchetti,Summit,2023-12-24,Eugene,OR,ST005
C02238,Leila Sandoval,Trailhead,2024-11-26,Eugene,OR,ST005
C02239,Ravi Rasmussen,Trailhead,2021-08-31,Flagstaff,AZ,ST008
C02240,Nadia Zielinski,None,2024-10-25,Salt Lake City,UT,ST009
C02241,Marcus Delacroix,Trailhead,2024-03-15,Fort Collins,CO,ST001
C02242,Imani Marchetti,Summit,2023-01-23,Boulder,CO,ST010
C02243,Theo Zielinski,Trailhead,2020-03-06,Sacramento,CA,ST011
C02244,Elias Zielinski,None,2022-01-20,Missoula,MT,ST013
C02245,Emrys Marchetti,None,2021-07-30,Denver,CO,ST009
C02246,Emrys Rasmussen,Alpine,2024-09-23,Boise,ID,ST005
C02247,Alina Whitfield,None,2021-06-24,Bozeman,MT,ST012
C02248,Hugo Nakamura,Trailhead,2020-05-21,Flagstaff,AZ,ST007
C02249,Saskia Vasquez,None,2022-10-16,Portland,OR,ST018
C02250,Diego Ellery,None,2023-06-03,Portland,OR,ST010
C02251,Otto Halvorsen,Alpine,2020-06-03,Tacoma,WA,ST006
C02252,Diego Nakamura,None,2020-05-31,Flagstaff,AZ,ST007
C02253,Elena Pemberton,Summit,2022-02-03,Reno,NV,ST002
C02254,Freya Lindqvist,None,2021-05-18,Boise,ID,ST011
C02255,Diego Ferreira,Trailhead,2024-10-29,Park City,UT,ST009
C02256,Emrys Yardley,Trailhead,2023-12-28,Coeur d'Alene,ID,ST017
C02257,Soren Hollis,Summit,2021-03-17,Bozeman,MT,ST008
C02258,Greta Grimshaw,Summit,2022-08-04,Park City,UT,ST009
C02259,Kenji Lindqvist,Summit,2022-01-22,Bozeman,MT,ST007
C02260,Leila Ellery,Trailhead,2022-12-05,Coeur d'Alene,ID,ST018
C02261,Diego Ellery,None,2022-06-03,Park City,UT,ST018
C02262,Greta Ibarra,Summit,2023-12-10,Reno,NV,ST004
C02263,Ravi Barros,None,2021-12-07,Missoula,MT,ST004
C02264,Soren Marchetti,None,2023-11-14,Coeur d'Alene,ID,ST009
C02265,Felix Whitfield,Alpine,2021-08-06,Spokane,WA,ST007
C02266,Kenji Ellery,None,2023-06-19,Coeur d'Alene,ID,ST007
C02267,Alina Delacroix,Trailhead,2024-12-10,Coeur d'Alene,ID,ST004
C02268,Theo Thorne,Trailhead,2021-07-29,Missoula,MT,ST002
C02269,Noor Lindqvist,Summit,2024-04-07,Fort Collins,CO,ST009
C02270,Theo Delacroix,Trailhead,2023-09-24,Park City,UT,ST009
C02271,Sana Whitfield,Trailhead,2023-05-07,Denver,CO,ST015
C02272,Imani Pemberton,None,2021-05-12,Coeur d'Alene,ID,ST010
C02273,Emrys Delacroix,None,2022-06-19,Tacoma,WA,ST018
C02274,Alina Delacroix,None,2021-03-25,Coeur d'Alene,ID,ST017
C02275,Diego Kowalski,Trailhead,2023-09-08,Eugene,OR,ST002
C02276,Kenji Ashworth,Summit,2023-05-25,Portland,OR,ST005
C02277,Imani Lindqvist,None,2022-03-15,Reno,NV,ST016
C02278,Noor Ibarra,Alpine,2024-06-14,Coeur d'Alene,ID,ST016
C02279,Felix Zielinski,Trailhead,2024-05-03,Boulder,CO,ST006
C02280,Leila Lindqvist,None,2024-01-18,Portland,OR,ST012
C02281,Lucian Ashworth,None,2021-04-11,Denver,CO,ST015
C02282,Ravi Yardley,Summit,2020-10-27,Missoula,MT,ST011
C02283,Leila Halvorsen,None,2020-06-16,Denver,CO,ST011
C02284,Kenji Whitfield,None,2023-10-24,Fort Collins,CO,ST017
C02285,Nadia Ashworth,None,2021-11-17,Eugene,OR,ST017
C02286,Felix Vasquez,Summit,2021-02-14,Tacoma,WA,ST017
C02287,Leila Pemberton,Trailhead,2024-01-01,Boulder,CO,ST004
C02288,Kenji Vasquez,Summit,2020-11-17,Spokane,WA,ST010
C02289,Otto Kowalski,None,2022-11-15,Flagstaff,AZ,ST013
C02290,Elias Vasquez,None,2021-07-31,Seattle,WA,ST002
C02291,Freya Halvorsen,Trailhead,2022-11-30,Seattle,WA,ST001
C02292,Nadia Vasquez,None,2022-01-01,Boulder,CO,ST008
C02293,Saskia Pemberton,Trailhead,2021-06-27,Bozeman,MT,ST014
C02294,Leila Marchetti,Trailhead,2023-12-19,Salt Lake City,UT,ST017
C02295,Freya Barros,None,2024-08-01,Sacramento,CA,ST013
C02296,Freya Barros,None,2022-06-24,Park City,UT,ST010
C02297,Yara Barros,None,2022-08-18,Seattle,WA,ST014
C02298,Greta Marchetti,Trailhead,2022-05-07,Seattle,WA,ST008
C02299,Elena Wexford,Summit,2020-10-07,Fort Collins,CO,ST015
C02300,Diego Wexford,None,2021-11-27,Bozeman,MT,ST003
C02301,Mateo Farrow,None,2024-08-04,Spokane,WA,ST005
C02302,Hugo Pemberton,None,2022-06-09,Flagstaff,AZ,ST012
C02303,Priya Wexford,None,2024-10-30,Flagstaff,AZ,ST003
C02304,Alina Whitfield,None,2020-12-08,Bozeman,MT,ST012
C02305,Saskia Hollis,Trailhead,2022-01-15,Sacramento,CA,ST002
C02306,Yara Vasquez,Summit,2022-04-29,Bozeman,MT,ST004
C02307,Diego Sandoval,None,2021-06-19,Seattle,WA,ST011
C02308,Diego Ellery,Trailhead,2022-06-16,Bozeman,MT,ST012
C02309,Felix Ibarra,None,2023-04-24,Salt Lake City,UT,ST014
C02310,Otto Lindqvist,Summit,2021-03-20,Flagstaff,AZ,ST012
C02311,Leila Grimshaw,Trailhead,2024-12-11,Bozeman,MT,ST014
C02312,Tobias Grimshaw,Trailhead,2023-10-25,Boulder,CO,ST001
C02313,Alina Pemberton,Trailhead,2021-07-05,Portland,OR,ST007
C02314,Theo Hollis,Trailhead,2020-11-02,Missoula,MT,ST017
C02315,Callum Delacroix,None,2023-05-04,Reno,NV,ST010
C02316,Kenji Ashworth,Trailhead,2020-11-06,Tacoma,WA,ST017
C02317,Kenji Lindqvist,Summit,2022-07-05,Boise,ID,ST005
C02318,Amara Sandoval,Alpine,2022-05-29,Coeur d'Alene,ID,ST016
C02319,Noor Thorne,Summit,2021-11-18,Reno,NV,ST014
C02320,Emrys Nakamura,None,2022-11-17,Portland,OR,ST003
C02321,Nadia Wexford,None,2020-03-28,Bend,OR,ST009
C02322,Marcus Wexford,None,2021-09-16,Reno,NV,ST002
C02323,Priya Halvorsen,None,2021-12-02,Bend,OR,ST015
C02324,Imani Delacroix,Trailhead,2022-02-16,Reno,NV,ST007
C02325,Callum Thorne,Summit,2024-09-13,Sacramento,CA,ST006
C02326,Priya Rasmussen,None,2024-08-23,Spokane,WA,ST010
C02327,Felix Ellery,Trailhead,2022-07-31,Bozeman,MT,ST001
C02328,Diego Marchetti,None,2021-10-06,Bend,OR,ST009
C02329,Emrys Delacroix,None,2022-09-14,Missoula,MT,ST001
C02330,Leila Okonkwo,None,2023-02-27,Park City,UT,ST009
C02331,Imani Zielinski,Trailhead,2020-11-20,Fort Collins,CO,ST012
C02332,Mateo Grimshaw,Trailhead,2022-05-12,Spokane,WA,ST015
C02333,Diego Pemberton,Summit,2022-12-23,Tacoma,WA,ST018
C02334,Mateo Hollis,Trailhead,2021-02-15,Denver,CO,ST012
C02335,Priya Rasmussen,Summit,2023-05-04,Denver,CO,ST009
C02336,Marcus Nakamura,Trailhead,2023-09-30,Seattle,WA,ST005
C02337,Sana Vasquez,None,2021-09-13,Eugene,OR,ST008
C02338,Marcus Okonkwo,Summit,2020-02-01,Bozeman,MT,ST017
C02339,Yara Grimshaw,Alpine,2023-04-08,Reno,NV,ST017
C02340,Greta Lindqvist,None,2023-03-03,Spokane,WA,ST016
C02341,Elena Thorne,Trailhead,2024-03-29,Bozeman,MT,ST014
C02342,Tobias Halvorsen,None,2020-06-11,Seattle,WA,ST014
C02343,Emrys Grimshaw,Trailhead,2022-04-05,Sacramento,CA,ST006
C02344,Rosa Sandoval,None,2020-03-06,Missoula,MT,ST004
C02345,Greta Grimshaw,None,2021-07-08,Tacoma,WA,ST012
C02346,Yara Halvorsen,Trailhead,2020-02-02,Park City,UT,ST018
C02347,Yara Barros,Trailhead,2021-03-15,Salt Lake City,UT,ST015
C02348,Elias Delacroix,None,2021-03-17,Boise,ID,ST015
C02349,Sana Ibarra,None,2023-09-15,Bend,OR,ST013
C02350,Lucian Halvorsen,Summit,2023-05-05,Coeur d'Alene,ID,ST013
C02351,Lucian Okonkwo,Trailhead,2020-06-06,Portland,OR,ST015
C02352,Mateo Halvorsen,Summit,2021-01-09,Boise,ID,ST001
C02353,Sana Ellery,None,2020-05-03,Denver,CO,ST016
C02354,Theo Marchetti,Trailhead,2024-10-20,Tacoma,WA,ST016
C02355,Tobias Vasquez,Trailhead,2023-03-11,Bend,OR,ST010
C02356,Saskia Lindqvist,Summit,2023-03-31,Sacramento,CA,ST016
C02357,Rosa Delacroix,Alpine,2024-03-19,Flagstaff,AZ,ST012
C02358,Saskia Halvorsen,Summit,2023-02-20,Spokane,WA,ST002
C02359,Freya Wexford,Trailhead,2020-07-20,Park City,UT,ST016
C02360,Priya Nakamura,Summit,2020-07-05,Boulder,CO,ST003
C02361,Beatrix Rasmussen,None,2021-09-25,Salt Lake City,UT,ST002
C02362,Imani Yardley,Trailhead,2021-02-05,Coeur d'Alene,ID,ST003
C02363,Greta Ellery,None,2023-08-08,Portland,OR,ST010
C02364,Diego Wexford,Summit,2022-11-27,Sacramento,CA,ST017
C02365,Soren Whitfield,None,2024-05-09,Bozeman,MT,ST012
C02366,Felix Delacroix,None,2023-04-12,Salt Lake City,UT,ST010
C02367,Marcus Wexford,None,2024-08-23,Bend,OR,ST005
C02368,Beatrix Ferreira,Trailhead,2022-06-25,Denver,CO,ST002
C02369,Lucian Vasquez,None,2020-03-24,Fort Collins,CO,ST015
C02370,Emrys Nakamura,Trailhead,2021-10-14,Salt Lake City,UT,ST002
C02371,Otto Halvorsen,Trailhead,2022-12-24,Tacoma,WA,ST012
C02372,Sana Okonkwo,Trailhead,2022-03-13,Portland,OR,ST008
C02373,Greta Yardley,None,2024-07-03,Salt Lake City,UT,ST012
C02374,Sana Thorne,None,2020-08-20,Park City,UT,ST008
C02375,Amara Marchetti,Summit,2021-05-27,Seattle,WA,ST009
C02376,Soren Thorne,Summit,2020-08-30,Flagstaff,AZ,ST017
C02377,Greta Rasmussen,Trailhead,2020-09-08,Tacoma,WA,ST010
C02378,Nadia Pemberton,None,2022-09-17,Portland,OR,ST005
C02379,Nadia Lindqvist,Trailhead,2021-06-03,Boulder,CO,ST012
C02380,Soren Barros,Summit,2020-12-29,Bozeman,MT,ST004
C02381,Lucian Ashworth,Summit,2022-06-16,Portland,OR,ST009
C02382,Priya Whitfield,None,2023-08-18,Boulder,CO,ST001
C02383,Priya Zielinski,Trailhead,2023-03-02,Tacoma,WA,ST004
C02384,Mateo Whitfield,None,2023-09-10,Tacoma,WA,ST002
C02385,Otto Ferreira,None,2021-06-27,Fort Collins,CO,ST016
C02386,Rosa Delacroix,Trailhead,2020-07-28,Bozeman,MT,ST006
C02387,Diego Farrow,Trailhead,2022-06-24,Bozeman,MT,ST003
C02388,Diego Rasmussen,None,2023-02-06,Seattle,WA,ST018
C02389,Hugo Whitfield,Summit,2024-11-06,Missoula,MT,ST010
C02390,Lucian Yardley,Trailhead,2024-03-22,Bozeman,MT,ST008
C02391,Leila Okonkwo,None,2024-11-04,Bozeman,MT,ST013
C02392,Felix Wexford,None,2020-12-15,Fort Collins,CO,ST016
C02393,Priya Farrow,Summit,2023-12-16,Boise,ID,ST004
C02394,Mateo Vasquez,Trailhead,2023-05-18,Sacramento,CA,ST007
C02395,Beatrix Ashworth,None,2024-10-09,Reno,NV,ST014
C02396,Freya Farrow,None,2022-05-16,Eugene,OR,ST013
C02397,Rosa Ferreira,None,2022-01-14,Tacoma,WA,ST011
C02398,Amara Okonkwo,Alpine,2023-07-21,Tacoma,WA,ST004
C02399,Elias Rasmussen,Trailhead,2021-07-26,Portland,OR,ST002
C02400,Leila Ferreira,Alpine,2021-12-31,Reno,NV,ST011
C02401,Rosa Pemberton,None,2020-06-24,Spokane,WA,ST011
C02402,Yara Delacroix,Summit,2021-06-10,Salt Lake City,UT,ST008
C02403,Marcus Ibarra,Summit,2024-12-14,Coeur d'Alene,ID,ST013
C02404,Elias Wexford,Trailhead,2021-07-27,Boulder,CO,ST013
C02405,Kenji Ashworth,None,2022-05-26,Fort Collins,CO,ST017
C02406,Elias Kowalski,Alpine,2024-11-19,Fort Collins,CO,ST009
C02407,Otto Vasquez,Alpine,2022-12-14,Tacoma,WA,ST015
C02408,Leila Marchetti,None,2023-02-11,Spokane,WA,ST008
C02409,Diego Ibarra,None,2024-02-05,Sacramento,CA,ST011
C02410,Theo Okonkwo,Summit,2020-02-01,Salt Lake City,UT,ST012
C02411,Saskia Ibarra,Trailhead,2024-02-01,Bend,OR,ST005
C02412,Emrys Vasquez,None,2022-05-19,Coeur d'Alene,ID,ST012
C02413,Mateo Nakamura,None,2020-09-13,Denver,CO,ST005
C02414,Ravi Grimshaw,Trailhead,2022-01-05,Bozeman,MT,ST008
C02415,Mateo Barros,None,2020-06-20,Sacramento,CA,ST014
C02416,Diego Grimshaw,Summit,2021-10-03,Eugene,OR,ST016
C02417,Elias Okonkwo,None,2022-10-16,Park City,UT,ST011
C02418,Sana Lindqvist,None,2024-05-03,Portland,OR,ST010
C02419,Tobias Halvorsen,Summit,2021-01-19,Coeur d'Alene,ID,ST015
C02420,Imani Ibarra,Trailhead,2023-06-19,Spokane,WA,ST005
C02421,Callum Ibarra,Summit,2022-12-20,Sacramento,CA,ST012
C02422,Alina Whitfield,Trailhead,2020-05-09,Flagstaff,AZ,ST006
C02423,Greta Nakamura,Trailhead,2023-03-22,Bozeman,MT,ST012
C02424,Theo Kowalski,Trailhead,2023-08-07,Eugene,OR,ST015
C02425,Lucian Yardley,Trailhead,2023-05-26,Park City,UT,ST004
C02426,Felix Thorne,None,2024-09-17,Boise,ID,ST013
C02427,Soren Zielinski,None,2024-08-23,Spokane,WA,ST006
C02428,Saskia Marchetti,None,2022-06-19,Denver,CO,ST007
C02429,Felix Wexford,Summit,2022-11-25,Park City,UT,ST016
C02430,Alina Yardley,Summit,2024-04-22,Fort Collins,CO,ST003
C02431,Ravi Kowalski,None,2021-01-10,Tacoma,WA,ST013
C02432,Ravi Whitfield,None,2024-02-04,Park City,UT,ST013
C02433,Yara Barros,None,2020-05-12,Bend,OR,ST009
C02434,Imani Ellery,Trailhead,2023-03-26,Bozeman,MT,ST010
C02435,Soren Farrow,Alpine,2021-07-19,Tacoma,WA,ST016
C02436,Mateo Barros,None,2022-09-18,Bend,OR,ST002
C02437,Nadia Farrow,Trailhead,2021-05-13,Flagstaff,AZ,ST001
C02438,Callum Kowalski,None,2021-01-31,Bozeman,MT,ST014
C02439,Kenji Lindqvist,None,2022-04-01,Park City,UT,ST013
C02440,Greta Lindqvist,Trailhead,2023-02-01,Missoula,MT,ST006
C02441,Elias Ashworth,Trailhead,2022-10-27,Tacoma,WA,ST003
C02442,Diego Vasquez,Trailhead,2020-02-22,Reno,NV,ST004
C02443,Ravi Whitfield,None,2021-06-03,Missoula,MT,ST006
C02444,Elias Delacroix,None,2021-03-25,Spokane,WA,ST003
C02445,Kenji Pemberton,Summit,2022-10-02,Sacramento,CA,ST004
C02446,Imani Wexford,None,2020-09-22,Fort Collins,CO,ST018
C02447,Imani Whitfield,Alpine,2023-04-08,Eugene,OR,ST001
C02448,Kenji Vasquez,Summit,2023-04-03,Fort Collins,CO,ST015
C02449,Yara Farrow,Trailhead,2023-11-29,Boulder,CO,ST013
C02450,Amara Farrow,Trailhead,2020-10-28,Denver,CO,ST011
C02451,Hugo Rasmussen,None,2023-09-23,Tacoma,WA,ST003
C02452,Imani Ibarra,None,2023-01-14,Spokane,WA,ST001
C02453,Lucian Kowalski,None,2024-04-25,Sacramento,CA,ST011
C02454,Tobias Delacroix,None,2021-07-20,Fort Collins,CO,ST007
C02455,Leila Thorne,Summit,2022-12-13,Tacoma,WA,ST007
C02456,Callum Halvorsen,Summit,2020-11-07,Boise,ID,ST012
C02457,Yara Ferreira,Trailhead,2021-10-26,Flagstaff,AZ,ST015
C02458,Diego Halvorsen,Summit,2020-12-11,Bend,OR,ST009
C02459,Noor Vasquez,None,2020-11-27,Flagstaff,AZ,ST004
C02460,Alina Barros,Trailhead,2024-02-01,Flagstaff,AZ,ST004
C02461,Lucian Ibarra,None,2022-02-20,Sacramento,CA,ST001
C02462,Callum Delacroix,Trailhead,2023-01-23,Park City,UT,ST011
C02463,Rosa Ashworth,Summit,2022-11-04,Boise,ID,ST010
C02464,Leila Sandoval,Trailhead,2023-12-26,Denver,CO,ST015
C02465,Nadia Halvorsen,Trailhead,2021-10-20,Bozeman,MT,ST006
C02466,Beatrix Sandoval,None,2024-11-13,Park City,UT,ST016
C02467,Ravi Ellery,Trailhead,2022-11-24,Park City,UT,ST003
C02468,Diego Ibarra,Trailhead,2024-06-10,Reno,NV,ST004
C02469,Priya Ibarra,None,2022-06-30,Portland,OR,ST013
C02470,Emrys Wexford,None,2024-04-17,Reno,NV,ST007
C02471,Noor Rasmussen,None,2022-09-26,Reno,NV,ST004
C02472,Yara Yardley,None,2021-09-22,Tacoma,WA,ST018
C02473,Otto Nakamura,Trailhead,2022-05-24,Eugene,OR,ST009
C02474,Leila Nakamura,None,2024-07-22,Bozeman,MT,ST017
C02475,Leila Farrow,Trailhead,2023-07-05,Coeur d'Alene,ID,ST008
C02476,Amara Sandoval,Trailhead,2021-04-20,Portland,OR,ST011
C02477,Alina Ferreira,Trailhead,2021-09-10,Seattle,WA,ST011
C02478,Alina Delacroix,None,2023-01-21,Boulder,CO,ST008
C02479,Otto Rasmussen,None,2023-05-27,Spokane,WA,ST016
C02480,Ravi Lindqvist,Summit,2022-05-29,Flagstaff,AZ,ST018
C02481,Lucian Nakamura,None,2020-07-14,Tacoma,WA,ST006
C02482,Hugo Ashworth,None,2024-11-27,Sacramento,CA,ST017
C02483,Sana Rasmussen,Trailhead,2023-02-10,Denver,CO,ST005
C02484,Alina Zielinski,None,2023-10-12,Missoula,MT,ST015
C02485,Beatrix Okonkwo,None,2023-09-30,Portland,OR,ST006
C02486,Mateo Farrow,Alpine,2023-01-16,Bozeman,MT,ST007
C02487,Sana Sandoval,Trailhead,2023-04-09,Coeur d'Alene,ID,ST017
C02488,Elena Yardley,Trailhead,2022-03-21,Seattle,WA,ST012
C02489,Otto Lindqvist,Trailhead,2023-04-07,Sacramento,CA,ST007
C02490,Alina Whitfield,None,2024-02-15,Portland,OR,ST007
C02491,Kenji Hollis,Summit,2024-07-30,Spokane,WA,ST009
C02492,Elena Whitfield,None,2024-11-21,Boise,ID,ST003
C02493,Alina Lindqvist,Trailhead,2020-11-09,Missoula,MT,ST004
C02494,Alina Zielinski,Trailhead,2024-05-10,Portland,OR,ST005
C02495,Sana Halvorsen,None,2023-07-29,Bozeman,MT,ST018
C02496,Elias Grimshaw,None,2022-02-24,Eugene,OR,ST001
C02497,Soren Zielinski,Summit,2024-08-26,Sacramento,CA,ST001
C02498,Diego Marchetti,Trailhead,2021-11-05,Spokane,WA,ST014
C02499,Greta Lindqvist,Trailhead,2020-09-23,Missoula,MT,ST006
C02500,Hugo Wexford,None,2023-09-19,Boulder,CO,ST008
C02501,Imani Nakamura,Summit,2022-02-06,Flagstaff,AZ,ST017
C02502,Imani Yardley,Summit,2022-05-23,Flagstaff,AZ,ST005
C02503,Tobias Delacroix,Trailhead,2020-05-20,Tacoma,WA,ST013
C02504,Saskia Pemberton,None,2022-05-07,Portland,OR,ST003
C02505,Soren Delacroix,Trailhead,2023-10-17,Boulder,CO,ST010
C02506,Diego Kowalski,Trailhead,2023-12-24,Tacoma,WA,ST015
C02507,Sana Pemberton,Alpine,2024-07-11,Bozeman,MT,ST008
C02508,Soren Ellery,None,2021-04-10,Salt Lake City,UT,ST011
C02509,Beatrix Whitfield,None,2020-06-30,Spokane,WA,ST018
C02510,Sana Ashworth,None,2022-03-05,Salt Lake City,UT,ST018
C02511,Ravi Vasquez,None,2024-12-23,Boulder,CO,ST006
C02512,Yara Okonkwo,None,2021-06-21,Park City,UT,ST002
C02513,Kenji Ibarra,Summit,2020-10-30,Reno,NV,ST005
C02514,Greta Rasmussen,Summit,2021-06-12,Flagstaff,AZ,ST010
C02515,Freya Nakamura,None,2021-04-27,Boise,ID,ST002
C02516,Priya Rasmussen,None,2022-04-03,Coeur d'Alene,ID,ST017
C02517,Marcus Kowalski,Trailhead,2020-05-06,Tacoma,WA,ST001
C02518,Nadia Yardley,Summit,2022-12-19,Flagstaff,AZ,ST018
C02519,Diego Thorne,None,2021-08-10,Salt Lake City,UT,ST016
C02520,Marcus Ashworth,Trailhead,2022-07-18,Eugene,OR,ST011
C02521,Saskia Ferreira,Alpine,2024-06-29,Sacramento,CA,ST015
C02522,Greta Ellery,Summit,2024-05-22,Boulder,CO,ST008
C02523,Emrys Nakamura,Alpine,2020-06-28,Salt Lake City,UT,ST004
C02524,Soren Hollis,None,2023-10-26,Missoula,MT,ST001
C02525,Lucian Kowalski,Trailhead,2021-05-21,Bozeman,MT,ST016
C02526,Marcus Delacroix,Summit,2023-08-31,Boise,ID,ST013
C02527,Leila Farrow,None,2023-09-04,Sacramento,CA,ST010
C02528,Callum Halvorsen,Summit,2021-08-15,Missoula,MT,ST012
C02529,Tobias Ferreira,Trailhead,2024-07-08,Boise,ID,ST004
C02530,Nadia Ferreira,Summit,2022-07-01,Fort Collins,CO,ST014
C02531,Nadia Ferreira,Trailhead,2022-06-13,Coeur d'Alene,ID,ST011
C02532,Noor Lindqvist,Summit,2022-03-16,Eugene,OR,ST007
C02533,Soren Yardley,Summit,2023-07-17,Bend,OR,ST004
C02534,Emrys Wexford,None,2020-04-08,Reno,NV,ST011
C02535,Alina Barros,Summit,2020-03-31,Coeur d'Alene,ID,ST014
C02536,Ravi Sandoval,Summit,2024-03-26,Eugene,OR,ST014
C02537,Noor Lindqvist,Trailhead,2021-04-30,Bend,OR,ST005
C02538,Greta Ashworth,Trailhead,2024-02-03,Bend,OR,ST005
C02539,Tobias Rasmussen,Trailhead,2022-10-27,Missoula,MT,ST014
C02540,Amara Marchetti,Summit,2022-04-06,Seattle,WA,ST013
C02541,Rosa Pemberton,Trailhead,2020-04-18,Spokane,WA,ST015
C02542,Lucian Nakamura,None,2021-09-23,Reno,NV,ST010
C02543,Yara Ibarra,Trailhead,2023-03-27,Reno,NV,ST005
C02544,Nadia Hollis,Summit,2022-09-19,Tacoma,WA,ST002
C02545,Diego Whitfield,None,2020-03-23,Bend,OR,ST009
C02546,Otto Whitfield,None,2022-05-22,Tacoma,WA,ST009
C02547,Lucian Zielinski,Summit,2020-05-14,Portland,OR,ST001
C02548,Mateo Sandoval,Trailhead,2021-12-16,Sacramento,CA,ST015
C02549,Tobias Ferreira,Trailhead,2024-05-04,Park City,UT,ST008
C02550,Callum Whitfield,Summit,2022-05-15,Boulder,CO,ST002
C02551,Elena Whitfield,None,2022-03-29,Flagstaff,AZ,ST017
C02552,Emrys Pemberton,None,2020-10-06,Bend,OR,ST008
C02553,Nadia Okonkwo,Trailhead,2021-06-27,Coeur d'Alene,ID,ST014
C02554,Ravi Nakamura,Trailhead,2024-10-20,Park City,UT,ST007
C02555,Imani Thorne,Alpine,2024-11-21,Missoula,MT,ST009
C02556,Amara Ibarra,None,2022-03-29,Flagstaff,AZ,ST017
C02557,Yara Rasmussen,Summit,2022-09-14,Boulder,CO,ST006
C02558,Sana Okonkwo,Alpine,2022-03-03,Denver,CO,ST002
C02559,Diego Thorne,Summit,2023-06-15,Spokane,WA,ST007
C02560,Amara Ellery,None,2020-09-06,Boulder,CO,ST017
C02561,Yara Okonkwo,Trailhead,2021-02-25,Coeur d'Alene,ID,ST014
C02562,Diego Okonkwo,Trailhead,2022-02-08,Reno,NV,ST014
C02563,Felix Grimshaw,None,2021-02-02,Portland,OR,ST006
C02564,Soren Sandoval,None,2021-02-22,Tacoma,WA,ST001
C02565,Amara Ibarra,Summit,2022-10-25,Salt Lake City,UT,ST007
C02566,Felix Marchetti,Trailhead,2024-08-24,Seattle,WA,ST012
C02567,Ravi Rasmussen,Trailhead,2021-07-20,Bozeman,MT,ST004
C02568,Kenji Sandoval,Summit,2024-08-30,Missoula,MT,ST010
C02569,Callum Kowalski,None,2021-03-03,Spokane,WA,ST001
C02570,Rosa Zielinski,Trailhead,2020-06-20,Bozeman,MT,ST006
C02571,Tobias Pemberton,None,2020-08-06,Tacoma,WA,ST005
C02572,Hugo Vasquez,Summit,2024-02-28,Eugene,OR,ST015
C02573,Greta Barros,Summit,2024-12-02,Sacramento,CA,ST009
C02574,Otto Zielinski,None,2023-06-13,Tacoma,WA,ST014
C02575,Sana Yardley,Trailhead,2020-07-27,Eugene,OR,ST007
C02576,Ravi Nakamura,None,2024-05-01,Sacramento,CA,ST010
C02577,Elias Sandoval,Trailhead,2022-03-02,Reno,NV,ST009
C02578,Ravi Okonkwo,Alpine,2023-04-18,Bend,OR,ST016
C02579,Otto Nakamura,Trailhead,2023-05-29,Reno,NV,ST015
C02580,Amara Ferreira,Trailhead,2023-12-04,Denver,CO,ST013
C02581,Theo Grimshaw,Alpine,2021-11-08,Missoula,MT,ST016
C02582,Ravi Ashworth,None,2020-05-15,Portland,OR,ST015
C02583,Tobias Pemberton,Trailhead,2023-01-19,Spokane,WA,ST010
C02584,Elias Ferreira,Trailhead,2020-12-23,Boise,ID,ST012
C02585,Alina Yardley,Trailhead,2024-05-21,Reno,NV,ST013
C02586,Otto Hollis,None,2020-04-08,Portland,OR,ST005
C02587,Beatrix Okonkwo,None,2021-02-14,Boulder,CO,ST003
C02588,Elias Lindqvist,Trailhead,2021-05-07,Eugene,OR,ST003
C02589,Elena Ellery,None,2022-04-15,Boise,ID,ST014
C02590,Beatrix Pemberton,Trailhead,2024-06-07,Salt Lake City,UT,ST015
C02591,Freya Hollis,None,2024-10-29,Reno,NV,ST004
C02592,Nadia Marchetti,Summit,2021-03-15,Portland,OR,ST001
C02593,Imani Sandoval,None,2024-09-01,Eugene,OR,ST018
C02594,Nadia Ibarra,Trailhead,2022-10-01,Bend,OR,ST006
C02595,Otto Yardley,Alpine,2021-09-05,Salt Lake City,UT,ST006
C02596,Kenji Nakamura,Summit,2024-08-23,Bend,OR,ST013
C02597,Marcus Okonkwo,Trailhead,2023-08-02,Tacoma,WA,ST001
C02598,Marcus Wexford,Summit,2020-03-27,Denver,CO,ST015
C02599,Imani Marchetti,None,2020-06-26,Seattle,WA,ST017
C02600,Yara Wexford,Trailhead,2024-04-16,Missoula,MT,ST017
C02601,Sana Zielinski,None,2024-01-09,Fort Collins,CO,ST003
C02602,Hugo Lindqvist,None,2021-05-01,Seattle,WA,ST010
C02603,Noor Farrow,Summit,2020-11-29,Spokane,WA,ST011
C02604,Leila Whitfield,None,2021-07-17,Flagstaff,AZ,ST007
C02605,Alina Delacroix,None,2022-07-14,Missoula,MT,ST002
C02606,Lucian Nakamura,None,2020-12-29,Tacoma,WA,ST014
C02607,Diego Wexford,Trailhead,2024-07-17,Missoula,MT,ST012
C02608,Theo Zielinski,Summit,2021-10-09,Fort Collins,CO,ST012
C02609,Diego Halvorsen,Trailhead,2021-08-26,Park City,UT,ST009
C02610,Theo Nakamura,None,2023-12-21,Sacramento,CA,ST008
C02611,Greta Nakamura,Trailhead,2024-11-29,Missoula,MT,ST007
C02612,Noor Thorne,None,2020-08-14,Bend,OR,ST002
C02613,Noor Wexford,Trailhead,2024-02-06,Sacramento,CA,ST015
C02614,Freya Delacroix,Summit,2021-06-04,Bozeman,MT,ST004
C02615,Elena Whitfield,Trailhead,2024-04-10,Denver,CO,ST012
C02616,Kenji Farrow,Trailhead,2024-07-01,Boulder,CO,ST005
C02617,Emrys Pemberton,Summit,2024-04-23,Tacoma,WA,ST014
C02618,Noor Wexford,None,2023-12-18,Seattle,WA,ST016
C02619,Marcus Barros,None,2022-07-10,Coeur d'Alene,ID,ST008
C02620,Marcus Vasquez,Trailhead,2023-08-06,Coeur d'Alene,ID,ST014
C02621,Kenji Delacroix,None,2020-08-24,Sacramento,CA,ST012
C02622,Beatrix Thorne,Trailhead,2023-07-07,Eugene,OR,ST017
C02623,Lucian Thorne,Alpine,2020-12-30,Bend,OR,ST006
C02624,Sana Rasmussen,Trailhead,2023-01-04,Portland,OR,ST002
C02625,Elena Ashworth,Trailhead,2024-05-29,Denver,CO,ST012
C02626,Greta Ibarra,Trailhead,2022-12-22,Eugene,OR,ST003
C02627,Felix Farrow,Summit,2020-02-04,Missoula,MT,ST003
C02628,Freya Marchetti,None,2023-07-13,Spokane,WA,ST010
C02629,Nadia Rasmussen,None,2023-10-28,Denver,CO,ST011
C02630,Theo Ellery,Trailhead,2024-04-11,Denver,CO,ST011
C02631,Yara Ibarra,None,2023-09-04,Seattle,WA,ST010
C02632,Emrys Vasquez,Trailhead,2022-12-01,Missoula,MT,ST018
C02633,Rosa Nakamura,None,2022-09-25,Missoula,MT,ST015
C02634,Noor Okonkwo,None,2024-04-11,Tacoma,WA,ST015
C02635,Sana Grimshaw,None,2020-07-24,Boise,ID,ST014
C02636,Noor Ashworth,Trailhead,2024-11-02,Fort Collins,CO,ST013
C02637,Diego Delacroix,Trailhead,2023-09-06,Reno,NV,ST016
C02638,Rosa Whitfield,Trailhead,2021-01-02,Denver,CO,ST010
C02639,Amara Zielinski,Alpine,2024-06-12,Salt Lake City,UT,ST018
C02640,Nadia Marchetti,None,2024-01-13,Spokane,WA,ST007
C02641,Sana Yardley,Summit,2023-06-02,Coeur d'Alene,ID,ST008
C02642,Greta Ferreira,Trailhead,2023-06-16,Boise,ID,ST003
C02643,Tobias Ferreira,Trailhead,2023-03-27,Missoula,MT,ST018
C02644,Sana Okonkwo,Summit,2020-08-29,Boise,ID,ST007
C02645,Theo Kowalski,Summit,2022-08-08,Denver,CO,ST003
C02646,Imani Barros,Trailhead,2023-02-11,Spokane,WA,ST016
C02647,Freya Barros,Summit,2024-09-11,Seattle,WA,ST009
C02648,Mateo Wexford,None,2020-04-20,Boise,ID,ST008
C02649,Freya Marchetti,Summit,2023-08-09,Spokane,WA,ST002
C02650,Theo Wexford,Trailhead,2020-12-24,Salt Lake City,UT,ST016
C02651,Callum Grimshaw,None,2020-07-07,Boulder,CO,ST015
C02652,Freya Marchetti,Summit,2021-12-26,Seattle,WA,ST002
C02653,Felix Ibarra,None,2024-06-10,Eugene,OR,ST008
C02654,Saskia Yardley,Summit,2024-03-29,Coeur d'Alene,ID,ST003
C02655,Tobias Wexford,Summit,2024-10-21,Denver,CO,ST014
C02656,Mateo Farrow,Trailhead,2023-04-15,Missoula,MT,ST011
C02657,Ravi Kowalski,None,2024-03-17,Denver,CO,ST004
C02658,Imani Hollis,None,2022-09-14,Portland,OR,ST014
C02659,Saskia Hollis,Summit,2021-08-26,Spokane,WA,ST014
C02660,Emrys Nakamura,Trailhead,2021-02-13,Reno,NV,ST003
C02661,Saskia Nakamura,Trailhead,2022-06-02,Boise,ID,ST012
C02662,Saskia Yardley,Summit,2022-03-04,Portland,OR,ST008
C02663,Greta Ferreira,Trailhead,2020-05-02,Denver,CO,ST002
C02664,Emrys Thorne,None,2024-12-19,Fort Collins,CO,ST007
C02665,Beatrix Yardley,None,2020-09-26,Salt Lake City,UT,ST017
C02666,Emrys Grimshaw,None,2023-07-02,Bend,OR,ST007
C02667,Alina Nakamura,Trailhead,2021-10-16,Sacramento,CA,ST018
C02668,Leila Ashworth,Trailhead,2023-08-24,Portland,OR,ST015
C02669,Leila Pemberton,None,2023-03-27,Boise,ID,ST006
C02670,Diego Ibarra,None,2020-10-02,Spokane,WA,ST016
C02671,Kenji Hollis,Trailhead,2024-02-26,Tacoma,WA,ST001
C02672,Theo Lindqvist,Trailhead,2020-06-15,Bozeman,MT,ST017
C02673,Leila Ashworth,Trailhead,2022-09-16,Tacoma,WA,ST005
C02674,Kenji Ashworth,Trailhead,2023-11-29,Reno,NV,ST015
C02675,Saskia Ashworth,Summit,2022-08-01,Eugene,OR,ST016
C02676,Kenji Sandoval,Trailhead,2023-06-11,Boise,ID,ST011
C02677,Theo Grimshaw,None,2020-03-10,Denver,CO,ST013
C02678,Emrys Yardley,None,2024-04-12,Park City,UT,ST006
C02679,Diego Zielinski,None,2020-05-15,Bozeman,MT,ST003
C02680,Soren Ferreira,None,2021-01-08,Boulder,CO,ST017
C02681,Kenji Ibarra,Summit,2023-07-27,Boulder,CO,ST017
C02682,Elena Kowalski,Summit,2022-01-12,Park City,UT,ST003
C02683,Tobias Ferreira,None,2020-10-31,Bend,OR,ST009
C02684,Ravi Yardley,Trailhead,2021-06-04,Bend,OR,ST001
C02685,Otto Halvorsen,Trailhead,2023-12-27,Salt Lake City,UT,ST015
C02686,Leila Kowalski,Alpine,2021-09-07,Denver,CO,ST007
C02687,Sana Marchetti,None,2022-12-28,Coeur d'Alene,ID,ST013
C02688,Callum Lindqvist,Trailhead,2022-01-02,Coeur d'Alene,ID,ST007
C02689,Callum Sandoval,None,2022-01-24,Park City,UT,ST014
C02690,Sana Ellery,None,2024-11-25,Missoula,MT,ST005
C02691,Imani Vasquez,Summit,2023-07-19,Bozeman,MT,ST012
C02692,Soren Zielinski,None,2021-05-25,Spokane,WA,ST010
C02693,Mateo Ibarra,Summit,2024-01-10,Coeur d'Alene,ID,ST017
C02694,Marcus Vasquez,Trailhead,2022-04-14,Salt Lake City,UT,ST006
C02695,Greta Nakamura,None,2020-12-24,Bozeman,MT,ST013
C02696,Elena Barros,Summit,2023-03-30,Spokane,WA,ST005
C02697,Lucian Lindqvist,Trailhead,2022-01-09,Missoula,MT,ST016
C02698,Felix Rasmussen,None,2020-12-07,Seattle,WA,ST004
C02699,Noor Halvorsen,Summit,2022-10-18,Coeur d'Alene,ID,ST017
C02700,Ravi Halvorsen,None,2023-08-23,Denver,CO,ST002
C02701,Elias Rasmussen,Summit,2020-11-29,Tacoma,WA,ST011
C02702,Beatrix Delacroix,Trailhead,2020-06-20,Coeur d'Alene,ID,ST002
C02703,Beatrix Lindqvist,None,2021-03-25,Missoula,MT,ST005
C02704,Theo Kowalski,None,2023-06-22,Denver,CO,ST003
C02705,Nadia Vasquez,Summit,2020-11-09,Boise,ID,ST006
C02706,Hugo Marchetti,None,2024-09-03,Denver,CO,ST011
C02707,Felix Halvorsen,None,2022-02-08,Boulder,CO,ST017
C02708,Diego Pemberton,None,2023-06-23,Missoula,MT,ST010
C02709,Felix Zielinski,Trailhead,2024-12-05,Flagstaff,AZ,ST008
C02710,Rosa Thorne,None,2024-02-09,Missoula,MT,ST016
C02711,Alina Thorne,Summit,2020-09-06,Boise,ID,ST004
C02712,Kenji Ibarra,Trailhead,2022-07-16,Tacoma,WA,ST011
C02713,Felix Ellery,Trailhead,2022-11-28,Coeur d'Alene,ID,ST017
C02714,Felix Barros,Trailhead,2022-11-12,Portland,OR,ST007
C02715,Imani Delacroix,Trailhead,2024-12-13,Eugene,OR,ST007
C02716,Lucian Hollis,Trailhead,2024-03-30,Park City,UT,ST011
C02717,Beatrix Thorne,Trailhead,2023-10-03,Boise,ID,ST007
C02718,Marcus Grimshaw,None,2023-07-23,Seattle,WA,ST007
C02719,Felix Ibarra,Trailhead,2024-07-20,Flagstaff,AZ,ST002
C02720,Theo Zielinski,None,2024-10-06,Coeur d'Alene,ID,ST001
C02721,Beatrix Whitfield,None,2022-06-29,Seattle,WA,ST004
C02722,Leila Ferreira,None,2021-01-22,Flagstaff,AZ,ST004
C02723,Nadia Kowalski,Summit,2021-09-03,Bend,OR,ST001
C02724,Freya Okonkwo,Summit,2022-06-23,Flagstaff,AZ,ST006
C02725,Nadia Barros,Trailhead,2022-09-15,Bend,OR,ST015
C02726,Theo Hollis,Summit,2022-11-17,Eugene,OR,ST017
C02727,Imani Marchetti,None,2023-01-29,Bozeman,MT,ST012
C02728,Ravi Vasquez,Summit,2024-10-21,Reno,NV,ST009
C02729,Marcus Pemberton,None,2023-05-22,Coeur d'Alene,ID,ST017
C02730,Elias Rasmussen,Trailhead,2023-08-15,Eugene,OR,ST014
C02731,Kenji Rasmussen,Trailhead,2024-12-27,Salt Lake City,UT,ST017
C02732,Beatrix Lindqvist,Trailhead,2020-09-30,Reno,NV,ST006
C02733,Leila Yardley,Trailhead,2022-10-01,Reno,NV,ST007
C02734,Tobias Whitfield,None,2021-05-19,Denver,CO,ST008
C02735,Leila Vasquez,None,2022-10-24,Portland,OR,ST008
C02736,Beatrix Rasmussen,Trailhead,2021-12-28,Park City,UT,ST007
C02737,Saskia Halvorsen,None,2024-06-19,Missoula,MT,ST012
C02738,Theo Delacroix,Trailhead,2020-09-13,Sacramento,CA,ST018
C02739,Saskia Nakamura,None,2021-12-01,Portland,OR,ST008
C02740,Theo Okonkwo,Summit,2020-02-08,Bozeman,MT,ST013
C02741,Greta Ferreira,None,2024-04-30,Boulder,CO,ST014
C02742,Imani Hollis,None,2021-01-04,Fort Collins,CO,ST012
C02743,Mateo Okonkwo,Alpine,2021-11-25,Portland,OR,ST004
C02744,Imani Delacroix,Trailhead,2021-09-27,Tacoma,WA,ST003
C02745,Soren Hollis,Trailhead,2021-01-17,Salt Lake City,UT,ST018
C02746,Imani Rasmussen,Trailhead,2022-10-01,Portland,OR,ST011
C02747,Alina Rasmussen,Trailhead,2023-11-22,Park City,UT,ST011
C02748,Emrys Vasquez,None,2021-11-14,Missoula,MT,ST011
C02749,Kenji Barros,None,2020-03-13,Bend,OR,ST001
C02750,Diego Vasquez,Summit,2022-03-10,Reno,NV,ST014
C02751,Noor Delacroix,Alpine,2020-12-15,Spokane,WA,ST018
C02752,Tobias Kowalski,Summit,2023-02-15,Boulder,CO,ST018
C02753,Mateo Pemberton,Trailhead,2022-03-14,Missoula,MT,ST006
C02754,Sana Wexford,None,2022-01-16,Bend,OR,ST012
C02755,Saskia Grimshaw,Trailhead,2020-08-04,Denver,CO,ST003
C02756,Elena Yardley,Alpine,2022-10-07,Flagstaff,AZ,ST016
C02757,Greta Barros,None,2023-10-31,Bozeman,MT,ST007
C02758,Imani Wexford,None,2020-02-29,Reno,NV,ST005
C02759,Elena Farrow,Trailhead,2020-09-04,Portland,OR,ST007
C02760,Theo Whitfield,None,2021-12-03,Coeur d'Alene,ID,ST016
C02761,Hugo Lindqvist,None,2022-04-07,Seattle,WA,ST003
C02762,Felix Okonkwo,Summit,2020-10-27,Portland,OR,ST010
C02763,Imani Delacroix,Alpine,2022-11-08,Tacoma,WA,ST014
C02764,Emrys Sandoval,Trailhead,2022-04-23,Eugene,OR,ST002
C02765,Beatrix Lindqvist,Trailhead,2023-08-11,Flagstaff,AZ,ST015
C02766,Soren Grimshaw,None,2024-10-21,Park City,UT,ST014
C02767,Leila Marchetti,Alpine,2024-02-08,Missoula,MT,ST001
C02768,Priya Whitfield,Summit,2020-11-15,Denver,CO,ST011
C02769,Kenji Pemberton,Alpine,2024-06-13,Coeur d'Alene,ID,ST008
C02770,Noor Sandoval,Alpine,2021-05-04,Seattle,WA,ST007
C02771,Leila Ibarra,None,2022-08-15,Bend,OR,ST012
C02772,Amara Yardley,None,2021-10-17,Reno,NV,ST013
C02773,Saskia Pemberton,Trailhead,2023-01-24,Seattle,WA,ST003
C02774,Emrys Lindqvist,None,2020-05-24,Salt Lake City,UT,ST017
C02775,Leila Yardley,Trailhead,2022-03-12,Denver,CO,ST009
C02776,Saskia Wexford,Trailhead,2022-04-24,Bozeman,MT,ST010
C02777,Callum Okonkwo,Trailhead,2024-12-27,Eugene,OR,ST013
C02778,Marcus Ashworth,Trailhead,2023-11-01,Flagstaff,AZ,ST003
C02779,Rosa Pemberton,Trailhead,2023-12-17,Missoula,MT,ST016
C02780,Mateo Rasmussen,None,2022-05-17,Portland,OR,ST013
C02781,Amara Okonkwo,None,2022-09-05,Sacramento,CA,ST018
C02782,Noor Rasmussen,Trailhead,2020-02-28,Salt Lake City,UT,ST005
C02783,Felix Hollis,None,2022-05-31,Seattle,WA,ST010
C02784,Yara Wexford,Trailhead,2023-07-07,Boise,ID,ST007
C02785,Theo Sandoval,None,2023-03-20,Boise,ID,ST001
C02786,Alina Okonkwo,Trailhead,2023-04-03,Bozeman,MT,ST005
C02787,Lucian Whitfield,None,2021-09-23,Boise,ID,ST014
C02788,Callum Ferreira,Trailhead,2023-07-29,Boulder,CO,ST003
C02789,Hugo Yardley,Trailhead,2024-08-31,Bozeman,MT,ST013
C02790,Greta Farrow,Summit,2021-04-26,Sacramento,CA,ST008
C02791,Noor Farrow,Summit,2024-12-02,Reno,NV,ST011
C02792,Sana Okonkwo,Trailhead,2022-03-12,Eugene,OR,ST004
C02793,Otto Ashworth,Summit,2020-10-21,Bozeman,MT,ST015
C02794,Mateo Whitfield,Alpine,2021-11-17,Portland,OR,ST013
C02795,Diego Lindqvist,Trailhead,2020-08-15,Park City,UT,ST015
C02796,Yara Yardley,None,2024-05-23,Seattle,WA,ST017
C02797,Imani Okonkwo,Alpine,2023-08-29,Missoula,MT,ST002
C02798,Tobias Ferreira,None,2024-05-24,Denver,CO,ST013
C02799,Greta Marchetti,None,2021-07-05,Tacoma,WA,ST015
C02800,Felix Wexford,Trailhead,2021-06-01,Eugene,OR,ST001
C02801,Hugo Lindqvist,Trailhead,2022-07-12,Seattle,WA,ST016
C02802,Mateo Sandoval,None,2020-08-10,Spokane,WA,ST016
C02803,Hugo Delacroix,None,2022-01-11,Eugene,OR,ST008
C02804,Kenji Ibarra,None,2022-08-27,Tacoma,WA,ST005
C02805,Beatrix Ashworth,Summit,2021-08-09,Park City,UT,ST001
C02806,Sana Ferreira,None,2024-01-04,Portland,OR,ST017
C02807,Emrys Ferreira,Summit,2021-06-06,Park City,UT,ST015
C02808,Beatrix Ellery,Alpine,2021-05-05,Salt Lake City,UT,ST001
C02809,Kenji Marchetti,Trailhead,2021-06-21,Reno,NV,ST005
C02810,Freya Grimshaw,Summit,2022-12-28,Spokane,WA,ST009
C02811,Elena Kowalski,Summit,2024-03-27,Sacramento,CA,ST008
C02812,Otto Nakamura,Trailhead,2024-04-20,Seattle,WA,ST001
C02813,Imani Zielinski,Trailhead,2023-05-03,Boise,ID,ST016
C02814,Nadia Halvorsen,Trailhead,2024-09-02,Denver,CO,ST009
C02815,Greta Grimshaw,Trailhead,2022-05-13,Park City,UT,ST009
C02816,Noor Zielinski,None,2021-10-07,Bend,OR,ST014
C02817,Lucian Pemberton,None,2023-05-14,Eugene,OR,ST014
C02818,Tobias Kowalski,Summit,2020-05-26,Salt Lake City,UT,ST005
C02819,Emrys Zielinski,None,2023-09-10,Denver,CO,ST004
C02820,Nadia Vasquez,None,2021-09-06,Reno,NV,ST002
C02821,Greta Ellery,Summit,2024-12-21,Portland,OR,ST016
C02822,Callum Zielinski,None,2024-03-05,Bozeman,MT,ST010
C02823,Greta Nakamura,None,2020-07-15,Missoula,MT,ST015
C02824,Alina Whitfield,Trailhead,2024-01-17,Boise,ID,ST016
C02825,Elias Kowalski,Summit,2021-08-19,Seattle,WA,ST015
C02826,Otto Ellery,Trailhead,2021-06-20,Bend,OR,ST016
C02827,Felix Thorne,Alpine,2022-05-09,Reno,NV,ST002
C02828,Hugo Grimshaw,None,2022-11-05,Coeur d'Alene,ID,ST009
C02829,Lucian Thorne,Alpine,2023-05-09,Boulder,CO,ST012
C02830,Otto Lindqvist,Trailhead,2022-01-26,Seattle,WA,ST008
C02831,Leila Thorne,Trailhead,2020-10-10,Portland,OR,ST012
C02832,Soren Pemberton,Trailhead,2022-05-29,Boulder,CO,ST005
C02833,Soren Vasquez,Alpine,2020-06-18,Flagstaff,AZ,ST004
C02834,Yara Marchetti,None,2020-06-18,Seattle,WA,ST006
C02835,Hugo Yardley,Trailhead,2020-02-09,Reno,NV,ST009
C02836,Otto Grimshaw,None,2021-11-19,Tacoma,WA,ST008
C02837,Lucian Sandoval,None,2023-03-02,Sacramento,CA,ST010
C02838,Theo Ashworth,None,2023-05-04,Tacoma,WA,ST018
C02839,Diego Halvorsen,None,2020-06-03,Park City,UT,ST004
C02840,Theo Rasmussen,None,2024-09-27,Seattle,WA,ST002
C02841,Kenji Delacroix,Trailhead,2023-12-26,Seattle,WA,ST016
C02842,Amara Thorne,Summit,2023-02-06,Sacramento,CA,ST009
C02843,Priya Ibarra,Trailhead,2022-07-02,Boise,ID,ST017
C02844,Rosa Halvorsen,Trailhead,2021-05-29,Bozeman,MT,ST011
C02845,Alina Sandoval,None,2023-08-24,Salt Lake City,UT,ST008
C02846,Kenji Barros,None,2021-10-02,Bend,OR,ST003
C02847,Leila Lindqvist,None,2024-03-31,Reno,NV,ST014
C02848,Lucian Ashworth,Trailhead,2023-02-04,Boulder,CO,ST001
C02849,Greta Farrow,None,2024-08-10,Missoula,MT,ST007
C02850,Alina Sandoval,None,2022-07-16,Seattle,WA,ST015
C02851,Noor Sandoval,Trailhead,2021-04-27,Sacramento,CA,ST014
C02852,Kenji Sandoval,None,2024-10-12,Park City,UT,ST004
C02853,Marcus Lindqvist,Alpine,2022-05-19,Tacoma,WA,ST015
C02854,Leila Zielinski,None,2023-12-18,Boulder,CO,ST012
C02855,Greta Ellery,None,2020-04-02,Bend,OR,ST014
C02856,Otto Ibarra,Summit,2023-06-19,Sacramento,CA,ST013
C02857,Callum Delacroix,None,2022-04-02,Coeur d'Alene,ID,ST013
C02858,Kenji Rasmussen,Summit,2022-01-20,Bend,OR,ST011
C02859,Hugo Thorne,Trailhead,2023-07-17,Park City,UT,ST015
C02860,Theo Whitfield,None,2020-11-02,Spokane,WA,ST006
C02861,Diego Hollis,Trailhead,2020-06-09,Boulder,CO,ST015
C02862,Soren Whitfield,None,2021-02-05,Fort Collins,CO,ST007
C02863,Noor Pemberton,Trailhead,2020-12-27,Bozeman,MT,ST007
C02864,Nadia Sandoval,Trailhead,2024-06-03,Missoula,MT,ST015
C02865,Saskia Kowalski,Summit,2021-01-31,Missoula,MT,ST005
C02866,Sana Marchetti,Trailhead,2021-02-05,Bend,OR,ST008
C02867,Otto Ellery,Summit,2024-01-22,Boise,ID,ST010
C02868,Noor Wexford,None,2022-06-21,Spokane,WA,ST004
C02869,Felix Ferreira,Summit,2022-05-07,Spokane,WA,ST011
C02870,Lucian Zielinski,None,2022-06-01,Eugene,OR,ST002
C02871,Amara Zielinski,Trailhead,2021-10-05,Denver,CO,ST014
C02872,Diego Vasquez,Summit,2021-05-29,Portland,OR,ST015
C02873,Ravi Delacroix,Alpine,2020-03-08,Fort Collins,CO,ST011
C02874,Diego Halvorsen,None,2023-04-19,Park City,UT,ST007
C02875,Soren Lindqvist,Trailhead,2020-05-06,Boise,ID,ST013
C02876,Saskia Kowalski,Summit,2023-02-22,Seattle,WA,ST015
C02877,Soren Kowalski,None,2023-05-27,Reno,NV,ST010
C02878,Marcus Ellery,None,2022-10-31,Missoula,MT,ST016
C02879,Otto Sandoval,Trailhead,2021-08-23,Seattle,WA,ST011
C02880,Beatrix Kowalski,Trailhead,2021-04-26,Boulder,CO,ST012
C02881,Yara Okonkwo,None,2024-04-05,Bozeman,MT,ST016
C02882,Soren Ellery,None,2024-05-03,Fort Collins,CO,ST015
C02883,Beatrix Vasquez,Trailhead,2020-01-30,Bend,OR,ST018
C02884,Saskia Wexford,None,2020-08-25,Denver,CO,ST014
C02885,Callum Rasmussen,None,2023-04-06,Reno,NV,ST011
C02886,Yara Vasquez,None,2021-12-29,Tacoma,WA,ST011
C02887,Felix Ibarra,Trailhead,2022-04-10,Bozeman,MT,ST008
C02888,Felix Thorne,Trailhead,2021-02-06,Park City,UT,ST008
C02889,Sana Yardley,Alpine,2023-05-15,Coeur d'Alene,ID,ST001
C02890,Lucian Halvorsen,Summit,2023-06-27,Flagstaff,AZ,ST017
C02891,Leila Thorne,None,2024-11-15,Sacramento,CA,ST005
C02892,Saskia Marchetti,Trailhead,2024-07-15,Boulder,CO,ST006
C02893,Nadia Rasmussen,None,2020-05-23,Sacramento,CA,ST004
C02894,Marcus Vasquez,None,2020-04-06,Fort Collins,CO,ST017
C02895,Callum Thorne,None,2021-05-07,Flagstaff,AZ,ST010
C02896,Mateo Thorne,None,2022-04-10,Reno,NV,ST015
C02897,Freya Yardley,Summit,2024-06-04,Spokane,WA,ST003
C02898,Elena Wexford,None,2024-05-21,Sacramento,CA,ST006
C02899,Tobias Halvorsen,Trailhead,2022-09-24,Tacoma,WA,ST015
C02900,Rosa Nakamura,Summit,2023-03-30,Spokane,WA,ST008
C02901,Hugo Delacroix,None,2024-05-22,Bozeman,MT,ST006
C02902,Callum Ferreira,Trailhead,2024-06-20,Boise,ID,ST015
C02903,Noor Ibarra,Summit,2020-03-21,Bend,OR,ST003
C02904,Greta Marchetti,None,2022-09-03,Tacoma,WA,ST018
C02905,Alina Delacroix,Trailhead,2023-07-05,Reno,NV,ST017
C02906,Elena Wexford,Summit,2021-05-06,Flagstaff,AZ,ST002
C02907,Felix Halvorsen,Summit,2021-07-10,Spokane,WA,ST014
C02908,Lucian Yardley,Summit,2024-12-01,Denver,CO,ST014
C02909,Rosa Farrow,Trailhead,2020-04-03,Portland,OR,ST006
C02910,Soren Zielinski,Summit,2022-03-31,Boise,ID,ST011
C02911,Diego Kowalski,Summit,2024-11-02,Denver,CO,ST003
C02912,Theo Wexford,Trailhead,2021-03-17,Coeur d'Alene,ID,ST016
C02913,Soren Kowalski,None,2024-10-08,Eugene,OR,ST005
C02914,Nadia Ashworth,None,2024-04-03,Salt Lake City,UT,ST005
C02915,Marcus Hollis,Trailhead,2022-03-14,Portland,OR,ST005
C02916,Elena Hollis,Trailhead,2023-10-18,Boise,ID,ST011
C02917,Greta Ashworth,Alpine,2023-05-23,Seattle,WA,ST009
C02918,Elena Rasmussen,Summit,2021-05-08,Boulder,CO,ST003
C02919,Hugo Delacroix,Summit,2020-04-11,Denver,CO,ST005
C02920,Tobias Vasquez,Trailhead,2021-05-11,Denver,CO,ST008
C02921,Hugo Rasmussen,Trailhead,2023-04-05,Salt Lake City,UT,ST012
C02922,Rosa Zielinski,None,2021-05-09,Boulder,CO,ST008
C02923,Yara Ellery,None,2024-10-15,Boise,ID,ST011
C02924,Mateo Pemberton,None,2022-01-17,Eugene,OR,ST001
C02925,Felix Wexford,Trailhead,2020-07-18,Coeur d'Alene,ID,ST013
C02926,Felix Lindqvist,Trailhead,2020-03-04,Boulder,CO,ST001
C02927,Freya Delacroix,None,2024-01-24,Reno,NV,ST002
C02928,Imani Yardley,Trailhead,2023-09-25,Park City,UT,ST015
C02929,Tobias Pemberton,None,2023-02-07,Salt Lake City,UT,ST007
C02930,Sana Grimshaw,None,2021-01-22,Bend,OR,ST001
C02931,Diego Pemberton,Trailhead,2021-01-21,Salt Lake City,UT,ST004
C02932,Elias Delacroix,None,2022-07-30,Boulder,CO,ST013
C02933,Rosa Ellery,Trailhead,2023-05-30,Bozeman,MT,ST014
C02934,Yara Yardley,None,2022-01-18,Tacoma,WA,ST011
C02935,Freya Nakamura,None,2022-05-21,Missoula,MT,ST006
C02936,Tobias Halvorsen,None,2021-11-14,Fort Collins,CO,ST018
C02937,Emrys Nakamura,Trailhead,2020-05-18,Park City,UT,ST012
C02938,Callum Barros,Summit,2023-05-26,Seattle,WA,ST013
C02939,Nadia Ashworth,None,2021-02-16,Bend,OR,ST008
C02940,Freya Wexford,None,2024-02-22,Sacramento,CA,ST013
C02941,Imani Yardley,Trailhead,2023-10-20,Coeur d'Alene,ID,ST014
C02942,Theo Lindqvist,Summit,2021-12-29,Park City,UT,ST013
C02943,Beatrix Ferreira,Trailhead,2023-11-03,Salt Lake City,UT,ST014
C02944,Tobias Vasquez,Trailhead,2020-11-04,Denver,CO,ST003
C02945,Theo Yardley,None,2023-06-26,Coeur d'Alene,ID,ST016
C02946,Elena Zielinski,Trailhead,2020-08-30,Park City,UT,ST017
C02947,Lucian Rasmussen,Trailhead,2021-03-14,Park City,UT,ST009
C02948,Elena Okonkwo,None,2020-03-01,Reno,NV,ST009
C02949,Hugo Hollis,None,2023-10-13,Bozeman,MT,ST016
C02950,Leila Kowalski,Summit,2021-08-24,Park City,UT,ST002
C02951,Leila Yardley,None,2020-08-10,Flagstaff,AZ,ST008
C02952,Alina Ibarra,None,2024-12-31,Missoula,MT,ST002
C02953,Lucian Whitfield,Trailhead,2022-01-20,Eugene,OR,ST004
C02954,Elias Ashworth,None,2020-09-17,Eugene,OR,ST016
C02955,Nadia Wexford,Alpine,2021-04-25,Portland,OR,ST006
C02956,Rosa Okonkwo,Summit,2021-04-17,Salt Lake City,UT,ST016
C02957,Alina Delacroix,None,2024-03-17,Sacramento,CA,ST015
C02958,Lucian Yardley,None,2022-09-05,Eugene,OR,ST015
C02959,Amara Farrow,Trailhead,2024-11-15,Flagstaff,AZ,ST011
C02960,Imani Grimshaw,Summit,2020-05-20,Bozeman,MT,ST002
C02961,Otto Okonkwo,Summit,2020-04-14,Spokane,WA,ST009
C02962,Lucian Sandoval,Summit,2022-06-22,Flagstaff,AZ,ST002
C02963,Marcus Marchetti,None,2023-09-22,Boulder,CO,ST013
C02964,Theo Zielinski,Alpine,2022-07-11,Bend,OR,ST014
C02965,Alina Grimshaw,Alpine,2024-04-17,Boulder,CO,ST008
C02966,Imani Sandoval,None,2021-05-15,Park City,UT,ST016
C02967,Beatrix Ashworth,Trailhead,2024-12-12,Coeur d'Alene,ID,ST011
C02968,Sana Ellery,Trailhead,2022-07-27,Seattle,WA,ST016
C02969,Tobias Hollis,Summit,2021-02-24,Fort Collins,CO,ST016
C02970,Amara Wexford,Summit,2022-05-10,Tacoma,WA,ST005
C02971,Greta Okonkwo,Summit,2022-08-09,Coeur d'Alene,ID,ST001
C02972,Greta Yardley,Summit,2020-05-08,Park City,UT,ST003
C02973,Hugo Halvorsen,None,2022-01-15,Bend,OR,ST009
C02974,Theo Ellery,Trailhead,2023-11-07,Eugene,OR,ST005
C02975,Alina Rasmussen,Trailhead,2022-06-13,Sacramento,CA,ST011
C02976,Elena Wexford,Trailhead,2023-05-11,Park City,UT,ST005
C02977,Callum Farrow,None,2024-12-03,Spokane,WA,ST015
C02978,Leila Pemberton,None,2020-06-20,Bend,OR,ST006
C02979,Tobias Vasquez,Trailhead,2020-02-06,Seattle,WA,ST011
C02980,Hugo Halvorsen,Summit,2024-10-15,Eugene,OR,ST013
C02981,Priya Halvorsen,Trailhead,2022-01-11,Reno,NV,ST003
C02982,Saskia Ashworth,Trailhead,2024-09-05,Boulder,CO,ST006
C02983,Mateo Grimshaw,None,2024-04-15,Eugene,OR,ST006
C02984,Diego Ellery,Trailhead,2022-09-23,Portland,OR,ST003
C02985,Amara Kowalski,None,2022-06-17,Boise,ID,ST004
C02986,Soren Ashworth,None,2020-11-10,Bend,OR,ST011
C02987,Freya Ashworth,Trailhead,2023-04-07,Boise,ID,ST003
C02988,Sana Lindqvist,Trailhead,2024-03-18,Seattle,WA,ST005
C02989,Yara Wexford,None,2023-11-11,Boulder,CO,ST001
C02990,Priya Kowalski,None,2023-05-01,Flagstaff,AZ,ST011
C02991,Lucian Vasquez,Trailhead,2020-12-07,Tacoma,WA,ST011
C02992,Tobias Halvorsen,Summit,2024-02-26,Salt Lake City,UT,ST006
C02993,Imani Yardley,Trailhead,2023-06-07,Spokane,WA,ST006
C02994,Leila Grimshaw,Trailhead,2022-04-11,Reno,NV,ST005
C02995,Marcus Lindqvist,Trailhead,2023-01-12,Portland,OR,ST007
C02996,Greta Ashworth,None,2024-07-13,Boulder,CO,ST012
C02997,Noor Lindqvist,Trailhead,2024-06-27,Seattle,WA,ST001
C02998,Lucian Whitfield,Alpine,2023-02-12,Seattle,WA,ST016
C02999,Imani Wexford,Trailhead,2021-10-14,Missoula,MT,ST009
C03000,Yara Kowalski,None,2020-03-04,Eugene,OR,ST017
C03001,Imani Ferreira,Trailhead,2021-08-28,Sacramento,CA,ST009
C03002,Sana Barros,Trailhead,2021-09-04,Bozeman,MT,ST016
C03003,Amara Rasmussen,None,2020-10-24,Boise,ID,ST012
C03004,Hugo Grimshaw,Summit,2020-10-04,Portland,OR,ST009
C03005,Tobias Nakamura,None,2021-12-06,Park City,UT,ST016
C03006,Soren Pemberton,Summit,2023-10-18,Eugene,OR,ST006
C03007,Otto Lindqvist,Alpine,2021-06-13,Flagstaff,AZ,ST013
C03008,Hugo Vasquez,Summit,2021-06-10,Seattle,WA,ST018
C03009,Yara Ferreira,None,2022-12-22,Bozeman,MT,ST011
C03010,Elias Yardley,None,2020-12-22,Spokane,WA,ST009
C03011,Amara Halvorsen,Summit,2020-05-26,Flagstaff,AZ,ST001
C03012,Elena Nakamura,None,2024-03-22,Boise,ID,ST015
C03013,Sana Yardley,Trailhead,2022-03-17,Denver,CO,ST012
C03014,Callum Barros,Summit,2022-09-11,Spokane,WA,ST007
C03015,Elias Wexford,Trailhead,2021-12-25,Spokane,WA,ST011
C03016,Hugo Ellery,None,2023-08-24,Bend,OR,ST018
C03017,Beatrix Delacroix,Summit,2022-06-21,Portland,OR,ST018
C03018,Hugo Marchetti,Trailhead,2021-04-05,Tacoma,WA,ST017
C03019,Leila Delacroix,None,2023-06-15,Spokane,WA,ST010
C03020,Diego Kowalski,None,2024-10-28,Park City,UT,ST015
C03021,Diego Ibarra,Trailhead,2021-01-04,Missoula,MT,ST005
C03022,Hugo Barros,Summit,2021-10-03,Boise,ID,ST007
C03023,Yara Okonkwo,None,2021-03-31,Spokane,WA,ST014
C03024,Tobias Ibarra,Trailhead,2024-11-03,Bend,OR,ST005
C03025,Rosa Ellery,Trailhead,2024-12-17,Missoula,MT,ST002
C03026,Imani Okonkwo,None,2021-02-17,Seattle,WA,ST006
C03027,Leila Okonkwo,Trailhead,2024-06-02,Portland,OR,ST005
C03028,Hugo Lindqvist,Trailhead,2021-01-02,Portland,OR,ST011
C03029,Marcus Okonkwo,None,2020-04-05,Tacoma,WA,ST006
C03030,Alina Pemberton,None,2023-12-10,Salt Lake City,UT,ST009
C03031,Alina Zielinski,Trailhead,2024-11-14,Missoula,MT,ST004
C03032,Hugo Barros,None,2021-11-27,Denver,CO,ST013
C03033,Rosa Lindqvist,None,2023-09-05,Salt Lake City,UT,ST007
C03034,Greta Hollis,Summit,2020-11-15,Salt Lake City,UT,ST011
C03035,Emrys Zielinski,None,2021-12-29,Eugene,OR,ST001
C03036,Emrys Thorne,None,2024-12-05,Tacoma,WA,ST003
C03037,Elias Thorne,None,2024-12-11,Salt Lake City,UT,ST007
C03038,Diego Whitfield,Summit,2022-04-15,Denver,CO,ST006
C03039,Hugo Pemberton,Alpine,2020-04-09,Salt Lake City,UT,ST006
C03040,Emrys Rasmussen,Trailhead,2022-01-24,Tacoma,WA,ST009
C03041,Amara Pemberton,Alpine,2022-08-23,Portland,OR,ST009
C03042,Saskia Ferreira,None,2024-11-13,Denver,CO,ST006
C03043,Marcus Ellery,Trailhead,2023-10-28,Park City,UT,ST003
C03044,Rosa Grimshaw,Summit,2024-12-21,Sacramento,CA,ST015
C03045,Tobias Ellery,None,2023-06-13,Bend,OR,ST015
C03046,Elena Thorne,Trailhead,2021-06-07,Portland,OR,ST001
C03047,Noor Halvorsen,None,2020-02-10,Salt Lake City,UT,ST006
C03048,Nadia Okonkwo,Trailhead,2020-06-25,Seattle,WA,ST013
C03049,Alina Marchetti,None,2023-11-17,Boise,ID,ST005
C03050,Elena Whitfield,None,2021-10-27,Park City,UT,ST018
C03051,Priya Yardley,None,2023-08-05,Coeur d'Alene,ID,ST002
C03052,Kenji Okonkwo,Summit,2020-03-13,Fort Collins,CO,ST003
C03053,Nadia Lindqvist,Trailhead,2022-04-02,Park City,UT,ST006
C03054,Noor Sandoval,Trailhead,2020-12-13,Flagstaff,AZ,ST004
C03055,Elias Rasmussen,Trailhead,2024-05-08,Missoula,MT,ST010
C03056,Alina Sandoval,None,2023-12-28,Sacramento,CA,ST001
C03057,Yara Farrow,Summit,2024-03-22,Boulder,CO,ST009
C03058,Alina Halvorsen,Trailhead,2021-04-18,Salt Lake City,UT,ST005
C03059,Marcus Ashworth,Alpine,2021-07-15,Reno,NV,ST003
C03060,Noor Barros,Alpine,2021-12-01,Fort Collins,CO,ST005
C03061,Otto Ferreira,Summit,2022-05-09,Flagstaff,AZ,ST011
C03062,Sana Ibarra,Alpine,2024-05-26,Park City,UT,ST005
C03063,Lucian Pemberton,Summit,2021-08-29,Coeur d'Alene,ID,ST006
C03064,Otto Yardley,Trailhead,2023-09-21,Portland,OR,ST005
C03065,Tobias Ashworth,Summit,2022-08-22,Denver,CO,ST003
C03066,Hugo Kowalski,None,2021-04-20,Bend,OR,ST012
C03067,Rosa Vasquez,None,2021-01-16,Bozeman,MT,ST005
C03068,Priya Halvorsen,Summit,2024-11-08,Spokane,WA,ST015
C03069,Diego Farrow,Summit,2024-03-18,Fort Collins,CO,ST008
C03070,Beatrix Halvorsen,Trailhead,2022-02-22,Eugene,OR,ST006
C03071,Marcus Ashworth,None,2023-04-09,Seattle,WA,ST006
C03072,Saskia Yardley,Summit,2021-03-24,Sacramento,CA,ST012
C03073,Tobias Ashworth,Alpine,2020-09-01,Denver,CO,ST015
C03074,Lucian Thorne,Trailhead,2022-11-13,Flagstaff,AZ,ST012
C03075,Tobias Delacroix,None,2020-07-22,Seattle,WA,ST006
C03076,Tobias Delacroix,Trailhead,2024-12-25,Bozeman,MT,ST006
C03077,Lucian Okonkwo,Trailhead,2022-01-26,Missoula,MT,ST003
C03078,Marcus Rasmussen,Trailhead,2020-05-10,Boise,ID,ST007
C03079,Lucian Ashworth,None,2022-01-12,Bend,OR,ST010
C03080,Callum Barros,Summit,2021-12-15,Salt Lake City,UT,ST005
C03081,Rosa Zielinski,Trailhead,2022-02-10,Flagstaff,AZ,ST017
C03082,Callum Lindqvist,None,2023-12-10,Coeur d'Alene,ID,ST013
C03083,Rosa Thorne,Trailhead,2024-01-17,Tacoma,WA,ST005
C03084,Felix Farrow,Trailhead,2022-02-01,Eugene,OR,ST008
C03085,Kenji Nakamura,Trailhead,2021-05-09,Fort Collins,CO,ST008
C03086,Kenji Ibarra,Trailhead,2023-04-27,Park City,UT,ST016
C03087,Ravi Ellery,None,2022-12-05,Reno,NV,ST009
C03088,Diego Okonkwo,Summit,2020-04-03,Eugene,OR,ST007
C03089,Mateo Okonkwo,None,2022-04-06,Boise,ID,ST012
C03090,Soren Pemberton,None,2023-07-13,Missoula,MT,ST012
C03091,Felix Grimshaw,Summit,2021-04-30,Tacoma,WA,ST015
C03092,Otto Wexford,Trailhead,2022-03-26,Spokane,WA,ST006
C03093,Saskia Yardley,Alpine,2020-02-03,Park City,UT,ST003
C03094,Imani Whitfield,None,2021-01-29,Portland,OR,ST017
C03095,Marcus Lindqvist,Trailhead,2023-09-17,Bend,OR,ST014
C03096,Ravi Marchetti,Trailhead,2022-10-01,Boulder,CO,ST016
C03097,Nadia Halvorsen,Alpine,2024-03-01,Sacramento,CA,ST018
C03098,Theo Wexford,Trailhead,2022-11-01,Boulder,CO,ST007
C03099,Alina Lindqvist,Summit,2024-04-11,Seattle,WA,ST008
C03100,Priya Rasmussen,None,2021-02-25,Sacramento,CA,ST017
C03101,Kenji Thorne,Summit,2021-01-01,Spokane,WA,ST009
C03102,Elena Ellery,None,2020-06-21,Portland,OR,ST006
C03103,Alina Delacroix,Trailhead,2022-04-09,Seattle,WA,ST003
C03104,Imani Nakamura,Trailhead,2024-11-06,Bozeman,MT,ST003
C03105,Felix Barros,None,2022-06-29,Coeur d'Alene,ID,ST009
C03106,Greta Grimshaw,Summit,2022-06-24,Seattle,WA,ST008
C03107,Marcus Marchetti,None,2021-12-02,Missoula,MT,ST008
C03108,Noor Ferreira,None,2022-04-11,Fort Collins,CO,ST005
C03109,Tobias Ferreira,Trailhead,2021-11-24,Fort Collins,CO,ST013
C03110,Greta Whitfield,None,2021-11-19,Eugene,OR,ST015
C03111,Elena Okonkwo,None,2022-06-09,Sacramento,CA,ST014
C03112,Lucian Ferreira,Trailhead,2020-11-22,Denver,CO,ST008
C03113,Saskia Halvorsen,None,2020-05-17,Fort Collins,CO,ST015
C03114,Priya Ibarra,None,2023-06-04,Bend,OR,ST012
C03115,Marcus Ferreira,Trailhead,2021-07-12,Bozeman,MT,ST011
C03116,Freya Thorne,Trailhead,2020-05-16,Missoula,MT,ST007
C03117,Imani Kowalski,Trailhead,2023-05-01,Seattle,WA,ST001
C03118,Callum Ibarra,Trailhead,2020-10-16,Missoula,MT,ST016
C03119,Felix Okonkwo,None,2022-10-08,Denver,CO,ST001
C03120,Imani Nakamura,None,2024-08-19,Boulder,CO,ST006
C03121,Saskia Marchetti,None,2024-10-21,Tacoma,WA,ST015
C03122,Felix Yardley,Trailhead,2022-02-18,Salt Lake City,UT,ST001
C03123,Amara Nakamura,Trailhead,2023-02-14,Fort Collins,CO,ST008
C03124,Marcus Ibarra,Summit,2024-03-20,Spokane,WA,ST005
C03125,Tobias Sandoval,None,2023-03-26,Bozeman,MT,ST009
C03126,Greta Ellery,None,2021-10-23,Boise,ID,ST003
C03127,Imani Sandoval,Summit,2022-03-18,Seattle,WA,ST012
C03128,Callum Ibarra,None,2022-12-24,Fort Collins,CO,ST003
C03129,Elias Whitfield,Summit,2023-11-15,Flagstaff,AZ,ST002
C03130,Greta Halvorsen,None,2020-05-31,Bend,OR,ST005
C03131,Leila Barros,Trailhead,2022-08-18,Salt Lake City,UT,ST018
C03132,Leila Okonkwo,None,2024-06-22,Coeur d'Alene,ID,ST018
C03133,Amara Pemberton,None,2020-06-10,Park City,UT,ST018
C03134,Greta Halvorsen,Trailhead,2023-05-14,Bend,OR,ST009
C03135,Freya Thorne,Trailhead,2022-05-14,Tacoma,WA,ST014
C03136,Freya Pemberton,Trailhead,2022-05-21,Bend,OR,ST004
C03137,Priya Ferreira,None,2022-04-17,Sacramento,CA,ST010
C03138,Leila Marchetti,Summit,2021-09-28,Boise,ID,ST012
C03139,Mateo Hollis,Trailhead,2022-05-24,Flagstaff,AZ,ST001
C03140,Leila Thorne,Trailhead,2022-11-11,Salt Lake City,UT,ST003
C03141,Hugo Wexford,Trailhead,2024-06-18,Missoula,MT,ST015
C03142,Otto Okonkwo,Summit,2022-08-13,Boulder,CO,ST001
C03143,Kenji Ashworth,Trailhead,2022-08-09,Park City,UT,ST018
C03144,Saskia Grimshaw,None,2022-05-16,Tacoma,WA,ST001
C03145,Diego Halvorsen,None,2024-12-08,Missoula,MT,ST012
C03146,Tobias Marchetti,None,2020-09-02,Flagstaff,AZ,ST005
C03147,Sana Lindqvist,Trailhead,2023-08-11,Fort Collins,CO,ST006
C03148,Soren Delacroix,None,2024-07-22,Coeur d'Alene,ID,ST007
C03149,Theo Whitfield,Trailhead,2023-10-12,Salt Lake City,UT,ST017
C03150,Mateo Rasmussen,Trailhead,2020-09-20,Boise,ID,ST009
C03151,Hugo Ferreira,None,2023-10-14,Salt Lake City,UT,ST014
C03152,Freya Ashworth,Summit,2024-02-15,Salt Lake City,UT,ST009
C03153,Theo Kowalski,None,2021-10-10,Sacramento,CA,ST007
C03154,Elias Hollis,Trailhead,2020-10-02,Bend,OR,ST015
C03155,Marcus Thorne,None,2023-09-04,Coeur d'Alene,ID,ST016
C03156,Tobias Yardley,None,2024-12-14,Tacoma,WA,ST016
C03157,Noor Ibarra,Summit,2023-05-16,Salt Lake City,UT,ST003
C03158,Sana Sandoval,Summit,2024-11-03,Boise,ID,ST004
C03159,Sana Wexford,Summit,2024-07-17,Seattle,WA,ST007
C03160,Beatrix Rasmussen,Alpine,2022-03-24,Spokane,WA,ST016
C03161,Alina Thorne,Trailhead,2020-11-28,Coeur d'Alene,ID,ST011
C03162,Freya Grimshaw,None,2021-07-03,Bozeman,MT,ST005
C03163,Emrys Nakamura,None,2021-09-25,Reno,NV,ST006
C03164,Hugo Farrow,Trailhead,2024-09-26,Reno,NV,ST006
C03165,Priya Marchetti,Trailhead,2020-10-22,Flagstaff,AZ,ST002
C03166,Kenji Lindqvist,Alpine,2023-02-27,Fort Collins,CO,ST007
C03167,Hugo Ibarra,None,2024-11-25,Reno,NV,ST005
C03168,Kenji Okonkwo,None,2024-07-08,Boise,ID,ST005
C03169,Theo Halvorsen,None,2023-02-09,Seattle,WA,ST009
C03170,Priya Ellery,Trailhead,2023-07-29,Denver,CO,ST003
C03171,Elias Wexford,Trailhead,2021-09-17,Denver,CO,ST018
C03172,Rosa Thorne,Trailhead,2022-12-11,Salt Lake City,UT,ST015
C03173,Lucian Ibarra,Summit,2023-08-23,Boise,ID,ST012
C03174,Alina Hollis,None,2022-11-20,Boise,ID,ST008
C03175,Leila Ellery,None,2020-09-11,Park City,UT,ST016
C03176,Otto Nakamura,None,2023-07-04,Denver,CO,ST009
C03177,Rosa Lindqvist,None,2023-02-09,Salt Lake City,UT,ST014
C03178,Mateo Lindqvist,Trailhead,2024-06-19,Reno,NV,ST007
C03179,Imani Thorne,None,2022-11-17,Fort Collins,CO,ST013
C03180,Elias Ashworth,Trailhead,2022-04-08,Coeur d'Alene,ID,ST007
C03181,Sana Barros,None,2021-09-20,Tacoma,WA,ST013
C03182,Otto Sandoval,Trailhead,2020-10-05,Seattle,WA,ST007
C03183,Amara Ellery,None,2024-06-23,Spokane,WA,ST014
C03184,Rosa Yardley,None,2021-01-11,Reno,NV,ST015
C03185,Mateo Pemberton,Trailhead,2023-05-18,Coeur d'Alene,ID,ST003
C03186,Elias Sandoval,Trailhead,2023-07-01,Flagstaff,AZ,ST007
C03187,Beatrix Whitfield,Trailhead,2024-04-29,Seattle,WA,ST014
C03188,Greta Grimshaw,Trailhead,2022-12-24,Spokane,WA,ST009
C03189,Amara Okonkwo,None,2022-01-18,Eugene,OR,ST017
C03190,Imani Vasquez,None,2023-04-15,Bend,OR,ST005
C03191,Theo Zielinski,None,2022-09-27,Coeur d'Alene,ID,ST013
C03192,Tobias Thorne,None,2020-07-08,Eugene,OR,ST017
C03193,Soren Hollis,None,2022-09-20,Bend,OR,ST010
C03194,Elena Marchetti,None,2021-10-04,Seattle,WA,ST005
C03195,Marcus Rasmussen,None,2023-04-22,Eugene,OR,ST009
C03196,Elena Thorne,None,2020-07-20,Missoula,MT,ST003
C03197,Ravi Grimshaw,Trailhead,2022-10-20,Denver,CO,ST005
C03198,Priya Grimshaw,Trailhead,2021-09-01,Bozeman,MT,ST011
C03199,Leila Farrow,Alpine,2021-07-14,Bend,OR,ST006
C03200,Felix Yardley,Trailhead,2020-04-27,Denver,CO,ST013
C03201,Elena Barros,Trailhead,2020-05-05,Missoula,MT,ST013
C03202,Theo Ellery,Alpine,2024-11-08,Eugene,OR,ST009
C03203,Greta Wexford,None,2024-09-27,Coeur d'Alene,ID,ST014
C03204,Greta Vasquez,Summit,2023-09-09,Bend,OR,ST001
C03205,Marcus Yardley,Trailhead,2021-09-24,Bozeman,MT,ST012
C03206,Otto Okonkwo,None,2021-08-25,Coeur d'Alene,ID,ST002
C03207,Sana Ibarra,Trailhead,2024-08-12,Eugene,OR,ST003
C03208,Noor Ellery,None,2024-08-24,Flagstaff,AZ,ST011
C03209,Marcus Grimshaw,Summit,2022-07-10,Bozeman,MT,ST008
C03210,Marcus Vasquez,None,2024-12-31,Missoula,MT,ST015
C03211,Lucian Ellery,Summit,2023-09-30,Tacoma,WA,ST017
C03212,Diego Okonkwo,None,2024-12-16,Coeur d'Alene,ID,ST015
C03213,Elena Wexford,None,2021-09-04,Flagstaff,AZ,ST001
C03214,Amara Lindqvist,Trailhead,2020-10-21,Missoula,MT,ST009
C03215,Kenji Halvorsen,None,2023-05-18,Missoula,MT,ST007
C03216,Alina Sandoval,Summit,2024-02-19,Seattle,WA,ST002
C03217,Nadia Okonkwo,Alpine,2023-09-10,Missoula,MT,ST004
C03218,Priya Nakamura,None,2021-12-10,Sacramento,CA,ST015
C03219,Imani Ferreira,Alpine,2024-03-29,Reno,NV,ST016
C03220,Beatrix Delacroix,Trailhead,2020-02-26,Salt Lake City,UT,ST006
C03221,Rosa Barros,Summit,2023-06-18,Missoula,MT,ST013
C03222,Leila Ferreira,None,2022-08-12,Reno,NV,ST001
C03223,Freya Ibarra,Alpine,2023-10-02,Coeur d'Alene,ID,ST010
C03224,Nadia Grimshaw,Summit,2022-01-27,Portland,OR,ST009
C03225,Noor Halvorsen,None,2023-05-16,Spokane,WA,ST007
C03226,Diego Pemberton,None,2023-01-09,Sacramento,CA,ST005
C03227,Saskia Lindqvist,Trailhead,2021-09-20,Salt Lake City,UT,ST017
C03228,Lucian Hollis,None,2022-03-03,Sacramento,CA,ST016
C03229,Hugo Ibarra,Summit,2024-08-14,Boulder,CO,ST017
C03230,Tobias Ellery,Trailhead,2024-10-09,Boulder,CO,ST002
C03231,Greta Barros,Summit,2020-05-08,Denver,CO,ST007
C03232,Imani Nakamura,Alpine,2021-11-20,Boise,ID,ST017
C03233,Leila Delacroix,Trailhead,2022-06-28,Reno,NV,ST004
C03234,Amara Ashworth,Trailhead,2023-09-06,Flagstaff,AZ,ST015
C03235,Callum Halvorsen,Trailhead,2020-07-16,Bozeman,MT,ST005
C03236,Rosa Lindqvist,Trailhead,2021-04-27,Reno,NV,ST012
C03237,Mateo Lindqvist,None,2022-05-20,Sacramento,CA,ST003
C03238,Soren Barros,None,2024-03-02,Park City,UT,ST002
C03239,Rosa Whitfield,None,2022-07-20,Flagstaff,AZ,ST012
C03240,Otto Ellery,Alpine,2022-09-06,Park City,UT,ST018
C03241,Elena Ellery,None,2021-03-01,Reno,NV,ST003
C03242,Greta Vasquez,Summit,2021-12-06,Sacramento,CA,ST003
C03243,Soren Thorne,Trailhead,2024-06-22,Eugene,OR,ST014
C03244,Diego Ibarra,Trailhead,2023-08-11,Portland,OR,ST014
C03245,Freya Thorne,Summit,2020-04-14,Tacoma,WA,ST011
C03246,Tobias Marchetti,Alpine,2023-01-06,Flagstaff,AZ,ST014
C03247,Freya Ferreira,Summit,2020-06-18,Spokane,WA,ST013
C03248,Imani Rasmussen,Alpine,2024-12-27,Bend,OR,ST007
C03249,Priya Farrow,None,2022-03-30,Sacramento,CA,ST004
C03250,Felix Lindqvist,Summit,2022-12-18,Fort Collins,CO,ST014
C03251,Felix Pemberton,Summit,2021-04-03,Denver,CO,ST009
C03252,Kenji Grimshaw,Summit,2020-11-12,Fort Collins,CO,ST008
C03253,Soren Hollis,None,2021-01-02,Flagstaff,AZ,ST018
C03254,Marcus Lindqvist,Summit,2024-08-23,Denver,CO,ST008
C03255,Greta Ibarra,Summit,2021-01-27,Boise,ID,ST007
C03256,Noor Okonkwo,Summit,2024-10-19,Spokane,WA,ST009
C03257,Imani Grimshaw,Summit,2024-02-26,Park City,UT,ST011
C03258,Marcus Yardley,None,2022-04-21,Boise,ID,ST007
C03259,Freya Hollis,Summit,2021-09-22,Portland,OR,ST018
C03260,Beatrix Halvorsen,None,2022-09-21,Sacramento,CA,ST013
C03261,Callum Okonkwo,Trailhead,2020-06-06,Boise,ID,ST012
C03262,Sana Grimshaw,Trailhead,2021-01-28,Seattle,WA,ST002
C03263,Theo Ashworth,Trailhead,2024-08-14,Fort Collins,CO,ST014
C03264,Beatrix Nakamura,Trailhead,2020-10-28,Fort Collins,CO,ST018
C03265,Marcus Marchetti,Summit,2023-09-15,Missoula,MT,ST016
C03266,Beatrix Ashworth,None,2023-06-30,Boise,ID,ST014
C03267,Otto Pemberton,Alpine,2024-06-20,Park City,UT,ST006
C03268,Kenji Marchetti,Summit,2023-03-27,Reno,NV,ST003
C03269,Freya Hollis,None,2022-02-21,Coeur d'Alene,ID,ST004
C03270,Imani Vasquez,Trailhead,2024-01-03,Boise,ID,ST017
C03271,Emrys Sandoval,Trailhead,2022-10-30,Spokane,WA,ST013
C03272,Yara Kowalski,Trailhead,2022-09-27,Seattle,WA,ST010
C03273,Lucian Kowalski,Trailhead,2022-05-25,Fort Collins,CO,ST008
C03274,Theo Nakamura,Alpine,2020-07-14,Boise,ID,ST009
C03275,Tobias Ellery,Summit,2024-02-02,Seattle,WA,ST015
C03276,Hugo Wexford,Trailhead,2021-04-23,Spokane,WA,ST017
C03277,Freya Wexford,None,2024-02-21,Missoula,MT,ST018
C03278,Emrys Delacroix,None,2022-09-03,Seattle,WA,ST007
C03279,Otto Hollis,Trailhead,2023-09-20,Bend,OR,ST001
C03280,Elena Lindqvist,None,2021-09-14,Sacramento,CA,ST005
C03281,Freya Zielinski,Summit,2021-03-02,Boulder,CO,ST001
C03282,Noor Pemberton,None,2023-08-07,Tacoma,WA,ST006
C03283,Nadia Okonkwo,Summit,2021-05-07,Tacoma,WA,ST006
C03284,Marcus Ellery,Trailhead,2024-12-24,Missoula,MT,ST010
C03285,Callum Nakamura,Trailhead,2022-01-13,Sacramento,CA,ST011
C03286,Freya Hollis,None,2022-07-19,Reno,NV,ST016
C03287,Sana Thorne,Trailhead,2021-08-02,Reno,NV,ST018
C03288,Callum Okonkwo,Trailhead,2024-11-24,Portland,OR,ST018
C03289,Elias Ashworth,Summit,2021-12-20,Boulder,CO,ST005
C03290,Imani Lindqvist,None,2022-01-01,Spokane,WA,ST008
C03291,Elena Barros,Summit,2022-11-19,Sacramento,CA,ST018
C03292,Otto Okonkwo,Summit,2020-03-21,Spokane,WA,ST006
C03293,Kenji Ferreira,None,2021-03-27,Fort Collins,CO,ST011
C03294,Marcus Marchetti,Summit,2023-08-31,Park City,UT,ST004
C03295,Nadia Nakamura,None,2024-07-07,Spokane,WA,ST013
C03296,Yara Barros,Trailhead,2023-04-27,Bozeman,MT,ST012
C03297,Imani Marchetti,Summit,2024-12-18,Portland,OR,ST006
C03298,Soren Ibarra,Trailhead,2022-07-14,Park City,UT,ST004
C03299,Freya Grimshaw,None,2024-09-05,Missoula,MT,ST008
C03300,Lucian Wexford,None,2021-06-08,Park City,UT,ST012
C03301,Freya Wexford,None,2022-08-01,Spokane,WA,ST011
C03302,Saskia Vasquez,Trailhead,2020-02-12,Denver,CO,ST007
C03303,Diego Rasmussen,None,2020-08-15,Portland,OR,ST018
C03304,Rosa Grimshaw,None,2021-07-26,Bozeman,MT,ST016
C03305,Callum Kowalski,None,2022-09-30,Denver,CO,ST013
C03306,Otto Barros,None,2022-05-05,Eugene,OR,ST012
C03307,Rosa Rasmussen,Trailhead,2021-04-10,Fort Collins,CO,ST004
C03308,Nadia Lindqvist,Trailhead,2024-12-13,Coeur d'Alene,ID,ST015
C03309,Beatrix Ibarra,Summit,2022-03-22,Reno,NV,ST011
C03310,Greta Barros,Summit,2023-04-19,Denver,CO,ST018
C03311,Alina Halvorsen,Trailhead,2023-10-01,Reno,NV,ST017
C03312,Greta Delacroix,Trailhead,2020-03-18,Missoula,MT,ST012
C03313,Nadia Rasmussen,Summit,2020-11-08,Tacoma,WA,ST011
C03314,Noor Halvorsen,None,2022-06-06,Seattle,WA,ST008
C03315,Hugo Nakamura,None,2023-03-09,Reno,NV,ST007
C03316,Leila Delacroix,Trailhead,2022-04-25,Spokane,WA,ST004
C03317,Elias Delacroix,None,2020-04-19,Salt Lake City,UT,ST011
C03318,Yara Lindqvist,None,2021-03-31,Park City,UT,ST008
C03319,Kenji Zielinski,Trailhead,2024-02-24,Boise,ID,ST001
C03320,Noor Grimshaw,Trailhead,2020-03-15,Boise,ID,ST013
C03321,Soren Zielinski,Summit,2024-11-23,Missoula,MT,ST011
C03322,Theo Okonkwo,None,2024-01-28,Tacoma,WA,ST003
C03323,Beatrix Ashworth,Summit,2022-10-20,Boise,ID,ST014
C03324,Alina Hollis,Trailhead,2023-01-14,Sacramento,CA,ST005
C03325,Lucian Barros,Alpine,2024-12-15,Denver,CO,ST013
C03326,Lucian Rasmussen,Summit,2020-10-28,Boise,ID,ST011
C03327,Mateo Kowalski,Summit,2020-08-13,Boulder,CO,ST016
C03328,Noor Okonkwo,Trailhead,2024-03-08,Spokane,WA,ST010
C03329,Theo Yardley,Alpine,2023-06-29,Reno,NV,ST016
C03330,Priya Thorne,None,2021-11-11,Denver,CO,ST010
C03331,Sana Delacroix,Trailhead,2022-04-28,Bend,OR,ST001
C03332,Imani Hollis,None,2022-12-28,Bend,OR,ST007
C03333,Saskia Farrow,Trailhead,2021-10-22,Sacramento,CA,ST002
C03334,Freya Zielinski,Trailhead,2022-11-17,Sacramento,CA,ST001
C03335,Beatrix Sandoval,None,2023-03-02,Sacramento,CA,ST015
C03336,Imani Rasmussen,Summit,2020-04-11,Boise,ID,ST018
C03337,Alina Ferreira,Summit,2020-09-25,Boulder,CO,ST008
C03338,Sana Ashworth,Summit,2024-01-07,Boulder,CO,ST014
C03339,Elena Yardley,Summit,2024-09-19,Boise,ID,ST015
C03340,Felix Ashworth,Trailhead,2023-10-06,Portland,OR,ST014
C03341,Imani Ferreira,Summit,2020-10-13,Park City,UT,ST012
C03342,Noor Ferreira,Trailhead,2020-06-08,Portland,OR,ST004
C03343,Soren Pemberton,None,2021-07-10,Eugene,OR,ST017
C03344,Tobias Farrow,None,2021-12-21,Flagstaff,AZ,ST002
C03345,Tobias Marchetti,Trailhead,2020-10-26,Sacramento,CA,ST006
C03346,Amara Thorne,Summit,2023-01-09,Missoula,MT,ST005
C03347,Noor Thorne,Trailhead,2021-12-24,Boulder,CO,ST016
C03348,Rosa Thorne,Trailhead,2023-12-08,Bend,OR,ST011
C03349,Noor Rasmussen,Alpine,2021-02-04,Boise,ID,ST002
C03350,Diego Hollis,Summit,2024-02-25,Park City,UT,ST018
C03351,Theo Vasquez,Trailhead,2021-07-14,Flagstaff,AZ,ST005
C03352,Elena Nakamura,Summit,2024-09-12,Park City,UT,ST008
C03353,Saskia Kowalski,Trailhead,2022-01-11,Tacoma,WA,ST010
C03354,Otto Ellery,None,2024-10-11,Tacoma,WA,ST007
C03355,Hugo Ibarra,None,2022-07-22,Flagstaff,AZ,ST013
C03356,Imani Whitfield,None,2022-01-25,Fort Collins,CO,ST015
C03357,Soren Halvorsen,None,2024-07-03,Denver,CO,ST009
C03358,Emrys Thorne,Summit,2023-10-17,Boise,ID,ST011
C03359,Greta Vasquez,Summit,2021-01-24,Portland,OR,ST003
C03360,Alina Whitfield,Trailhead,2024-12-11,Reno,NV,ST009
C03361,Freya Whitfield,Alpine,2024-01-01,Bend,OR,ST013
C03362,Sana Ashworth,Summit,2020-07-23,Bend,OR,ST009
C03363,Diego Delacroix,None,2021-11-03,Portland,OR,ST015
C03364,Yara Barros,Trailhead,2020-07-25,Denver,CO,ST017
C03365,Marcus Ferreira,Summit,2024-08-22,Denver,CO,ST008
C03366,Sana Marchetti,None,2022-09-03,Salt Lake City,UT,ST011
C03367,Hugo Hollis,Alpine,2024-02-06,Bozeman,MT,ST002
C03368,Sana Ellery,Trailhead,2024-11-26,Bend,OR,ST016
C03369,Leila Sandoval,None,2021-10-17,Bozeman,MT,ST002
C03370,Elias Hollis,Summit,2023-01-17,Park City,UT,ST003
C03371,Noor Zielinski,Trailhead,2020-02-27,Denver,CO,ST013
C03372,Rosa Delacroix,Trailhead,2021-07-14,Eugene,OR,ST001
C03373,Elena Zielinski,None,2020-05-17,Coeur d'Alene,ID,ST001
C03374,Callum Nakamura,Summit,2022-04-12,Sacramento,CA,ST001
C03375,Felix Delacroix,Trailhead,2024-06-11,Denver,CO,ST001
C03376,Soren Whitfield,Trailhead,2020-02-09,Reno,NV,ST006
C03377,Diego Pemberton,None,2020-09-18,Bend,OR,ST012
C03378,Theo Lindqvist,Summit,2023-03-01,Fort Collins,CO,ST002
C03379,Callum Ellery,Summit,2024-12-07,Salt Lake City,UT,ST014
C03380,Noor Grimshaw,Summit,2020-08-08,Sacramento,CA,ST003
C03381,Greta Vasquez,Trailhead,2023-08-21,Denver,CO,ST007
C03382,Lucian Ellery,Trailhead,2020-11-15,Coeur d'Alene,ID,ST010
C03383,Kenji Ibarra,Summit,2023-02-27,Missoula,MT,ST004
C03384,Beatrix Wexford,None,2020-10-17,Flagstaff,AZ,ST012
C03385,Freya Hollis,Trailhead,2023-09-07,Boise,ID,ST010
C03386,Theo Ellery,Summit,2022-12-05,Seattle,WA,ST010
C03387,Saskia Whitfield,Trailhead,2022-07-21,Boise,ID,ST011
C03388,Kenji Barros,None,2023-10-30,Park City,UT,ST013
C03389,Ravi Ellery,Summit,2023-04-25,Coeur d'Alene,ID,ST010
C03390,Greta Lindqvist,None,2023-06-15,Salt Lake City,UT,ST014
C03391,Felix Halvorsen,Trailhead,2021-04-30,Fort Collins,CO,ST010
C03392,Sana Marchetti,Alpine,2024-02-28,Sacramento,CA,ST009
C03393,Beatrix Ferreira,None,2021-05-31,Reno,NV,ST001
C03394,Emrys Hollis,Summit,2021-06-15,Portland,OR,ST007
C03395,Hugo Hollis,None,2021-11-03,Park City,UT,ST015
C03396,Imani Ferreira,Trailhead,2022-04-02,Tacoma,WA,ST015
C03397,Beatrix Marchetti,None,2023-01-24,Bozeman,MT,ST005
C03398,Kenji Thorne,Summit,2020-07-04,Portland,OR,ST015
C03399,Beatrix Marchetti,Alpine,2022-06-14,Boise,ID,ST007
C03400,Ravi Whitfield,Summit,2023-07-13,Bozeman,MT,ST006
C03401,Kenji Whitfield,Trailhead,2024-07-08,Sacramento,CA,ST017
C03402,Ravi Marchetti,Trailhead,2021-06-21,Denver,CO,ST018
C03403,Kenji Wexford,None,2022-10-18,Salt Lake City,UT,ST011
C03404,Freya Ellery,None,2022-10-03,Flagstaff,AZ,ST006
C03405,Noor Barros,Trailhead,2020-11-21,Boulder,CO,ST001
C03406,Saskia Delacroix,Alpine,2023-07-25,Reno,NV,ST010
C03407,Theo Zielinski,Summit,2023-02-07,Eugene,OR,ST007
C03408,Marcus Thorne,None,2023-07-15,Seattle,WA,ST016
C03409,Callum Grimshaw,Summit,2022-03-13,Park City,UT,ST009
C03410,Callum Farrow,None,2021-03-30,Sacramento,CA,ST003
C03411,Tobias Delacroix,Trailhead,2024-02-17,Boise,ID,ST005
C03412,Amara Whitfield,Summit,2023-04-19,Eugene,OR,ST016
C03413,Sana Thorne,Trailhead,2024-08-31,Portland,OR,ST013
C03414,Beatrix Ashworth,Trailhead,2021-09-05,Salt Lake City,UT,ST002
C03415,Sana Barros,None,2024-03-19,Sacramento,CA,ST003
C03416,Beatrix Okonkwo,None,2024-07-12,Missoula,MT,ST008
C03417,Imani Yardley,Summit,2022-10-04,Bozeman,MT,ST010
C03418,Diego Halvorsen,None,2021-09-07,Coeur d'Alene,ID,ST007
C03419,Elias Zielinski,None,2023-10-09,Boise,ID,ST007
C03420,Greta Thorne,None,2021-09-26,Tacoma,WA,ST007
C03421,Imani Ashworth,None,2022-11-20,Portland,OR,ST018
C03422,Rosa Ferreira,Summit,2023-01-20,Coeur d'Alene,ID,ST006
C03423,Elena Sandoval,Alpine,2023-10-17,Salt Lake City,UT,ST014
C03424,Kenji Ibarra,None,2023-04-20,Coeur d'Alene,ID,ST018
C03425,Tobias Ferreira,None,2022-09-14,Sacramento,CA,ST003
C03426,Theo Kowalski,None,2022-03-02,Coeur d'Alene,ID,ST006
C03427,Diego Ibarra,Alpine,2021-08-12,Bend,OR,ST002
C03428,Diego Thorne,Trailhead,2020-10-02,Eugene,OR,ST004
C03429,Diego Rasmussen,Trailhead,2023-06-29,Reno,NV,ST008
C03430,Priya Ellery,Summit,2021-10-30,Coeur d'Alene,ID,ST004
C03431,Elena Kowalski,None,2022-05-21,Missoula,MT,ST014
C03432,Diego Delacroix,None,2023-02-12,Bend,OR,ST004
C03433,Otto Halvorsen,None,2024-06-30,Bend,OR,ST010
C03434,Beatrix Ashworth,Trailhead,2022-07-22,Boise,ID,ST012
C03435,Elias Delacroix,Trailhead,2023-02-14,Spokane,WA,ST003
C03436,Beatrix Pemberton,None,2020-06-21,Missoula,MT,ST004
C03437,Beatrix Marchetti,None,2022-02-06,Fort Collins,CO,ST001
C03438,Amara Hollis,None,2023-07-21,Portland,OR,ST003
C03439,Lucian Zielinski,Alpine,2021-12-17,Bozeman,MT,ST009
C03440,Theo Halvorsen,None,2023-04-09,Boulder,CO,ST016
C03441,Noor Rasmussen,Trailhead,2021-02-19,Park City,UT,ST014
C03442,Saskia Yardley,None,2023-06-13,Bozeman,MT,ST015
C03443,Felix Ashworth,None,2022-11-08,Fort Collins,CO,ST008
C03444,Hugo Wexford,Trailhead,2024-09-17,Portland,OR,ST014
C03445,Greta Grimshaw,Trailhead,2024-01-13,Park City,UT,ST013
C03446,Beatrix Grimshaw,Alpine,2024-07-29,Spokane,WA,ST016
C03447,Marcus Halvorsen,Alpine,2024-06-22,Spokane,WA,ST007
C03448,Felix Ibarra,None,2021-11-28,Reno,NV,ST013
C03449,Imani Hollis,None,2020-02-13,Reno,NV,ST014
C03450,Hugo Lindqvist,Trailhead,2021-06-24,Missoula,MT,ST001
C03451,Sana Zielinski,Trailhead,2021-04-20,Boise,ID,ST007
C03452,Noor Delacroix,None,2023-11-28,Bend,OR,ST001
C03453,Priya Thorne,Trailhead,2021-08-19,Denver,CO,ST008
C03454,Amara Ashworth,Trailhead,2020-10-24,Park City,UT,ST002
C03455,Nadia Delacroix,None,2021-05-08,Eugene,OR,ST001
C03456,Greta Ashworth,None,2024-04-05,Bozeman,MT,ST011
C03457,Marcus Kowalski,None,2022-06-17,Boise,ID,ST011
C03458,Rosa Farrow,Trailhead,2022-03-08,Salt Lake City,UT,ST017
C03459,Callum Ferreira,Trailhead,2024-03-16,Salt Lake City,UT,ST004
C03460,Amara Hollis,Summit,2021-04-19,Coeur d'Alene,ID,ST012
C03461,Theo Nakamura,None,2020-02-19,Denver,CO,ST017
C03462,Tobias Okonkwo,Trailhead,2023-08-09,Fort Collins,CO,ST005
C03463,Tobias Ibarra,Summit,2022-09-27,Missoula,MT,ST014
C03464,Sana Ashworth,None,2022-10-04,Boulder,CO,ST007
C03465,Noor Hollis,Trailhead,2020-10-21,Fort Collins,CO,ST007
C03466,Saskia Hollis,None,2020-11-29,Denver,CO,ST012
C03467,Mateo Ellery,Alpine,2021-09-05,Salt Lake City,UT,ST002
C03468,Theo Vasquez,None,2022-03-24,Salt Lake City,UT,ST015
C03469,Diego Hollis,None,2023-10-01,Bozeman,MT,ST002
C03470,Mateo Vasquez,Trailhead,2020-05-17,Coeur d'Alene,ID,ST006
C03471,Mateo Ellery,None,2021-09-27,Fort Collins,CO,ST016
C03472,Lucian Pemberton,None,2024-03-16,Salt Lake City,UT,ST008
C03473,Lucian Yardley,Summit,2020-07-14,Spokane,WA,ST017
C03474,Lucian Nakamura,Trailhead,2023-10-10,Denver,CO,ST007
C03475,Callum Yardley,Alpine,2021-11-10,Eugene,OR,ST001
C03476,Elena Pemberton,Trailhead,2022-10-04,Flagstaff,AZ,ST012
C03477,Ravi Kowalski,Summit,2021-03-31,Bend,OR,ST009
C03478,Priya Lindqvist,Trailhead,2023-01-29,Bend,OR,ST016
C03479,Leila Kowalski,Summit,2021-02-10,Fort Collins,CO,ST009
C03480,Amara Thorne,None,2022-08-17,Park City,UT,ST008
C03481,Elena Sandoval,None,2024-02-21,Reno,NV,ST004
C03482,Sana Thorne,None,2021-06-23,Salt Lake City,UT,ST015
C03483,Freya Nakamura,None,2022-07-24,Missoula,MT,ST005
C03484,Leila Thorne,Trailhead,2022-08-21,Missoula,MT,ST012
C03485,Callum Marchetti,None,2022-07-10,Bozeman,MT,ST004
C03486,Tobias Farrow,Trailhead,2024-09-11,Coeur d'Alene,ID,ST011
C03487,Emrys Whitfield,Summit,2023-07-04,Bend,OR,ST003
C03488,Marcus Hollis,None,2020-12-22,Tacoma,WA,ST004
C03489,Diego Sandoval,Trailhead,2022-05-26,Boulder,CO,ST006
C03490,Leila Sandoval,None,2021-03-26,Missoula,MT,ST015
C03491,Priya Wexford,Summit,2024-02-03,Boulder,CO,ST007
C03492,Marcus Nakamura,Trailhead,2024-08-24,Coeur d'Alene,ID,ST018
C03493,Emrys Lindqvist,Trailhead,2020-09-05,Flagstaff,AZ,ST005
C03494,Diego Vasquez,Summit,2020-11-13,Tacoma,WA,ST012
C03495,Mateo Hollis,Summit,2021-10-28,Fort Collins,CO,ST003
C03496,Callum Grimshaw,None,2024-02-01,Portland,OR,ST011
C03497,Callum Ellery,None,2023-10-22,Seattle,WA,ST007
C03498,Rosa Hollis,Trailhead,2024-06-20,Eugene,OR,ST011
C03499,Emrys Sandoval,Summit,2022-06-07,Boise,ID,ST012
C03500,Alina Yardley,Trailhead,2021-11-26,Eugene,OR,ST005
C03501,Ravi Farrow,Trailhead,2021-08-16,Missoula,MT,ST006
C03502,Greta Ashworth,Summit,2020-03-20,Boise,ID,ST003
C03503,Soren Barros,Trailhead,2023-01-26,Coeur d'Alene,ID,ST012
C03504,Ravi Hollis,Summit,2021-05-08,Eugene,OR,ST004
C03505,Mateo Farrow,None,2024-11-30,Flagstaff,AZ,ST012
C03506,Callum Ibarra,Trailhead,2022-11-19,Boulder,CO,ST013
C03507,Rosa Kowalski,None,2023-08-12,Spokane,WA,ST017
C03508,Hugo Kowalski,Summit,2023-12-21,Bozeman,MT,ST018
C03509,Noor Ashworth,None,2020-02-16,Coeur d'Alene,ID,ST012
C03510,Elena Zielinski,Summit,2022-05-25,Seattle,WA,ST005
C03511,Saskia Okonkwo,None,2022-05-03,Coeur d'Alene,ID,ST006
C03512,Diego Lindqvist,Trailhead,2023-10-27,Tacoma,WA,ST005
C03513,Alina Ferreira,None,2022-04-20,Missoula,MT,ST012
C03514,Greta Marchetti,None,2024-02-21,Reno,NV,ST010
C03515,Elias Ferreira,Alpine,2021-08-01,Sacramento,CA,ST015
C03516,Ravi Marchetti,Trailhead,2024-04-07,Boulder,CO,ST010
C03517,Soren Kowalski,None,2020-06-09,Sacramento,CA,ST016
C03518,Marcus Ashworth,Trailhead,2022-12-02,Tacoma,WA,ST018
C03519,Saskia Ellery,Alpine,2023-03-04,Portland,OR,ST016
C03520,Otto Grimshaw,Trailhead,2020-10-21,Boulder,CO,ST011
C03521,Lucian Thorne,None,2020-02-19,Fort Collins,CO,ST001
C03522,Beatrix Vasquez,Trailhead,2023-03-20,Bend,OR,ST006
C03523,Marcus Grimshaw,Summit,2020-07-03,Denver,CO,ST006
C03524,Emrys Zielinski,None,2023-11-23,Bozeman,MT,ST018
C03525,Leila Zielinski,Summit,2022-02-01,Missoula,MT,ST007
C03526,Marcus Thorne,Trailhead,2021-12-22,Reno,NV,ST003
C03527,Marcus Lindqvist,None,2021-07-29,Boulder,CO,ST002
C03528,Elias Yardley,Summit,2021-07-28,Bend,OR,ST009
C03529,Emrys Marchetti,None,2020-04-18,Portland,OR,ST007
C03530,Emrys Hollis,Summit,2024-05-15,Spokane,WA,ST006
C03531,Otto Ibarra,Trailhead,2020-06-20,Boise,ID,ST009
C03532,Elias Zielinski,Summit,2021-01-23,Tacoma,WA,ST002
C03533,Theo Hollis,Summit,2020-07-04,Reno,NV,ST004
C03534,Sana Sandoval,None,2024-09-27,Bend,OR,ST006
C03535,Elena Grimshaw,None,2024-10-17,Tacoma,WA,ST012
C03536,Callum Farrow,None,2023-07-03,Coeur d'Alene,ID,ST011
C03537,Freya Ibarra,None,2024-11-19,Park City,UT,ST007
C03538,Saskia Ashworth,Trailhead,2020-09-26,Coeur d'Alene,ID,ST009
C03539,Kenji Thorne,None,2023-06-13,Spokane,WA,ST016
C03540,Freya Ibarra,None,2020-02-12,Boulder,CO,ST006
C03541,Callum Barros,Summit,2020-03-11,Park City,UT,ST005
C03542,Tobias Wexford,Summit,2021-02-21,Portland,OR,ST002
C03543,Imani Lindqvist,Trailhead,2022-11-27,Portland,OR,ST017
C03544,Nadia Ashworth,None,2024-12-26,Park City,UT,ST005
C03545,Yara Hollis,Trailhead,2022-02-27,Coeur d'Alene,ID,ST002
C03546,Yara Pemberton,Summit,2023-02-10,Tacoma,WA,ST010
C03547,Sana Farrow,None,2022-04-15,Fort Collins,CO,ST007
C03548,Callum Delacroix,Trailhead,2024-08-14,Park City,UT,ST006
C03549,Marcus Ellery,Summit,2022-05-03,Bozeman,MT,ST004
C03550,Lucian Kowalski,None,2024-07-07,Fort Collins,CO,ST016
C03551,Beatrix Marchetti,None,2023-01-18,Eugene,OR,ST006
C03552,Priya Barros,Trailhead,2020-05-01,Denver,CO,ST002
C03553,Noor Delacroix,Trailhead,2024-12-28,Seattle,WA,ST016
C03554,Rosa Ellery,None,2024-04-10,Denver,CO,ST005
C03555,Hugo Yardley,None,2020-05-28,Fort Collins,CO,ST005
C03556,Sana Halvorsen,Trailhead,2022-05-22,Portland,OR,ST002
C03557,Emrys Sandoval,Trailhead,2023-02-07,Boulder,CO,ST003
C03558,Callum Barros,None,2024-10-14,Boulder,CO,ST001
C03559,Lucian Thorne,Trailhead,2022-08-28,Tacoma,WA,ST007
C03560,Elias Yardley,Trailhead,2020-11-25,Missoula,MT,ST012
C03561,Ravi Ellery,Trailhead,2020-10-15,Sacramento,CA,ST011
C03562,Elena Nakamura,None,2020-03-25,Missoula,MT,ST009
C03563,Lucian Lindqvist,Trailhead,2021-10-19,Seattle,WA,ST012
C03564,Priya Okonkwo,Summit,2022-03-15,Sacramento,CA,ST017
C03565,Theo Zielinski,Trailhead,2024-10-05,Tacoma,WA,ST017
C03566,Saskia Ellery,Trailhead,2022-04-01,Park City,UT,ST006
C03567,Alina Whitfield,Alpine,2022-06-12,Eugene,OR,ST003
C03568,Theo Kowalski,Trailhead,2024-11-25,Bozeman,MT,ST007
C03569,Nadia Okonkwo,Trailhead,2022-07-28,Spokane,WA,ST012
C03570,Noor Ellery,None,2023-11-15,Fort Collins,CO,ST005
C03571,Priya Sandoval,None,2020-04-02,Denver,CO,ST010
C03572,Yara Barros,None,2022-07-03,Spokane,WA,ST010
C03573,Diego Sandoval,Trailhead,2020-04-26,Eugene,OR,ST018
C03574,Amara Ellery,None,2023-12-22,Park City,UT,ST018
C03575,Nadia Whitfield,Trailhead,2022-01-18,Eugene,OR,ST012
C03576,Kenji Okonkwo,None,2021-11-18,Seattle,WA,ST004
C03577,Noor Farrow,Trailhead,2020-02-21,Eugene,OR,ST015
C03578,Hugo Okonkwo,None,2024-07-05,Coeur d'Alene,ID,ST011
C03579,Yara Whitfield,Trailhead,2020-12-07,Boise,ID,ST001
C03580,Amara Wexford,Trailhead,2024-02-21,Flagstaff,AZ,ST013
C03581,Imani Pemberton,None,2020-04-05,Seattle,WA,ST002
C03582,Otto Ferreira,Alpine,2024-03-12,Boulder,CO,ST005
C03583,Amara Halvorsen,None,2023-11-30,Eugene,OR,ST012
C03584,Nadia Rasmussen,None,2024-07-06,Salt Lake City,UT,ST005
C03585,Ravi Zielinski,Trailhead,2020-08-03,Denver,CO,ST017
C03586,Sana Pemberton,Summit,2022-05-26,Fort Collins,CO,ST009
C03587,Felix Grimshaw,None,2022-08-28,Reno,NV,ST011
C03588,Otto Ashworth,Alpine,2023-11-16,Coeur d'Alene,ID,ST017
C03589,Hugo Thorne,None,2024-12-16,Tacoma,WA,ST018
C03590,Rosa Thorne,Trailhead,2024-12-02,Park City,UT,ST015
C03591,Priya Sandoval,None,2021-10-16,Eugene,OR,ST017
C03592,Sana Grimshaw,Summit,2022-12-21,Fort Collins,CO,ST005
C03593,Tobias Zielinski,Trailhead,2020-12-17,Denver,CO,ST012
C03594,Soren Okonkwo,Trailhead,2022-12-30,Fort Collins,CO,ST018
C03595,Emrys Rasmussen,Trailhead,2023-07-13,Boise,ID,ST015
C03596,Soren Pemberton,None,2023-08-28,Missoula,MT,ST017
C03597,Noor Nakamura,Alpine,2024-07-22,Tacoma,WA,ST005
C03598,Diego Thorne,None,2024-09-27,Bend,OR,ST009
C03599,Amara Delacroix,Summit,2020-09-12,Coeur d'Alene,ID,ST015
C03600,Yara Pemberton,None,2021-09-01,Sacramento,CA,ST008
C03601,Tobias Zielinski,None,2021-09-05,Coeur d'Alene,ID,ST010
C03602,Lucian Rasmussen,Trailhead,2022-12-19,Seattle,WA,ST010
C03603,Lucian Zielinski,None,2020-08-21,Salt Lake City,UT,ST005
C03604,Felix Delacroix,Summit,2022-05-07,Reno,NV,ST013
C03605,Callum Pemberton,Trailhead,2021-10-12,Boise,ID,ST018
C03606,Elena Okonkwo,None,2020-03-09,Park City,UT,ST018
C03607,Alina Yardley,Summit,2020-10-23,Boulder,CO,ST008
C03608,Rosa Marchetti,None,2020-04-13,Fort Collins,CO,ST012
C03609,Nadia Thorne,None,2021-07-21,Park City,UT,ST007
C03610,Rosa Whitfield,None,2022-01-25,Boulder,CO,ST015
C03611,Leila Lindqvist,None,2023-12-14,Portland,OR,ST015
C03612,Theo Ferreira,Alpine,2024-08-22,Eugene,OR,ST015
C03613,Soren Hollis,None,2022-03-23,Sacramento,CA,ST007
C03614,Emrys Pemberton,Trailhead,2023-05-17,Denver,CO,ST016
C03615,Callum Zielinski,Summit,2022-12-22,Fort Collins,CO,ST012
C03616,Saskia Yardley,Trailhead,2024-10-01,Seattle,WA,ST011
C03617,Hugo Marchetti,None,2021-12-12,Reno,NV,ST012
C03618,Tobias Marchetti,None,2023-07-01,Coeur d'Alene,ID,ST010
C03619,Alina Grimshaw,Trailhead,2020-06-08,Coeur d'Alene,ID,ST003
C03620,Leila Zielinski,None,2022-05-30,Missoula,MT,ST010
C03621,Imani Okonkwo,None,2021-11-18,Boulder,CO,ST003
C03622,Lucian Zielinski,Summit,2021-03-29,Eugene,OR,ST005
C03623,Beatrix Hollis,Trailhead,2024-04-02,Seattle,WA,ST016
C03624,Otto Whitfield,Trailhead,2020-02-20,Park City,UT,ST009
C03625,Kenji Rasmussen,Trailhead,2020-02-11,Tacoma,WA,ST016
C03626,Nadia Rasmussen,None,2021-11-24,Bend,OR,ST012
C03627,Saskia Farrow,Alpine,2021-05-26,Park City,UT,ST008
C03628,Sana Zielinski,Alpine,2021-07-12,Boulder,CO,ST018
C03629,Ravi Zielinski,Trailhead,2023-11-27,Fort Collins,CO,ST016
C03630,Emrys Whitfield,None,2020-05-24,Bozeman,MT,ST012
C03631,Leila Ibarra,Trailhead,2024-02-13,Park City,UT,ST018
C03632,Sana Nakamura,Summit,2023-06-29,Salt Lake City,UT,ST018
C03633,Soren Ashworth,Trailhead,2020-12-12,Portland,OR,ST002
C03634,Ravi Zielinski,Summit,2022-05-26,Seattle,WA,ST017
C03635,Freya Rasmussen,Summit,2023-09-28,Bozeman,MT,ST003
C03636,Rosa Hollis,Trailhead,2020-09-07,Boulder,CO,ST004
C03637,Marcus Barros,Alpine,2022-11-17,Eugene,OR,ST003
C03638,Elena Nakamura,Summit,2022-01-02,Denver,CO,ST013
C03639,Beatrix Ellery,Summit,2021-07-06,Tacoma,WA,ST003
C03640,Saskia Barros,None,2020-04-07,Eugene,OR,ST010
C03641,Mateo Okonkwo,Summit,2020-03-06,Spokane,WA,ST004
C03642,Saskia Thorne,None,2021-01-20,Bend,OR,ST014
C03643,Emrys Okonkwo,Trailhead,2023-07-20,Eugene,OR,ST001
C03644,Lucian Nakamura,Alpine,2023-01-14,Fort Collins,CO,ST013
C03645,Beatrix Farrow,Summit,2021-11-27,Seattle,WA,ST015
C03646,Hugo Pemberton,Trailhead,2021-06-25,Sacramento,CA,ST002
C03647,Soren Ibarra,Summit,2023-04-21,Boise,ID,ST015
C03648,Callum Whitfield,Trailhead,2020-04-20,Fort Collins,CO,ST017
C03649,Yara Marchetti,Summit,2020-06-09,Portland,OR,ST008
C03650,Otto Nakamura,None,2024-07-09,Sacramento,CA,ST009
C03651,Yara Hollis,None,2024-11-07,Park City,UT,ST014
C03652,Nadia Ellery,Summit,2024-02-01,Boulder,CO,ST012
C03653,Mateo Nakamura,Summit,2024-04-08,Boise,ID,ST010
C03654,Noor Whitfield,Trailhead,2021-12-05,Denver,CO,ST007
C03655,Nadia Delacroix,Trailhead,2020-07-04,Portland,OR,ST003
C03656,Freya Whitfield,Trailhead,2023-08-29,Bend,OR,ST009
C03657,Imani Delacroix,Summit,2024-09-03,Bozeman,MT,ST001
C03658,Kenji Rasmussen,Trailhead,2022-09-17,Bend,OR,ST018
C03659,Noor Okonkwo,Trailhead,2020-10-17,Coeur d'Alene,ID,ST012
C03660,Saskia Barros,None,2022-08-24,Missoula,MT,ST003
C03661,Yara Grimshaw,None,2023-04-11,Boulder,CO,ST013
C03662,Diego Ferreira,Summit,2022-08-08,Eugene,OR,ST009
C03663,Freya Okonkwo,None,2022-04-06,Denver,CO,ST013
C03664,Imani Kowalski,None,2022-10-02,Denver,CO,ST017
C03665,Sana Barros,None,2022-12-22,Salt Lake City,UT,ST001
C03666,Nadia Delacroix,None,2021-05-08,Reno,NV,ST018
C03667,Sana Rasmussen,None,2023-11-07,Eugene,OR,ST002
C03668,Soren Halvorsen,None,2021-03-15,Boise,ID,ST018
C03669,Theo Marchetti,Trailhead,2024-01-06,Coeur d'Alene,ID,ST012
C03670,Mateo Kowalski,Trailhead,2021-05-12,Park City,UT,ST001
C03671,Yara Pemberton,Summit,2024-07-23,Sacramento,CA,ST008
C03672,Saskia Hollis,None,2022-09-01,Reno,NV,ST005
C03673,Diego Thorne,None,2022-03-22,Salt Lake City,UT,ST003
C03674,Sana Lindqvist,Trailhead,2023-06-12,Coeur d'Alene,ID,ST017
C03675,Rosa Okonkwo,Summit,2021-02-28,Reno,NV,ST015
C03676,Rosa Ashworth,Summit,2021-08-15,Flagstaff,AZ,ST014
C03677,Yara Yardley,None,2021-02-04,Missoula,MT,ST010
C03678,Lucian Zielinski,None,2020-04-09,Boise,ID,ST010
C03679,Theo Hollis,Trailhead,2023-05-04,Missoula,MT,ST009
C03680,Leila Sandoval,Trailhead,2022-09-03,Park City,UT,ST014
C03681,Mateo Farrow,Trailhead,2022-12-01,Fort Collins,CO,ST008
C03682,Hugo Thorne,Trailhead,2020-12-01,Seattle,WA,ST010
C03683,Felix Ashworth,None,2020-08-24,Seattle,WA,ST002
C03684,Alina Halvorsen,None,2023-05-20,Coeur d'Alene,ID,ST014
C03685,Diego Ibarra,None,2022-02-22,Fort Collins,CO,ST001
C03686,Noor Ellery,Summit,2022-02-14,Boise,ID,ST011
C03687,Elias Sandoval,Trailhead,2021-12-05,Bend,OR,ST013
C03688,Imani Whitfield,Trailhead,2024-06-02,Missoula,MT,ST009
C03689,Alina Marchetti,Summit,2023-02-21,Bozeman,MT,ST001
C03690,Diego Nakamura,Alpine,2023-03-02,Bend,OR,ST017
C03691,Soren Hollis,Summit,2024-11-04,Park City,UT,ST013
C03692,Callum Ibarra,None,2024-09-28,Boulder,CO,ST011
C03693,Yara Lindqvist,Trailhead,2021-04-11,Coeur d'Alene,ID,ST009
C03694,Imani Pemberton,Summit,2020-08-27,Bozeman,MT,ST005
C03695,Priya Ibarra,None,2020-02-07,Eugene,OR,ST005
C03696,Leila Farrow,None,2020-08-15,Eugene,OR,ST011
C03697,Saskia Ferreira,None,2020-12-27,Denver,CO,ST011
C03698,Callum Wexford,Trailhead,2020-03-07,Bend,OR,ST008
C03699,Amara Delacroix,None,2022-06-17,Salt Lake City,UT,ST014
C03700,Nadia Halvorsen,Trailhead,2020-05-28,Fort Collins,CO,ST007
C03701,Leila Vasquez,None,2020-09-21,Bozeman,MT,ST012
C03702,Alina Sandoval,Trailhead,2021-06-23,Eugene,OR,ST014
C03703,Yara Kowalski,Trailhead,2023-03-18,Coeur d'Alene,ID,ST009
C03704,Sana Whitfield,Trailhead,2023-11-22,Park City,UT,ST012
C03705,Felix Sandoval,None,2020-03-02,Park City,UT,ST004
C03706,Soren Nakamura,Trailhead,2023-11-26,Bend,OR,ST013
C03707,Elena Lindqvist,Summit,2021-08-10,Bozeman,MT,ST004
C03708,Diego Ashworth,None,2023-08-08,Eugene,OR,ST015
C03709,Leila Wexford,Alpine,2023-11-11,Bozeman,MT,ST016
C03710,Nadia Halvorsen,Trailhead,2020-04-14,Reno,NV,ST002
C03711,Emrys Vasquez,Summit,2021-10-02,Bend,OR,ST011
C03712,Callum Ferreira,Summit,2020-05-08,Fort Collins,CO,ST018
C03713,Beatrix Vasquez,Summit,2021-03-16,Tacoma,WA,ST011
C03714,Kenji Ellery,None,2022-04-03,Missoula,MT,ST008
C03715,Priya Delacroix,Trailhead,2024-01-03,Tacoma,WA,ST007
C03716,Freya Kowalski,None,2024-08-15,Park City,UT,ST017
C03717,Emrys Farrow,Trailhead,2024-04-11,Seattle,WA,ST018
C03718,Diego Vasquez,None,2020-09-12,Coeur d'Alene,ID,ST012
C03719,Amara Lindqvist,None,2023-04-15,Seattle,WA,ST001
C03720,Tobias Rasmussen,Trailhead,2022-11-25,Denver,CO,ST018
C03721,Noor Marchetti,None,2020-10-03,Seattle,WA,ST012
C03722,Freya Ibarra,None,2023-08-10,Boise,ID,ST006
C03723,Callum Zielinski,None,2020-08-21,Boulder,CO,ST007
C03724,Leila Ashworth,None,2024-08-23,Spokane,WA,ST001
C03725,Freya Marchetti,Trailhead,2024-05-18,Spokane,WA,ST010
C03726,Tobias Grimshaw,None,2024-05-08,Bend,OR,ST014
C03727,Theo Zielinski,None,2020-03-04,Missoula,MT,ST017
C03728,Callum Halvorsen,Trailhead,2021-10-12,Salt Lake City,UT,ST002
C03729,Leila Hollis,None,2021-05-31,Flagstaff,AZ,ST006
C03730,Diego Kowalski,Trailhead,2023-04-22,Bozeman,MT,ST011
C03731,Hugo Delacroix,None,2021-02-04,Missoula,MT,ST017
C03732,Emrys Ashworth,Summit,2022-10-28,Coeur d'Alene,ID,ST014
C03733,Imani Okonkwo,Summit,2020-12-30,Denver,CO,ST010
C03734,Sana Sandoval,Trailhead,2022-04-28,Boulder,CO,ST003
C03735,Saskia Thorne,Summit,2023-11-03,Park City,UT,ST004
C03736,Marcus Halvorsen,Alpine,2024-08-28,Salt Lake City,UT,ST011
C03737,Felix Wexford,Summit,2024-03-29,Sacramento,CA,ST005
C03738,Mateo Rasmussen,None,2021-03-23,Boise,ID,ST006
C03739,Callum Kowalski,Summit,2020-07-08,Flagstaff,AZ,ST013
C03740,Noor Kowalski,Summit,2020-02-27,Reno,NV,ST005
C03741,Beatrix Ellery,Summit,2021-03-05,Missoula,MT,ST011
C03742,Marcus Yardley,None,2023-01-23,Bend,OR,ST012
C03743,Freya Ashworth,None,2022-08-12,Boulder,CO,ST001
C03744,Lucian Lindqvist,None,2023-03-04,Missoula,MT,ST017
C03745,Imani Wexford,Summit,2024-10-16,Bend,OR,ST007
C03746,Ravi Ashworth,Summit,2024-04-22,Bend,OR,ST011
C03747,Mateo Yardley,Trailhead,2024-06-11,Boulder,CO,ST005
C03748,Alina Ellery,Summit,2021-06-14,Fort Collins,CO,ST011
C03749,Marcus Marchetti,Trailhead,2022-08-12,Salt Lake City,UT,ST011
C03750,Rosa Ellery,None,2021-11-08,Sacramento,CA,ST009
C03751,Saskia Barros,Summit,2020-03-09,Coeur d'Alene,ID,ST007
C03752,Mateo Marchetti,Summit,2022-04-12,Eugene,OR,ST003
C03753,Tobias Sandoval,Trailhead,2024-08-04,Reno,NV,ST014
C03754,Hugo Farrow,Trailhead,2020-09-05,Flagstaff,AZ,ST004
C03755,Kenji Zielinski,Trailhead,2024-09-02,Spokane,WA,ST009
C03756,Imani Pemberton,None,2021-04-25,Sacramento,CA,ST006
C03757,Imani Nakamura,None,2020-03-22,Portland,OR,ST009
C03758,Sana Ibarra,Trailhead,2020-09-10,Boise,ID,ST016
C03759,Alina Farrow,None,2023-06-20,Seattle,WA,ST016
C03760,Soren Pemberton,Trailhead,2024-09-22,Seattle,WA,ST011
C03761,Felix Barros,Trailhead,2023-06-04,Seattle,WA,ST017
C03762,Sana Wexford,None,2021-01-22,Boise,ID,ST007
C03763,Saskia Rasmussen,None,2023-04-25,Flagstaff,AZ,ST016
C03764,Greta Zielinski,None,2023-02-17,Fort Collins,CO,ST010
C03765,Priya Rasmussen,None,2023-12-29,Eugene,OR,ST015
C03766,Callum Ferreira,Trailhead,2021-04-09,Boulder,CO,ST013
C03767,Yara Thorne,Summit,2024-02-24,Coeur d'Alene,ID,ST003
C03768,Imani Yardley,Summit,2024-04-28,Portland,OR,ST007
C03769,Leila Ellery,None,2022-12-12,Eugene,OR,ST017
C03770,Ravi Whitfield,Trailhead,2020-03-01,Bozeman,MT,ST014
C03771,Imani Barros,Summit,2020-12-31,Portland,OR,ST006
C03772,Saskia Ferreira,None,2021-07-24,Portland,OR,ST001
C03773,Sana Ferreira,Trailhead,2022-11-17,Boise,ID,ST002
C03774,Callum Sandoval,None,2022-11-17,Coeur d'Alene,ID,ST015
C03775,Saskia Vasquez,Summit,2022-09-22,Park City,UT,ST015
C03776,Greta Grimshaw,None,2020-03-27,Seattle,WA,ST018
C03777,Freya Grimshaw,Trailhead,2022-11-22,Denver,CO,ST003
C03778,Felix Nakamura,Summit,2022-04-20,Fort Collins,CO,ST004
C03779,Callum Vasquez,Summit,2022-08-17,Boise,ID,ST002
C03780,Alina Zielinski,Trailhead,2022-12-15,Bend,OR,ST009
C03781,Hugo Grimshaw,None,2023-08-24,Flagstaff,AZ,ST005
C03782,Leila Yardley,None,2023-01-22,Park City,UT,ST001
C03783,Kenji Pemberton,None,2020-02-28,Bozeman,MT,ST003
C03784,Amara Ibarra,None,2022-06-29,Park City,UT,ST016
C03785,Imani Rasmussen,None,2021-02-01,Bend,OR,ST003
C03786,Greta Hollis,Summit,2021-06-27,Sacramento,CA,ST012
C03787,Felix Hollis,Summit,2023-11-12,Bozeman,MT,ST017
C03788,Otto Grimshaw,Summit,2023-01-31,Bend,OR,ST012
C03789,Nadia Nakamura,None,2021-12-31,Sacramento,CA,ST010
C03790,Felix Lindqvist,Trailhead,2020-03-08,Boise,ID,ST007
C03791,Freya Marchetti,None,2021-03-05,Eugene,OR,ST007
C03792,Otto Kowalski,None,2021-08-27,Portland,OR,ST003
C03793,Alina Thorne,Trailhead,2021-05-30,Boulder,CO,ST015
C03794,Sana Pemberton,None,2021-12-24,Seattle,WA,ST003
C03795,Ravi Okonkwo,Summit,2021-05-01,Bend,OR,ST005
C03796,Leila Zielinski,Summit,2022-06-15,Sacramento,CA,ST009
C03797,Priya Ibarra,None,2021-04-22,Seattle,WA,ST010
C03798,Greta Rasmussen,None,2020-02-24,Boise,ID,ST007
C03799,Rosa Ashworth,Summit,2024-02-22,Tacoma,WA,ST010
C03800,Beatrix Okonkwo,None,2024-01-25,Fort Collins,CO,ST005
C03801,Hugo Okonkwo,Summit,2020-12-24,Tacoma,WA,ST017
C03802,Emrys Grimshaw,Alpine,2020-08-29,Sacramento,CA,ST007
C03803,Ravi Ibarra,Trailhead,2022-09-27,Eugene,OR,ST014
C03804,Hugo Ellery,Summit,2020-04-21,Portland,OR,ST005
C03805,Nadia Thorne,Trailhead,2022-03-14,Boise,ID,ST007
C03806,Elias Delacroix,Alpine,2024-10-13,Coeur d'Alene,ID,ST004
C03807,Priya Delacroix,Trailhead,2021-04-29,Park City,UT,ST009
C03808,Felix Sandoval,Summit,2020-05-11,Salt Lake City,UT,ST010
C03809,Hugo Sandoval,Summit,2020-08-25,Boise,ID,ST012
C03810,Amara Ashworth,Trailhead,2024-08-06,Flagstaff,AZ,ST003
C03811,Elias Halvorsen,Trailhead,2020-12-18,Boulder,CO,ST006
C03812,Rosa Whitfield,Summit,2023-06-13,Reno,NV,ST008
C03813,Mateo Halvorsen,None,2024-10-13,Flagstaff,AZ,ST014
C03814,Freya Kowalski,None,2024-03-31,Missoula,MT,ST007
C03815,Elena Delacroix,Trailhead,2022-09-21,Eugene,OR,ST001
C03816,Nadia Rasmussen,Trailhead,2024-12-05,Bend,OR,ST010
C03817,Hugo Ibarra,Alpine,2024-06-14,Bozeman,MT,ST002
C03818,Sana Ibarra,None,2022-12-05,Portland,OR,ST010
C03819,Alina Wexford,Alpine,2022-01-13,Tacoma,WA,ST018
C03820,Priya Farrow,Trailhead,2022-08-07,Sacramento,CA,ST018
C03821,Lucian Pemberton,None,2023-02-21,Salt Lake City,UT,ST006
C03822,Emrys Ibarra,Summit,2024-07-13,Boise,ID,ST010
C03823,Amara Ellery,None,2023-01-25,Fort Collins,CO,ST002
C03824,Alina Barros,Summit,2022-08-27,Seattle,WA,ST010
C03825,Amara Ferreira,None,2023-09-18,Reno,NV,ST004
C03826,Greta Barros,Trailhead,2020-08-10,Missoula,MT,ST004
C03827,Diego Hollis,None,2021-11-09,Reno,NV,ST002
C03828,Priya Yardley,Alpine,2023-04-07,Tacoma,WA,ST002
C03829,Kenji Ferreira,None,2021-01-31,Flagstaff,AZ,ST003
C03830,Mateo Grimshaw,Trailhead,2022-07-21,Eugene,OR,ST014
C03831,Greta Marchetti,Trailhead,2023-10-21,Reno,NV,ST007
C03832,Ravi Yardley,Summit,2024-06-14,Portland,OR,ST003
C03833,Nadia Nakamura,None,2020-09-23,Bozeman,MT,ST003
C03834,Elias Whitfield,Summit,2024-07-11,Eugene,OR,ST016
C03835,Alina Zielinski,Summit,2020-03-14,Bozeman,MT,ST013
C03836,Emrys Nakamura,None,2023-04-28,Flagstaff,AZ,ST006
C03837,Otto Barros,None,2020-12-20,Sacramento,CA,ST006
C03838,Priya Wexford,Trailhead,2023-02-13,Salt Lake City,UT,ST008
C03839,Greta Halvorsen,Trailhead,2023-09-07,Sacramento,CA,ST011
C03840,Marcus Ibarra,None,2021-12-11,Flagstaff,AZ,ST009
C03841,Callum Vasquez,None,2023-10-16,Spokane,WA,ST002
C03842,Rosa Rasmussen,None,2021-11-02,Seattle,WA,ST003
C03843,Ravi Marchetti,Alpine,2020-05-14,Spokane,WA,ST002
C03844,Tobias Nakamura,Summit,2023-05-13,Sacramento,CA,ST016
C03845,Yara Vasquez,Trailhead,2020-05-01,Eugene,OR,ST002
C03846,Sana Thorne,None,2021-09-07,Sacramento,CA,ST015
C03847,Elias Vasquez,Summit,2020-02-08,Park City,UT,ST009
C03848,Tobias Okonkwo,None,2020-03-24,Fort Collins,CO,ST015
C03849,Marcus Vasquez,Summit,2020-10-12,Tacoma,WA,ST017
C03850,Emrys Farrow,None,2021-10-04,Boise,ID,ST006
C03851,Callum Zielinski,Summit,2021-09-13,Fort Collins,CO,ST005
C03852,Emrys Delacroix,Trailhead,2024-04-17,Seattle,WA,ST010
C03853,Soren Whitfield,None,2023-06-26,Fort Collins,CO,ST007
C03854,Elias Vasquez,Summit,2020-12-20,Bend,OR,ST015
C03855,Lucian Whitfield,Summit,2024-08-29,Fort Collins,CO,ST008
C03856,Mateo Farrow,Trailhead,2020-10-06,Fort Collins,CO,ST006
C03857,Callum Rasmussen,Summit,2022-12-17,Portland,OR,ST010
C03858,Kenji Marchetti,None,2020-08-19,Denver,CO,ST009
C03859,Emrys Delacroix,Trailhead,2024-02-14,Tacoma,WA,ST013
C03860,Marcus Pemberton,Trailhead,2021-02-03,Denver,CO,ST008
C03861,Kenji Sandoval,Alpine,2021-12-03,Reno,NV,ST016
C03862,Imani Vasquez,None,2020-10-25,Fort Collins,CO,ST008
C03863,Elena Halvorsen,Trailhead,2020-02-14,Portland,OR,ST013
C03864,Elias Whitfield,Trailhead,2021-02-23,Park City,UT,ST010
C03865,Elena Wexford,None,2023-06-26,Park City,UT,ST004
C03866,Diego Ferreira,Summit,2023-06-30,Portland,OR,ST008
C03867,Sana Nakamura,None,2023-09-06,Park City,UT,ST006
C03868,Alina Ibarra,None,2023-12-24,Bozeman,MT,ST008
C03869,Amara Kowalski,None,2022-11-11,Tacoma,WA,ST001
C03870,Amara Sandoval,Trailhead,2024-05-30,Flagstaff,AZ,ST012
C03871,Soren Marchetti,Trailhead,2020-03-17,Bend,OR,ST015
C03872,Elena Nakamura,None,2024-04-06,Fort Collins,CO,ST003
C03873,Otto Pemberton,None,2024-10-07,Spokane,WA,ST017
C03874,Emrys Wexford,Summit,2020-10-06,Coeur d'Alene,ID,ST001
C03875,Theo Ashworth,Trailhead,2021-02-14,Tacoma,WA,ST013
C03876,Emrys Ashworth,None,2022-06-20,Missoula,MT,ST014
C03877,Diego Pemberton,Trailhead,2020-02-10,Denver,CO,ST017
C03878,Otto Barros,Trailhead,2024-09-28,Tacoma,WA,ST017
C03879,Lucian Delacroix,Trailhead,2020-12-26,Missoula,MT,ST013
C03880,Nadia Whitfield,Summit,2020-10-11,Eugene,OR,ST012
C03881,Diego Ellery,Summit,2023-11-23,Coeur d'Alene,ID,ST009
C03882,Tobias Nakamura,None,2022-07-01,Seattle,WA,ST017
C03883,Ravi Whitfield,Summit,2022-07-04,Eugene,OR,ST011
C03884,Imani Zielinski,None,2022-05-28,Eugene,OR,ST006
C03885,Yara Lindqvist,None,2022-10-02,Spokane,WA,ST006
C03886,Saskia Whitfield,Summit,2021-12-18,Park City,UT,ST004
C03887,Lucian Yardley,None,2020-11-08,Spokane,WA,ST001
C03888,Mateo Nakamura,Summit,2024-05-24,Spokane,WA,ST017
C03889,Elias Ferreira,Trailhead,2024-05-03,Denver,CO,ST010
C03890,Theo Zielinski,Trailhead,2021-10-15,Spokane,WA,ST013
C03891,Felix Farrow,Summit,2023-02-22,Boulder,CO,ST005
C03892,Ravi Sandoval,Trailhead,2020-11-23,Tacoma,WA,ST002
C03893,Beatrix Ashworth,Trailhead,2020-08-23,Flagstaff,AZ,ST004
C03894,Priya Grimshaw,Trailhead,2021-06-10,Portland,OR,ST011
C03895,Rosa Zielinski,None,2021-05-15,Tacoma,WA,ST001
C03896,Noor Nakamura,None,2022-01-29,Seattle,WA,ST009
C03897,Mateo Yardley,Summit,2021-06-17,Eugene,OR,ST003
C03898,Elias Hollis,Trailhead,2023-11-15,Bozeman,MT,ST007
C03899,Imani Delacroix,Summit,2022-11-11,Seattle,WA,ST007
C03900,Diego Yardley,Trailhead,2021-05-01,Bozeman,MT,ST018
C03901,Rosa Hollis,Summit,2023-08-02,Coeur d'Alene,ID,ST013
C03902,Noor Ferreira,None,2020-10-26,Eugene,OR,ST016
C03903,Hugo Okonkwo,Summit,2021-07-12,Tacoma,WA,ST014
C03904,Callum Vasquez,Alpine,2023-11-30,Eugene,OR,ST006
C03905,Ravi Yardley,Trailhead,2020-10-21,Bozeman,MT,ST006
C03906,Diego Vasquez,Trailhead,2021-12-14,Park City,UT,ST008
C03907,Otto Thorne,Trailhead,2022-11-19,Salt Lake City,UT,ST009
C03908,Beatrix Nakamura,Summit,2021-03-27,Bend,OR,ST006
C03909,Otto Ellery,Trailhead,2024-02-27,Portland,OR,ST011
C03910,Nadia Kowalski,Trailhead,2021-09-19,Reno,NV,ST007
C03911,Emrys Hollis,None,2023-09-18,Spokane,WA,ST015
C03912,Elena Thorne,Summit,2022-01-20,Spokane,WA,ST015
C03913,Emrys Marchetti,None,2023-02-21,Missoula,MT,ST004
C03914,Diego Barros,Trailhead,2022-02-17,Eugene,OR,ST018
C03915,Freya Ibarra,None,2022-09-22,Bozeman,MT,ST013
C03916,Freya Rasmussen,Trailhead,2022-09-04,Seattle,WA,ST017
C03917,Otto Whitfield,None,2023-10-20,Sacramento,CA,ST009
C03918,Ravi Wexford,None,2021-02-06,Reno,NV,ST005
C03919,Rosa Pemberton,Summit,2021-06-04,Spokane,WA,ST013
C03920,Diego Sandoval,None,2020-10-31,Reno,NV,ST015
C03921,Elias Farrow,None,2022-09-07,Salt Lake City,UT,ST014
C03922,Hugo Hollis,None,2020-05-21,Denver,CO,ST006
C03923,Lucian Halvorsen,Summit,2024-10-24,Salt Lake City,UT,ST018
C03924,Nadia Delacroix,Trailhead,2022-09-23,Bend,OR,ST010
C03925,Elena Okonkwo,None,2024-01-22,Portland,OR,ST013
C03926,Emrys Lindqvist,Trailhead,2020-07-17,Coeur d'Alene,ID,ST012
C03927,Leila Ibarra,None,2023-03-30,Reno,NV,ST011
C03928,Noor Lindqvist,None,2023-09-02,Spokane,WA,ST006
C03929,Freya Wexford,None,2020-11-14,Fort Collins,CO,ST016
C03930,Priya Vasquez,None,2021-01-11,Seattle,WA,ST003
C03931,Lucian Pemberton,Summit,2020-10-09,Denver,CO,ST018
C03932,Felix Thorne,None,2024-05-01,Boise,ID,ST012
C03933,Sana Lindqvist,Summit,2022-02-05,Boulder,CO,ST013
C03934,Freya Marchetti,Trailhead,2022-02-26,Denver,CO,ST013
C03935,Yara Whitfield,Alpine,2021-11-13,Flagstaff,AZ,ST007
C03936,Hugo Barros,Summit,2024-09-07,Boise,ID,ST004
C03937,Lucian Whitfield,None,2022-04-29,Reno,NV,ST002
C03938,Priya Zielinski,None,2024-03-21,Eugene,OR,ST009
C03939,Alina Barros,Summit,2024-12-19,Denver,CO,ST004
C03940,Greta Ellery,Alpine,2022-06-14,Bozeman,MT,ST007
C03941,Greta Yardley,None,2021-10-28,Tacoma,WA,ST012
C03942,Emrys Yardley,Summit,2020-02-03,Flagstaff,AZ,ST007
C03943,Soren Yardley,Summit,2023-05-18,Reno,NV,ST005
C03944,Emrys Ashworth,Trailhead,2021-10-26,Bend,OR,ST001
C03945,Marcus Yardley,None,2022-12-24,Boulder,CO,ST004
C03946,Elias Ashworth,None,2021-12-15,Salt Lake City,UT,ST007
C03947,Noor Delacroix,Trailhead,2021-11-24,Portland,OR,ST016
C03948,Beatrix Okonkwo,None,2024-05-16,Bozeman,MT,ST017
C03949,Noor Zielinski,None,2021-05-11,Flagstaff,AZ,ST013
C03950,Amara Sandoval,Trailhead,2023-12-10,Portland,OR,ST012
C03951,Yara Barros,Trailhead,2024-11-09,Sacramento,CA,ST018
C03952,Yara Zielinski,Alpine,2020-04-13,Bend,OR,ST016
C03953,Elias Zielinski,Trailhead,2021-12-27,Portland,OR,ST017
C03954,Theo Wexford,None,2020-02-10,Bozeman,MT,ST006
C03955,Imani Sandoval,Alpine,2020-11-19,Spokane,WA,ST010
C03956,Otto Hollis,Summit,2023-12-18,Boulder,CO,ST010
C03957,Diego Ellery,Trailhead,2022-12-27,Flagstaff,AZ,ST008
C03958,Nadia Rasmussen,Summit,2024-04-03,Flagstaff,AZ,ST013
C03959,Elias Thorne,Trailhead,2024-10-27,Park City,UT,ST003
C03960,Amara Sandoval,Trailhead,2021-08-20,Boise,ID,ST001
C03961,Mateo Ellery,None,2022-12-04,Denver,CO,ST015
C03962,Sana Ashworth,Summit,2021-03-10,Salt Lake City,UT,ST008
C03963,Yara Halvorsen,Summit,2023-09-03,Fort Collins,CO,ST004
C03964,Freya Delacroix,None,2024-11-29,Tacoma,WA,ST004
C03965,Marcus Whitfield,Summit,2021-01-11,Seattle,WA,ST002
C03966,Freya Lindqvist,Trailhead,2022-02-25,Tacoma,WA,ST004
C03967,Priya Wexford,Trailhead,2021-01-07,Salt Lake City,UT,ST002
C03968,Kenji Nakamura,Summit,2021-02-28,Coeur d'Alene,ID,ST001
C03969,Nadia Halvorsen,Trailhead,2021-11-20,Boise,ID,ST010
C03970,Mateo Ferreira,None,2021-09-03,Portland,OR,ST002
C03971,Felix Thorne,None,2024-07-29,Fort Collins,CO,ST011
C03972,Soren Nakamura,Trailhead,2020-08-25,Park City,UT,ST011
C03973,Lucian Yardley,Summit,2024-07-02,Sacramento,CA,ST009
C03974,Alina Yardley,None,2022-07-21,Sacramento,CA,ST014
C03975,Callum Delacroix,Trailhead,2021-06-28,Park City,UT,ST003
C03976,Alina Whitfield,None,2020-02-14,Flagstaff,AZ,ST012
C03977,Beatrix Ashworth,None,2023-08-15,Spokane,WA,ST014
C03978,Amara Halvorsen,Alpine,2024-08-09,Coeur d'Alene,ID,ST013
C03979,Freya Zielinski,Trailhead,2021-08-26,Boulder,CO,ST002
C03980,Diego Ibarra,None,2020-05-16,Fort Collins,CO,ST004
C03981,Diego Vasquez,None,2020-06-13,Bend,OR,ST010
C03982,Amara Lindqvist,Trailhead,2021-03-27,Bozeman,MT,ST003
C03983,Elias Ferreira,None,2022-08-12,Seattle,WA,ST004
C03984,Elena Kowalski,None,2023-06-29,Seattle,WA,ST003
C03985,Diego Delacroix,Summit,2022-02-10,Sacramento,CA,ST011
C03986,Freya Barros,Alpine,2022-03-18,Boulder,CO,ST007
C03987,Freya Ferreira,Trailhead,2022-04-23,Flagstaff,AZ,ST004
C03988,Lucian Kowalski,Trailhead,2022-10-07,Reno,NV,ST006
C03989,Sana Kowalski,Alpine,2022-04-12,Coeur d'Alene,ID,ST003
C03990,Rosa Marchetti,Summit,2023-11-16,Reno,NV,ST014
C03991,Marcus Kowalski,Trailhead,2020-11-01,Park City,UT,ST001
C03992,Alina Lindqvist,Summit,2022-09-05,Eugene,OR,ST010
C03993,Emrys Lindqvist,Trailhead,2020-03-03,Boise,ID,ST017
C03994,Amara Hollis,Summit,2020-06-25,Coeur d'Alene,ID,ST014
C03995,Saskia Ellery,None,2023-10-02,Tacoma,WA,ST009
C03996,Priya Okonkwo,None,2023-10-29,Portland,OR,ST012
C03997,Beatrix Ibarra,Alpine,2020-10-09,Flagstaff,AZ,ST010
C03998,Felix Wexford,Alpine,2020-10-04,Portland,OR,ST005
C03999,Soren Farrow,Trailhead,2020-10-25,Fort Collins,CO,ST015
C04000,Priya Pemberton,None,2024-10-22,Sacramento,CA,ST008
C04001,Callum Hollis,Trailhead,2024-02-22,Seattle,WA,ST011
C04002,Leila Marchetti,Trailhead,2022-04-07,Seattle,WA,ST008
C04003,Felix Ellery,None,2022-09-05,Reno,NV,ST009
C04004,Beatrix Yardley,None,2024-11-25,Tacoma,WA,ST008
C04005,Tobias Halvorsen,Trailhead,2023-10-29,Reno,NV,ST001
C04006,Marcus Ibarra,Trailhead,2020-06-30,Eugene,OR,ST018
C04007,Freya Okonkwo,None,2022-06-08,Spokane,WA,ST016
C04008,Amara Delacroix,Trailhead,2021-05-13,Bend,OR,ST002
C04009,Leila Ashworth,Trailhead,2020-10-14,Bend,OR,ST008
C04010,Saskia Nakamura,Summit,2024-09-03,Eugene,OR,ST006
C04011,Marcus Hollis,None,2020-09-27,Salt Lake City,UT,ST001
C04012,Amara Sandoval,Alpine,2024-06-04,Boise,ID,ST016
C04013,Hugo Sandoval,None,2023-04-07,Flagstaff,AZ,ST003
C04014,Lucian Ibarra,None,2022-02-17,Park City,UT,ST006
C04015,Ravi Kowalski,Trailhead,2023-05-25,Bend,OR,ST011
C04016,Diego Zielinski,Summit,2023-04-24,Park City,UT,ST018
C04017,Hugo Vasquez,Trailhead,2023-02-28,Flagstaff,AZ,ST016
C04018,Callum Zielinski,Summit,2021-08-22,Spokane,WA,ST017
C04019,Callum Pemberton,None,2022-01-26,Boulder,CO,ST005
C04020,Nadia Barros,Summit,2024-03-17,Salt Lake City,UT,ST017
C04021,Callum Ferreira,Summit,2023-07-27,Portland,OR,ST002
C04022,Yara Ferreira,None,2020-04-04,Salt Lake City,UT,ST017
C04023,Felix Farrow,None,2020-09-05,Spokane,WA,ST009
C04024,Elias Ibarra,Trailhead,2022-01-22,Boise,ID,ST007
C04025,Leila Okonkwo,Trailhead,2020-07-03,Denver,CO,ST013
C04026,Marcus Lindqvist,None,2022-12-29,Salt Lake City,UT,ST015
C04027,Rosa Wexford,Trailhead,2021-02-27,Missoula,MT,ST006
C04028,Amara Sandoval,Summit,2021-06-03,Coeur d'Alene,ID,ST004
C04029,Beatrix Ibarra,None,2022-04-25,Portland,OR,ST004
C04030,Hugo Ashworth,Trailhead,2020-08-17,Fort Collins,CO,ST017
C04031,Greta Thorne,None,2023-06-25,Flagstaff,AZ,ST015
C04032,Felix Nakamura,None,2024-11-16,Flagstaff,AZ,ST012
C04033,Yara Pemberton,None,2020-08-31,Bozeman,MT,ST015
C04034,Marcus Thorne,Trailhead,2021-08-11,Sacramento,CA,ST016
C04035,Theo Vasquez,None,2020-02-10,Bend,OR,ST012
C04036,Freya Zielinski,Summit,2020-11-19,Salt Lake City,UT,ST014
C04037,Kenji Wexford,Trailhead,2020-03-22,Reno,NV,ST014
C04038,Nadia Halvorsen,Summit,2020-03-16,Eugene,OR,ST009
C04039,Hugo Rasmussen,None,2022-01-01,Portland,OR,ST004
C04040,Alina Yardley,None,2020-01-29,Salt Lake City,UT,ST014
C04041,Alina Whitfield,None,2021-04-27,Eugene,OR,ST008
C04042,Marcus Farrow,Trailhead,2022-06-06,Bend,OR,ST004
C04043,Otto Ashworth,None,2021-12-23,Missoula,MT,ST001
C04044,Tobias Marchetti,None,2022-06-09,Bozeman,MT,ST016
C04045,Theo Ellery,Summit,2024-08-24,Coeur d'Alene,ID,ST008
C04046,Greta Farrow,None,2020-08-02,Spokane,WA,ST008
C04047,Sana Nakamura,Summit,2022-08-21,Salt Lake City,UT,ST016
C04048,Elena Vasquez,Trailhead,2020-06-23,Park City,UT,ST005
C04049,Sana Delacroix,Trailhead,2021-07-17,Reno,NV,ST008
C04050,Beatrix Halvorsen,Summit,2023-10-22,Denver,CO,ST011
C04051,Theo Barros,Alpine,2021-07-12,Boulder,CO,ST010
C04052,Noor Ferreira,None,2021-02-23,Reno,NV,ST001
C04053,Freya Marchetti,Summit,2021-11-04,Portland,OR,ST005
C04054,Beatrix Okonkwo,None,2022-06-14,Tacoma,WA,ST006
C04055,Yara Lindqvist,None,2022-03-11,Eugene,OR,ST015
C04056,Lucian Ferreira,None,2022-05-10,Portland,OR,ST006
C04057,Rosa Zielinski,Trailhead,2024-04-08,Coeur d'Alene,ID,ST001
C04058,Hugo Hollis,Trailhead,2021-11-25,Fort Collins,CO,ST012
C04059,Rosa Barros,Trailhead,2021-08-07,Boise,ID,ST012
C04060,Alina Whitfield,Summit,2023-01-21,Flagstaff,AZ,ST017
C04061,Beatrix Lindqvist,Trailhead,2024-06-19,Missoula,MT,ST002
C04062,Diego Lindqvist,None,2024-04-30,Coeur d'Alene,ID,ST001
C04063,Kenji Kowalski,Trailhead,2020-05-05,Seattle,WA,ST013
C04064,Ravi Delacroix,None,2023-04-11,Bozeman,MT,ST005
C04065,Saskia Lindqvist,Trailhead,2020-03-29,Reno,NV,ST003
C04066,Elias Zielinski,Trailhead,2023-12-07,Denver,CO,ST013
C04067,Beatrix Grimshaw,None,2023-04-25,Seattle,WA,ST006
C04068,Ravi Vasquez,Trailhead,2022-01-12,Bend,OR,ST003
C04069,Emrys Pemberton,Trailhead,2024-08-21,Seattle,WA,ST018
C04070,Emrys Grimshaw,Alpine,2020-04-17,Bend,OR,ST010
C04071,Amara Farrow,Trailhead,2020-03-17,Spokane,WA,ST011
C04072,Priya Vasquez,Summit,2020-10-10,Reno,NV,ST006
C04073,Priya Sandoval,Trailhead,2023-08-05,Missoula,MT,ST008
C04074,Diego Whitfield,Alpine,2024-09-30,Bend,OR,ST004
C04075,Felix Halvorsen,Summit,2020-07-02,Salt Lake City,UT,ST008
C04076,Saskia Ashworth,None,2021-10-28,Bozeman,MT,ST013
C04077,Ravi Okonkwo,Summit,2020-07-27,Portland,OR,ST008
C04078,Otto Barros,None,2021-01-13,Tacoma,WA,ST013
C04079,Callum Wexford,Summit,2021-03-15,Boise,ID,ST011
C04080,Lucian Lindqvist,Trailhead,2021-09-10,Park City,UT,ST002
C04081,Priya Ibarra,Summit,2024-02-28,Flagstaff,AZ,ST013
C04082,Diego Farrow,Summit,2021-08-30,Tacoma,WA,ST016
C04083,Tobias Hollis,Alpine,2021-06-11,Boise,ID,ST004
C04084,Sana Grimshaw,None,2021-04-22,Boise,ID,ST003
C04085,Emrys Vasquez,Trailhead,2024-09-09,Portland,OR,ST011
C04086,Imani Vasquez,Summit,2020-06-06,Seattle,WA,ST015
C04087,Noor Thorne,Trailhead,2022-06-20,Boise,ID,ST012
C04088,Kenji Nakamura,Summit,2023-05-29,Salt Lake City,UT,ST018
C04089,Noor Whitfield,Trailhead,2023-04-04,Eugene,OR,ST016
C04090,Soren Sandoval,None,2020-08-12,Flagstaff,AZ,ST011
C04091,Priya Ellery,Summit,2020-07-22,Eugene,OR,ST004
C04092,Soren Pemberton,Trailhead,2021-09-24,Sacramento,CA,ST015
C04093,Soren Ferreira,Summit,2022-11-03,Seattle,WA,ST007
C04094,Yara Farrow,Trailhead,2020-10-08,Reno,NV,ST018
C04095,Theo Halvorsen,Summit,2022-07-29,Seattle,WA,ST010
C04096,Hugo Yardley,Trailhead,2023-06-12,Boulder,CO,ST013
C04097,Freya Ashworth,Summit,2023-06-20,Coeur d'Alene,ID,ST006
C04098,Freya Ferreira,Summit,2022-10-24,Salt Lake City,UT,ST004
C04099,Diego Wexford,Summit,2021-08-26,Bozeman,MT,ST004
C04100,Soren Lindqvist,Summit,2021-06-20,Bend,OR,ST004
C04101,Imani Okonkwo,Trailhead,2020-12-15,Denver,CO,ST005
C04102,Callum Thorne,Alpine,2020-02-20,Bend,OR,ST011
C04103,Lucian Nakamura,None,2020-07-08,Eugene,OR,ST011
C04104,Emrys Vasquez,None,2024-05-20,Bend,OR,ST012
C04105,Imani Zielinski,Trailhead,2021-01-26,Bozeman,MT,ST017
C04106,Felix Halvorsen,Trailhead,2024-07-29,Coeur d'Alene,ID,ST014
C04107,Mateo Ferreira,None,2023-12-19,Reno,NV,ST010
C04108,Marcus Okonkwo,Trailhead,2022-04-30,Seattle,WA,ST006
C04109,Greta Kowalski,None,2022-01-03,Missoula,MT,ST012
C04110,Lucian Vasquez,Summit,2022-11-05,Bend,OR,ST010
C04111,Hugo Lindqvist,Trailhead,2020-10-22,Portland,OR,ST006
C04112,Tobias Sandoval,Trailhead,2021-02-21,Spokane,WA,ST014
C04113,Kenji Sandoval,None,2020-07-13,Tacoma,WA,ST004
C04114,Freya Marchetti,None,2024-04-22,Missoula,MT,ST010
C04115,Greta Kowalski,None,2023-02-09,Tacoma,WA,ST007
C04116,Noor Barros,Trailhead,2023-12-10,Seattle,WA,ST018
C04117,Diego Barros,Summit,2020-08-07,Reno,NV,ST009
C04118,Rosa Rasmussen,Trailhead,2021-12-24,Bend,OR,ST004
C04119,Leila Delacroix,None,2021-01-04,Sacramento,CA,ST013
C04120,Freya Rasmussen,Summit,2020-07-18,Boise,ID,ST016
C04121,Saskia Yardley,None,2020-01-30,Eugene,OR,ST011
C04122,Yara Nakamura,Summit,2022-05-21,Denver,CO,ST011
C04123,Hugo Ibarra,Trailhead,2020-08-10,Missoula,MT,ST013
C04124,Diego Pemberton,None,2022-12-06,Boulder,CO,ST018
C04125,Emrys Ferreira,None,2023-03-18,Tacoma,WA,ST018
C04126,Elena Yardley,None,2024-04-04,Boulder,CO,ST004
C04127,Greta Kowalski,Trailhead,2024-02-25,Seattle,WA,ST017
C04128,Emrys Lindqvist,Summit,2023-04-01,Boulder,CO,ST001
C04129,Elias Lindqvist,None,2023-05-04,Tacoma,WA,ST002
C04130,Ravi Ellery,Trailhead,2020-09-27,Boulder,CO,ST018
C04131,Lucian Sandoval,Trailhead,2021-09-08,Fort Collins,CO,ST012
C04132,Greta Grimshaw,Trailhead,2023-01-09,Tacoma,WA,ST014
C04133,Rosa Ellery,None,2022-10-06,Salt Lake City,UT,ST015
C04134,Leila Thorne,Trailhead,2022-04-08,Tacoma,WA,ST006
C04135,Saskia Wexford,Trailhead,2024-04-05,Missoula,MT,ST007
C04136,Beatrix Kowalski,Alpine,2023-11-08,Boulder,CO,ST012
C04137,Otto Halvorsen,Summit,2020-11-05,Denver,CO,ST001
C04138,Imani Rasmussen,Summit,2024-06-07,Coeur d'Alene,ID,ST016
C04139,Elena Thorne,None,2023-08-05,Fort Collins,CO,ST016
C04140,Diego Lindqvist,Summit,2024-01-06,Seattle,WA,ST015
C04141,Elena Grimshaw,Trailhead,2020-07-24,Spokane,WA,ST017
C04142,Nadia Halvorsen,Summit,2023-08-21,Tacoma,WA,ST005
C04143,Lucian Rasmussen,Trailhead,2023-10-21,Salt Lake City,UT,ST001
C04144,Priya Whitfield,None,2022-10-06,Flagstaff,AZ,ST011
C04145,Yara Marchetti,Trailhead,2024-01-18,Seattle,WA,ST015
C04146,Leila Kowalski,None,2023-03-01,Boulder,CO,ST017
C04147,Elena Sandoval,Alpine,2021-04-21,Bozeman,MT,ST015
C04148,Otto Ashworth,None,2022-07-08,Portland,OR,ST015
C04149,Rosa Grimshaw,None,2023-08-09,Seattle,WA,ST013
C04150,Imani Ferreira,None,2021-08-31,Reno,NV,ST014
C04151,Felix Ferreira,None,2021-04-14,Boulder,CO,ST016
C04152,Nadia Kowalski,None,2023-07-08,Spokane,WA,ST011
C04153,Soren Ibarra,None,2023-07-12,Sacramento,CA,ST017
C04154,Leila Thorne,Trailhead,2020-07-06,Eugene,OR,ST008
C04155,Soren Whitfield,Alpine,2023-08-07,Boise,ID,ST011
C04156,Leila Grimshaw,Trailhead,2022-12-12,Eugene,OR,ST015
C04157,Kenji Marchetti,None,2020-04-23,Reno,NV,ST003
C04158,Marcus Ferreira,Summit,2020-12-30,Denver,CO,ST005
C04159,Elias Ellery,None,2021-06-27,Tacoma,WA,ST006
C04160,Mateo Rasmussen,Trailhead,2022-12-16,Spokane,WA,ST015
C04161,Callum Sandoval,Trailhead,2022-01-14,Missoula,MT,ST014
C04162,Mateo Nakamura,None,2022-03-15,Coeur d'Alene,ID,ST014
C04163,Amara Ashworth,Trailhead,2024-08-30,Reno,NV,ST002
C04164,Greta Kowalski,Trailhead,2023-08-09,Eugene,OR,ST006
C04165,Sana Zielinski,Trailhead,2020-05-25,Missoula,MT,ST008
C04166,Hugo Zielinski,Trailhead,2023-06-25,Sacramento,CA,ST005
C04167,Alina Sandoval,Trailhead,2020-10-22,Tacoma,WA,ST009
C04168,Freya Hollis,Summit,2020-06-11,Coeur d'Alene,ID,ST010
C04169,Leila Farrow,Trailhead,2022-01-02,Fort Collins,CO,ST009
C04170,Rosa Sandoval,Trailhead,2020-02-20,Spokane,WA,ST012
C04171,Felix Pemberton,Summit,2024-07-21,Bozeman,MT,ST002
C04172,Imani Halvorsen,Trailhead,2024-12-15,Bozeman,MT,ST002
C04173,Mateo Pemberton,Trailhead,2020-11-13,Fort Collins,CO,ST006
C04174,Tobias Whitfield,None,2021-01-07,Boise,ID,ST017
C04175,Ravi Sandoval,Trailhead,2020-04-10,Bend,OR,ST015
C04176,Priya Pemberton,None,2022-12-15,Boulder,CO,ST007
C04177,Marcus Marchetti,Alpine,2020-02-27,Flagstaff,AZ,ST016
C04178,Tobias Pemberton,Trailhead,2022-08-19,Sacramento,CA,ST009
C04179,Ravi Nakamura,None,2023-04-21,Bozeman,MT,ST011
C04180,Elena Ashworth,None,2023-12-12,Reno,NV,ST014
C04181,Rosa Halvorsen,Alpine,2023-09-17,Salt Lake City,UT,ST004
C04182,Saskia Halvorsen,Trailhead,2020-09-26,Park City,UT,ST012
C04183,Marcus Vasquez,Trailhead,2023-02-20,Eugene,OR,ST003
C04184,Saskia Kowalski,Summit,2020-02-26,Seattle,WA,ST018
C04185,Noor Pemberton,None,2024-08-03,Spokane,WA,ST009
C04186,Lucian Ashworth,Trailhead,2023-09-23,Denver,CO,ST008
C04187,Diego Ibarra,Trailhead,2023-07-29,Portland,OR,ST013
C04188,Elena Ibarra,None,2020-02-08,Missoula,MT,ST007
C04189,Elena Zielinski,Summit,2020-07-15,Reno,NV,ST014
C04190,Elias Zielinski,Trailhead,2022-11-09,Reno,NV,ST006
C04191,Mateo Farrow,None,2024-03-06,Tacoma,WA,ST009
C04192,Lucian Zielinski,Trailhead,2020-08-09,Bend,OR,ST015
C04193,Saskia Ibarra,Summit,2023-04-21,Boulder,CO,ST005
C04194,Leila Farrow,Trailhead,2022-11-11,Missoula,MT,ST005
C04195,Tobias Thorne,Trailhead,2021-12-20,Fort Collins,CO,ST001
C04196,Saskia Ibarra,None,2020-11-29,Fort Collins,CO,ST001
C04197,Ravi Yardley,Summit,2023-12-03,Reno,NV,ST013
C04198,Elena Ashworth,Summit,2021-08-06,Fort Collins,CO,ST010
C04199,Felix Farrow,Trailhead,2021-03-06,Spokane,WA,ST003
C04200,Elias Hollis,None,2021-01-02,Park City,UT,ST009
C04201,Theo Sandoval,Trailhead,2021-04-05,Boise,ID,ST016
C04202,Mateo Kowalski,Trailhead,2021-04-24,Boulder,CO,ST007
C04203,Tobias Wexford,None,2021-09-07,Flagstaff,AZ,ST001
C04204,Beatrix Lindqvist,Trailhead,2022-08-21,Seattle,WA,ST013
C04205,Theo Hollis,Summit,2024-06-20,Bend,OR,ST001
C04206,Mateo Wexford,None,2020-03-02,Bozeman,MT,ST007
C04207,Ravi Wexford,Trailhead,2024-04-15,Salt Lake City,UT,ST011
C04208,Sana Grimshaw,Trailhead,2023-11-25,Seattle,WA,ST012
C04209,Alina Lindqvist,None,2022-01-14,Flagstaff,AZ,ST001
C04210,Freya Ellery,None,2021-04-30,Boulder,CO,ST016
C04211,Felix Grimshaw,Summit,2020-03-07,Tacoma,WA,ST005
C04212,Diego Zielinski,Summit,2020-12-28,Park City,UT,ST012
C04213,Emrys Ferreira,None,2023-12-17,Fort Collins,CO,ST002
C04214,Ravi Halvorsen,Alpine,2023-10-15,Boulder,CO,ST017
C04215,Rosa Thorne,Summit,2022-07-21,Reno,NV,ST009
C04216,Marcus Okonkwo,Trailhead,2022-06-13,Reno,NV,ST015
C04217,Imani Pemberton,Trailhead,2024-01-02,Boise,ID,ST007
C04218,Tobias Delacroix,None,2022-02-18,Portland,OR,ST007
C04219,Amara Pemberton,Trailhead,2022-02-10,Eugene,OR,ST005
C04220,Sana Hollis,Trailhead,2020-12-02,Bozeman,MT,ST014
C04221,Rosa Halvorsen,Trailhead,2021-01-28,Tacoma,WA,ST012
C04222,Nadia Sandoval,Trailhead,2022-01-06,Park City,UT,ST003
C04223,Nadia Vasquez,Trailhead,2023-11-27,Sacramento,CA,ST005
C04224,Amara Yardley,None,2022-12-29,Spokane,WA,ST001
C04225,Soren Ferreira,None,2023-03-19,Boise,ID,ST013
C04226,Saskia Whitfield,Trailhead,2022-08-20,Boulder,CO,ST010
C04227,Alina Barros,Summit,2022-09-29,Spokane,WA,ST011
C04228,Theo Ellery,None,2023-08-16,Flagstaff,AZ,ST006
C04229,Yara Nakamura,Trailhead,2021-10-10,Bend,OR,ST017
C04230,Sana Vasquez,Trailhead,2023-09-16,Boise,ID,ST013
C04231,Imani Barros,Summit,2022-05-21,Spokane,WA,ST013
C04232,Ravi Marchetti,Trailhead,2020-02-06,Spokane,WA,ST001
C04233,Kenji Hollis,Alpine,2024-01-19,Reno,NV,ST003
C04234,Kenji Okonkwo,None,2022-05-29,Portland,OR,ST008
C04235,Elena Pemberton,Trailhead,2020-06-22,Spokane,WA,ST004
C04236,Elias Sandoval,Summit,2022-08-26,Bozeman,MT,ST004
C04237,Callum Delacroix,None,2020-12-20,Coeur d'Alene,ID,ST008
C04238,Tobias Grimshaw,Trailhead,2020-07-16,Bend,OR,ST003
C04239,Kenji Lindqvist,Trailhead,2023-11-20,Eugene,OR,ST003
C04240,Felix Rasmussen,Trailhead,2024-02-09,Salt Lake City,UT,ST012
C04241,Amara Barros,Trailhead,2020-06-29,Fort Collins,CO,ST017
C04242,Elias Farrow,Trailhead,2024-06-07,Flagstaff,AZ,ST001
C04243,Kenji Delacroix,Trailhead,2024-01-13,Portland,OR,ST009
C04244,Diego Barros,None,2023-01-05,Bozeman,MT,ST004
C04245,Felix Kowalski,None,2022-01-09,Reno,NV,ST004
C04246,Kenji Grimshaw,Alpine,2024-12-29,Spokane,WA,ST010
C04247,Freya Vasquez,None,2020-07-07,Seattle,WA,ST011
C04248,Beatrix Yardley,Trailhead,2020-11-28,Seattle,WA,ST005
C04249,Yara Kowalski,None,2022-02-14,Eugene,OR,ST002
C04250,Otto Barros,Trailhead,2020-03-22,Park City,UT,ST003
C04251,Amara Whitfield,None,2021-03-14,Missoula,MT,ST008
C04252,Greta Pemberton,Summit,2020-12-13,Reno,NV,ST004
C04253,Noor Okonkwo,None,2020-04-24,Bend,OR,ST010
C04254,Tobias Lindqvist,Trailhead,2020-09-26,Eugene,OR,ST003
C04255,Imani Ashworth,None,2023-01-21,Bozeman,MT,ST005
C04256,Imani Halvorsen,Summit,2020-10-17,Flagstaff,AZ,ST013
C04257,Freya Okonkwo,Summit,2024-11-11,Denver,CO,ST016
C04258,Leila Halvorsen,Summit,2022-10-24,Park City,UT,ST015
C04259,Noor Grimshaw,None,2020-05-27,Fort Collins,CO,ST007
C04260,Tobias Farrow,None,2020-10-29,Sacramento,CA,ST012
C04261,Soren Sandoval,None,2021-02-09,Sacramento,CA,ST004
C04262,Saskia Ferreira,None,2024-05-06,Reno,NV,ST014
C04263,Beatrix Delacroix,Summit,2024-02-26,Park City,UT,ST007
C04264,Saskia Zielinski,Trailhead,2021-02-28,Salt Lake City,UT,ST013
C04265,Freya Marchetti,Alpine,2020-05-16,Reno,NV,ST011
C04266,Sana Lindqvist,None,2024-09-09,Denver,CO,ST005
C04267,Alina Whitfield,None,2022-01-08,Spokane,WA,ST009
C04268,Ravi Pemberton,None,2024-08-26,Flagstaff,AZ,ST018
C04269,Alina Hollis,None,2020-03-29,Seattle,WA,ST005
C04270,Amara Okonkwo,Summit,2023-01-09,Boise,ID,ST015
C04271,Nadia Hollis,Trailhead,2023-01-11,Reno,NV,ST009
C04272,Sana Kowalski,Alpine,2021-04-09,Flagstaff,AZ,ST009
C04273,Marcus Halvorsen,Summit,2023-05-26,Reno,NV,ST004
C04274,Mateo Whitfield,None,2021-07-11,Bend,OR,ST017
C04275,Hugo Pemberton,Trailhead,2021-03-25,Sacramento,CA,ST006
C04276,Callum Okonkwo,Trailhead,2021-08-30,Flagstaff,AZ,ST018
C04277,Kenji Sandoval,Alpine,2022-10-24,Bozeman,MT,ST008
C04278,Elena Barros,None,2023-09-01,Eugene,OR,ST015
C04279,Amara Marchetti,Trailhead,2023-01-30,Salt Lake City,UT,ST007
C04280,Felix Ellery,None,2023-04-25,Bozeman,MT,ST007
C04281,Noor Wexford,None,2024-02-23,Salt Lake City,UT,ST014
C04282,Marcus Barros,Trailhead,2024-06-22,Reno,NV,ST013
C04283,Theo Lindqvist,None,2020-09-09,Coeur d'Alene,ID,ST018
C04284,Mateo Delacroix,Trailhead,2021-03-01,Coeur d'Alene,ID,ST013
C04285,Nadia Halvorsen,Trailhead,2020-12-28,Reno,NV,ST014
C04286,Nadia Pemberton,Trailhead,2022-08-06,Boulder,CO,ST008
C04287,Diego Okonkwo,None,2022-06-05,Spokane,WA,ST002
C04288,Imani Sandoval,None,2024-02-23,Salt Lake City,UT,ST009
C04289,Elias Kowalski,Summit,2022-10-09,Fort Collins,CO,ST017
C04290,Emrys Okonkwo,None,2023-07-01,Spokane,WA,ST017
C04291,Soren Rasmussen,None,2021-12-03,Sacramento,CA,ST011
C04292,Yara Sandoval,Alpine,2020-10-26,Bozeman,MT,ST004
C04293,Imani Halvorsen,None,2021-10-02,Spokane,WA,ST008
C04294,Marcus Wexford,None,2020-02-18,Tacoma,WA,ST018
C04295,Otto Ferreira,None,2024-03-26,Denver,CO,ST004
C04296,Lucian Rasmussen,None,2023-08-17,Bend,OR,ST005
C04297,Hugo Whitfield,Trailhead,2024-01-29,Coeur d'Alene,ID,ST005
C04298,Tobias Sandoval,Trailhead,2024-08-28,Fort Collins,CO,ST013
C04299,Leila Ferreira,Trailhead,2020-09-28,Salt Lake City,UT,ST014
C04300,Imani Ferreira,None,2020-12-09,Portland,OR,ST012
C04301,Yara Ellery,Trailhead,2023-10-14,Coeur d'Alene,ID,ST014
C04302,Felix Nakamura,None,2020-04-15,Eugene,OR,ST014
C04303,Nadia Okonkwo,Trailhead,2022-10-08,Fort Collins,CO,ST017
C04304,Greta Okonkwo,None,2023-01-20,Boulder,CO,ST009
C04305,Kenji Delacroix,None,2020-07-14,Eugene,OR,ST014
C04306,Emrys Lindqvist,Alpine,2023-03-14,Portland,OR,ST015
C04307,Emrys Sandoval,Trailhead,2021-01-09,Salt Lake City,UT,ST003
C04308,Mateo Marchetti,Trailhead,2023-01-21,Fort Collins,CO,ST003
C04309,Tobias Pemberton,Summit,2020-08-19,Flagstaff,AZ,ST010
C04310,Rosa Pemberton,Trailhead,2021-09-01,Flagstaff,AZ,ST002
C04311,Yara Kowalski,None,2023-01-23,Salt Lake City,UT,ST008
C04312,Sana Ellery,None,2022-08-21,Boulder,CO,ST017
C04313,Diego Kowalski,Trailhead,2024-03-27,Spokane,WA,ST008
C04314,Imani Pemberton,Trailhead,2024-02-23,Park City,UT,ST018
C04315,Theo Nakamura,Trailhead,2024-01-29,Seattle,WA,ST017
C04316,Greta Kowalski,None,2024-10-17,Flagstaff,AZ,ST006
C04317,Alina Ashworth,None,2020-06-28,Reno,NV,ST002
C04318,Leila Rasmussen,Summit,2024-09-24,Reno,NV,ST018
C04319,Alina Ferreira,Summit,2022-10-16,Sacramento,CA,ST017
C04320,Ravi Delacroix,None,2023-02-10,Missoula,MT,ST013
C04321,Theo Wexford,Summit,2022-10-04,Spokane,WA,ST002
C04322,Lucian Wexford,Summit,2022-06-27,Boulder,CO,ST004
C04323,Otto Yardley,None,2022-07-01,Portland,OR,ST006
C04324,Saskia Ellery,Trailhead,2020-04-26,Spokane,WA,ST017
C04325,Freya Pemberton,Alpine,2024-10-05,Park City,UT,ST008
C04326,Tobias Delacroix,Trailhead,2022-10-17,Park City,UT,ST008
C04327,Leila Kowalski,Trailhead,2020-07-01,Boise,ID,ST005
C04328,Yara Ellery,None,2020-04-15,Portland,OR,ST009
C04329,Soren Vasquez,Trailhead,2023-08-03,Eugene,OR,ST003
C04330,Imani Delacroix,Trailhead,2022-08-23,Sacramento,CA,ST016
C04331,Felix Lindqvist,Trailhead,2024-01-05,Seattle,WA,ST007
C04332,Alina Zielinski,Trailhead,2020-05-28,Eugene,OR,ST010
C04333,Imani Ferreira,None,2022-05-20,Bozeman,MT,ST003
C04334,Soren Ibarra,Alpine,2023-04-25,Bend,OR,ST010
C04335,Alina Wexford,Trailhead,2021-07-28,Boise,ID,ST007
C04336,Elena Sandoval,None,2023-08-20,Eugene,OR,ST012
C04337,Felix Ferreira,Summit,2020-07-21,Spokane,WA,ST014
C04338,Nadia Wexford,None,2021-05-14,Missoula,MT,ST017
C04339,Emrys Grimshaw,Alpine,2021-04-30,Bend,OR,ST018
C04340,Theo Yardley,Summit,2024-11-23,Seattle,WA,ST016
C04341,Imani Ashworth,None,2022-06-27,Reno,NV,ST007
C04342,Sana Vasquez,Summit,2023-05-10,Boise,ID,ST012
C04343,Noor Yardley,Summit,2023-02-04,Coeur d'Alene,ID,ST007
C04344,Nadia Kowalski,Summit,2022-11-06,Sacramento,CA,ST015
C04345,Diego Ashworth,Trailhead,2024-04-29,Reno,NV,ST003
C04346,Kenji Barros,None,2023-08-24,Fort Collins,CO,ST018
C04347,Diego Hollis,None,2020-05-27,Eugene,OR,ST014
C04348,Rosa Okonkwo,None,2022-06-13,Seattle,WA,ST018
C04349,Lucian Yardley,Alpine,2022-11-25,Eugene,OR,ST008
C04350,Greta Sandoval,None,2024-03-16,Salt Lake City,UT,ST005
C04351,Otto Ibarra,Alpine,2023-03-04,Bend,OR,ST006
C04352,Amara Ellery,Alpine,2023-10-31,Denver,CO,ST005
C04353,Elena Halvorsen,None,2024-09-18,Portland,OR,ST011
C04354,Marcus Delacroix,Trailhead,2021-11-16,Denver,CO,ST013
C04355,Diego Rasmussen,Trailhead,2021-09-11,Bozeman,MT,ST007
C04356,Priya Nakamura,Alpine,2023-05-15,Coeur d'Alene,ID,ST003
C04357,Soren Whitfield,Alpine,2021-05-18,Denver,CO,ST003
C04358,Marcus Farrow,Trailhead,2024-08-04,Seattle,WA,ST004
C04359,Beatrix Hollis,None,2023-12-22,Fort Collins,CO,ST015
C04360,Lucian Vasquez,Trailhead,2020-10-20,Seattle,WA,ST010
C04361,Greta Halvorsen,None,2024-09-21,Spokane,WA,ST007
C04362,Rosa Wexford,Summit,2023-07-01,Fort Collins,CO,ST004
C04363,Marcus Pemberton,None,2021-05-11,Missoula,MT,ST007
C04364,Elena Yardley,None,2024-06-15,Salt Lake City,UT,ST011
C04365,Imani Lindqvist,None,2024-09-27,Fort Collins,CO,ST010
C04366,Nadia Marchetti,Summit,2020-09-19,Portland,OR,ST018
C04367,Felix Sandoval,Trailhead,2023-07-03,Boulder,CO,ST001
C04368,Leila Ellery,None,2023-06-15,Bozeman,MT,ST013
C04369,Amara Zielinski,None,2021-01-24,Missoula,MT,ST015
C04370,Elena Nakamura,None,2022-08-31,Bend,OR,ST016
C04371,Tobias Nakamura,Trailhead,2022-07-24,Coeur d'Alene,ID,ST009
C04372,Alina Wexford,Trailhead,2021-09-06,Denver,CO,ST017
C04373,Beatrix Ashworth,None,2024-01-14,Sacramento,CA,ST017
C04374,Tobias Wexford,None,2023-05-26,Seattle,WA,ST015
C04375,Sana Kowalski,Summit,2022-10-05,Flagstaff,AZ,ST016
C04376,Noor Halvorsen,Alpine,2022-04-19,Boulder,CO,ST010
C04377,Yara Ellery,None,2022-08-19,Flagstaff,AZ,ST018
C04378,Elena Ferreira,None,2022-04-19,Park City,UT,ST007
C04379,Freya Barros,Trailhead,2022-11-12,Denver,CO,ST009
C04380,Elena Nakamura,Alpine,2021-05-13,Spokane,WA,ST012
C04381,Saskia Marchetti,Trailhead,2023-05-17,Park City,UT,ST011
C04382,Diego Marchetti,None,2024-08-11,Bend,OR,ST002
C04383,Felix Whitfield,Trailhead,2024-08-18,Boise,ID,ST013
C04384,Leila Yardley,Summit,2020-09-10,Missoula,MT,ST008
C04385,Greta Yardley,None,2023-04-02,Salt Lake City,UT,ST006
C04386,Rosa Rasmussen,Trailhead,2024-02-23,Salt Lake City,UT,ST015
C04387,Mateo Ellery,Alpine,2024-04-21,Flagstaff,AZ,ST014
C04388,Soren Sandoval,Alpine,2022-02-08,Boise,ID,ST013
C04389,Alina Halvorsen,Trailhead,2024-01-13,Portland,OR,ST006
C04390,Emrys Lindqvist,None,2024-09-06,Sacramento,CA,ST001
C04391,Yara Pemberton,Trailhead,2022-07-06,Reno,NV,ST012
C04392,Yara Halvorsen,Trailhead,2021-05-11,Boulder,CO,ST012
C04393,Leila Barros,Trailhead,2020-11-07,Flagstaff,AZ,ST008
C04394,Rosa Halvorsen,Trailhead,2023-07-07,Spokane,WA,ST001
C04395,Soren Rasmussen,None,2022-03-16,Boulder,CO,ST015
C04396,Beatrix Farrow,None,2022-07-22,Bend,OR,ST018
C04397,Amara Vasquez,Summit,2024-06-10,Tacoma,WA,ST001
C04398,Amara Okonkwo,None,2022-07-08,Reno,NV,ST006
C04399,Nadia Zielinski,Trailhead,2021-04-25,Reno,NV,ST009
C04400,Felix Marchetti,Trailhead,2023-03-16,Portland,OR,ST005
C04401,Elena Wexford,None,2020-12-31,Missoula,MT,ST011
C04402,Diego Delacroix,None,2023-03-13,Portland,OR,ST001
C04403,Beatrix Okonkwo,Alpine,2022-09-15,Sacramento,CA,ST004
C04404,Soren Nakamura,None,2024-11-18,Park City,UT,ST016
C04405,Ravi Vasquez,Trailhead,2023-01-01,Flagstaff,AZ,ST008
C04406,Felix Zielinski,None,2021-07-03,Spokane,WA,ST014
C04407,Freya Halvorsen,Summit,2020-05-16,Park City,UT,ST017
C04408,Leila Yardley,None,2021-06-07,Salt Lake City,UT,ST010
C04409,Tobias Ellery,Trailhead,2024-06-11,Bend,OR,ST001
C04410,Elias Delacroix,None,2023-08-11,Park City,UT,ST009
C04411,Yara Lindqvist,Alpine,2023-10-18,Tacoma,WA,ST009
C04412,Theo Wexford,None,2021-01-27,Eugene,OR,ST017
C04413,Hugo Okonkwo,Alpine,2020-08-01,Eugene,OR,ST001
C04414,Leila Ashworth,Summit,2020-04-09,Sacramento,CA,ST008
C04415,Yara Kowalski,Trailhead,2020-11-03,Bend,OR,ST007
C04416,Yara Wexford,None,2023-11-22,Missoula,MT,ST012
C04417,Leila Lindqvist,None,2022-03-23,Bend,OR,ST008
C04418,Elias Kowalski,Trailhead,2021-04-21,Bend,OR,ST004
C04419,Yara Ashworth,None,2020-04-05,Coeur d'Alene,ID,ST006
C04420,Freya Vasquez,None,2024-05-20,Fort Collins,CO,ST012
C04421,Kenji Ashworth,Trailhead,2021-08-02,Boulder,CO,ST014
C04422,Lucian Grimshaw,Alpine,2020-08-28,Bend,OR,ST016
C04423,Mateo Halvorsen,None,2022-02-21,Seattle,WA,ST001
C04424,Kenji Yardley,Alpine,2022-03-31,Salt Lake City,UT,ST018
C04425,Diego Okonkwo,Trailhead,2020-11-06,Missoula,MT,ST016
C04426,Felix Halvorsen,None,2023-02-01,Flagstaff,AZ,ST010
C04427,Soren Barros,None,2021-07-06,Tacoma,WA,ST011
C04428,Noor Kowalski,None,2020-11-28,Park City,UT,ST014
C04429,Saskia Ibarra,Trailhead,2021-07-19,Bend,OR,ST003
C04430,Sana Sandoval,None,2022-01-21,Portland,OR,ST014
C04431,Tobias Farrow,Trailhead,2024-05-28,Tacoma,WA,ST001
C04432,Priya Yardley,None,2024-01-22,Bend,OR,ST002
C04433,Leila Whitfield,None,2022-02-12,Missoula,MT,ST017
C04434,Felix Grimshaw,Trailhead,2024-05-12,Missoula,MT,ST012
C04435,Rosa Kowalski,None,2020-05-04,Missoula,MT,ST004
C04436,Diego Wexford,Summit,2023-04-15,Boise,ID,ST001
C04437,Emrys Okonkwo,None,2022-04-01,Salt Lake City,UT,ST018
C04438,Freya Hollis,Trailhead,2021-08-11,Spokane,WA,ST007
C04439,Elena Okonkwo,Summit,2022-05-28,Bozeman,MT,ST006
C04440,Lucian Rasmussen,Summit,2023-10-29,Eugene,OR,ST003
C04441,Saskia Ashworth,None,2022-12-06,Missoula,MT,ST007
C04442,Elena Ibarra,None,2021-04-20,Flagstaff,AZ,ST012
C04443,Marcus Okonkwo,Trailhead,2021-10-28,Portland,OR,ST010
C04444,Beatrix Wexford,Trailhead,2022-02-01,Coeur d'Alene,ID,ST017
C04445,Otto Farrow,None,2024-08-13,Salt Lake City,UT,ST001
C04446,Ravi Farrow,Summit,2021-04-17,Missoula,MT,ST002
C04447,Diego Grimshaw,None,2020-11-18,Salt Lake City,UT,ST016
C04448,Lucian Marchetti,Trailhead,2022-04-20,Flagstaff,AZ,ST001
C04449,Felix Ashworth,None,2022-09-23,Fort Collins,CO,ST007
C04450,Otto Okonkwo,Trailhead,2021-12-22,Salt Lake City,UT,ST015
C04451,Priya Zielinski,Trailhead,2021-10-10,Bend,OR,ST002
C04452,Imani Grimshaw,Trailhead,2022-01-21,Fort Collins,CO,ST006
C04453,Beatrix Pemberton,Alpine,2020-08-18,Sacramento,CA,ST006
C04454,Saskia Yardley,Summit,2021-05-17,Boise,ID,ST007
C04455,Yara Barros,Summit,2022-02-20,Reno,NV,ST007
C04456,Freya Zielinski,Summit,2023-09-29,Spokane,WA,ST012
C04457,Amara Grimshaw,None,2024-04-28,Flagstaff,AZ,ST004
C04458,Saskia Ibarra,Summit,2024-03-01,Salt Lake City,UT,ST007
C04459,Soren Zielinski,None,2020-08-17,Eugene,OR,ST013
C04460,Alina Ibarra,Trailhead,2021-01-17,Seattle,WA,ST004
C04461,Mateo Hollis,None,2024-08-06,Spokane,WA,ST011
C04462,Sana Lindqvist,Trailhead,2023-06-26,Park City,UT,ST011
C04463,Kenji Delacroix,Alpine,2020-10-06,Reno,NV,ST010
C04464,Freya Ashworth,Trailhead,2021-12-04,Seattle,WA,ST002
C04465,Sana Hollis,Alpine,2020-07-28,Coeur d'Alene,ID,ST013
C04466,Hugo Okonkwo,None,2022-06-17,Flagstaff,AZ,ST005
C04467,Theo Farrow,None,2024-03-22,Park City,UT,ST007
C04468,Alina Vasquez,Trailhead,2024-10-24,Missoula,MT,ST007
C04469,Amara Ibarra,Trailhead,2022-05-04,Bend,OR,ST006
C04470,Yara Nakamura,None,2022-10-07,Bend,OR,ST005
C04471,Imani Barros,Summit,2021-01-12,Park City,UT,ST018
C04472,Theo Rasmussen,Trailhead,2024-10-21,Flagstaff,AZ,ST015
C04473,Sana Yardley,Summit,2023-04-06,Boise,ID,ST002
C04474,Kenji Okonkwo,Alpine,2023-09-04,Boise,ID,ST017
C04475,Imani Kowalski,Alpine,2020-05-17,Seattle,WA,ST002
C04476,Elias Farrow,None,2022-01-25,Boise,ID,ST009
C04477,Priya Wexford,Summit,2020-10-12,Seattle,WA,ST014
C04478,Tobias Barros,None,2023-08-13,Missoula,MT,ST018
C04479,Beatrix Yardley,Trailhead,2023-11-19,Denver,CO,ST011
C04480,Lucian Farrow,Trailhead,2020-11-25,Eugene,OR,ST014
C04481,Ravi Delacroix,Trailhead,2023-04-24,Tacoma,WA,ST017
C04482,Callum Wexford,Trailhead,2024-08-28,Reno,NV,ST003
C04483,Nadia Kowalski,Summit,2020-03-11,Flagstaff,AZ,ST014
C04484,Soren Whitfield,None,2023-11-03,Salt Lake City,UT,ST015
C04485,Alina Okonkwo,None,2020-03-26,Tacoma,WA,ST007
C04486,Elias Yardley,Trailhead,2021-09-21,Salt Lake City,UT,ST010
C04487,Elena Whitfield,Alpine,2022-10-19,Flagstaff,AZ,ST004
C04488,Soren Hollis,Trailhead,2024-11-17,Coeur d'Alene,ID,ST005
C04489,Kenji Ellery,Trailhead,2021-01-26,Denver,CO,ST013
C04490,Hugo Ashworth,Trailhead,2023-08-29,Reno,NV,ST009
C04491,Callum Nakamura,None,2021-03-15,Tacoma,WA,ST011
C04492,Greta Farrow,Trailhead,2020-08-21,Park City,UT,ST006
C04493,Hugo Thorne,Alpine,2020-12-12,Eugene,OR,ST017
C04494,Yara Marchetti,None,2020-12-20,Denver,CO,ST009
C04495,Leila Nakamura,Trailhead,2021-10-19,Tacoma,WA,ST009
C04496,Noor Whitfield,Summit,2022-12-01,Flagstaff,AZ,ST012
C04497,Priya Pemberton,Trailhead,2022-02-03,Boise,ID,ST002
C04498,Greta Whitfield,Trailhead,2020-09-15,Seattle,WA,ST012
C04499,Ravi Grimshaw,None,2021-07-29,Denver,CO,ST010
C04500,Noor Wexford,Summit,2021-08-01,Portland,OR,ST004
C04501,Yara Ferreira,Alpine,2021-01-13,Missoula,MT,ST014
C04502,Amara Ibarra,Alpine,2021-11-16,Salt Lake City,UT,ST003
C04503,Theo Thorne,Summit,2021-04-11,Boise,ID,ST011
C04504,Lucian Lindqvist,Alpine,2023-10-25,Reno,NV,ST002
C04505,Hugo Thorne,Summit,2024-05-10,Tacoma,WA,ST002
C04506,Tobias Barros,Alpine,2021-11-02,Seattle,WA,ST009
C04507,Lucian Yardley,None,2023-10-19,Salt Lake City,UT,ST015
C04508,Theo Nakamura,Summit,2020-10-11,Seattle,WA,ST002
C04509,Imani Ibarra,Trailhead,2021-09-08,Sacramento,CA,ST017
C04510,Marcus Okonkwo,Summit,2024-09-29,Bend,OR,ST010
C04511,Felix Zielinski,Trailhead,2023-01-23,Tacoma,WA,ST014
C04512,Saskia Hollis,None,2020-12-30,Missoula,MT,ST001
C04513,Kenji Lindqvist,Alpine,2024-01-09,Spokane,WA,ST005
C04514,Emrys Whitfield,None,2024-02-23,Bozeman,MT,ST008
C04515,Callum Lindqvist,None,2022-03-13,Missoula,MT,ST013
C04516,Tobias Yardley,Trailhead,2020-04-22,Flagstaff,AZ,ST016
C04517,Otto Okonkwo,Summit,2023-05-21,Spokane,WA,ST011
C04518,Amara Hollis,Trailhead,2023-04-04,Eugene,OR,ST014
C04519,Greta Marchetti,Alpine,2020-06-22,Bend,OR,ST017
C04520,Rosa Ellery,Summit,2023-06-30,Bozeman,MT,ST009
C04521,Alina Halvorsen,None,2020-07-20,Seattle,WA,ST007
C04522,Otto Thorne,Trailhead,2024-06-25,Fort Collins,CO,ST013
C04523,Felix Vasquez,Summit,2024-12-12,Seattle,WA,ST001
C04524,Kenji Whitfield,Trailhead,2024-07-20,Seattle,WA,ST003
C04525,Diego Delacroix,None,2022-08-18,Portland,OR,ST014
C04526,Priya Delacroix,None,2021-06-15,Salt Lake City,UT,ST002
C04527,Leila Delacroix,None,2024-01-13,Tacoma,WA,ST004
C04528,Freya Kowalski,None,2024-05-08,Eugene,OR,ST015
C04529,Hugo Rasmussen,None,2022-03-06,Flagstaff,AZ,ST006
C04530,Marcus Farrow,Trailhead,2020-08-24,Tacoma,WA,ST004
C04531,Saskia Ashworth,None,2023-01-25,Spokane,WA,ST009
C04532,Nadia Sandoval,None,2020-04-01,Salt Lake City,UT,ST002
C04533,Saskia Okonkwo,None,2023-08-30,Seattle,WA,ST009
C04534,Elias Farrow,None,2021-01-02,Missoula,MT,ST015
C04535,Imani Pemberton,Trailhead,2021-01-13,Missoula,MT,ST013
C04536,Elena Yardley,None,2024-10-19,Bend,OR,ST016
C04537,Ravi Ellery,Trailhead,2022-03-26,Reno,NV,ST012
C04538,Greta Okonkwo,None,2024-10-15,Salt Lake City,UT,ST008
C04539,Nadia Delacroix,Summit,2024-12-21,Boise,ID,ST005
C04540,Nadia Lindqvist,Trailhead,2023-01-23,Denver,CO,ST001
C04541,Sana Ibarra,Trailhead,2020-02-08,Boulder,CO,ST016
C04542,Elias Pemberton,Summit,2023-01-17,Seattle,WA,ST004
C04543,Otto Yardley,None,2022-03-15,Fort Collins,CO,ST003
C04544,Felix Okonkwo,None,2021-03-25,Portland,OR,ST010
C04545,Freya Yardley,Trailhead,2023-04-24,Coeur d'Alene,ID,ST001
C04546,Elias Ellery,Trailhead,2020-12-28,Boise,ID,ST014
C04547,Marcus Sandoval,Trailhead,2023-06-13,Eugene,OR,ST001
C04548,Nadia Zielinski,Summit,2024-02-27,Bend,OR,ST008
C04549,Beatrix Pemberton,Trailhead,2020-12-21,Fort Collins,CO,ST004
C04550,Felix Pemberton,Summit,2024-05-15,Spokane,WA,ST004
C04551,Sana Pemberton,Trailhead,2023-05-27,Fort Collins,CO,ST011
C04552,Sana Vasquez,Summit,2022-07-05,Sacramento,CA,ST011
C04553,Imani Rasmussen,Trailhead,2024-06-21,Boulder,CO,ST003
C04554,Diego Nakamura,Trailhead,2022-01-20,Fort Collins,CO,ST016
C04555,Sana Zielinski,Trailhead,2020-09-19,Missoula,MT,ST016
C04556,Hugo Kowalski,None,2021-12-06,Coeur d'Alene,ID,ST011
C04557,Kenji Delacroix,None,2020-09-05,Missoula,MT,ST013
C04558,Yara Nakamura,None,2021-10-14,Spokane,WA,ST015
C04559,Greta Rasmussen,None,2021-04-13,Denver,CO,ST008
C04560,Kenji Wexford,None,2023-02-07,Coeur d'Alene,ID,ST014
C04561,Marcus Sandoval,None,2024-06-08,Park City,UT,ST009
C04562,Ravi Vasquez,Alpine,2022-04-28,Sacramento,CA,ST017
C04563,Mateo Hollis,None,2024-05-23,Boulder,CO,ST013
C04564,Elena Rasmussen,Alpine,2024-09-28,Fort Collins,CO,ST013
C04565,Ravi Okonkwo,None,2023-04-07,Portland,OR,ST003
C04566,Soren Delacroix,Trailhead,2022-10-16,Eugene,OR,ST011
C04567,Rosa Vasquez,None,2024-07-03,Missoula,MT,ST007
C04568,Kenji Vasquez,None,2024-08-22,Salt Lake City,UT,ST013
C04569,Amara Vasquez,None,2022-02-14,Salt Lake City,UT,ST018
C04570,Saskia Barros,Alpine,2024-11-02,Boise,ID,ST007
C04571,Amara Lindqvist,Trailhead,2023-04-17,Bozeman,MT,ST010
C04572,Otto Ferreira,None,2022-06-27,Coeur d'Alene,ID,ST007
C04573,Priya Ashworth,Trailhead,2023-06-29,Missoula,MT,ST005
C04574,Yara Okonkwo,Trailhead,2023-04-17,Spokane,WA,ST002
C04575,Leila Hollis,None,2021-06-19,Fort Collins,CO,ST015
C04576,Sana Barros,Summit,2024-04-04,Salt Lake City,UT,ST013
C04577,Lucian Ferreira,Summit,2022-05-04,Denver,CO,ST009
C04578,Elena Grimshaw,Trailhead,2022-09-25,Park City,UT,ST004
C04579,Sana Ashworth,None,2020-10-31,Salt Lake City,UT,ST005
C04580,Sana Ibarra,Trailhead,2023-06-23,Denver,CO,ST017
C04581,Mateo Yardley,Trailhead,2023-10-06,Denver,CO,ST005
C04582,Tobias Marchetti,Alpine,2020-06-09,Sacramento,CA,ST007
C04583,Lucian Ashworth,None,2022-03-18,Missoula,MT,ST016
C04584,Marcus Hollis,Summit,2021-03-02,Boise,ID,ST009
C04585,Lucian Ferreira,None,2023-12-26,Reno,NV,ST006
C04586,Soren Marchetti,Trailhead,2022-07-02,Reno,NV,ST002
C04587,Amara Delacroix,Trailhead,2021-10-01,Boise,ID,ST013
C04588,Nadia Ibarra,Summit,2022-08-05,Tacoma,WA,ST018
C04589,Emrys Vasquez,Alpine,2022-07-26,Tacoma,WA,ST012
C04590,Kenji Vasquez,None,2022-05-04,Bend,OR,ST011
C04591,Hugo Okonkwo,Trailhead,2022-12-15,Eugene,OR,ST006
C04592,Elias Kowalski,Trailhead,2022-02-25,Park City,UT,ST004
C04593,Leila Ferreira,None,2023-01-17,Missoula,MT,ST018
C04594,Leila Hollis,Summit,2024-08-09,Seattle,WA,ST018
C04595,Nadia Vasquez,Trailhead,2024-01-31,Sacramento,CA,ST014
C04596,Hugo Farrow,Trailhead,2024-06-01,Eugene,OR,ST010
C04597,Freya Nakamura,None,2020-02-28,Spokane,WA,ST013
C04598,Beatrix Okonkwo,None,2022-01-06,Portland,OR,ST003
C04599,Callum Barros,None,2024-01-05,Park City,UT,ST003
C04600,Nadia Ellery,Summit,2024-02-08,Coeur d'Alene,ID,ST010
C04601,Emrys Barros,None,2021-03-28,Bend,OR,ST016
C04602,Elias Ferreira,None,2023-10-08,Boise,ID,ST012
C04603,Ravi Farrow,None,2021-08-04,Portland,OR,ST007
C04604,Marcus Ferreira,Summit,2024-02-28,Park City,UT,ST014
C04605,Imani Ashworth,Summit,2020-11-11,Sacramento,CA,ST001
C04606,Kenji Sandoval,None,2023-01-29,Bend,OR,ST010
C04607,Amara Barros,None,2022-03-12,Boulder,CO,ST015
C04608,Elena Kowalski,Summit,2022-09-29,Seattle,WA,ST002
C04609,Felix Ferreira,Alpine,2021-12-17,Bozeman,MT,ST008
C04610,Sana Ellery,Summit,2024-01-13,Bozeman,MT,ST009
C04611,Ravi Barros,Trailhead,2024-11-03,Missoula,MT,ST002
C04612,Yara Thorne,None,2022-12-30,Portland,OR,ST002
C04613,Emrys Ferreira,Trailhead,2023-05-21,Park City,UT,ST003
C04614,Ravi Marchetti,Trailhead,2020-02-13,Boulder,CO,ST009
C04615,Imani Halvorsen,Trailhead,2023-04-06,Flagstaff,AZ,ST005
C04616,Yara Kowalski,Alpine,2021-02-21,Fort Collins,CO,ST006
C04617,Tobias Hollis,None,2024-06-17,Portland,OR,ST012
C04618,Noor Delacroix,None,2023-05-04,Missoula,MT,ST006
C04619,Amara Rasmussen,Trailhead,2020-09-22,Missoula,MT,ST017
C04620,Soren Grimshaw,None,2023-11-01,Spokane,WA,ST002
C04621,Theo Zielinski,Trailhead,2020-04-02,Eugene,OR,ST005
C04622,Diego Ashworth,Trailhead,2024-05-15,Portland,OR,ST012
C04623,Greta Farrow,Trailhead,2020-08-21,Reno,NV,ST002
C04624,Theo Barros,Trailhead,2020-07-12,Park City,UT,ST009
C04625,Hugo Ferreira,Trailhead,2021-08-09,Reno,NV,ST009
C04626,Beatrix Marchetti,Trailhead,2022-06-04,Flagstaff,AZ,ST009
C04627,Alina Delacroix,Trailhead,2024-08-10,Portland,OR,ST010
C04628,Felix Ellery,Trailhead,2022-03-04,Spokane,WA,ST015
C04629,Freya Pemberton,Summit,2021-10-17,Portland,OR,ST004
C04630,Noor Grimshaw,None,2020-07-15,Bozeman,MT,ST004
C04631,Sana Kowalski,Trailhead,2023-01-07,Bozeman,MT,ST007
C04632,Elias Thorne,Summit,2023-11-19,Seattle,WA,ST001
C04633,Felix Barros,Summit,2020-02-16,Bend,OR,ST012
C04634,Nadia Lindqvist,Summit,2024-08-19,Reno,NV,ST013
C04635,Otto Thorne,Trailhead,2022-05-12,Fort Collins,CO,ST009
C04636,Ravi Hollis,Summit,2023-04-04,Seattle,WA,ST004
C04637,Theo Yardley,Summit,2023-03-30,Boise,ID,ST001
C04638,Tobias Hollis,Trailhead,2022-06-03,Salt Lake City,UT,ST002
C04639,Leila Ferreira,None,2024-07-03,Spokane,WA,ST017
C04640,Alina Barros,None,2024-07-23,Salt Lake City,UT,ST018
C04641,Yara Farrow,None,2024-09-27,Salt Lake City,UT,ST009
C04642,Elena Wexford,Trailhead,2023-02-09,Eugene,OR,ST016
C04643,Nadia Whitfield,Trailhead,2020-06-30,Spokane,WA,ST017
C04644,Yara Nakamura,Summit,2021-11-20,Denver,CO,ST013
C04645,Imani Wexford,Trailhead,2024-03-12,Salt Lake City,UT,ST012
C04646,Diego Pemberton,Summit,2021-06-30,Sacramento,CA,ST011
C04647,Alina Kowalski,Summit,2020-02-20,Fort Collins,CO,ST005
C04648,Elias Yardley,Trailhead,2023-10-06,Salt Lake City,UT,ST003
C04649,Lucian Wexford,Summit,2020-12-18,Bozeman,MT,ST001
C04650,Noor Vasquez,Summit,2023-01-02,Bozeman,MT,ST012
C04651,Beatrix Sandoval,None,2023-03-23,Boulder,CO,ST005
C04652,Nadia Farrow,Alpine,2024-10-31,Eugene,OR,ST005
C04653,Greta Halvorsen,None,2024-08-21,Seattle,WA,ST002
C04654,Priya Nakamura,Trailhead,2021-06-05,Spokane,WA,ST018
C04655,Soren Thorne,None,2024-05-10,Bozeman,MT,ST005
C04656,Yara Sandoval,Summit,2023-01-10,Fort Collins,CO,ST004
C04657,Elias Ashworth,None,2020-06-09,Boise,ID,ST006
C04658,Greta Delacroix,Trailhead,2020-07-02,Eugene,OR,ST005
C04659,Imani Ashworth,Trailhead,2020-02-04,Eugene,OR,ST006
C04660,Kenji Grimshaw,Trailhead,2021-04-29,Sacramento,CA,ST013
C04661,Emrys Pemberton,Trailhead,2021-03-22,Boulder,CO,ST002
C04662,Freya Barros,Alpine,2023-02-14,Eugene,OR,ST006
C04663,Marcus Nakamura,Trailhead,2024-05-29,Reno,NV,ST017
C04664,Amara Nakamura,Trailhead,2024-09-01,Flagstaff,AZ,ST018
C04665,Ravi Marchetti,Summit,2024-08-29,Bozeman,MT,ST016
C04666,Saskia Sandoval,Summit,2024-06-24,Coeur d'Alene,ID,ST014
C04667,Felix Barros,Trailhead,2022-05-24,Park City,UT,ST010
C04668,Leila Kowalski,Summit,2022-05-31,Park City,UT,ST004
C04669,Ravi Barros,Trailhead,2023-09-20,Denver,CO,ST006
C04670,Yara Ashworth,Summit,2024-12-27,Missoula,MT,ST008
C04671,Leila Rasmussen,Trailhead,2024-02-25,Missoula,MT,ST015
C04672,Emrys Rasmussen,Trailhead,2021-03-21,Seattle,WA,ST015
C04673,Marcus Hollis,None,2024-03-13,Bozeman,MT,ST005
C04674,Tobias Marchetti,Trailhead,2024-10-13,Sacramento,CA,ST012
C04675,Ravi Delacroix,Alpine,2023-12-20,Tacoma,WA,ST016
C04676,Imani Wexford,None,2020-02-22,Seattle,WA,ST003
C04677,Soren Pemberton,Summit,2023-09-25,Boulder,CO,ST017
C04678,Greta Grimshaw,Trailhead,2023-06-07,Salt Lake City,UT,ST017
C04679,Noor Whitfield,Alpine,2020-09-03,Boulder,CO,ST015
C04680,Nadia Whitfield,Summit,2024-12-12,Sacramento,CA,ST011
C04681,Freya Zielinski,Trailhead,2020-07-03,Sacramento,CA,ST006
C04682,Saskia Okonkwo,Alpine,2022-09-11,Missoula,MT,ST007
C04683,Diego Kowalski,None,2021-08-08,Missoula,MT,ST015
C04684,Amara Okonkwo,Trailhead,2022-06-21,Denver,CO,ST006
C04685,Tobias Ellery,Summit,2023-11-05,Seattle,WA,ST012
C04686,Yara Ellery,Trailhead,2020-10-23,Bozeman,MT,ST017
C04687,Hugo Rasmussen,Summit,2020-07-01,Spokane,WA,ST002
C04688,Kenji Sandoval,Summit,2022-06-02,Portland,OR,ST006
C04689,Elena Kowalski,Summit,2021-04-17,Seattle,WA,ST014
C04690,Callum Hollis,None,2020-06-19,Spokane,WA,ST006
C04691,Nadia Whitfield,None,2021-12-15,Tacoma,WA,ST008
C04692,Elena Okonkwo,Trailhead,2021-09-09,Fort Collins,CO,ST006
C04693,Hugo Pemberton,None,2020-06-03,Portland,OR,ST010
C04694,Beatrix Barros,Trailhead,2020-01-29,Boise,ID,ST001
C04695,Emrys Lindqvist,None,2023-06-27,Boulder,CO,ST017
C04696,Alina Barros,None,2023-09-21,Salt Lake City,UT,ST017
C04697,Diego Lindqvist,Trailhead,2021-09-04,Flagstaff,AZ,ST009
C04698,Yara Ibarra,Summit,2021-06-23,Fort Collins,CO,ST002
C04699,Ravi Whitfield,None,2021-11-08,Salt Lake City,UT,ST005
C04700,Mateo Sandoval,Trailhead,2024-03-31,Salt Lake City,UT,ST008
C04701,Theo Rasmussen,Trailhead,2021-01-17,Salt Lake City,UT,ST002
C04702,Theo Wexford,None,2020-10-21,Fort Collins,CO,ST009
C04703,Alina Ashworth,None,2022-11-05,Seattle,WA,ST012
C04704,Elena Thorne,Alpine,2022-08-08,Tacoma,WA,ST014
C04705,Nadia Rasmussen,Alpine,2024-02-25,Park City,UT,ST017
C04706,Leila Yardley,Trailhead,2020-10-05,Bend,OR,ST005
C04707,Lucian Lindqvist,Alpine,2020-09-12,Sacramento,CA,ST015
C04708,Mateo Zielinski,None,2022-07-28,Fort Collins,CO,ST009
C04709,Amara Vasquez,None,2020-04-11,Spokane,WA,ST011
C04710,Soren Pemberton,None,2021-01-03,Fort Collins,CO,ST015
C04711,Ravi Delacroix,Trailhead,2020-05-17,Sacramento,CA,ST016
C04712,Emrys Halvorsen,Summit,2021-08-05,Reno,NV,ST011
C04713,Tobias Kowalski,Trailhead,2023-06-27,Seattle,WA,ST002
C04714,Theo Barros,None,2023-02-01,Boise,ID,ST005
C04715,Saskia Wexford,Trailhead,2021-07-29,Coeur d'Alene,ID,ST009
C04716,Elena Marchetti,Trailhead,2023-04-30,Missoula,MT,ST018
C04717,Imani Hollis,None,2021-04-03,Park City,UT,ST008
C04718,Amara Rasmussen,Trailhead,2023-10-18,Reno,NV,ST016
C04719,Felix Sandoval,None,2022-01-06,Fort Collins,CO,ST009
C04720,Otto Thorne,Summit,2023-05-04,Fort Collins,CO,ST008
C04721,Priya Sandoval,Trailhead,2022-01-01,Boise,ID,ST013
C04722,Alina Vasquez,Summit,2022-11-21,Sacramento,CA,ST004
C04723,Soren Sandoval,None,2021-04-18,Bend,OR,ST014
C04724,Noor Ferreira,None,2020-05-19,Reno,NV,ST003
C04725,Amara Hollis,Trailhead,2022-08-08,Eugene,OR,ST017
C04726,Kenji Grimshaw,None,2021-10-23,Fort Collins,CO,ST013
C04727,Alina Farrow,Trailhead,2024-02-19,Spokane,WA,ST006
C04728,Ravi Halvorsen,None,2023-04-12,Park City,UT,ST004
C04729,Theo Okonkwo,Trailhead,2023-09-18,Denver,CO,ST015
C04730,Diego Kowalski,None,2023-09-16,Portland,OR,ST015
C04731,Callum Zielinski,None,2024-01-31,Salt Lake City,UT,ST007
C04732,Soren Okonkwo,None,2020-10-21,Eugene,OR,ST007
C04733,Amara Delacroix,Summit,2021-03-18,Salt Lake City,UT,ST004
C04734,Otto Halvorsen,Summit,2024-10-20,Salt Lake City,UT,ST007
C04735,Kenji Marchetti,Trailhead,2024-01-03,Denver,CO,ST015
C04736,Priya Pemberton,None,2024-07-12,Missoula,MT,ST013
C04737,Hugo Yardley,Trailhead,2021-09-07,Seattle,WA,ST013
C04738,Freya Sandoval,Summit,2020-02-14,Portland,OR,ST012
C04739,Alina Hollis,Trailhead,2024-07-12,Bozeman,MT,ST007
C04740,Callum Halvorsen,Trailhead,2020-03-26,Sacramento,CA,ST011
C04741,Kenji Thorne,None,2021-08-14,Coeur d'Alene,ID,ST017
C04742,Mateo Kowalski,None,2022-10-27,Bend,OR,ST001
C04743,Mateo Farrow,None,2022-03-07,Park City,UT,ST003
C04744,Leila Ferreira,Alpine,2021-09-16,Seattle,WA,ST017
C04745,Lucian Sandoval,None,2022-09-07,Bend,OR,ST001
C04746,Soren Hollis,Summit,2020-09-05,Seattle,WA,ST002
C04747,Beatrix Whitfield,Trailhead,2024-09-19,Denver,CO,ST012
C04748,Freya Ibarra,None,2024-10-22,Sacramento,CA,ST016
C04749,Hugo Marchetti,Trailhead,2024-12-17,Bend,OR,ST009
C04750,Beatrix Kowalski,None,2022-07-16,Boise,ID,ST016
C04751,Priya Pemberton,None,2021-09-02,Spokane,WA,ST017
C04752,Kenji Zielinski,None,2024-03-21,Bozeman,MT,ST011
C04753,Otto Thorne,Trailhead,2021-03-31,Denver,CO,ST009
C04754,Priya Sandoval,Alpine,2023-11-12,Missoula,MT,ST015
C04755,Kenji Ferreira,None,2022-11-05,Coeur d'Alene,ID,ST004
C04756,Sana Marchetti,None,2021-02-26,Fort Collins,CO,ST007
C04757,Nadia Yardley,Trailhead,2024-05-19,Boulder,CO,ST009
C04758,Soren Yardley,Trailhead,2022-10-07,Sacramento,CA,ST017
C04759,Priya Ibarra,Trailhead,2023-12-28,Bend,OR,ST015
C04760,Marcus Ferreira,Trailhead,2020-05-04,Eugene,OR,ST012
C04761,Emrys Ibarra,None,2024-10-03,Coeur d'Alene,ID,ST005
C04762,Callum Delacroix,Alpine,2020-04-06,Reno,NV,ST006
C04763,Nadia Ellery,None,2021-06-24,Spokane,WA,ST016
C04764,Rosa Ellery,Summit,2021-06-04,Bend,OR,ST001
C04765,Lucian Ashworth,Trailhead,2024-07-04,Sacramento,CA,ST007
C04766,Lucian Yardley,Alpine,2023-02-26,Portland,OR,ST008
C04767,Otto Marchetti,None,2020-12-18,Bozeman,MT,ST001
C04768,Amara Kowalski,None,2022-03-09,Denver,CO,ST002
C04769,Leila Ashworth,Summit,2021-05-25,Eugene,OR,ST002
C04770,Elena Lindqvist,Trailhead,2021-08-26,Denver,CO,ST007
C04771,Freya Ellery,None,2024-06-25,Fort Collins,CO,ST002
C04772,Callum Whitfield,Summit,2022-01-25,Bozeman,MT,ST011
C04773,Freya Rasmussen,None,2023-08-09,Missoula,MT,ST014
C04774,Marcus Rasmussen,None,2020-05-08,Tacoma,WA,ST008
C04775,Diego Hollis,None,2022-06-18,Bend,OR,ST004
C04776,Tobias Nakamura,Trailhead,2022-05-01,Coeur d'Alene,ID,ST018
C04777,Ravi Hollis,None,2022-03-03,Eugene,OR,ST011
C04778,Noor Marchetti,None,2023-03-21,Portland,OR,ST018
C04779,Rosa Lindqvist,Trailhead,2024-10-14,Eugene,OR,ST012
C04780,Amara Delacroix,Summit,2023-05-02,Missoula,MT,ST008
C04781,Ravi Yardley,Trailhead,2020-03-08,Reno,NV,ST005
C04782,Sana Sandoval,Summit,2020-11-28,Reno,NV,ST012
C04783,Freya Rasmussen,Summit,2022-10-09,Spokane,WA,ST001
C04784,Greta Ferreira,Trailhead,2022-04-13,Coeur d'Alene,ID,ST009
C04785,Rosa Halvorsen,Alpine,2023-07-07,Denver,CO,ST002
C04786,Ravi Marchetti,Trailhead,2024-10-23,Tacoma,WA,ST016
C04787,Lucian Delacroix,None,2024-07-16,Denver,CO,ST003
C04788,Diego Lindqvist,Alpine,2021-03-06,Sacramento,CA,ST015
C04789,Soren Marchetti,None,2020-06-22,Boulder,CO,ST001
C04790,Tobias Whitfield,Trailhead,2024-04-25,Boulder,CO,ST004
C04791,Yara Farrow,None,2021-07-22,Sacramento,CA,ST002
C04792,Noor Vasquez,Summit,2024-05-09,Flagstaff,AZ,ST013
C04793,Emrys Grimshaw,Summit,2023-05-15,Fort Collins,CO,ST004
C04794,Kenji Grimshaw,None,2023-08-02,Reno,NV,ST014
C04795,Noor Halvorsen,Summit,2023-03-16,Sacramento,CA,ST002
C04796,Tobias Zielinski,None,2023-03-22,Portland,OR,ST012
C04797,Mateo Ellery,None,2022-08-24,Salt Lake City,UT,ST003
C04798,Elias Wexford,None,2023-02-28,Park City,UT,ST004
C04799,Alina Hollis,Trailhead,2022-01-18,Eugene,OR,ST006
C04800,Mateo Ellery,Summit,2024-06-30,Tacoma,WA,ST006
C04801,Sana Pemberton,Summit,2023-10-28,Boulder,CO,ST006
C04802,Sana Pemberton,None,2023-03-24,Sacramento,CA,ST010
C04803,Greta Rasmussen,None,2024-04-19,Sacramento,CA,ST003
C04804,Mateo Thorne,None,2022-08-07,Bozeman,MT,ST016
C04805,Sana Nakamura,None,2022-07-12,Boulder,CO,ST018
C04806,Mateo Okonkwo,Summit,2021-07-28,Denver,CO,ST010
C04807,Elena Grimshaw,Trailhead,2023-03-02,Tacoma,WA,ST016
C04808,Marcus Grimshaw,Trailhead,2021-04-23,Missoula,MT,ST015
C04809,Elias Marchetti,None,2020-08-02,Tacoma,WA,ST015
C04810,Priya Lindqvist,Trailhead,2022-07-18,Fort Collins,CO,ST007
C04811,Felix Wexford,Summit,2021-07-30,Spokane,WA,ST004
C04812,Sana Marchetti,None,2022-05-29,Bozeman,MT,ST018
C04813,Greta Hollis,Summit,2023-07-20,Coeur d'Alene,ID,ST016
C04814,Ravi Rasmussen,Trailhead,2021-02-05,Spokane,WA,ST015
C04815,Elena Nakamura,Summit,2020-02-13,Eugene,OR,ST016
C04816,Imani Marchetti,Alpine,2022-11-07,Tacoma,WA,ST009
C04817,Freya Halvorsen,Summit,2020-12-04,Spokane,WA,ST005
C04818,Saskia Barros,None,2024-01-15,Coeur d'Alene,ID,ST005
C04819,Priya Pemberton,None,2022-01-30,Coeur d'Alene,ID,ST005
C04820,Sana Grimshaw,None,2021-04-05,Tacoma,WA,ST016
C04821,Lucian Yardley,Summit,2021-06-29,Boise,ID,ST006
C04822,Mateo Marchetti,None,2023-12-24,Coeur d'Alene,ID,ST013
C04823,Greta Grimshaw,None,2021-12-19,Reno,NV,ST016
C04824,Lucian Thorne,Trailhead,2023-05-30,Bend,OR,ST015
C04825,Freya Ferreira,None,2020-09-28,Boise,ID,ST001
C04826,Alina Zielinski,Alpine,2020-04-04,Eugene,OR,ST017
C04827,Kenji Pemberton,None,2023-07-28,Fort Collins,CO,ST008
C04828,Felix Halvorsen,Trailhead,2022-04-12,Eugene,OR,ST011
C04829,Mateo Rasmussen,Trailhead,2022-04-19,Portland,OR,ST010
C04830,Hugo Kowalski,Alpine,2022-12-08,Eugene,OR,ST012
C04831,Elias Rasmussen,None,2024-02-23,Missoula,MT,ST009
C04832,Callum Thorne,Summit,2023-04-15,Spokane,WA,ST001
C04833,Amara Thorne,Trailhead,2020-09-29,Reno,NV,ST016
C04834,Elias Kowalski,Alpine,2024-02-16,Eugene,OR,ST007
C04835,Noor Farrow,None,2024-02-22,Spokane,WA,ST002
C04836,Kenji Wexford,Trailhead,2020-09-24,Eugene,OR,ST016
C04837,Hugo Farrow,Summit,2021-03-04,Denver,CO,ST002
C04838,Hugo Rasmussen,Trailhead,2023-05-21,Spokane,WA,ST002
C04839,Greta Lindqvist,Summit,2023-05-17,Sacramento,CA,ST011
C04840,Freya Okonkwo,Trailhead,2022-07-19,Eugene,OR,ST003
C04841,Otto Kowalski,None,2023-12-29,Park City,UT,ST001
C04842,Hugo Ashworth,Trailhead,2020-07-19,Flagstaff,AZ,ST014
C04843,Imani Lindqvist,Alpine,2023-11-12,Spokane,WA,ST005
C04844,Sana Sandoval,None,2020-04-12,Tacoma,WA,ST011
C04845,Emrys Barros,Summit,2022-05-20,Park City,UT,ST001
C04846,Noor Halvorsen,None,2021-08-27,Sacramento,CA,ST006
C04847,Kenji Thorne,Trailhead,2023-08-25,Eugene,OR,ST006
C04848,Otto Ellery,None,2020-09-27,Coeur d'Alene,ID,ST009
C04849,Elias Farrow,Summit,2020-11-08,Boise,ID,ST007
C04850,Otto Marchetti,Summit,2024-08-07,Seattle,WA,ST012
C04851,Noor Whitfield,Summit,2023-03-15,Reno,NV,ST017
C04852,Soren Pemberton,Trailhead,2024-05-01,Spokane,WA,ST003
C04853,Freya Whitfield,Trailhead,2024-09-03,Park City,UT,ST002
C04854,Elena Whitfield,None,2022-03-23,Denver,CO,ST005
C04855,Elena Halvorsen,Alpine,2023-11-28,Denver,CO,ST004
C04856,Kenji Marchetti,None,2022-04-10,Spokane,WA,ST017
C04857,Nadia Whitfield,Summit,2023-05-14,Spokane,WA,ST005
C04858,Ravi Kowalski,None,2021-09-07,Bend,OR,ST011
C04859,Rosa Pemberton,Summit,2023-12-04,Park City,UT,ST009
C04860,Alina Pemberton,None,2023-04-02,Portland,OR,ST003
C04861,Imani Lindqvist,Alpine,2020-08-12,Coeur d'Alene,ID,ST010
C04862,Imani Hollis,Trailhead,2020-06-19,Spokane,WA,ST004
C04863,Tobias Rasmussen,None,2022-07-21,Eugene,OR,ST004
C04864,Soren Rasmussen,Trailhead,2020-06-29,Bend,OR,ST002
C04865,Felix Ferreira,Trailhead,2022-08-17,Seattle,WA,ST008
C04866,Alina Halvorsen,None,2024-12-23,Eugene,OR,ST002
C04867,Callum Halvorsen,None,2023-07-30,Seattle,WA,ST015
C04868,Elena Okonkwo,Trailhead,2024-04-19,Reno,NV,ST001
C04869,Elena Grimshaw,Trailhead,2023-11-09,Coeur d'Alene,ID,ST014
C04870,Kenji Ibarra,None,2020-04-29,Eugene,OR,ST005
C04871,Elias Hollis,Summit,2021-03-22,Reno,NV,ST012
C04872,Kenji Lindqvist,Summit,2020-06-14,Portland,OR,ST004
C04873,Elias Ferreira,None,2021-06-22,Coeur d'Alene,ID,ST003
C04874,Leila Wexford,Summit,2024-08-09,Boulder,CO,ST010
C04875,Beatrix Lindqvist,None,2022-07-01,Eugene,OR,ST007
C04876,Emrys Halvorsen,Trailhead,2024-07-05,Fort Collins,CO,ST015
C04877,Emrys Nakamura,None,2020-10-01,Portland,OR,ST005
C04878,Callum Halvorsen,None,2024-09-17,Missoula,MT,ST008
C04879,Otto Whitfield,None,2020-07-30,Denver,CO,ST001
C04880,Elena Pemberton,None,2024-01-06,Bozeman,MT,ST015
C04881,Amara Ellery,Trailhead,2024-09-11,Eugene,OR,ST015
C04882,Greta Barros,None,2022-12-24,Salt Lake City,UT,ST009
C04883,Theo Sandoval,Alpine,2021-06-26,Fort Collins,CO,ST014
C04884,Felix Ibarra,None,2020-10-21,Boulder,CO,ST001
C04885,Amara Ferreira,Trailhead,2023-12-16,Fort Collins,CO,ST003
C04886,Freya Ellery,None,2023-08-26,Denver,CO,ST013
C04887,Freya Hollis,Summit,2022-11-01,Boise,ID,ST001
C04888,Rosa Halvorsen,None,2024-06-09,Sacramento,CA,ST010
C04889,Leila Thorne,Trailhead,2023-10-10,Flagstaff,AZ,ST010
C04890,Elena Barros,Summit,2020-06-11,Seattle,WA,ST002
C04891,Imani Ferreira,None,2021-08-22,Missoula,MT,ST016
C04892,Leila Vasquez,Trailhead,2022-05-13,Boise,ID,ST015
C04893,Sana Wexford,Trailhead,2020-11-04,Tacoma,WA,ST015
C04894,Mateo Farrow,None,2022-08-08,Seattle,WA,ST017
C04895,Tobias Halvorsen,None,2021-09-02,Portland,OR,ST010
C04896,Noor Sandoval,Trailhead,2024-03-13,Bozeman,MT,ST008
C04897,Emrys Kowalski,None,2022-07-11,Salt Lake City,UT,ST002
C04898,Elena Rasmussen,Alpine,2021-04-24,Bend,OR,ST009
C04899,Soren Ibarra,Trailhead,2023-04-25,Bozeman,MT,ST008
C04900,Tobias Delacroix,Summit,2020-01-30,Seattle,WA,ST006
C04901,Ravi Ibarra,Trailhead,2020-07-23,Park City,UT,ST003
C04902,Rosa Hollis,None,2021-03-22,Fort Collins,CO,ST007
C04903,Elias Kowalski,Summit,2023-07-16,Fort Collins,CO,ST017
C04904,Sana Vasquez,Alpine,2020-06-05,Eugene,OR,ST010
C04905,Beatrix Barros,Summit,2021-07-31,Seattle,WA,ST002
C04906,Freya Halvorsen,Trailhead,2022-02-23,Boise,ID,ST017
C04907,Nadia Ferreira,Alpine,2023-12-18,Boise,ID,ST017
C04908,Soren Halvorsen,Trailhead,2024-05-14,Portland,OR,ST001
C04909,Sana Sandoval,Summit,2021-10-08,Park City,UT,ST001
C04910,Callum Rasmussen,Alpine,2023-08-12,Denver,CO,ST006
C04911,Freya Ellery,Trailhead,2020-11-19,Reno,NV,ST005
C04912,Emrys Yardley,Alpine,2022-06-17,Tacoma,WA,ST002
C04913,Otto Kowalski,None,2021-05-12,Salt Lake City,UT,ST012
C04914,Greta Ibarra,Summit,2022-01-04,Denver,CO,ST011
C04915,Emrys Grimshaw,None,2023-07-10,Bozeman,MT,ST014
C04916,Freya Nakamura,None,2022-11-06,Tacoma,WA,ST011
C04917,Sana Okonkwo,None,2022-06-03,Denver,CO,ST013
C04918,Ravi Rasmussen,Trailhead,2022-09-22,Boulder,CO,ST013
C04919,Alina Okonkwo,None,2021-10-12,Eugene,OR,ST003
C04920,Greta Marchetti,None,2024-11-28,Reno,NV,ST006
C04921,Priya Barros,Summit,2022-01-18,Fort Collins,CO,ST014
C04922,Emrys Grimshaw,None,2021-04-16,Seattle,WA,ST017
C04923,Sana Whitfield,Alpine,2023-09-21,Bend,OR,ST002
C04924,Leila Sandoval,Trailhead,2022-02-24,Spokane,WA,ST005
C04925,Marcus Whitfield,Trailhead,2024-05-01,Boulder,CO,ST009
C04926,Elias Yardley,Trailhead,2022-01-09,Portland,OR,ST017
C04927,Theo Sandoval,None,2023-10-08,Bend,OR,ST014
C04928,Felix Ibarra,Trailhead,2022-02-12,Spokane,WA,ST004
C04929,Tobias Marchetti,None,2024-06-02,Coeur d'Alene,ID,ST010
C04930,Elias Rasmussen,Summit,2023-04-24,Coeur d'Alene,ID,ST013
C04931,Elias Kowalski,Trailhead,2024-01-23,Spokane,WA,ST003
C04932,Alina Sandoval,Trailhead,2024-06-26,Reno,NV,ST015
C04933,Felix Ellery,None,2024-08-02,Bozeman,MT,ST010
C04934,Rosa Wexford,None,2022-12-18,Sacramento,CA,ST015
C04935,Greta Zielinski,None,2023-06-16,Bend,OR,ST006
C04936,Elias Whitfield,Summit,2020-02-01,Tacoma,WA,ST007
C04937,Callum Sandoval,None,2024-07-05,Boulder,CO,ST009
C04938,Noor Kowalski,Summit,2021-05-18,Coeur d'Alene,ID,ST018
C04939,Ravi Kowalski,Trailhead,2024-01-21,Boise,ID,ST009
C04940,Leila Lindqvist,None,2023-11-13,Park City,UT,ST011
C04941,Marcus Ellery,None,2020-04-24,Bend,OR,ST016
C04942,Sana Pemberton,Summit,2022-05-08,Boulder,CO,ST013
C04943,Priya Marchetti,Trailhead,2020-06-11,Spokane,WA,ST006
C04944,Emrys Halvorsen,Summit,2023-06-02,Missoula,MT,ST010
C04945,Saskia Zielinski,Alpine,2023-11-01,Portland,OR,ST007
C04946,Otto Yardley,None,2024-08-03,Missoula,MT,ST018
C04947,Kenji Okonkwo,None,2024-07-16,Missoula,MT,ST005
C04948,Alina Whitfield,Summit,2022-02-11,Missoula,MT,ST004
C04949,Sana Lindqvist,None,2023-12-06,Boulder,CO,ST017
C04950,Ravi Kowalski,None,2021-02-13,Seattle,WA,ST002
C04951,Rosa Sandoval,None,2022-08-07,Reno,NV,ST015
C04952,Alina Yardley,Summit,2022-04-03,Spokane,WA,ST015
C04953,Noor Okonkwo,Trailhead,2024-03-06,Spokane,WA,ST003
C04954,Leila Ibarra,None,2021-11-09,Missoula,MT,ST011
C04955,Tobias Lindqvist,Summit,2023-12-16,Flagstaff,AZ,ST004
C04956,Lucian Thorne,Trailhead,2024-05-08,Flagstaff,AZ,ST001
C04957,Callum Ibarra,Trailhead,2023-09-24,Boise,ID,ST016
C04958,Lucian Marchetti,None,2023-04-08,Bozeman,MT,ST004
C04959,Mateo Wexford,Alpine,2021-08-23,Fort Collins,CO,ST008
C04960,Marcus Thorne,Trailhead,2023-06-13,Eugene,OR,ST006
C04961,Priya Wexford,None,2024-04-02,Park City,UT,ST012
C04962,Callum Zielinski,Trailhead,2024-12-17,Missoula,MT,ST013
C04963,Theo Thorne,None,2024-12-20,Boise,ID,ST017
C04964,Diego Thorne,None,2022-06-16,Bend,OR,ST017
C04965,Greta Halvorsen,Trailhead,2024-12-09,Portland,OR,ST016
C04966,Theo Barros,Trailhead,2021-06-14,Eugene,OR,ST012
C04967,Freya Vasquez,Trailhead,2023-07-26,Sacramento,CA,ST001
C04968,Callum Ashworth,None,2023-02-26,Salt Lake City,UT,ST016
C04969,Callum Zielinski,Alpine,2022-09-18,Sacramento,CA,ST011
C04970,Beatrix Lindqvist,None,2022-04-07,Portland,OR,ST014
C04971,Kenji Vasquez,None,2020-02-11,Spokane,WA,ST004
C04972,Yara Farrow,Alpine,2024-12-19,Coeur d'Alene,ID,ST016
C04973,Hugo Barros,Trailhead,2024-05-28,Spokane,WA,ST014
C04974,Sana Delacroix,Summit,2022-11-22,Spokane,WA,ST015
C04975,Hugo Marchetti,None,2024-05-07,Reno,NV,ST005
C04976,Saskia Nakamura,Summit,2023-12-02,Denver,CO,ST006
C04977,Diego Thorne,None,2020-04-09,Portland,OR,ST013
C04978,Ravi Grimshaw,None,2024-08-02,Bend,OR,ST001
C04979,Mateo Lindqvist,Summit,2023-11-28,Salt Lake City,UT,ST014
C04980,Ravi Grimshaw,None,2023-03-26,Bend,OR,ST001
C04981,Diego Farrow,Summit,2023-09-30,Spokane,WA,ST004
C04982,Rosa Grimshaw,Summit,2022-05-29,Flagstaff,AZ,ST001
C04983,Emrys Ibarra,Alpine,2021-06-20,Seattle,WA,ST005
C04984,Beatrix Whitfield,None,2021-04-22,Bend,OR,ST017
C04985,Leila Wexford,Trailhead,2022-08-14,Boise,ID,ST018
C04986,Greta Barros,Alpine,2020-09-10,Portland,OR,ST016
C04987,Beatrix Okonkwo,Trailhead,2024-03-19,Reno,NV,ST007
C04988,Kenji Hollis,Trailhead,2023-04-27,Denver,CO,ST004
C04989,Sana Ibarra,Trailhead,2021-02-07,Spokane,WA,ST001
C04990,Beatrix Halvorsen,Summit,2022-01-11,Salt Lake City,UT,ST001
C04991,Kenji Marchetti,Summit,2020-09-28,Spokane,WA,ST002
C04992,Yara Marchetti,None,2021-02-07,Seattle,WA,ST009
C04993,Lucian Yardley,None,2022-12-17,Fort Collins,CO,ST015
C04994,Lucian Thorne,Summit,2024-07-22,Boise,ID,ST007
C04995,Beatrix Grimshaw,None,2020-03-07,Sacramento,CA,ST006
C04996,Soren Marchetti,Summit,2021-03-28,Seattle,WA,ST010
C04997,Alina Wexford,Trailhead,2020-07-01,Bozeman,MT,ST017
C04998,Ravi Ibarra,Trailhead,2023-12-21,Missoula,MT,ST015
C04999,Imani Thorne,None,2022-07-12,Denver,CO,ST001
C05000,Noor Whitfield,None,2021-03-03,Tacoma,WA,ST016
C05001,Elias Nakamura,Summit,2024-12-05,Portland,OR,ST016
C05002,Saskia Halvorsen,Summit,2023-05-10,Missoula,MT,ST002
C05003,Imani Yardley,None,2024-05-04,Boise,ID,ST013
C05004,Greta Okonkwo,None,2023-02-06,Eugene,OR,ST018
C05005,Sana Ashworth,Trailhead,2021-03-26,Salt Lake City,UT,ST007
C05006,Yara Ellery,Summit,2022-01-06,Spokane,WA,ST012
C05007,Amara Grimshaw,Trailhead,2021-01-14,Flagstaff,AZ,ST010
C05008,Callum Pemberton,None,2022-04-08,Portland,OR,ST008
C05009,Elena Okonkwo,Trailhead,2023-03-15,Portland,OR,ST012
C05010,Beatrix Halvorsen,Trailhead,2023-07-13,Denver,CO,ST004
C05011,Mateo Lindqvist,None,2024-02-09,Fort Collins,CO,ST014
C05012,Elena Okonkwo,Alpine,2023-12-22,Bend,OR,ST015
C05013,Rosa Nakamura,Alpine,2021-04-05,Boulder,CO,ST006
C05014,Mateo Ellery,None,2023-06-01,Coeur d'Alene,ID,ST001
C05015,Priya Nakamura,Alpine,2021-03-07,Boise,ID,ST006
C05016,Elias Farrow,Trailhead,2023-12-06,Fort Collins,CO,ST005
C05017,Otto Barros,None,2022-03-07,Missoula,MT,ST001
C05018,Diego Ibarra,Alpine,2022-09-27,Fort Collins,CO,ST007
C05019,Marcus Okonkwo,Summit,2021-10-15,Boise,ID,ST015
C05020,Sana Lindqvist,Trailhead,2024-03-05,Boulder,CO,ST010
C05021,Hugo Okonkwo,None,2020-03-13,Spokane,WA,ST002
C05022,Elias Lindqvist,Trailhead,2023-08-14,Spokane,WA,ST008
C05023,Ravi Yardley,None,2022-11-19,Seattle,WA,ST004
C05024,Kenji Wexford,None,2020-10-11,Reno,NV,ST017
C05025,Mateo Kowalski,None,2020-02-01,Spokane,WA,ST006
C05026,Alina Ferreira,None,2021-04-11,Bozeman,MT,ST011
C05027,Marcus Ashworth,Trailhead,2022-05-23,Salt Lake City,UT,ST012
C05028,Beatrix Sandoval,Trailhead,2024-03-04,Denver,CO,ST016
C05029,Leila Yardley,None,2021-02-11,Eugene,OR,ST016
C05030,Greta Lindqvist,None,2021-02-05,Bend,OR,ST003
C05031,Ravi Yardley,Trailhead,2024-10-15,Eugene,OR,ST004
C05032,Diego Sandoval,Summit,2023-02-07,Sacramento,CA,ST015
C05033,Theo Pemberton,None,2022-08-16,Spokane,WA,ST013
C05034,Mateo Rasmussen,Summit,2023-12-07,Bozeman,MT,ST017
C05035,Priya Kowalski,None,2022-07-10,Sacramento,CA,ST005
C05036,Rosa Ibarra,Summit,2024-08-02,Eugene,OR,ST007
C05037,Saskia Kowalski,None,2021-04-30,Coeur d'Alene,ID,ST006
C05038,Marcus Hollis,Trailhead,2023-10-30,Reno,NV,ST002
C05039,Sana Sandoval,None,2022-07-26,Salt Lake City,UT,ST003
C05040,Amara Ibarra,Trailhead,2020-08-14,Bozeman,MT,ST006
C05041,Lucian Okonkwo,None,2023-06-19,Park City,UT,ST001
C05042,Diego Pemberton,None,2021-01-09,Boise,ID,ST009
C05043,Theo Lindqvist,Trailhead,2023-05-04,Bozeman,MT,ST010
C05044,Ravi Farrow,None,2021-10-15,Fort Collins,CO,ST003
C05045,Imani Ferreira,None,2024-11-17,Bend,OR,ST015
C05046,Elias Vasquez,Trailhead,2021-09-14,Denver,CO,ST014
C05047,Greta Wexford,Summit,2020-07-19,Boulder,CO,ST007
C05048,Noor Barros,Alpine,2021-04-26,Boulder,CO,ST004
C05049,Mateo Ashworth,None,2021-05-16,Bozeman,MT,ST015
C05050,Imani Kowalski,None,2023-03-18,Sacramento,CA,ST011
C05051,Greta Yardley,Alpine,2020-09-04,Eugene,OR,ST005
C05052,Beatrix Halvorsen,Summit,2023-08-12,Tacoma,WA,ST007
C05053,Amara Ferreira,Trailhead,2020-08-25,Tacoma,WA,ST014
C05054,Emrys Lindqvist,Trailhead,2023-06-14,Missoula,MT,ST009
C05055,Marcus Sandoval,Trailhead,2023-12-24,Coeur d'Alene,ID,ST015
C05056,Elias Ibarra,Trailhead,2024-01-19,Eugene,OR,ST002
C05057,Rosa Yardley,None,2023-08-30,Flagstaff,AZ,ST011
C05058,Felix Pemberton,None,2021-05-21,Denver,CO,ST017
C05059,Mateo Kowalski,None,2024-02-17,Salt Lake City,UT,ST006
C05060,Priya Ibarra,Trailhead,2022-02-07,Eugene,OR,ST003
C05061,Kenji Nakamura,Trailhead,2023-11-05,Spokane,WA,ST008
C05062,Priya Yardley,Trailhead,2021-12-07,Boise,ID,ST012
C05063,Felix Yardley,None,2021-05-10,Boise,ID,ST007
C05064,Priya Thorne,None,2021-09-24,Coeur d'Alene,ID,ST003
C05065,Saskia Ferreira,None,2024-08-23,Salt Lake City,UT,ST005
C05066,Tobias Farrow,None,2022-07-28,Flagstaff,AZ,ST006
C05067,Marcus Halvorsen,None,2021-12-08,Seattle,WA,ST008
C05068,Lucian Kowalski,Trailhead,2021-11-12,Eugene,OR,ST007
C05069,Priya Sandoval,None,2020-04-21,Flagstaff,AZ,ST006
C05070,Rosa Wexford,Trailhead,2020-11-29,Denver,CO,ST002
C05071,Soren Okonkwo,None,2024-02-06,Sacramento,CA,ST015
C05072,Tobias Rasmussen,Trailhead,2023-07-09,Salt Lake City,UT,ST010
C05073,Diego Ashworth,None,2022-11-07,Denver,CO,ST016
C05074,Marcus Thorne,None,2022-03-02,Boulder,CO,ST012
C05075,Kenji Barros,None,2021-04-08,Coeur d'Alene,ID,ST016
C05076,Imani Hollis,None,2022-09-27,Boise,ID,ST013
C05077,Amara Wexford,None,2022-01-12,Boise,ID,ST008
C05078,Saskia Sandoval,Trailhead,2022-11-18,Seattle,WA,ST003
C05079,Otto Grimshaw,None,2021-08-16,Portland,OR,ST008
C05080,Elena Yardley,Trailhead,2021-01-02,Flagstaff,AZ,ST001
C05081,Theo Sandoval,None,2023-03-11,Portland,OR,ST015
C05082,Mateo Grimshaw,None,2022-10-10,Boulder,CO,ST008
C05083,Marcus Ashworth,Trailhead,2023-07-13,Bozeman,MT,ST003
C05084,Leila Ibarra,Trailhead,2022-09-23,Flagstaff,AZ,ST011
C05085,Priya Delacroix,None,2021-12-17,Tacoma,WA,ST007
C05086,Amara Ferreira,Summit,2024-12-02,Salt Lake City,UT,ST010
C05087,Otto Okonkwo,None,2021-03-10,Portland,OR,ST008
C05088,Ravi Okonkwo,Trailhead,2023-03-02,Boise,ID,ST005
C05089,Diego Hollis,Summit,2024-05-23,Sacramento,CA,ST016
C05090,Amara Ibarra,Trailhead,2020-02-01,Spokane,WA,ST010
C05091,Freya Vasquez,Trailhead,2023-08-12,Park City,UT,ST007
C05092,Alina Zielinski,Summit,2022-07-12,Reno,NV,ST012
C05093,Rosa Grimshaw,None,2021-06-15,Bozeman,MT,ST015
C05094,Lucian Ellery,Summit,2023-12-02,Spokane,WA,ST002
C05095,Theo Wexford,None,2022-05-03,Eugene,OR,ST013
C05096,Beatrix Zielinski,None,2022-01-07,Bozeman,MT,ST003
C05097,Amara Pemberton,None,2022-03-19,Flagstaff,AZ,ST012
C05098,Alina Grimshaw,Trailhead,2023-12-24,Missoula,MT,ST017
C05099,Elias Hollis,Trailhead,2022-08-26,Bozeman,MT,ST009
C05100,Nadia Ferreira,Trailhead,2020-04-29,Salt Lake City,UT,ST011
C05101,Alina Kowalski,Trailhead,2022-08-23,Flagstaff,AZ,ST006
C05102,Alina Okonkwo,None,2022-11-12,Salt Lake City,UT,ST010
C05103,Felix Pemberton,Trailhead,2020-07-14,Coeur d'Alene,ID,ST013
C05104,Elias Farrow,Summit,2021-04-01,Flagstaff,AZ,ST015
C05105,Elias Lindqvist,Trailhead,2024-05-17,Fort Collins,CO,ST010
C05106,Theo Kowalski,None,2022-10-15,Missoula,MT,ST010
C05107,Imani Yardley,Trailhead,2021-10-22,Seattle,WA,ST006
C05108,Elena Farrow,None,2021-09-01,Spokane,WA,ST018
C05109,Kenji Barros,Trailhead,2024-05-17,Bozeman,MT,ST010
C05110,Leila Marchetti,Summit,2022-08-12,Missoula,MT,ST010
C05111,Otto Ellery,Trailhead,2024-08-12,Bend,OR,ST016
C05112,Mateo Whitfield,Summit,2024-02-19,Tacoma,WA,ST012
C05113,Beatrix Ashworth,Summit,2023-01-19,Eugene,OR,ST006
C05114,Yara Hollis,Trailhead,2021-01-24,Boise,ID,ST012
C05115,Emrys Okonkwo,Trailhead,2022-11-19,Portland,OR,ST008
C05116,Ravi Ashworth,Trailhead,2023-02-18,Reno,NV,ST013
C05117,Lucian Wexford,Summit,2024-10-03,Seattle,WA,ST009
C05118,Callum Delacroix,None,2021-05-11,Denver,CO,ST015
C05119,Yara Marchetti,Alpine,2021-05-28,Bozeman,MT,ST012
C05120,Freya Ellery,Trailhead,2022-01-30,Coeur d'Alene,ID,ST012
C05121,Tobias Ibarra,Trailhead,2024-03-06,Denver,CO,ST013
C05122,Emrys Kowalski,None,2021-04-09,Denver,CO,ST007
C05123,Callum Nakamura,Summit,2024-12-07,Fort Collins,CO,ST001
C05124,Nadia Hollis,None,2022-03-17,Missoula,MT,ST008
C05125,Hugo Ellery,Trailhead,2021-08-20,Sacramento,CA,ST005
C05126,Elena Hollis,None,2023-06-25,Reno,NV,ST004
C05127,Leila Pemberton,Trailhead,2024-07-11,Bozeman,MT,ST006
C05128,Emrys Kowalski,Trailhead,2024-12-17,Park City,UT,ST013
C05129,Mateo Whitfield,None,2023-11-16,Eugene,OR,ST009
C05130,Hugo Grimshaw,None,2023-01-08,Park City,UT,ST012
C05131,Rosa Thorne,Trailhead,2024-07-06,Salt Lake City,UT,ST001
C05132,Alina Okonkwo,None,2021-01-09,Reno,NV,ST001
C05133,Imani Hollis,Trailhead,2024-12-25,Reno,NV,ST013
C05134,Elias Rasmussen,Trailhead,2024-07-11,Boise,ID,ST003
C05135,Imani Yardley,Summit,2022-12-09,Fort Collins,CO,ST006
C05136,Diego Yardley,Summit,2022-06-24,Park City,UT,ST011
C05137,Yara Nakamura,Trailhead,2024-03-09,Denver,CO,ST017
C05138,Elena Ashworth,Summit,2024-11-23,Salt Lake City,UT,ST001
C05139,Imani Marchetti,None,2023-02-20,Coeur d'Alene,ID,ST010
C05140,Saskia Sandoval,Trailhead,2020-05-16,Seattle,WA,ST017
C05141,Alina Nakamura,Alpine,2021-02-01,Seattle,WA,ST010
C05142,Marcus Zielinski,Summit,2024-02-04,Missoula,MT,ST015
C05143,Hugo Zielinski,None,2020-12-07,Fort Collins,CO,ST009
C05144,Diego Kowalski,Trailhead,2024-02-18,Flagstaff,AZ,ST014
C05145,Leila Vasquez,Summit,2024-07-31,Coeur d'Alene,ID,ST002
C05146,Diego Nakamura,Trailhead,2020-05-31,Missoula,MT,ST015
C05147,Greta Marchetti,Summit,2022-09-05,Salt Lake City,UT,ST003
C05148,Felix Vasquez,None,2021-06-29,Boulder,CO,ST007
C05149,Greta Pemberton,None,2024-12-28,Seattle,WA,ST011
C05150,Elena Ellery,None,2021-08-15,Tacoma,WA,ST002
C05151,Hugo Hollis,None,2024-06-23,Boise,ID,ST014
C05152,Freya Nakamura,None,2023-08-25,Spokane,WA,ST005
C05153,Amara Ferreira,Trailhead,2023-08-13,Sacramento,CA,ST009
C05154,Alina Whitfield,None,2022-11-06,Boulder,CO,ST006
C05155,Sana Whitfield,None,2022-01-27,Boise,ID,ST017
C05156,Lucian Grimshaw,Trailhead,2022-09-01,Salt Lake City,UT,ST016
C05157,Yara Kowalski,Trailhead,2023-11-12,Salt Lake City,UT,ST007
C05158,Freya Lindqvist,Trailhead,2024-06-08,Coeur d'Alene,ID,ST006
C05159,Mateo Pemberton,None,2022-10-16,Fort Collins,CO,ST017
C05160,Soren Wexford,Trailhead,2022-08-14,Bend,OR,ST005
C05161,Soren Thorne,None,2021-04-12,Flagstaff,AZ,ST017
C05162,Callum Whitfield,Trailhead,2021-12-10,Sacramento,CA,ST014
C05163,Saskia Pemberton,Trailhead,2023-06-10,Tacoma,WA,ST002
C05164,Kenji Ashworth,Alpine,2024-10-23,Salt Lake City,UT,ST009
C05165,Greta Marchetti,None,2021-05-28,Seattle,WA,ST007
C05166,Elena Okonkwo,Summit,2022-09-28,Denver,CO,ST002
C05167,Greta Hollis,None,2022-10-01,Seattle,WA,ST010
C05168,Alina Okonkwo,None,2024-02-26,Seattle,WA,ST008
C05169,Theo Pemberton,Summit,2022-12-18,Tacoma,WA,ST004
C05170,Amara Delacroix,Trailhead,2022-07-22,Salt Lake City,UT,ST009
C05171,Noor Okonkwo,Summit,2024-05-02,Salt Lake City,UT,ST018
C05172,Lucian Nakamura,Alpine,2024-12-31,Missoula,MT,ST016
C05173,Elias Zielinski,None,2022-02-22,Boise,ID,ST006
C05174,Nadia Vasquez,Trailhead,2021-10-25,Spokane,WA,ST005
C05175,Freya Farrow,None,2021-12-07,Coeur d'Alene,ID,ST005
C05176,Yara Vasquez,None,2021-01-23,Boise,ID,ST011
C05177,Amara Ferreira,Trailhead,2023-09-15,Flagstaff,AZ,ST001
C05178,Imani Ellery,Trailhead,2024-02-09,Boulder,CO,ST007
C05179,Noor Okonkwo,Trailhead,2021-04-19,Sacramento,CA,ST013
C05180,Elias Rasmussen,Summit,2023-07-21,Sacramento,CA,ST012
C05181,Emrys Whitfield,Alpine,2022-06-09,Park City,UT,ST015
C05182,Leila Barros,Trailhead,2023-02-17,Seattle,WA,ST006
C05183,Theo Whitfield,Trailhead,2022-04-27,Eugene,OR,ST011
C05184,Felix Okonkwo,None,2021-11-21,Denver,CO,ST018
C05185,Amara Ferreira,Trailhead,2020-02-02,Reno,NV,ST014
C05186,Freya Pemberton,Trailhead,2022-08-18,Tacoma,WA,ST008
C05187,Freya Ashworth,Trailhead,2021-05-17,Missoula,MT,ST017
C05188,Saskia Zielinski,Summit,2021-02-12,Boise,ID,ST014
C05189,Priya Nakamura,Alpine,2024-01-23,Boulder,CO,ST003
C05190,Elias Ellery,None,2021-09-05,Reno,NV,ST007
C05191,Amara Lindqvist,Trailhead,2023-06-02,Flagstaff,AZ,ST007
C05192,Hugo Pemberton,Trailhead,2024-06-23,Fort Collins,CO,ST010
C05193,Mateo Farrow,Trailhead,2021-07-01,Fort Collins,CO,ST009
C05194,Elias Zielinski,Summit,2020-07-04,Boulder,CO,ST007
C05195,Saskia Zielinski,Trailhead,2024-04-22,Coeur d'Alene,ID,ST012
C05196,Hugo Kowalski,Trailhead,2023-11-05,Park City,UT,ST005
C05197,Felix Ellery,Trailhead,2024-03-23,Seattle,WA,ST018
C05198,Alina Ashworth,Summit,2020-12-16,Coeur d'Alene,ID,ST006
C05199,Saskia Vasquez,Summit,2023-12-28,Salt Lake City,UT,ST001
C05200,Imani Sandoval,Trailhead,2022-07-19,Spokane,WA,ST018
C05201,Ravi Thorne,None,2023-01-20,Spokane,WA,ST003
C05202,Freya Hollis,Trailhead,2021-02-01,Tacoma,WA,ST008
C05203,Marcus Kowalski,Trailhead,2021-07-15,Denver,CO,ST017
C05204,Freya Halvorsen,Summit,2023-11-29,Coeur d'Alene,ID,ST015
C05205,Alina Pemberton,None,2024-11-06,Portland,OR,ST006
C05206,Soren Halvorsen,Trailhead,2024-11-19,Fort Collins,CO,ST011
C05207,Ravi Kowalski,Alpine,2022-09-09,Fort Collins,CO,ST017
C05208,Greta Ferreira,Alpine,2023-03-03,Tacoma,WA,ST007
C05209,Imani Lindqvist,None,2024-10-23,Tacoma,WA,ST011
C05210,Beatrix Whitfield,Trailhead,2023-11-07,Coeur d'Alene,ID,ST018
C05211,Lucian Pemberton,None,2024-09-11,Salt Lake City,UT,ST008
C05212,Theo Delacroix,None,2023-01-02,Reno,NV,ST017
C05213,Tobias Grimshaw,Trailhead,2020-11-01,Portland,OR,ST014
C05214,Nadia Nakamura,None,2022-07-18,Coeur d'Alene,ID,ST016
C05215,Rosa Rasmussen,Trailhead,2020-03-04,Sacramento,CA,ST013
C05216,Emrys Lindqvist,Summit,2022-06-22,Missoula,MT,ST010
C05217,Rosa Ashworth,None,2024-11-17,Denver,CO,ST009
C05218,Imani Delacroix,None,2020-09-22,Sacramento,CA,ST005
C05219,Kenji Yardley,Trailhead,2021-09-26,Reno,NV,ST012
C05220,Callum Yardley,Summit,2021-01-19,Eugene,OR,ST012
C05221,Ravi Grimshaw,Trailhead,2020-09-04,Bozeman,MT,ST004
C05222,Elias Okonkwo,Summit,2022-02-12,Spokane,WA,ST004
C05223,Yara Kowalski,Trailhead,2024-05-31,Park City,UT,ST009
C05224,Rosa Rasmussen,None,2023-05-28,Salt Lake City,UT,ST013
C05225,Saskia Lindqvist,Trailhead,2024-04-30,Eugene,OR,ST018
C05226,Amara Kowalski,Trailhead,2023-05-01,Coeur d'Alene,ID,ST005
C05227,Elena Farrow,None,2023-07-15,Denver,CO,ST002
C05228,Kenji Marchetti,Summit,2022-12-16,Reno,NV,ST014
C05229,Lucian Wexford,None,2020-03-18,Spokane,WA,ST010
C05230,Callum Kowalski,Trailhead,2024-07-11,Seattle,WA,ST004
C05231,Nadia Nakamura,Trailhead,2022-09-26,Boise,ID,ST005
C05232,Greta Vasquez,Trailhead,2024-08-04,Tacoma,WA,ST003
C05233,Diego Halvorsen,None,2020-02-24,Missoula,MT,ST015
C05234,Nadia Marchetti,Trailhead,2020-12-14,Reno,NV,ST001
C05235,Mateo Whitfield,Trailhead,2020-12-26,Salt Lake City,UT,ST011
C05236,Theo Nakamura,Summit,2021-09-12,Denver,CO,ST008
C05237,Diego Hollis,Trailhead,2023-10-28,Boise,ID,ST011
C05238,Otto Barros,Trailhead,2022-05-19,Eugene,OR,ST006
C05239,Greta Delacroix,Summit,2022-07-09,Denver,CO,ST015
C05240,Diego Wexford,None,2024-05-10,Fort Collins,CO,ST006
C05241,Ravi Okonkwo,None,2024-01-21,Park City,UT,ST006
C05242,Soren Ashworth,Summit,2022-07-15,Boulder,CO,ST003
C05243,Otto Marchetti,None,2024-09-07,Bend,OR,ST009
C05244,Marcus Rasmussen,Summit,2022-08-22,Sacramento,CA,ST017
C05245,Soren Vasquez,Trailhead,2024-10-08,Boise,ID,ST018
C05246,Kenji Farrow,Summit,2021-10-20,Tacoma,WA,ST001
C05247,Mateo Lindqvist,Alpine,2024-11-22,Denver,CO,ST006
C05248,Alina Okonkwo,Summit,2023-05-26,Boise,ID,ST013
C05249,Freya Ferreira,None,2024-10-23,Sacramento,CA,ST018
C05250,Nadia Delacroix,Summit,2022-10-13,Fort Collins,CO,ST015
C05251,Marcus Farrow,Trailhead,2021-06-14,Denver,CO,ST006
C05252,Leila Delacroix,Trailhead,2020-12-25,Missoula,MT,ST017
C05253,Sana Ashworth,None,2024-07-02,Fort Collins,CO,ST001
C05254,Saskia Farrow,None,2020-06-13,Bozeman,MT,ST002
C05255,Soren Delacroix,Trailhead,2021-06-17,Denver,CO,ST008
C05256,Lucian Vasquez,Trailhead,2022-07-20,Tacoma,WA,ST013
C05257,Alina Farrow,Trailhead,2022-10-26,Salt Lake City,UT,ST009
C05258,Hugo Lindqvist,None,2021-05-07,Boise,ID,ST017
C05259,Greta Yardley,None,2020-06-17,Sacramento,CA,ST008
C05260,Leila Vasquez,None,2024-03-20,Coeur d'Alene,ID,ST010
C05261,Diego Ferreira,Summit,2020-07-24,Spokane,WA,ST003
C05262,Elena Kowalski,Summit,2023-08-05,Boulder,CO,ST002
C05263,Ravi Lindqvist,Trailhead,2022-08-12,Sacramento,CA,ST014
C05264,Hugo Whitfield,None,2024-05-24,Park City,UT,ST014
C05265,Elias Halvorsen,Summit,2021-12-11,Tacoma,WA,ST001
C05266,Kenji Zielinski,Summit,2020-07-19,Salt Lake City,UT,ST018
C05267,Beatrix Vasquez,Trailhead,2021-05-05,Coeur d'Alene,ID,ST007
C05268,Emrys Kowalski,Trailhead,2021-02-08,Seattle,WA,ST004
C05269,Mateo Sandoval,Trailhead,2021-01-28,Flagstaff,AZ,ST015
C05270,Elena Farrow,None,2022-01-10,Seattle,WA,ST012
C05271,Callum Yardley,None,2023-01-02,Park City,UT,ST007
C05272,Mateo Halvorsen,Summit,2021-03-14,Spokane,WA,ST018
C05273,Theo Ferreira,None,2023-06-11,Coeur d'Alene,ID,ST009
C05274,Soren Farrow,Summit,2023-01-17,Boise,ID,ST017
C05275,Elena Yardley,None,2020-07-07,Seattle,WA,ST012
C05276,Tobias Thorne,None,2020-05-29,Portland,OR,ST017
C05277,Leila Sandoval,None,2020-03-22,Bend,OR,ST003
C05278,Rosa Farrow,Trailhead,2022-10-11,Boulder,CO,ST008
C05279,Emrys Ibarra,Alpine,2024-12-15,Salt Lake City,UT,ST018
C05280,Sana Kowalski,None,2020-05-17,Reno,NV,ST001
C05281,Priya Rasmussen,None,2020-06-08,Reno,NV,ST017
C05282,Otto Ashworth,None,2023-10-19,Park City,UT,ST004
C05283,Saskia Halvorsen,Alpine,2023-03-30,Seattle,WA,ST007
C05284,Marcus Thorne,Trailhead,2023-06-04,Salt Lake City,UT,ST006
C05285,Mateo Hollis,Trailhead,2020-08-16,Bend,OR,ST014
C05286,Lucian Ashworth,Trailhead,2023-02-02,Reno,NV,ST006
C05287,Diego Ashworth,Trailhead,2023-05-03,Park City,UT,ST001
C05288,Rosa Rasmussen,None,2023-08-23,Seattle,WA,ST005
C05289,Diego Ferreira,None,2021-11-09,Reno,NV,ST005
C05290,Emrys Pemberton,Trailhead,2022-09-02,Park City,UT,ST011
C05291,Diego Rasmussen,Summit,2024-05-09,Bozeman,MT,ST018
C05292,Freya Rasmussen,Summit,2020-08-13,Eugene,OR,ST002
C05293,Elena Nakamura,Summit,2024-02-26,Missoula,MT,ST012
C05294,Freya Yardley,Trailhead,2021-12-18,Salt Lake City,UT,ST006
C05295,Ravi Grimshaw,None,2020-02-26,Missoula,MT,ST016
C05296,Tobias Halvorsen,None,2023-07-24,Sacramento,CA,ST012
C05297,Diego Vasquez,None,2022-04-30,Boulder,CO,ST011
C05298,Ravi Pemberton,None,2020-12-19,Portland,OR,ST013
C05299,Otto Yardley,Summit,2021-09-17,Sacramento,CA,ST009
C05300,Ravi Ferreira,Summit,2024-06-04,Flagstaff,AZ,ST014
C05301,Felix Hollis,Trailhead,2021-12-04,Portland,OR,ST010
C05302,Beatrix Thorne,None,2024-03-06,Salt Lake City,UT,ST007
C05303,Elena Halvorsen,Summit,2020-06-10,Spokane,WA,ST007
C05304,Rosa Lindqvist,Trailhead,2024-12-16,Salt Lake City,UT,ST017
C05305,Tobias Hollis,None,2020-05-24,Salt Lake City,UT,ST017
C05306,Emrys Farrow,None,2021-03-19,Portland,OR,ST007
C05307,Felix Wexford,None,2024-03-14,Sacramento,CA,ST017
C05308,Saskia Zielinski,Summit,2023-09-12,Denver,CO,ST010
C05309,Emrys Ibarra,None,2020-07-14,Spokane,WA,ST011
C05310,Hugo Wexford,Alpine,2021-08-28,Salt Lake City,UT,ST008
C05311,Greta Thorne,Trailhead,2021-07-19,Missoula,MT,ST001
C05312,Imani Okonkwo,Trailhead,2022-02-13,Missoula,MT,ST005
C05313,Amara Whitfield,None,2020-02-02,Boulder,CO,ST004
C05314,Soren Pemberton,None,2023-02-14,Park City,UT,ST002
C05315,Greta Hollis,Summit,2024-11-21,Sacramento,CA,ST010
C05316,Greta Grimshaw,None,2023-09-22,Boise,ID,ST004
C05317,Soren Lindqvist,Summit,2020-06-11,Denver,CO,ST012
C05318,Diego Ibarra,Summit,2022-08-10,Coeur d'Alene,ID,ST016
C05319,Hugo Lindqvist,Summit,2020-11-16,Missoula,MT,ST013
C05320,Nadia Rasmussen,None,2022-12-01,Bozeman,MT,ST001
C05321,Saskia Barros,Trailhead,2023-02-03,Bozeman,MT,ST009
C05322,Kenji Sandoval,Summit,2021-09-02,Spokane,WA,ST009
C05323,Kenji Delacroix,None,2020-07-11,Missoula,MT,ST009
C05324,Freya Nakamura,Summit,2020-05-25,Reno,NV,ST005
C05325,Saskia Delacroix,Summit,2022-11-09,Park City,UT,ST018
C05326,Elena Ashworth,Alpine,2022-09-10,Denver,CO,ST011
C05327,Freya Yardley,Trailhead,2024-09-09,Denver,CO,ST012
C05328,Imani Vasquez,None,2023-08-01,Tacoma,WA,ST010
C05329,Elena Zielinski,None,2024-06-26,Fort Collins,CO,ST012
C05330,Imani Kowalski,Summit,2020-08-01,Portland,OR,ST018
C05331,Saskia Ibarra,None,2023-09-30,Coeur d'Alene,ID,ST009
C05332,Felix Ellery,Trailhead,2023-07-24,Missoula,MT,ST013
C05333,Felix Farrow,Summit,2023-08-17,Portland,OR,ST008
C05334,Callum Lindqvist,Summit,2023-05-06,Boulder,CO,ST018
C05335,Felix Vasquez,Trailhead,2020-05-19,Bozeman,MT,ST003
C05336,Lucian Zielinski,Trailhead,2020-03-08,Salt Lake City,UT,ST009
C05337,Theo Delacroix,Trailhead,2022-03-11,Sacramento,CA,ST011
C05338,Marcus Rasmussen,Summit,2022-06-19,Seattle,WA,ST006
C05339,Noor Ferreira,Trailhead,2024-01-12,Park City,UT,ST015
C05340,Callum Lindqvist,None,2023-09-11,Eugene,OR,ST015
C05341,Priya Vasquez,None,2022-11-11,Flagstaff,AZ,ST018
C05342,Noor Vasquez,Trailhead,2022-09-23,Flagstaff,AZ,ST008
C05343,Noor Ellery,None,2021-11-20,Salt Lake City,UT,ST015
C05344,Felix Pemberton,None,2021-12-06,Bend,OR,ST002
C05345,Nadia Rasmussen,None,2021-05-25,Flagstaff,AZ,ST016
C05346,Otto Barros,Summit,2022-03-09,Tacoma,WA,ST010
C05347,Nadia Marchetti,Trailhead,2020-02-01,Eugene,OR,ST003
C05348,Saskia Ferreira,Trailhead,2020-06-10,Salt Lake City,UT,ST003
C05349,Callum Ashworth,Alpine,2024-10-29,Flagstaff,AZ,ST005
C05350,Emrys Pemberton,Summit,2020-02-14,Flagstaff,AZ,ST014
C05351,Callum Barros,Trailhead,2021-09-01,Denver,CO,ST018
C05352,Noor Yardley,Trailhead,2023-03-05,Eugene,OR,ST008
C05353,Elias Grimshaw,None,2023-01-13,Reno,NV,ST018
C05354,Kenji Wexford,Summit,2023-09-28,Missoula,MT,ST001
C05355,Felix Ferreira,Summit,2021-02-12,Bend,OR,ST016
C05356,Hugo Zielinski,None,2021-11-29,Boulder,CO,ST011
C05357,Diego Grimshaw,None,2022-06-04,Boise,ID,ST015
C05358,Tobias Zielinski,None,2024-09-05,Reno,NV,ST017
C05359,Sana Okonkwo,None,2021-05-26,Portland,OR,ST004
C05360,Alina Ferreira,Trailhead,2022-10-29,Portland,OR,ST005
C05361,Yara Ibarra,Trailhead,2022-10-21,Tacoma,WA,ST016
C05362,Felix Delacroix,Trailhead,2023-03-27,Park City,UT,ST016
C05363,Amara Delacroix,Summit,2022-12-06,Coeur d'Alene,ID,ST012
C05364,Emrys Barros,Trailhead,2022-12-13,Fort Collins,CO,ST001
C05365,Noor Pemberton,None,2022-11-17,Bend,OR,ST015
C05366,Nadia Halvorsen,Trailhead,2023-03-01,Tacoma,WA,ST010
C05367,Amara Ashworth,None,2024-11-07,Missoula,MT,ST009
C05368,Kenji Marchetti,None,2021-11-27,Reno,NV,ST013
C05369,Elena Delacroix,None,2024-02-14,Sacramento,CA,ST010
C05370,Felix Ibarra,None,2021-08-14,Missoula,MT,ST011
C05371,Felix Kowalski,None,2021-06-06,Portland,OR,ST001
C05372,Sana Farrow,Trailhead,2022-02-14,Denver,CO,ST017
C05373,Ravi Barros,None,2022-03-27,Portland,OR,ST014
C05374,Freya Yardley,None,2023-08-18,Boise,ID,ST010
C05375,Marcus Zielinski,None,2022-03-26,Sacramento,CA,ST007
C05376,Diego Yardley,None,2021-04-06,Seattle,WA,ST011
C05377,Theo Vasquez,Summit,2020-11-06,Flagstaff,AZ,ST010
C05378,Amara Vasquez,Trailhead,2024-04-16,Denver,CO,ST005
C05379,Greta Marchetti,None,2022-01-09,Seattle,WA,ST007
C05380,Elena Pemberton,Trailhead,2024-03-13,Seattle,WA,ST005
C05381,Beatrix Ferreira,None,2021-03-31,Missoula,MT,ST002
C05382,Lucian Lindqvist,Trailhead,2020-10-23,Park City,UT,ST011
C05383,Sana Thorne,None,2023-07-10,Tacoma,WA,ST001
C05384,Kenji Farrow,Summit,2023-09-04,Bozeman,MT,ST012
C05385,Felix Pemberton,Summit,2023-07-04,Seattle,WA,ST005
C05386,Freya Vasquez,None,2021-06-02,Reno,NV,ST015
C05387,Diego Nakamura,None,2021-05-01,Tacoma,WA,ST006
C05388,Marcus Grimshaw,None,2024-07-10,Fort Collins,CO,ST003
C05389,Elias Wexford,Trailhead,2024-08-29,Portland,OR,ST005
C05390,Diego Grimshaw,None,2022-04-05,Flagstaff,AZ,ST010
C05391,Priya Grimshaw,Trailhead,2020-08-09,Park City,UT,ST012
C05392,Otto Lindqvist,None,2022-08-22,Boulder,CO,ST011
C05393,Amara Ellery,Summit,2022-07-22,Park City,UT,ST002
C05394,Priya Sandoval,Trailhead,2022-01-13,Seattle,WA,ST011
C05395,Emrys Yardley,Summit,2024-05-06,Fort Collins,CO,ST013
C05396,Rosa Grimshaw,Trailhead,2020-09-25,Park City,UT,ST015
C05397,Callum Ellery,Summit,2023-11-22,Eugene,OR,ST010
C05398,Saskia Ashworth,Summit,2021-09-14,Seattle,WA,ST013
C05399,Yara Kowalski,Summit,2020-07-19,Bend,OR,ST017
C05400,Leila Zielinski,None,2024-06-26,Reno,NV,ST005
C05401,Otto Wexford,Summit,2022-07-01,Spokane,WA,ST005
C05402,Leila Barros,Summit,2023-11-26,Flagstaff,AZ,ST004
C05403,Priya Yardley,None,2021-05-25,Reno,NV,ST012
C05404,Hugo Ellery,Summit,2023-05-19,Coeur d'Alene,ID,ST007
C05405,Greta Ellery,None,2020-12-15,Sacramento,CA,ST002
C05406,Yara Nakamura,None,2023-02-05,Sacramento,CA,ST003
C05407,Priya Wexford,Alpine,2024-03-08,Seattle,WA,ST003
C05408,Noor Okonkwo,Summit,2021-04-09,Denver,CO,ST017
C05409,Kenji Delacroix,Summit,2024-06-09,Bend,OR,ST005
C05410,Priya Delacroix,Trailhead,2023-04-01,Reno,NV,ST013
C05411,Kenji Pemberton,Summit,2022-05-17,Spokane,WA,ST018
C05412,Beatrix Wexford,Trailhead,2024-06-29,Salt Lake City,UT,ST011
C05413,Mateo Halvorsen,Trailhead,2023-04-18,Eugene,OR,ST007
C05414,Greta Yardley,None,2023-04-24,Flagstaff,AZ,ST001
C05415,Callum Okonkwo,Alpine,2024-09-21,Bend,OR,ST009
C05416,Diego Okonkwo,Summit,2023-11-02,Portland,OR,ST004
C05417,Emrys Pemberton,Trailhead,2022-11-12,Portland,OR,ST010
C05418,Noor Thorne,Summit,2020-09-15,Flagstaff,AZ,ST011
C05419,Priya Hollis,Trailhead,2022-03-17,Denver,CO,ST014
C05420,Emrys Sandoval,Trailhead,2020-02-22,Bend,OR,ST009
C05421,Elena Sandoval,None,2022-02-21,Fort Collins,CO,ST016
C05422,Elena Okonkwo,None,2020-02-05,Portland,OR,ST003
C05423,Amara Ashworth,Trailhead,2021-02-10,Boise,ID,ST018
C05424,Felix Vasquez,Summit,2024-11-18,Coeur d'Alene,ID,ST005
C05425,Rosa Pemberton,None,2021-05-16,Seattle,WA,ST007
C05426,Imani Okonkwo,Trailhead,2024-05-29,Denver,CO,ST009
C05427,Felix Yardley,None,2022-05-17,Bend,OR,ST008
C05428,Hugo Marchetti,Summit,2024-02-28,Bozeman,MT,ST006
C05429,Diego Nakamura,Trailhead,2024-02-12,Tacoma,WA,ST014
C05430,Soren Yardley,None,2020-03-28,Fort Collins,CO,ST016
C05431,Felix Okonkwo,Trailhead,2021-08-22,Reno,NV,ST004
C05432,Kenji Ellery,None,2022-06-10,Eugene,OR,ST006
C05433,Kenji Hollis,Trailhead,2022-07-23,Denver,CO,ST013
C05434,Felix Ferreira,Summit,2024-03-25,Coeur d'Alene,ID,ST005
C05435,Lucian Wexford,Trailhead,2021-02-10,Tacoma,WA,ST003
C05436,Tobias Pemberton,None,2021-11-28,Fort Collins,CO,ST009
C05437,Greta Sandoval,Summit,2022-03-25,Boulder,CO,ST014
C05438,Amara Vasquez,Trailhead,2021-07-01,Bend,OR,ST006
C05439,Amara Pemberton,None,2020-12-29,Boulder,CO,ST018
C05440,Theo Ferreira,Summit,2023-12-07,Sacramento,CA,ST002
C05441,Lucian Barros,Summit,2022-02-08,Seattle,WA,ST017
C05442,Tobias Marchetti,Summit,2022-04-22,Eugene,OR,ST004
C05443,Ravi Vasquez,None,2020-05-08,Portland,OR,ST009
C05444,Theo Marchetti,None,2023-02-28,Denver,CO,ST008
C05445,Noor Nakamura,Trailhead,2023-11-08,Seattle,WA,ST009
C05446,Hugo Marchetti,None,2020-10-18,Fort Collins,CO,ST002
C05447,Rosa Sandoval,Trailhead,2021-02-10,Missoula,MT,ST002
C05448,Theo Yardley,Summit,2022-09-16,Tacoma,WA,ST008
C05449,Leila Thorne,Summit,2023-09-04,Tacoma,WA,ST012
C05450,Hugo Ferreira,None,2024-03-17,Bozeman,MT,ST003
C05451,Marcus Sandoval,Trailhead,2022-05-20,Boise,ID,ST010
C05452,Amara Rasmussen,None,2020-09-01,Spokane,WA,ST015
C05453,Imani Vasquez,None,2020-05-31,Eugene,OR,ST004
C05454,Mateo Ellery,None,2020-05-25,Sacramento,CA,ST004
C05455,Greta Barros,Trailhead,2024-12-01,Missoula,MT,ST017
C05456,Emrys Ellery,None,2023-06-24,Tacoma,WA,ST015
C05457,Theo Halvorsen,Trailhead,2022-11-18,Sacramento,CA,ST007
C05458,Mateo Whitfield,Summit,2021-09-25,Sacramento,CA,ST006
C05459,Elena Ferreira,None,2022-09-02,Seattle,WA,ST015
C05460,Priya Halvorsen,None,2020-05-14,Missoula,MT,ST009
C05461,Felix Ferreira,None,2022-12-27,Eugene,OR,ST016
C05462,Theo Vasquez,None,2024-09-20,Tacoma,WA,ST015
C05463,Elias Yardley,Trailhead,2022-08-08,Tacoma,WA,ST008
C05464,Yara Delacroix,None,2023-09-23,Bozeman,MT,ST005
C05465,Priya Yardley,Trailhead,2022-04-29,Boulder,CO,ST003
C05466,Hugo Ashworth,None,2024-06-17,Portland,OR,ST017
C05467,Felix Farrow,None,2024-04-18,Bozeman,MT,ST013
C05468,Emrys Kowalski,None,2022-07-23,Bozeman,MT,ST012
C05469,Amara Delacroix,Trailhead,2021-08-11,Coeur d'Alene,ID,ST011
C05470,Tobias Ferreira,None,2022-11-09,Tacoma,WA,ST012
C05471,Diego Sandoval,None,2022-01-14,Sacramento,CA,ST010
C05472,Theo Lindqvist,None,2021-12-30,Portland,OR,ST003
C05473,Greta Barros,Trailhead,2020-12-11,Seattle,WA,ST018
C05474,Lucian Sandoval,Summit,2022-06-21,Salt Lake City,UT,ST018
C05475,Amara Vasquez,Summit,2021-09-01,Bend,OR,ST003
C05476,Alina Kowalski,Summit,2020-04-07,Reno,NV,ST002
C05477,Leila Whitfield,Alpine,2024-11-05,Reno,NV,ST014
C05478,Priya Zielinski,Summit,2023-05-08,Reno,NV,ST017
C05479,Lucian Pemberton,Trailhead,2024-07-14,Sacramento,CA,ST008
C05480,Alina Ferreira,None,2024-01-04,Boulder,CO,ST003
C05481,Ravi Sandoval,None,2020-04-08,Missoula,MT,ST001
C05482,Marcus Okonkwo,Trailhead,2023-04-17,Reno,NV,ST012
C05483,Nadia Barros,None,2023-10-28,Salt Lake City,UT,ST009
C05484,Priya Ellery,Trailhead,2022-12-05,Fort Collins,CO,ST011
C05485,Alina Ellery,None,2023-09-13,Eugene,OR,ST003
C05486,Elias Hollis,Trailhead,2023-10-22,Reno,NV,ST011
C05487,Nadia Lindqvist,None,2024-03-21,Salt Lake City,UT,ST009
C05488,Lucian Farrow,Summit,2022-01-20,Seattle,WA,ST008
C05489,Mateo Vasquez,None,2023-12-11,Portland,OR,ST005
C05490,Saskia Barros,None,2023-05-31,Flagstaff,AZ,ST014
C05491,Theo Yardley,Summit,2022-10-19,Bend,OR,ST007
C05492,Theo Rasmussen,Trailhead,2021-04-20,Seattle,WA,ST002
C05493,Leila Ellery,None,2024-01-14,Boulder,CO,ST012
C05494,Saskia Whitfield,Trailhead,2021-03-17,Fort Collins,CO,ST008
C05495,Felix Wexford,Trailhead,2022-09-15,Seattle,WA,ST015
C05496,Emrys Okonkwo,Trailhead,2024-01-29,Bozeman,MT,ST014
C05497,Hugo Whitfield,None,2020-05-03,Missoula,MT,ST016
C05498,Hugo Grimshaw,None,2022-03-23,Fort Collins,CO,ST018
C05499,Tobias Ellery,None,2022-05-16,Tacoma,WA,ST015
C05500,Diego Lindqvist,Trailhead,2024-09-30,Salt Lake City,UT,ST007
C05501,Kenji Okonkwo,None,2021-04-28,Seattle,WA,ST017
C05502,Felix Lindqvist,Summit,2024-11-21,Park City,UT,ST011
C05503,Diego Wexford,Summit,2023-05-26,Reno,NV,ST009
C05504,Emrys Zielinski,None,2023-11-17,Coeur d'Alene,ID,ST016
C05505,Theo Barros,Summit,2020-09-30,Park City,UT,ST013
C05506,Greta Pemberton,Summit,2020-12-26,Seattle,WA,ST017
C05507,Ravi Sandoval,Trailhead,2022-03-07,Missoula,MT,ST009
C05508,Mateo Ellery,Alpine,2020-09-08,Bend,OR,ST003
C05509,Tobias Ferreira,Trailhead,2023-08-26,Seattle,WA,ST005
C05510,Elias Ferreira,Trailhead,2024-06-17,Salt Lake City,UT,ST002
C05511,Sana Delacroix,None,2020-05-13,Tacoma,WA,ST003
C05512,Emrys Grimshaw,Trailhead,2024-02-05,Portland,OR,ST007
C05513,Emrys Sandoval,Trailhead,2021-07-21,Sacramento,CA,ST016
C05514,Ravi Thorne,Summit,2023-08-06,Spokane,WA,ST012
C05515,Sana Whitfield,Summit,2021-09-14,Boulder,CO,ST018
C05516,Rosa Whitfield,None,2023-10-22,Coeur d'Alene,ID,ST010
C05517,Yara Hollis,Summit,2023-10-03,Eugene,OR,ST005
C05518,Theo Sandoval,Summit,2024-04-28,Sacramento,CA,ST010
C05519,Rosa Nakamura,Trailhead,2021-04-14,Denver,CO,ST016
C05520,Lucian Okonkwo,None,2023-10-13,Eugene,OR,ST011
C05521,Lucian Ferreira,Summit,2022-11-18,Portland,OR,ST003
C05522,Lucian Hollis,Trailhead,2022-08-12,Bozeman,MT,ST008
C05523,Otto Yardley,Trailhead,2021-06-14,Boise,ID,ST004
C05524,Marcus Ferreira,Summit,2023-11-04,Seattle,WA,ST018
C05525,Mateo Zielinski,None,2024-03-27,Portland,OR,ST006
C05526,Priya Ashworth,Alpine,2022-03-27,Tacoma,WA,ST015
C05527,Leila Ashworth,None,2022-06-10,Missoula,MT,ST006
C05528,Greta Grimshaw,Summit,2021-07-28,Fort Collins,CO,ST005
C05529,Sana Ashworth,Summit,2022-01-24,Boulder,CO,ST014
C05530,Greta Vasquez,Summit,2020-06-11,Bozeman,MT,ST016
C05531,Otto Marchetti,Summit,2024-03-11,Portland,OR,ST010
C05532,Emrys Sandoval,Summit,2022-06-06,Flagstaff,AZ,ST006
C05533,Soren Nakamura,Summit,2024-01-27,Park City,UT,ST008
C05534,Lucian Marchetti,Trailhead,2024-06-14,Portland,OR,ST017
C05535,Felix Hollis,None,2021-12-16,Boulder,CO,ST005
C05536,Felix Zielinski,Summit,2021-08-24,Portland,OR,ST018
C05537,Felix Sandoval,None,2023-08-11,Eugene,OR,ST007
C05538,Otto Whitfield,Trailhead,2023-02-23,Coeur d'Alene,ID,ST014
C05539,Ravi Yardley,Summit,2024-06-17,Bozeman,MT,ST007
C05540,Diego Halvorsen,Summit,2024-12-28,Sacramento,CA,ST016
C05541,Rosa Ellery,None,2021-12-07,Spokane,WA,ST003
C05542,Callum Sandoval,Summit,2020-03-04,Bend,OR,ST003
C05543,Tobias Rasmussen,Trailhead,2023-02-04,Fort Collins,CO,ST016
C05544,Otto Lindqvist,None,2022-10-22,Sacramento,CA,ST012
C05545,Nadia Thorne,Trailhead,2020-05-24,Fort Collins,CO,ST012
C05546,Beatrix Sandoval,Trailhead,2020-09-23,Coeur d'Alene,ID,ST012
C05547,Ravi Sandoval,Summit,2020-04-22,Flagstaff,AZ,ST006
C05548,Ravi Delacroix,Trailhead,2020-10-21,Tacoma,WA,ST016
C05549,Greta Ellery,None,2022-03-17,Fort Collins,CO,ST016
C05550,Elena Yardley,Trailhead,2022-08-28,Sacramento,CA,ST005
C05551,Diego Halvorsen,None,2022-03-10,Eugene,OR,ST017
C05552,Saskia Farrow,Trailhead,2022-10-12,Denver,CO,ST007
C05553,Mateo Pemberton,Trailhead,2023-06-13,Portland,OR,ST003
C05554,Saskia Sandoval,Trailhead,2020-11-01,Coeur d'Alene,ID,ST015
C05555,Diego Rasmussen,Summit,2020-07-26,Boise,ID,ST008
C05556,Amara Whitfield,None,2021-02-21,Fort Collins,CO,ST002
C05557,Yara Farrow,None,2021-10-14,Missoula,MT,ST003
C05558,Mateo Pemberton,Trailhead,2020-09-11,Seattle,WA,ST015
C05559,Kenji Yardley,Trailhead,2022-10-04,Boulder,CO,ST003
C05560,Beatrix Nakamura,Trailhead,2023-04-08,Coeur d'Alene,ID,ST004
C05561,Felix Lindqvist,Summit,2023-09-12,Sacramento,CA,ST018
C05562,Leila Zielinski,Summit,2020-12-11,Seattle,WA,ST004
C05563,Soren Zielinski,Trailhead,2023-10-07,Spokane,WA,ST004
C05564,Noor Ellery,None,2023-01-11,Boise,ID,ST012
C05565,Theo Vasquez,None,2022-05-24,Sacramento,CA,ST015
C05566,Sana Vasquez,Summit,2024-12-02,Flagstaff,AZ,ST007
C05567,Yara Hollis,Summit,2024-08-05,Denver,CO,ST010
C05568,Elias Hollis,Trailhead,2024-10-14,Spokane,WA,ST004
C05569,Sana Ellery,Alpine,2022-08-07,Bend,OR,ST012
C05570,Sana Thorne,None,2023-02-12,Eugene,OR,ST012
C05571,Saskia Halvorsen,Summit,2022-11-10,Salt Lake City,UT,ST016
C05572,Callum Ferreira,None,2021-01-10,Bozeman,MT,ST014
C05573,Callum Wexford,None,2020-04-13,Denver,CO,ST003
C05574,Elias Ibarra,Trailhead,2022-04-23,Seattle,WA,ST008
C05575,Otto Okonkwo,Trailhead,2021-07-29,Boise,ID,ST002
C05576,Lucian Rasmussen,Summit,2023-03-20,Bozeman,MT,ST016
C05577,Sana Zielinski,Summit,2020-02-08,Sacramento,CA,ST013
C05578,Imani Wexford,Trailhead,2021-11-13,Reno,NV,ST006
C05579,Alina Marchetti,Summit,2023-03-18,Tacoma,WA,ST011
C05580,Ravi Rasmussen,Summit,2024-11-25,Park City,UT,ST016
C05581,Beatrix Ashworth,None,2021-07-10,Bend,OR,ST011
C05582,Theo Halvorsen,None,2022-03-14,Fort Collins,CO,ST011
C05583,Nadia Thorne,Trailhead,2024-04-06,Coeur d'Alene,ID,ST008
C05584,Elias Lindqvist,Trailhead,2023-03-26,Coeur d'Alene,ID,ST007
C05585,Elena Marchetti,None,2020-03-30,Boulder,CO,ST004
C05586,Amara Sandoval,Trailhead,2022-12-14,Denver,CO,ST003
C05587,Elias Okonkwo,Trailhead,2023-07-19,Bend,OR,ST009
C05588,Hugo Okonkwo,None,2024-12-02,Bozeman,MT,ST009
C05589,Marcus Whitfield,Trailhead,2022-07-05,Bozeman,MT,ST009
C05590,Amara Thorne,Summit,2023-07-31,Sacramento,CA,ST013
C05591,Elena Delacroix,Trailhead,2023-05-31,Tacoma,WA,ST006
C05592,Callum Thorne,Trailhead,2020-06-11,Park City,UT,ST014
C05593,Freya Ibarra,Trailhead,2022-08-03,Boise,ID,ST010
C05594,Theo Marchetti,Summit,2024-04-08,Seattle,WA,ST006
C05595,Amara Whitfield,Trailhead,2024-11-09,Reno,NV,ST011
C05596,Yara Kowalski,None,2021-06-15,Bozeman,MT,ST003
C05597,Theo Lindqvist,Summit,2024-04-25,Flagstaff,AZ,ST010
C05598,Alina Ashworth,Summit,2021-09-30,Salt Lake City,UT,ST003
C05599,Theo Rasmussen,None,2023-12-02,Fort Collins,CO,ST009
C05600,Noor Ibarra,Trailhead,2024-11-24,Reno,NV,ST008
C05601,Soren Ibarra,None,2024-02-01,Coeur d'Alene,ID,ST009
C05602,Ravi Ferreira,None,2020-03-10,Reno,NV,ST012
C05603,Soren Pemberton,None,2024-10-06,Portland,OR,ST008
C05604,Ravi Nakamura,None,2020-10-25,Seattle,WA,ST012
C05605,Beatrix Ibarra,None,2021-10-23,Spokane,WA,ST015
C05606,Amara Halvorsen,Summit,2024-11-01,Flagstaff,AZ,ST017
C05607,Felix Sandoval,Alpine,2024-09-03,Fort Collins,CO,ST017
C05608,Rosa Wexford,Summit,2021-07-05,Missoula,MT,ST010
C05609,Freya Delacroix,Trailhead,2022-04-20,Spokane,WA,ST016
C05610,Elena Barros,None,2023-06-07,Bozeman,MT,ST011
C05611,Elias Ellery,Trailhead,2024-10-22,Coeur d'Alene,ID,ST002
C05612,Amara Ferreira,None,2021-05-19,Sacramento,CA,ST017
C05613,Diego Wexford,None,2023-05-29,Coeur d'Alene,ID,ST004
C05614,Otto Delacroix,Summit,2021-01-13,Sacramento,CA,ST001
C05615,Diego Kowalski,Trailhead,2021-05-04,Denver,CO,ST011
C05616,Rosa Delacroix,Trailhead,2024-01-23,Boise,ID,ST017
C05617,Theo Ellery,Trailhead,2020-04-01,Salt Lake City,UT,ST016
C05618,Nadia Rasmussen,Trailhead,2020-08-22,Tacoma,WA,ST005
C05619,Soren Zielinski,Summit,2021-03-29,Eugene,OR,ST016
C05620,Mateo Ashworth,Trailhead,2022-10-24,Boulder,CO,ST004
C05621,Tobias Grimshaw,Summit,2024-03-17,Seattle,WA,ST015
C05622,Tobias Yardley,Summit,2022-05-04,Flagstaff,AZ,ST007
C05623,Kenji Ellery,None,2024-10-01,Seattle,WA,ST006
C05624,Rosa Halvorsen,Summit,2022-04-02,Seattle,WA,ST016
C05625,Hugo Marchetti,Trailhead,2022-08-21,Denver,CO,ST004
C05626,Alina Whitfield,Trailhead,2022-06-03,Eugene,OR,ST012
C05627,Imani Barros,Trailhead,2020-06-13,Salt Lake City,UT,ST016
C05628,Ravi Lindqvist,Trailhead,2024-11-03,Boise,ID,ST001
C05629,Noor Ibarra,None,2024-11-20,Boulder,CO,ST016
C05630,Callum Ellery,None,2023-12-16,Bozeman,MT,ST004
C05631,Sana Ellery,None,2021-09-27,Boise,ID,ST017
C05632,Sana Ashworth,Summit,2020-03-18,Reno,NV,ST015
C05633,Nadia Thorne,Trailhead,2022-01-14,Salt Lake City,UT,ST003
C05634,Otto Whitfield,None,2021-05-08,Denver,CO,ST016
C05635,Saskia Grimshaw,Trailhead,2022-12-27,Seattle,WA,ST011
C05636,Alina Ferreira,None,2021-08-21,Portland,OR,ST005
C05637,Theo Barros,None,2021-01-18,Fort Collins,CO,ST015
C05638,Rosa Lindqvist,Trailhead,2023-10-20,Eugene,OR,ST016
C05639,Saskia Lindqvist,Alpine,2021-01-14,Boulder,CO,ST004
C05640,Marcus Grimshaw,Trailhead,2020-12-04,Flagstaff,AZ,ST001
C05641,Amara Wexford,None,2024-11-11,Denver,CO,ST006
C05642,Marcus Zielinski,Summit,2024-04-10,Bozeman,MT,ST003
C05643,Otto Pemberton,None,2024-01-24,Salt Lake City,UT,ST017
C05644,Saskia Sandoval,None,2020-11-22,Flagstaff,AZ,ST010
C05645,Elena Ferreira,None,2022-03-20,Spokane,WA,ST004
C05646,Noor Sandoval,Trailhead,2020-03-06,Portland,OR,ST001
C05647,Sana Okonkwo,None,2021-10-16,Park City,UT,ST011
C05648,Beatrix Rasmussen,None,2021-12-24,Spokane,WA,ST005
C05649,Hugo Hollis,Summit,2021-04-05,Park City,UT,ST017
C05650,Tobias Ibarra,None,2022-10-11,Reno,NV,ST002
C05651,Soren Hollis,Summit,2022-01-14,Park City,UT,ST004
C05652,Hugo Kowalski,None,2024-08-19,Flagstaff,AZ,ST001
C05653,Marcus Barros,Trailhead,2023-07-09,Coeur d'Alene,ID,ST006
C05654,Mateo Ibarra,None,2020-02-26,Reno,NV,ST006
C05655,Theo Yardley,Trailhead,2023-11-23,Denver,CO,ST011
C05656,Ravi Wexford,Trailhead,2022-09-21,Salt Lake City,UT,ST003
C05657,Lucian Lindqvist,None,2021-10-03,Bend,OR,ST004
C05658,Elias Grimshaw,None,2023-08-25,Eugene,OR,ST011
C05659,Noor Nakamura,Summit,2020-05-12,Flagstaff,AZ,ST005
C05660,Leila Whitfield,Trailhead,2021-10-05,Missoula,MT,ST007
C05661,Alina Whitfield,None,2024-08-20,Portland,OR,ST002
C05662,Lucian Rasmussen,Trailhead,2024-12-23,Bozeman,MT,ST004
C05663,Theo Zielinski,Trailhead,2023-11-03,Coeur d'Alene,ID,ST008
C05664,Diego Ferreira,None,2021-05-26,Park City,UT,ST009
C05665,Rosa Farrow,Summit,2024-01-13,Boise,ID,ST003
C05666,Hugo Farrow,Summit,2020-09-30,Tacoma,WA,ST016
C05667,Nadia Vasquez,None,2021-06-11,Missoula,MT,ST011
C05668,Soren Lindqvist,Trailhead,2023-11-13,Salt Lake City,UT,ST017
C05669,Freya Vasquez,None,2023-08-25,Coeur d'Alene,ID,ST013
C05670,Lucian Rasmussen,Trailhead,2022-06-15,Tacoma,WA,ST014
C05671,Marcus Wexford,Summit,2021-05-11,Portland,OR,ST001
C05672,Priya Marchetti,None,2021-07-02,Seattle,WA,ST017
C05673,Greta Ashworth,Trailhead,2023-04-21,Spokane,WA,ST016
C05674,Tobias Pemberton,Trailhead,2024-07-07,Boulder,CO,ST008
C05675,Theo Ashworth,Summit,2022-06-01,Salt Lake City,UT,ST008
C05676,Theo Vasquez,None,2024-11-19,Tacoma,WA,ST017
C05677,Elias Ibarra,None,2022-11-24,Missoula,MT,ST004
C05678,Theo Grimshaw,Trailhead,2021-08-08,Seattle,WA,ST003
C05679,Hugo Barros,Summit,2022-02-27,Eugene,OR,ST005
C05680,Elena Yardley,Trailhead,2022-02-12,Boulder,CO,ST010
C05681,Elena Ellery,Trailhead,2022-12-26,Eugene,OR,ST016
C05682,Tobias Okonkwo,Trailhead,2024-08-15,Boulder,CO,ST014
C05683,Soren Rasmussen,None,2023-08-02,Spokane,WA,ST002
C05684,Theo Ferreira,Trailhead,2022-08-06,Salt Lake City,UT,ST009
C05685,Elena Ashworth,Trailhead,2024-06-10,Coeur d'Alene,ID,ST002
C05686,Imani Marchetti,Summit,2022-09-20,Eugene,OR,ST010
C05687,Yara Okonkwo,Summit,2020-05-07,Seattle,WA,ST012
C05688,Leila Farrow,Summit,2021-12-25,Reno,NV,ST007
C05689,Priya Delacroix,Trailhead,2023-11-27,Boise,ID,ST004
C05690,Lucian Ashworth,Summit,2022-06-17,Eugene,OR,ST012
C05691,Felix Ellery,Trailhead,2022-12-10,Missoula,MT,ST018
C05692,Nadia Farrow,Trailhead,2023-09-25,Portland,OR,ST015
C05693,Ravi Yardley,Trailhead,2020-12-11,Denver,CO,ST010
C05694,Freya Pemberton,Trailhead,2022-08-31,Portland,OR,ST017
C05695,Rosa Halvorsen,None,2020-07-11,Flagstaff,AZ,ST015
C05696,Priya Lindqvist,None,2020-04-29,Salt Lake City,UT,ST018
C05697,Amara Pemberton,Alpine,2021-08-07,Missoula,MT,ST017
C05698,Noor Grimshaw,None,2022-10-15,Seattle,WA,ST013
C05699,Imani Halvorsen,Trailhead,2020-12-27,Eugene,OR,ST008
C05700,Kenji Farrow,Trailhead,2021-07-10,Salt Lake City,UT,ST010
C05701,Nadia Delacroix,Trailhead,2021-03-11,Missoula,MT,ST017
C05702,Freya Barros,Trailhead,2022-12-09,Eugene,OR,ST013
C05703,Priya Vasquez,Trailhead,2023-11-06,Coeur d'Alene,ID,ST011
C05704,Felix Vasquez,None,2020-10-31,Portland,OR,ST009
C05705,Noor Vasquez,Trailhead,2022-08-15,Bozeman,MT,ST008
C05706,Elias Sandoval,None,2023-04-09,Missoula,MT,ST003
C05707,Priya Farrow,None,2023-07-26,Eugene,OR,ST009
C05708,Elias Hollis,Summit,2023-05-01,Portland,OR,ST003
C05709,Lucian Wexford,Summit,2022-06-25,Sacramento,CA,ST002
C05710,Felix Lindqvist,Trailhead,2020-05-14,Spokane,WA,ST015
C05711,Ravi Yardley,None,2021-01-03,Boise,ID,ST004
C05712,Priya Pemberton,None,2022-04-01,Sacramento,CA,ST015
C05713,Kenji Pemberton,Trailhead,2022-07-19,Denver,CO,ST009
C05714,Elias Barros,None,2020-02-24,Salt Lake City,UT,ST003
C05715,Yara Yardley,None,2021-11-08,Boulder,CO,ST017
C05716,Felix Yardley,Summit,2023-01-03,Fort Collins,CO,ST017
C05717,Emrys Ferreira,None,2021-08-13,Coeur d'Alene,ID,ST008
C05718,Marcus Nakamura,Trailhead,2020-04-29,Coeur d'Alene,ID,ST018
C05719,Kenji Farrow,None,2021-06-12,Reno,NV,ST004
C05720,Elias Rasmussen,None,2023-12-25,Salt Lake City,UT,ST018
C05721,Callum Marchetti,Trailhead,2024-06-08,Sacramento,CA,ST014
C05722,Marcus Ashworth,None,2023-09-18,Flagstaff,AZ,ST006
C05723,Hugo Halvorsen,None,2023-11-30,Park City,UT,ST010
C05724,Freya Zielinski,None,2020-03-24,Boulder,CO,ST011
C05725,Theo Delacroix,Summit,2023-01-31,Boulder,CO,ST011
C05726,Imani Ashworth,Summit,2022-07-08,Reno,NV,ST008
C05727,Sana Grimshaw,None,2022-11-16,Spokane,WA,ST004
C05728,Tobias Barros,None,2021-02-14,Boulder,CO,ST010
C05729,Leila Sandoval,Trailhead,2022-09-03,Spokane,WA,ST005
C05730,Hugo Whitfield,None,2023-12-09,Bend,OR,ST001
C05731,Diego Ferreira,None,2022-03-01,Fort Collins,CO,ST015
C05732,Nadia Yardley,Trailhead,2023-03-10,Sacramento,CA,ST015
C05733,Felix Thorne,Alpine,2024-07-24,Park City,UT,ST017
C05734,Beatrix Delacroix,None,2024-08-30,Portland,OR,ST005
C05735,Otto Kowalski,Trailhead,2023-05-23,Spokane,WA,ST016
C05736,Noor Delacroix,Summit,2021-04-17,Denver,CO,ST002
C05737,Rosa Kowalski,Trailhead,2020-03-26,Boise,ID,ST012
C05738,Hugo Rasmussen,Summit,2023-02-14,Tacoma,WA,ST006
C05739,Callum Okonkwo,None,2023-03-07,Sacramento,CA,ST017
C05740,Diego Sandoval,Summit,2020-07-27,Sacramento,CA,ST005
C05741,Noor Marchetti,Trailhead,2021-08-16,Missoula,MT,ST004
C05742,Leila Ellery,None,2023-03-16,Denver,CO,ST001
C05743,Theo Hollis,None,2022-10-15,Bend,OR,ST007
C05744,Freya Halvorsen,Trailhead,2022-04-18,Coeur d'Alene,ID,ST003
C05745,Nadia Ferreira,None,2020-04-19,Reno,NV,ST013
C05746,Kenji Lindqvist,None,2022-03-03,Bend,OR,ST011
C05747,Otto Zielinski,None,2020-03-02,Flagstaff,AZ,ST010
C05748,Elena Hollis,Alpine,2023-10-28,Bozeman,MT,ST009
C05749,Alina Ellery,Alpine,2023-07-08,Portland,OR,ST007
C05750,Amara Pemberton,Alpine,2021-04-28,Sacramento,CA,ST003
C05751,Lucian Halvorsen,Trailhead,2020-06-22,Denver,CO,ST017
C05752,Alina Ferreira,Trailhead,2020-10-19,Reno,NV,ST013
C05753,Marcus Kowalski,Trailhead,2023-05-09,Boulder,CO,ST009
C05754,Callum Whitfield,Alpine,2020-10-18,Bozeman,MT,ST002
C05755,Leila Okonkwo,Trailhead,2023-11-30,Seattle,WA,ST003
C05756,Mateo Barros,None,2021-05-03,Reno,NV,ST003
C05757,Leila Nakamura,Trailhead,2024-09-07,Portland,OR,ST002
C05758,Nadia Rasmussen,Trailhead,2023-09-04,Reno,NV,ST018
C05759,Saskia Hollis,Trailhead,2021-12-20,Bend,OR,ST002
C05760,Diego Hollis,Trailhead,2023-02-02,Flagstaff,AZ,ST005
C05761,Hugo Yardley,Trailhead,2023-11-26,Portland,OR,ST004
C05762,Tobias Halvorsen,Alpine,2023-11-11,Sacramento,CA,ST006
C05763,Greta Rasmussen,None,2022-04-25,Bozeman,MT,ST002
C05764,Sana Ibarra,Summit,2022-07-10,Bozeman,MT,ST018
C05765,Soren Lindqvist,None,2023-01-04,Coeur d'Alene,ID,ST002
C05766,Emrys Pemberton,Trailhead,2021-08-12,Bozeman,MT,ST018
C05767,Mateo Ashworth,None,2023-04-05,Bend,OR,ST009
C05768,Greta Pemberton,Trailhead,2021-07-08,Sacramento,CA,ST005
C05769,Felix Okonkwo,Trailhead,2023-01-25,Spokane,WA,ST008
C05770,Rosa Ferreira,Trailhead,2024-12-07,Coeur d'Alene,ID,ST005
C05771,Imani Grimshaw,Trailhead,2020-09-21,Seattle,WA,ST004
C05772,Diego Ibarra,Summit,2021-02-11,Salt Lake City,UT,ST005
C05773,Tobias Lindqvist,Trailhead,2023-05-30,Park City,UT,ST003
C05774,Saskia Zielinski,None,2024-01-25,Seattle,WA,ST002
C05775,Alina Wexford,Summit,2023-12-20,Missoula,MT,ST003
C05776,Noor Rasmussen,None,2021-10-18,Boise,ID,ST009
C05777,Ravi Grimshaw,None,2022-01-27,Spokane,WA,ST013
C05778,Rosa Ferreira,Summit,2022-11-17,Boulder,CO,ST013
C05779,Freya Farrow,None,2022-03-24,Flagstaff,AZ,ST012
C05780,Ravi Marchetti,Summit,2021-12-06,Flagstaff,AZ,ST009
C05781,Amara Farrow,Alpine,2023-01-24,Spokane,WA,ST004
C05782,Alina Thorne,None,2023-04-09,Portland,OR,ST013
C05783,Nadia Grimshaw,None,2022-09-02,Sacramento,CA,ST018
C05784,Theo Marchetti,Trailhead,2024-10-18,Fort Collins,CO,ST007
C05785,Diego Zielinski,None,2022-10-24,Missoula,MT,ST012
C05786,Imani Marchetti,Trailhead,2020-06-04,Spokane,WA,ST013
C05787,Saskia Halvorsen,None,2020-07-27,Reno,NV,ST009
C05788,Leila Nakamura,None,2023-08-21,Missoula,MT,ST012
C05789,Mateo Grimshaw,Trailhead,2020-11-28,Bend,OR,ST002
C05790,Soren Barros,Trailhead,2024-08-07,Reno,NV,ST003
C05791,Amara Zielinski,None,2021-03-03,Bend,OR,ST017
C05792,Leila Nakamura,None,2022-09-06,Reno,NV,ST002
C05793,Emrys Ferreira,None,2020-12-18,Spokane,WA,ST013
C05794,Leila Ibarra,None,2022-07-27,Salt Lake City,UT,ST012
C05795,Alina Hollis,Trailhead,2020-02-22,Reno,NV,ST006
C05796,Amara Grimshaw,Summit,2021-09-24,Eugene,OR,ST012
C05797,Kenji Hollis,None,2021-05-19,Flagstaff,AZ,ST015
C05798,Imani Halvorsen,None,2021-02-19,Missoula,MT,ST001
C05799,Kenji Lindqvist,None,2024-10-25,Eugene,OR,ST008
C05800,Felix Nakamura,Trailhead,2024-08-17,Tacoma,WA,ST006
C05801,Alina Ellery,Trailhead,2020-05-08,Spokane,WA,ST018
C05802,Noor Wexford,None,2023-04-18,Boulder,CO,ST015
C05803,Yara Thorne,Trailhead,2024-04-04,Bend,OR,ST010
C05804,Elias Ellery,Trailhead,2021-04-16,Bend,OR,ST018
C05805,Callum Ibarra,None,2022-07-05,Portland,OR,ST002
C05806,Felix Ellery,None,2022-11-23,Denver,CO,ST007
C05807,Emrys Rasmussen,None,2021-01-24,Portland,OR,ST006
C05808,Alina Kowalski,None,2022-05-16,Bend,OR,ST002
C05809,Diego Rasmussen,None,2020-09-27,Portland,OR,ST010
C05810,Marcus Pemberton,Trailhead,2020-07-02,Sacramento,CA,ST011
C05811,Soren Delacroix,None,2024-04-11,Spokane,WA,ST018
C05812,Otto Hollis,Alpine,2023-09-30,Denver,CO,ST003
C05813,Tobias Ferreira,Trailhead,2024-06-07,Bend,OR,ST013
C05814,Greta Ferreira,Summit,2021-01-08,Boulder,CO,ST002
C05815,Elias Lindqvist,None,2024-12-13,Salt Lake City,UT,ST007
C05816,Callum Grimshaw,None,2023-01-01,Tacoma,WA,ST012
C05817,Yara Farrow,Summit,2022-07-23,Bend,OR,ST001
C05818,Greta Hollis,Trailhead,2022-06-24,Flagstaff,AZ,ST003
C05819,Kenji Lindqvist,Trailhead,2024-05-21,Boise,ID,ST001
C05820,Theo Delacroix,Summit,2021-11-13,Portland,OR,ST001
C05821,Rosa Zielinski,Trailhead,2020-03-29,Boise,ID,ST011
C05822,Otto Ibarra,None,2021-06-17,Seattle,WA,ST011
C05823,Tobias Pemberton,None,2022-10-04,Portland,OR,ST003
C05824,Emrys Ashworth,None,2022-09-24,Spokane,WA,ST011
C05825,Noor Nakamura,Trailhead,2022-08-02,Spokane,WA,ST006
C05826,Kenji Thorne,None,2021-03-11,Sacramento,CA,ST017
C05827,Beatrix Ferreira,Summit,2020-06-08,Reno,NV,ST002
C05828,Alina Farrow,None,2020-04-04,Tacoma,WA,ST011
C05829,Priya Ibarra,None,2024-01-29,Missoula,MT,ST016
C05830,Felix Barros,None,2021-05-13,Flagstaff,AZ,ST006
C05831,Sana Wexford,Trailhead,2020-05-09,Bend,OR,ST001
C05832,Mateo Nakamura,None,2020-10-15,Park City,UT,ST013
C05833,Imani Zielinski,Trailhead,2023-05-09,Missoula,MT,ST014
C05834,Imani Barros,None,2022-08-29,Boise,ID,ST006
C05835,Kenji Pemberton,Trailhead,2022-08-06,Eugene,OR,ST004
C05836,Elena Ashworth,None,2024-01-16,Bozeman,MT,ST018
C05837,Elias Kowalski,None,2022-07-24,Coeur d'Alene,ID,ST016
C05838,Sana Nakamura,None,2021-11-22,Seattle,WA,ST002
C05839,Tobias Marchetti,None,2022-09-06,Salt Lake City,UT,ST005
C05840,Rosa Nakamura,Summit,2023-06-09,Bend,OR,ST013
C05841,Sana Rasmussen,None,2022-05-13,Salt Lake City,UT,ST005
C05842,Theo Okonkwo,None,2021-12-12,Bozeman,MT,ST005
C05843,Callum Sandoval,Trailhead,2022-02-18,Flagstaff,AZ,ST010
C05844,Lucian Zielinski,Summit,2024-03-25,Bend,OR,ST016
C05845,Hugo Zielinski,Summit,2023-11-05,Bend,OR,ST007
C05846,Elena Thorne,None,2023-11-11,Flagstaff,AZ,ST015
C05847,Yara Lindqvist,None,2023-05-22,Portland,OR,ST005
C05848,Emrys Delacroix,Trailhead,2024-06-05,Bend,OR,ST006
C05849,Sana Ibarra,None,2021-09-21,Eugene,OR,ST002
C05850,Diego Halvorsen,None,2021-08-04,Missoula,MT,ST009
C05851,Lucian Pemberton,None,2024-11-13,Bend,OR,ST004
C05852,Saskia Lindqvist,Trailhead,2022-02-17,Eugene,OR,ST001
C05853,Amara Farrow,Summit,2023-09-30,Spokane,WA,ST010
C05854,Callum Ibarra,None,2023-10-22,Tacoma,WA,ST007
C05855,Yara Okonkwo,Summit,2023-03-08,Spokane,WA,ST003
C05856,Priya Okonkwo,None,2023-06-20,Eugene,OR,ST013
C05857,Freya Lindqvist,Summit,2022-04-30,Bozeman,MT,ST001
C05858,Saskia Okonkwo,Summit,2022-08-23,Missoula,MT,ST002
C05859,Amara Ellery,Trailhead,2020-06-07,Coeur d'Alene,ID,ST001
C05860,Lucian Lindqvist,Summit,2021-02-17,Bend,OR,ST008
C05861,Kenji Zielinski,Summit,2023-12-15,Fort Collins,CO,ST015
C05862,Kenji Ellery,Summit,2023-02-21,Fort Collins,CO,ST004
C05863,Callum Kowalski,Alpine,2023-01-18,Bend,OR,ST007
C05864,Lucian Lindqvist,None,2021-04-24,Bozeman,MT,ST018
C05865,Mateo Farrow,None,2022-08-04,Boise,ID,ST014
C05866,Mateo Sandoval,Trailhead,2023-09-10,Tacoma,WA,ST004
C05867,Leila Pemberton,Trailhead,2022-10-18,Boise,ID,ST005
C05868,Greta Grimshaw,Summit,2021-11-06,Coeur d'Alene,ID,ST003
C05869,Theo Pemberton,Alpine,2024-05-14,Missoula,MT,ST012
C05870,Leila Lindqvist,None,2023-02-01,Tacoma,WA,ST018
C05871,Mateo Hollis,Summit,2022-02-01,Flagstaff,AZ,ST004
C05872,Marcus Hollis,None,2022-09-11,Boulder,CO,ST009
C05873,Beatrix Whitfield,None,2021-12-30,Boulder,CO,ST006
C05874,Theo Ibarra,Trailhead,2024-10-20,Boise,ID,ST011
C05875,Amara Barros,Summit,2021-02-08,Eugene,OR,ST007
C05876,Hugo Pemberton,None,2024-12-21,Sacramento,CA,ST011
C05877,Nadia Vasquez,None,2023-06-12,Spokane,WA,ST005
C05878,Mateo Nakamura,Summit,2023-03-04,Portland,OR,ST018
C05879,Elena Nakamura,Trailhead,2023-02-21,Spokane,WA,ST006
C05880,Emrys Ellery,Trailhead,2020-07-27,Sacramento,CA,ST004
C05881,Theo Halvorsen,Trailhead,2021-11-16,Denver,CO,ST014
C05882,Soren Halvorsen,None,2024-02-03,Salt Lake City,UT,ST003
C05883,Theo Rasmussen,None,2024-03-02,Flagstaff,AZ,ST008
C05884,Diego Delacroix,None,2024-09-07,Spokane,WA,ST003
C05885,Imani Thorne,None,2022-06-21,Tacoma,WA,ST003
C05886,Nadia Nakamura,None,2021-09-16,Portland,OR,ST008
C05887,Soren Okonkwo,None,2020-02-01,Missoula,MT,ST010
C05888,Noor Pemberton,None,2024-05-09,Bend,OR,ST004
C05889,Yara Ellery,Trailhead,2023-10-10,Seattle,WA,ST014
C05890,Kenji Ibarra,Trailhead,2020-09-15,Eugene,OR,ST012
C05891,Amara Zielinski,Trailhead,2023-01-30,Seattle,WA,ST017
C05892,Lucian Ashworth,Summit,2021-11-17,Reno,NV,ST004
C05893,Lucian Halvorsen,Trailhead,2024-08-25,Boulder,CO,ST004
C05894,Noor Ellery,Trailhead,2020-02-15,Bozeman,MT,ST018
C05895,Kenji Halvorsen,Alpine,2020-08-18,Portland,OR,ST017
C05896,Freya Ibarra,Summit,2021-04-22,Boulder,CO,ST007
C05897,Yara Kowalski,Trailhead,2023-12-22,Portland,OR,ST016
C05898,Tobias Hollis,Trailhead,2022-05-05,Boulder,CO,ST007
C05899,Otto Sandoval,Trailhead,2020-09-17,Missoula,MT,ST017
C05900,Greta Ellery,None,2020-02-09,Denver,CO,ST015
C05901,Imani Ferreira,None,2022-04-10,Boulder,CO,ST012
C05902,Alina Rasmussen,Trailhead,2024-08-13,Portland,OR,ST002
C05903,Rosa Thorne,Summit,2023-06-17,Boise,ID,ST006
C05904,Ravi Zielinski,Alpine,2024-10-05,Bend,OR,ST004
C05905,Nadia Wexford,Summit,2023-10-07,Sacramento,CA,ST007
C05906,Rosa Halvorsen,Summit,2020-05-28,Sacramento,CA,ST002
C05907,Freya Delacroix,Alpine,2020-06-20,Park City,UT,ST009
C05908,Sana Okonkwo,Trailhead,2022-05-01,Denver,CO,ST017
C05909,Diego Wexford,None,2022-08-01,Seattle,WA,ST008
C05910,Beatrix Halvorsen,Trailhead,2020-04-14,Park City,UT,ST004
C05911,Leila Ferreira,None,2021-11-25,Eugene,OR,ST013
C05912,Otto Whitfield,Summit,2023-04-15,Denver,CO,ST012
C05913,Noor Marchetti,Alpine,2022-06-07,Missoula,MT,ST002
C05914,Nadia Nakamura,None,2023-12-29,Missoula,MT,ST007
C05915,Kenji Whitfield,None,2020-04-28,Missoula,MT,ST012
C05916,Theo Marchetti,None,2022-03-28,Coeur d'Alene,ID,ST010
C05917,Soren Delacroix,None,2023-08-20,Seattle,WA,ST006
C05918,Mateo Nakamura,None,2021-05-18,Boulder,CO,ST008
C05919,Tobias Zielinski,Trailhead,2022-04-09,Salt Lake City,UT,ST005
C05920,Otto Vasquez,Trailhead,2022-01-31,Reno,NV,ST018
C05921,Sana Hollis,None,2020-02-03,Flagstaff,AZ,ST014
C05922,Saskia Delacroix,None,2020-03-22,Bend,OR,ST002
C05923,Amara Marchetti,Trailhead,2024-12-25,Tacoma,WA,ST012
C05924,Mateo Okonkwo,Trailhead,2020-11-17,Reno,NV,ST009
C05925,Yara Okonkwo,Trailhead,2022-02-13,Eugene,OR,ST002
C05926,Tobias Lindqvist,None,2023-11-26,Park City,UT,ST008
C05927,Lucian Okonkwo,None,2024-09-13,Boulder,CO,ST009
C05928,Amara Zielinski,Trailhead,2021-04-15,Missoula,MT,ST005
C05929,Marcus Hollis,Trailhead,2021-03-03,Sacramento,CA,ST018
C05930,Noor Hollis,None,2024-01-03,Fort Collins,CO,ST017
C05931,Felix Yardley,Trailhead,2024-01-22,Park City,UT,ST014
C05932,Soren Delacroix,Trailhead,2022-09-18,Bozeman,MT,ST014
C05933,Lucian Barros,Trailhead,2023-10-07,Fort Collins,CO,ST003
C05934,Emrys Grimshaw,None,2024-01-23,Eugene,OR,ST012
C05935,Elias Vasquez,Summit,2024-01-23,Bend,OR,ST017
C05936,Elena Zielinski,Summit,2024-06-21,Sacramento,CA,ST008
C05937,Saskia Ibarra,Alpine,2024-10-10,Bozeman,MT,ST015
C05938,Otto Rasmussen,None,2024-10-02,Denver,CO,ST011
C05939,Kenji Okonkwo,Summit,2022-10-06,Bend,OR,ST018
C05940,Noor Ashworth,Trailhead,2024-11-20,Portland,OR,ST002
C05941,Elias Barros,None,2024-08-05,Boulder,CO,ST012
C05942,Tobias Halvorsen,Trailhead,2022-08-25,Flagstaff,AZ,ST010
C05943,Elena Thorne,None,2021-10-20,Seattle,WA,ST004
C05944,Felix Ibarra,None,2023-08-04,Denver,CO,ST018
C05945,Beatrix Lindqvist,None,2024-05-26,Missoula,MT,ST010
C05946,Otto Kowalski,Summit,2021-01-19,Park City,UT,ST004
C05947,Elena Marchetti,Trailhead,2024-06-05,Portland,OR,ST002
C05948,Callum Nakamura,Alpine,2021-12-08,Fort Collins,CO,ST010
C05949,Otto Zielinski,None,2022-12-03,Tacoma,WA,ST008
C05950,Emrys Ibarra,Trailhead,2020-03-25,Missoula,MT,ST017
C05951,Greta Farrow,Summit,2023-11-24,Sacramento,CA,ST015
C05952,Theo Ibarra,Trailhead,2022-08-01,Fort Collins,CO,ST014
C05953,Ravi Lindqvist,Summit,2020-10-15,Denver,CO,ST010
C05954,Emrys Grimshaw,None,2020-02-20,Boise,ID,ST013
C05955,Marcus Pemberton,None,2020-02-27,Denver,CO,ST012
C05956,Tobias Halvorsen,Summit,2020-05-29,Salt Lake City,UT,ST011
C05957,Hugo Halvorsen,Summit,2024-09-10,Boise,ID,ST017
C05958,Lucian Ashworth,Trailhead,2021-05-05,Boise,ID,ST018
C05959,Emrys Okonkwo,None,2024-08-15,Spokane,WA,ST003
C05960,Soren Marchetti,Trailhead,2021-08-25,Bozeman,MT,ST004
C05961,Noor Ellery,Trailhead,2022-03-23,Boulder,CO,ST012
C05962,Amara Ellery,Trailhead,2023-11-09,Flagstaff,AZ,ST014
C05963,Mateo Delacroix,None,2024-03-29,Spokane,WA,ST012
C05964,Greta Pemberton,Summit,2024-04-25,Fort Collins,CO,ST016
C05965,Elias Lindqvist,Summit,2020-11-15,Missoula,MT,ST010
C05966,Soren Nakamura,None,2020-04-25,Flagstaff,AZ,ST013
C05967,Amara Grimshaw,Trailhead,2022-06-22,Boise,ID,ST011
C05968,Rosa Hollis,Trailhead,2024-04-15,Sacramento,CA,ST009
C05969,Otto Wexford,Trailhead,2024-01-03,Boise,ID,ST006
C05970,Freya Farrow,None,2021-11-17,Coeur d'Alene,ID,ST002
C05971,Hugo Ashworth,None,2021-12-08,Coeur d'Alene,ID,ST014
C05972,Amara Farrow,None,2024-09-09,Bozeman,MT,ST003
C05973,Lucian Sandoval,Summit,2024-01-23,Tacoma,WA,ST006
C05974,Yara Ashworth,Summit,2020-11-21,Tacoma,WA,ST011
C05975,Rosa Hollis,None,2023-03-21,Tacoma,WA,ST009
C05976,Leila Ellery,None,2024-05-03,Bozeman,MT,ST001
C05977,Freya Ferreira,None,2020-05-04,Portland,OR,ST015
C05978,Callum Marchetti,Summit,2023-10-15,Boise,ID,ST010
C05979,Freya Rasmussen,None,2022-07-04,Reno,NV,ST006
C05980,Freya Pemberton,Summit,2021-07-18,Reno,NV,ST003
C05981,Saskia Delacroix,Trailhead,2020-11-29,Salt Lake City,UT,ST015
C05982,Saskia Barros,None,2021-09-02,Seattle,WA,ST001
C05983,Kenji Ellery,Summit,2020-04-05,Reno,NV,ST009
C05984,Alina Sandoval,Trailhead,2021-01-31,Eugene,OR,ST013
C05985,Beatrix Delacroix,Summit,2022-04-19,Bozeman,MT,ST009
C05986,Elena Lindqvist,None,2024-12-31,Missoula,MT,ST015
C05987,Sana Thorne,None,2021-05-17,Spokane,WA,ST004
C05988,Ravi Barros,Trailhead,2020-12-04,Coeur d'Alene,ID,ST014
C05989,Elias Lindqvist,Trailhead,2020-11-24,Boise,ID,ST016
C05990,Beatrix Ferreira,Summit,2023-03-07,Reno,NV,ST014
C05991,Beatrix Halvorsen,None,2023-12-14,Eugene,OR,ST006
C05992,Lucian Thorne,None,2024-03-20,Bend,OR,ST013
C05993,Lucian Ashworth,Summit,2022-07-28,Park City,UT,ST011
C05994,Priya Halvorsen,Alpine,2024-08-15,Flagstaff,AZ,ST001
C05995,Rosa Lindqvist,None,2021-11-20,Flagstaff,AZ,ST001
C05996,Elena Kowalski,Alpine,2020-11-12,Park City,UT,ST014
C05997,Ravi Kowalski,None,2023-02-17,Spokane,WA,ST003
C05998,Nadia Okonkwo,None,2023-04-09,Spokane,WA,ST016
C05999,Lucian Wexford,Summit,2021-10-08,Coeur d'Alene,ID,ST002
C06000,Callum Whitfield,None,2020-03-07,Salt Lake City,UT,ST007
C06001,Leila Ashworth,Trailhead,2021-07-14,Bozeman,MT,ST003
C06002,Freya Pemberton,Summit,2022-09-14,Flagstaff,AZ,ST008
C06003,Felix Hollis,Trailhead,2021-02-07,Denver,CO,ST014
C06004,Emrys Farrow,Alpine,2020-05-01,Boise,ID,ST010
C06005,Mateo Yardley,Trailhead,2022-12-07,Seattle,WA,ST016
C06006,Rosa Yardley,Trailhead,2023-04-20,Boise,ID,ST016
C06007,Imani Lindqvist,Trailhead,2022-11-30,Portland,OR,ST009
C06008,Ravi Ellery,Trailhead,2022-03-30,Fort Collins,CO,ST017
C06009,Amara Barros,None,2024-12-06,Portland,OR,ST013
C06010,Mateo Barros,None,2021-10-15,Tacoma,WA,ST004
C06011,Amara Thorne,None,2022-08-09,Eugene,OR,ST007
C06012,Soren Grimshaw,None,2021-07-18,Flagstaff,AZ,ST002
C06013,Felix Farrow,None,2020-08-31,Seattle,WA,ST001
C06014,Saskia Pemberton,Summit,2023-02-03,Boulder,CO,ST010
C06015,Yara Rasmussen,Trailhead,2022-08-01,Portland,OR,ST001
C06016,Theo Marchetti,None,2022-01-17,Reno,NV,ST008
C06017,Nadia Ferreira,Trailhead,2020-06-30,Fort Collins,CO,ST012
C06018,Lucian Vasquez,Trailhead,2020-07-09,Boulder,CO,ST017
C06019,Priya Ferreira,Trailhead,2023-12-18,Missoula,MT,ST006
C06020,Amara Halvorsen,None,2021-12-17,Flagstaff,AZ,ST011
C06021,Emrys Ferreira,None,2023-04-26,Boulder,CO,ST015
C06022,Amara Whitfield,Trailhead,2022-10-05,Boulder,CO,ST008
C06023,Elena Halvorsen,Summit,2023-04-03,Reno,NV,ST007
C06024,Mateo Wexford,Trailhead,2022-08-09,Bend,OR,ST013
C06025,Freya Ibarra,Summit,2021-09-14,Salt Lake City,UT,ST014
C06026,Ravi Wexford,None,2023-12-30,Salt Lake City,UT,ST009
C06027,Rosa Halvorsen,Summit,2024-05-08,Eugene,OR,ST008
C06028,Diego Vasquez,Summit,2020-05-20,Fort Collins,CO,ST001
C06029,Elias Nakamura,Summit,2024-07-29,Spokane,WA,ST011
C06030,Beatrix Marchetti,Summit,2024-08-31,Tacoma,WA,ST015
C06031,Freya Rasmussen,Summit,2020-10-22,Portland,OR,ST015
C06032,Freya Halvorsen,None,2021-04-25,Boulder,CO,ST009
C06033,Lucian Delacroix,Trailhead,2023-10-31,Salt Lake City,UT,ST003
C06034,Rosa Farrow,None,2022-01-04,Bozeman,MT,ST012
C06035,Hugo Barros,None,2024-12-05,Bozeman,MT,ST007
C06036,Hugo Barros,Summit,2020-09-17,Coeur d'Alene,ID,ST013
C06037,Elias Ferreira,None,2023-03-08,Reno,NV,ST005
C06038,Rosa Yardley,None,2023-01-09,Park City,UT,ST008
C06039,Mateo Farrow,None,2020-08-10,Portland,OR,ST005
C06040,Callum Lindqvist,None,2021-10-08,Eugene,OR,ST014
C06041,Tobias Lindqvist,None,2020-07-04,Spokane,WA,ST016
C06042,Noor Yardley,Trailhead,2020-06-29,Park City,UT,ST016
C06043,Marcus Ellery,None,2020-07-28,Bend,OR,ST004
C06044,Lucian Hollis,Trailhead,2022-11-01,Boise,ID,ST008
C06045,Elias Wexford,Summit,2020-01-30,Bozeman,MT,ST009
C06046,Mateo Ferreira,None,2023-11-05,Spokane,WA,ST008
C06047,Yara Yardley,Trailhead,2021-07-01,Coeur d'Alene,ID,ST015
C06048,Lucian Ashworth,None,2024-06-02,Salt Lake City,UT,ST001
C06049,Tobias Nakamura,Trailhead,2024-06-06,Spokane,WA,ST003
C06050,Tobias Vasquez,Summit,2023-04-22,Park City,UT,ST015
C06051,Saskia Yardley,None,2024-04-01,Eugene,OR,ST017
C06052,Tobias Nakamura,Summit,2023-05-09,Coeur d'Alene,ID,ST017
C06053,Marcus Lindqvist,Summit,2023-10-29,Tacoma,WA,ST013
C06054,Elias Thorne,Trailhead,2023-09-06,Seattle,WA,ST016
C06055,Soren Kowalski,Summit,2020-05-31,Boulder,CO,ST007
C06056,Priya Sandoval,None,2024-09-24,Portland,OR,ST001
C06057,Rosa Thorne,None,2023-08-17,Bend,OR,ST009
C06058,Amara Halvorsen,Trailhead,2022-09-02,Park City,UT,ST018
C06059,Priya Nakamura,Trailhead,2024-09-02,Park City,UT,ST010
C06060,Freya Kowalski,None,2022-05-11,Denver,CO,ST005
C06061,Greta Farrow,Trailhead,2023-10-16,Denver,CO,ST010
C06062,Marcus Wexford,Trailhead,2022-03-21,Portland,OR,ST005
C06063,Felix Ellery,Alpine,2020-03-03,Salt Lake City,UT,ST002
C06064,Nadia Lindqvist,None,2021-08-15,Bend,OR,ST002
C06065,Felix Yardley,None,2021-05-19,Tacoma,WA,ST006
C06066,Otto Ashworth,Trailhead,2020-06-09,Boulder,CO,ST001
C06067,Freya Yardley,None,2021-04-14,Tacoma,WA,ST011
C06068,Amara Yardley,Trailhead,2021-03-16,Bend,OR,ST015
C06069,Otto Whitfield,None,2022-11-10,Fort Collins,CO,ST005
C06070,Emrys Ibarra,None,2024-02-22,Bend,OR,ST013
C06071,Noor Okonkwo,None,2023-09-29,Salt Lake City,UT,ST010
C06072,Marcus Nakamura,Trailhead,2020-10-30,Bend,OR,ST002
C06073,Kenji Barros,None,2023-08-30,Bozeman,MT,ST005
C06074,Amara Thorne,None,2023-06-08,Salt Lake City,UT,ST005
C06075,Hugo Pemberton,None,2021-12-11,Missoula,MT,ST011
C06076,Soren Rasmussen,Trailhead,2022-02-28,Tacoma,WA,ST003
C06077,Saskia Ashworth,Summit,2021-06-28,Coeur d'Alene,ID,ST002
C06078,Kenji Pemberton,Summit,2022-06-03,Bend,OR,ST012
C06079,Freya Okonkwo,None,2020-07-29,Seattle,WA,ST016
C06080,Callum Ferreira,None,2022-05-15,Reno,NV,ST017
C06081,Rosa Pemberton,None,2021-11-12,Missoula,MT,ST010
C06082,Theo Zielinski,Trailhead,2024-05-17,Tacoma,WA,ST011
C06083,Hugo Whitfield,Trailhead,2024-03-29,Boulder,CO,ST006
C06084,Kenji Delacroix,None,2022-01-26,Portland,OR,ST018
C06085,Marcus Farrow,Trailhead,2023-08-26,Boise,ID,ST010
C06086,Elena Whitfield,None,2021-06-02,Missoula,MT,ST009
C06087,Saskia Hollis,None,2022-04-15,Bend,OR,ST015
C06088,Marcus Okonkwo,Trailhead,2021-09-18,Tacoma,WA,ST013
C06089,Amara Marchetti,Alpine,2024-12-31,Spokane,WA,ST007
C06090,Imani Ferreira,Trailhead,2022-09-04,Bend,OR,ST007
C06091,Hugo Ellery,Summit,2021-10-24,Seattle,WA,ST012
C06092,Noor Hollis,Summit,2024-01-15,Denver,CO,ST013
C06093,Callum Vasquez,None,2023-04-12,Flagstaff,AZ,ST011
C06094,Kenji Vasquez,Trailhead,2020-03-17,Boulder,CO,ST016
C06095,Imani Ferreira,None,2024-09-10,Seattle,WA,ST017
C06096,Greta Nakamura,Trailhead,2023-05-16,Missoula,MT,ST004
C06097,Nadia Okonkwo,Trailhead,2023-02-14,Tacoma,WA,ST015
C06098,Emrys Kowalski,None,2024-05-22,Coeur d'Alene,ID,ST017
C06099,Soren Ellery,None,2021-09-26,Tacoma,WA,ST003
C06100,Ravi Farrow,None,2020-11-01,Denver,CO,ST015
C06101,Lucian Nakamura,Trailhead,2021-07-08,Boise,ID,ST014
C06102,Lucian Pemberton,Trailhead,2023-04-20,Eugene,OR,ST015
C06103,Theo Thorne,Summit,2023-10-17,Reno,NV,ST002
C06104,Yara Nakamura,Summit,2020-09-23,Coeur d'Alene,ID,ST014
C06105,Ravi Ashworth,Trailhead,2022-07-31,Bozeman,MT,ST013
C06106,Priya Whitfield,Summit,2023-01-01,Seattle,WA,ST008
C06107,Marcus Nakamura,Trailhead,2023-03-25,Eugene,OR,ST013
C06108,Diego Lindqvist,Summit,2022-11-30,Portland,OR,ST007
C06109,Felix Vasquez,Trailhead,2023-01-31,Park City,UT,ST011
C06110,Soren Hollis,Trailhead,2024-05-23,Coeur d'Alene,ID,ST005
C06111,Otto Farrow,Summit,2024-02-08,Denver,CO,ST005
C06112,Rosa Ibarra,Trailhead,2021-04-21,Fort Collins,CO,ST007
C06113,Beatrix Rasmussen,Trailhead,2023-03-21,Tacoma,WA,ST003
C06114,Kenji Ashworth,Trailhead,2020-10-28,Bend,OR,ST017
C06115,Elias Wexford,Alpine,2021-08-23,Denver,CO,ST010
C06116,Marcus Barros,Summit,2022-09-16,Flagstaff,AZ,ST007
C06117,Priya Ferreira,Trailhead,2024-12-27,Reno,NV,ST007
C06118,Leila Delacroix,None,2024-10-10,Flagstaff,AZ,ST017
C06119,Lucian Ellery,Trailhead,2024-02-24,Fort Collins,CO,ST015
C06120,Kenji Pemberton,Trailhead,2021-06-11,Reno,NV,ST018
C06121,Otto Ferreira,Trailhead,2021-01-17,Boulder,CO,ST015
C06122,Yara Rasmussen,None,2021-11-18,Fort Collins,CO,ST011
C06123,Noor Delacroix,Trailhead,2024-11-02,Eugene,OR,ST018
C06124,Leila Hollis,Trailhead,2021-04-06,Reno,NV,ST014
C06125,Amara Grimshaw,None,2022-05-04,Salt Lake City,UT,ST011
C06126,Imani Hollis,None,2023-01-07,Eugene,OR,ST014
C06127,Nadia Kowalski,Trailhead,2021-04-13,Salt Lake City,UT,ST015
C06128,Hugo Whitfield,Summit,2021-01-17,Sacramento,CA,ST016
C06129,Elena Ellery,None,2023-05-19,Sacramento,CA,ST015
C06130,Elias Farrow,Summit,2020-02-03,Flagstaff,AZ,ST014
C06131,Freya Delacroix,Trailhead,2023-06-03,Coeur d'Alene,ID,ST003
C06132,Saskia Wexford,Summit,2020-10-08,Bozeman,MT,ST006
C06133,Marcus Nakamura,Trailhead,2024-04-08,Seattle,WA,ST006
C06134,Kenji Yardley,Summit,2023-07-31,Boise,ID,ST017
C06135,Elena Kowalski,Trailhead,2024-07-19,Reno,NV,ST008
C06136,Mateo Zielinski,Trailhead,2023-04-02,Sacramento,CA,ST010
C06137,Alina Marchetti,Trailhead,2023-03-23,Bend,OR,ST001
C06138,Imani Sandoval,Summit,2021-11-11,Park City,UT,ST005
C06139,Elena Halvorsen,Alpine,2020-08-04,Tacoma,WA,ST013
C06140,Rosa Pemberton,Trailhead,2024-01-22,Portland,OR,ST002
C06141,Diego Ellery,Summit,2022-09-19,Coeur d'Alene,ID,ST015
C06142,Sana Lindqvist,None,2022-10-11,Salt Lake City,UT,ST008
C06143,Leila Sandoval,Trailhead,2024-08-04,Boise,ID,ST001
C06144,Greta Delacroix,Trailhead,2022-01-30,Boise,ID,ST006
C06145,Nadia Nakamura,Summit,2023-03-04,Portland,OR,ST004
C06146,Imani Lindqvist,None,2020-10-10,Sacramento,CA,ST018
C06147,Amara Whitfield,None,2023-01-23,Portland,OR,ST001
C06148,Rosa Barros,None,2023-10-24,Denver,CO,ST010
C06149,Sana Ferreira,Trailhead,2024-01-01,Eugene,OR,ST001
C06150,Hugo Kowalski,Trailhead,2023-01-28,Spokane,WA,ST014
C06151,Kenji Sandoval,None,2023-10-14,Flagstaff,AZ,ST009
C06152,Lucian Ibarra,Summit,2022-12-14,Tacoma,WA,ST015
C06153,Beatrix Farrow,None,2020-02-07,Flagstaff,AZ,ST015
C06154,Amara Ashworth,Trailhead,2024-06-01,Eugene,OR,ST006
C06155,Diego Lindqvist,None,2024-12-26,Eugene,OR,ST014
C06156,Soren Ashworth,None,2021-02-22,Tacoma,WA,ST018
C06157,Elias Ferreira,Trailhead,2021-12-03,Tacoma,WA,ST018
C06158,Emrys Yardley,None,2020-11-16,Bend,OR,ST001
C06159,Callum Zielinski,Trailhead,2022-09-20,Boulder,CO,ST007
C06160,Mateo Vasquez,Alpine,2021-03-13,Bend,OR,ST008
C06161,Imani Rasmussen,Summit,2021-01-10,Flagstaff,AZ,ST018
C06162,Kenji Nakamura,Trailhead,2020-10-23,Seattle,WA,ST009
C06163,Kenji Kowalski,None,2020-09-23,Reno,NV,ST017
C06164,Sana Hollis,Trailhead,2021-05-05,Fort Collins,CO,ST016
C06165,Leila Ferreira,None,2024-08-26,Missoula,MT,ST015
C06166,Kenji Kowalski,None,2022-11-24,Seattle,WA,ST006
C06167,Kenji Grimshaw,Summit,2022-01-11,Seattle,WA,ST006
C06168,Amara Okonkwo,Alpine,2023-01-01,Boise,ID,ST012
C06169,Theo Rasmussen,Alpine,2024-04-25,Boise,ID,ST016
C06170,Beatrix Kowalski,None,2022-08-03,Flagstaff,AZ,ST007
C06171,Alina Ferreira,Summit,2024-08-17,Tacoma,WA,ST011
C06172,Saskia Thorne,Trailhead,2022-01-08,Park City,UT,ST016
C06173,Priya Ferreira,Summit,2021-07-30,Bend,OR,ST014
C06174,Leila Okonkwo,None,2024-02-24,Tacoma,WA,ST005
C06175,Kenji Ferreira,Trailhead,2021-10-08,Tacoma,WA,ST018
C06176,Greta Vasquez,Summit,2020-08-01,Denver,CO,ST004
C06177,Greta Vasquez,None,2024-05-10,Tacoma,WA,ST010
C06178,Callum Ferreira,Trailhead,2022-06-01,Park City,UT,ST011
C06179,Elias Whitfield,Trailhead,2020-02-17,Sacramento,CA,ST011
C06180,Elias Sandoval,None,2024-02-11,Salt Lake City,UT,ST009
C06181,Noor Delacroix,Trailhead,2022-06-30,Sacramento,CA,ST013
C06182,Tobias Farrow,None,2024-12-02,Boulder,CO,ST003
C06183,Tobias Hollis,Summit,2024-06-09,Coeur d'Alene,ID,ST009
C06184,Freya Sandoval,None,2022-07-30,Seattle,WA,ST003
C06185,Kenji Whitfield,None,2023-03-20,Seattle,WA,ST006
C06186,Callum Delacroix,Trailhead,2020-06-20,Sacramento,CA,ST012
C06187,Mateo Thorne,Trailhead,2021-01-29,Tacoma,WA,ST002
C06188,Leila Ibarra,Trailhead,2022-02-06,Seattle,WA,ST012
C06189,Priya Thorne,Trailhead,2021-06-02,Boulder,CO,ST014
C06190,Kenji Ashworth,Alpine,2024-03-02,Sacramento,CA,ST012
C06191,Tobias Rasmussen,None,2020-05-31,Bend,OR,ST018
C06192,Theo Farrow,Trailhead,2023-06-01,Salt Lake City,UT,ST008
C06193,Elena Ellery,None,2021-02-27,Salt Lake City,UT,ST010
C06194,Elena Ashworth,Trailhead,2024-01-20,Fort Collins,CO,ST005
C06195,Imani Ellery,Summit,2021-07-27,Missoula,MT,ST016
C06196,Saskia Grimshaw,Trailhead,2023-07-17,Seattle,WA,ST004
C06197,Greta Zielinski,None,2021-07-17,Salt Lake City,UT,ST006
C06198,Priya Ellery,None,2024-10-02,Bend,OR,ST002
C06199,Mateo Lindqvist,Trailhead,2023-04-11,Park City,UT,ST009
C06200,Priya Ferreira,Summit,2022-09-05,Reno,NV,ST003
