OrderLineID,PromotionID
SO000002-3,PR2025-1
SO000003-3,PR2025-1
SO000003-4,PR2025-1
SO000003-5,PR2025-1
SO000006-1,PR2025-1
SO000007-2,PR2025-1
SO000007-3,PR2025-1
SO000008-1,PR2025-1
SO000009-1,PR2025-1
SO000009-4,PR2025-1
SO000010-2,PR2025-1
SO000011-1,PR2025-1
SO000012-1,PR2025-1
SO000014-1,PR2025-1
SO000016-1,PR2025-1
SO000016-2,PR2025-1
SO000018-1,PR2025-1
SO000019-2,PR2025-1
SO000022-1,PR2025-1
SO000022-2,PR2025-1
SO000022-3,PR2025-1
SO000024-1,PR2025-1
SO000026-1,PR2025-1
SO000028-1,PR2025-1
SO000030-1,PR2025-1
SO000031-1,PR2025-1
SO000032-1,PR2025-1
SO000032-2,PR2025-1
SO000034-2,PR2025-1
SO000035-1,PR2025-1
SO000036-1,PR2025-1
SO000038-1,PR2025-1
SO000038-2,PR2025-1
SO000038-3,PR2025-1
SO000042-1,PR2025-1
SO000042-2,PR2025-1
SO000043-1,PR2025-1
SO000044-1,PR2025-1
SO000045-1,PR2025-1
SO000046-1,PR2025-1
SO000046-2,PR2025-1
SO000046-4,PR2025-1
SO000047-2,PR2025-1
SO000048-2,PR2025-1
SO000048-3,PR2025-1
SO000048-4,PR2025-1
SO000048-5,PR2025-1
SO000050-2,PR2025-1
SO000050-3,PR2025-1
SO000051-1,PR2025-1
SO000052-2,PR2025-1
SO000053-1,PR2025-1
SO000056-1,PR2025-1
SO000057-3,PR2025-1
SO000058-1,PR2025-1
SO000058-3,PR2025-1
SO000059-1,PR2025-1
SO000060-2,PR2025-1
SO000061-1,PR2025-1
SO000062-1,PR2025-1
SO000063-1,PR2025-1
SO000063-3,PR2025-1
SO000065-1,PR2025-1
SO000067-1,PR2025-1
SO000069-1,PR2025-1
SO000070-1,PR2025-1
SO000071-1,PR2025-1
SO000071-3,PR2025-1
SO000073-2,PR2025-1
SO000074-1,PR2025-1
SO000074-2,PR2025-1
SO000076-3,PR2025-1
SO000077-1,PR2025-1
SO000079-1,PR2025-1
SO000080-2,PR2025-1
SO000081-1,PR2025-1
SO000083-1,PR2025-1
SO000083-2,PR2025-1
SO000083-3,PR2025-1
SO000084-1,PR2025-1
SO000084-3,PR2025-1
SO000084-5,PR2025-1
SO000085-3,PR2025-1
SO000086-1,PR2025-1
SO000088-1,PR2025-1
SO000088-2,PR2025-1
SO000089-1,PR2025-1
SO000090-1,PR2025-1
SO000090-2,PR2025-1
SO000091-1,PR2025-1
SO000091-3,PR2025-1
SO000092-2,PR2025-1
SO000093-1,PR2025-1
SO000095-2,PR2025-1
SO000098-3,PR2025-1
SO000099-1,PR2025-1
SO000100-2,PR2025-1
SO000100-3,PR2025-1
SO000100-5,PR2025-1
SO000101-1,PR2025-1
SO000102-2,PR2025-1
SO000103-1,PR2025-1
SO000103-3,PR2025-1
SO000106-1,PR2025-1
SO000106-2,PR2025-1
SO000106-5,PR2025-1
SO000107-1,PR2025-1
SO000109-1,PR2025-1
SO000110-1,PR2025-1
SO000111-1,PR2025-1
SO000113-1,PR2025-1
SO000113-2,PR2025-1
SO000113-3,PR2025-1
SO000114-2,PR2025-1
SO000114-3,PR2025-1
SO000115-2,PR2025-1
SO000116-2,PR2025-1
SO000117-2,PR2025-1
SO000117-3,PR2025-1
SO000121-1,PR2025-1
SO000122-1,PR2025-1
SO000123-2,PR2025-1
SO000124-1,PR2025-1
SO000125-1,PR2025-1
SO000126-1,PR2025-1
SO000127-1,PR2025-1
SO000128-1,PR2025-1
SO000128-3,PR2025-1
SO000129-2,PR2025-1
SO000130-2,PR2025-1
SO000132-3,PR2025-1
SO000133-1,PR2025-1
SO000135-1,PR2025-1
SO000135-2,PR2025-1
SO000136-1,PR2025-1
SO000136-2,PR2025-1
SO000137-1,PR2025-1
SO000137-2,PR2025-1
SO000137-3,PR2025-1
SO000138-1,PR2025-1
SO000140-2,PR2025-1
SO000140-3,PR2025-1
SO000141-3,PR2025-1
SO000142-1,PR2025-1
SO000142-2,PR2025-1
SO000142-3,PR2025-1
SO000143-1,PR2025-1
SO000145-2,PR2025-1
SO000145-3,PR2025-1
SO000146-1,PR2025-1
SO000147-1,PR2025-1
SO000148-1,PR2025-1
SO000149-1,PR2025-1
SO000153-1,PR2025-1
SO000153-2,PR2025-1
SO000155-1,PR2025-1
SO000155-2,PR2025-1
SO000156-1,PR2025-1
SO000156-2,PR2025-1
SO000157-3,PR2025-1
SO000158-1,PR2025-1
SO000158-2,PR2025-1
SO000160-2,PR2025-1
SO000163-1,PR2025-1
SO000164-1,PR2025-1
SO000165-1,PR2025-1
SO000166-2,PR2025-1
SO000168-1,PR2025-1
SO000168-4,PR2025-1
SO000171-2,PR2025-1
SO000173-1,PR2025-1
SO000174-1,PR2025-1
SO000177-1,PR2025-1
SO000177-3,PR2025-1
SO000178-1,PR2025-1
SO000178-2,PR2025-1
SO000179-1,PR2025-1
SO000179-3,PR2025-1
SO000179-4,PR2025-1
SO000179-5,PR2025-1
SO000181-2,PR2025-1
SO000183-2,PR2025-1
SO000183-3,PR2025-1
SO000184-1,PR2025-1
SO000184-2,PR2025-1
SO000188-1,PR2025-1
SO000189-2,PR2025-1
SO000190-1,PR2025-1
SO000191-2,PR2025-1
SO000191-3,PR2025-1
SO000191-5,PR2025-1
SO000192-1,PR2025-1
SO000192-2,PR2025-1
SO000192-3,PR2025-1
SO000192-4,PR2025-1
SO000192-5,PR2025-1
SO000193-1,PR2025-1
SO000193-2,PR2025-1
SO000195-1,PR2025-1
SO000196-1,PR2025-1
SO000197-1,PR2025-1
SO000198-1,PR2025-1
SO000199-4,PR2025-1
SO000200-2,PR2025-1
SO000200-3,PR2025-1
SO000202-1,PR2025-1
SO000202-2,PR2025-1
SO000203-1,PR2025-1
SO000203-2,PR2025-1
SO000204-2,PR2025-1
SO000207-1,PR2025-1
SO000207-2,PR2025-1
SO000207-3,PR2025-1
SO000209-1,PR2025-1
SO000211-1,PR2025-1
SO000211-3,PR2025-1
SO000211-4,PR2025-1
SO000211-5,PR2025-1
SO000212-1,PR2025-1
SO000213-2,PR2025-1
SO000213-3,PR2025-1
SO000215-2,PR2025-1
SO000215-3,PR2025-1
SO000215-4,PR2025-1
SO000217-1,PR2025-1
SO000218-2,PR2025-1
SO000219-4,PR2025-1
SO000220-1,PR2025-1
SO000220-2,PR2025-1
SO000221-4,PR2025-1
SO000227-3,PR2025-1
SO000227-4,PR2025-1
SO000228-1,PR2025-1
SO000230-1,PR2025-1
SO000231-1,PR2025-1
SO000232-2,PR2025-1
SO000232-3,PR2025-1
SO000232-4,PR2025-1
SO000233-1,PR2025-1
SO000233-3,PR2025-1
SO000234-1,PR2025-1
SO000236-2,PR2025-1
SO000236-3,PR2025-1
SO000236-4,PR2025-1
SO000238-1,PR2025-1
SO000238-2,PR2025-1
SO000238-3,PR2025-1
SO000241-1,PR2025-1
SO000242-1,PR2025-1
SO000242-3,PR2025-1
SO000243-1,PR2025-1
SO000243-3,PR2025-1
SO000244-1,PR2025-1
SO000245-1,PR2025-1
SO000247-2,PR2025-1
SO000248-1,PR2025-1
SO000249-1,PR2025-1
SO000250-1,PR2025-1
SO000251-1,PR2025-1
SO000252-1,PR2025-1
SO000252-2,PR2025-1
SO000252-3,PR2025-1
SO000253-1,PR2025-1
SO000255-1,PR2025-1
SO000255-2,PR2025-1
SO000255-3,PR2025-1
SO000257-1,PR2025-1
SO000257-3,PR2025-1
SO000258-2,PR2025-1
SO000258-5,PR2025-1
SO000261-1,PR2025-1
SO000262-1,PR2025-1
SO000263-1,PR2025-1
SO000263-3,PR2025-1
SO000267-1,PR2025-1
SO000267-2,PR2025-1
SO000268-1,PR2025-1
SO000269-2,PR2025-1
SO000269-3,PR2025-1
SO000270-1,PR2025-1
SO000272-1,PR2025-1
SO000272-2,PR2025-1
SO000272-3,PR2025-1
SO000273-1,PR2025-1
SO000273-3,PR2025-1
SO000274-1,PR2025-1
SO000274-2,PR2025-1
SO000275-2,PR2025-1
SO000277-1,PR2025-1
SO000278-1,PR2025-1
SO000278-2,PR2025-1
SO000278-3,PR2025-1
SO000278-4,PR2025-1
SO000279-2,PR2025-1
SO000279-3,PR2025-1
SO000279-4,PR2025-1
SO000279-5,PR2025-1
SO000281-1,PR2025-1
SO000283-1,PR2025-1
SO000283-2,PR2025-1
SO000284-1,PR2025-1
SO000285-1,PR2025-1
SO000285-3,PR2025-1
SO000286-1,PR2025-1
SO000290-2,PR2025-1
SO000290-3,PR2025-1
SO000290-4,PR2025-1
SO000291-1,PR2025-1
SO000291-2,PR2025-1
SO000292-2,PR2025-1
SO000294-1,PR2025-1
SO000300-1,PR2025-1
SO000302-1,PR2025-1
SO000304-2,PR2025-1
SO000305-2,PR2025-1
SO000305-3,PR2025-1
SO000305-4,PR2025-1
SO000307-1,PR2025-1
SO000310-1,PR2025-1
SO000312-2,PR2025-1
SO000313-1,PR2025-1
SO000314-1,PR2025-1
SO000315-1,PR2025-1
SO000315-3,PR2025-1
SO000316-1,PR2025-1
SO000317-2,PR2025-1
SO000317-3,PR2025-1
SO000318-1,PR2025-1
SO000318-2,PR2025-1
SO000319-1,PR2025-1
SO000319-2,PR2025-1
SO000323-1,PR2025-1
SO000323-3,PR2025-1
SO000325-1,PR2025-1
SO000326-2,PR2025-1
SO000326-3,PR2025-1
SO000327-2,PR2025-1
SO000328-1,PR2025-1
SO000329-2,PR2025-1
SO000330-1,PR2025-1
SO000331-1,PR2025-1
SO000333-1,PR2025-1
SO000333-2,PR2025-1
SO000333-4,PR2025-1
SO000334-1,PR2025-1
SO000334-2,PR2025-1
SO000335-1,PR2025-1
SO000335-2,PR2025-1
SO000336-1,PR2025-1
SO000338-1,PR2025-1
SO000338-2,PR2025-1
SO000338-3,PR2025-1
SO000339-2,PR2025-1
SO000339-3,PR2025-1
SO000342-2,PR2025-1
SO000342-3,PR2025-1
SO000344-1,PR2025-1
SO000344-2,PR2025-1
SO000345-2,PR2025-1
SO000351-2,PR2025-1
SO000351-3,PR2025-1
SO000352-1,PR2025-1
SO000352-2,PR2025-1
SO000355-1,PR2025-1
SO000356-1,PR2025-1
SO000356-2,PR2025-1
SO000357-1,PR2025-1
SO000358-1,PR2025-1
SO000360-1,PR2025-1
SO000361-1,PR2025-1
SO000362-2,PR2025-1
SO000363-1,PR2025-1
SO000363-3,PR2025-1
SO000366-1,PR2025-1
SO000367-1,PR2025-1
SO000369-2,PR2025-1
SO000371-2,PR2025-1
SO000373-1,PR2025-1
SO000375-1,PR2025-1
SO000376-1,PR2025-1
SO000378-1,PR2025-1
SO000379-4,PR2025-1
SO000380-2,PR2025-1
SO000380-3,PR2025-1
SO000380-4,PR2025-1
SO000381-1,PR2025-1
SO000381-3,PR2025-1
SO000382-2,PR2025-1
SO000382-3,PR2025-1
SO000383-1,PR2025-1
SO000383-3,PR2025-1
SO000385-1,PR2025-1
SO000385-2,PR2025-1
SO000386-1,PR2025-1
SO000386-2,PR2025-1
SO000387-1,PR2025-1
SO000387-2,PR2025-1
SO000388-3,PR2025-1
SO000390-1,PR2025-1
SO000396-1,PR2025-1
SO000399-1,PR2025-1
SO000399-4,PR2025-1
SO000400-1,PR2025-1
SO000400-3,PR2025-1
SO000400-4,PR2025-1
SO000400-5,PR2025-1
SO000402-1,PR2025-1
SO000404-2,PR2025-1
SO000405-1,PR2025-1
SO000408-1,PR2025-1
SO000408-2,PR2025-1
SO000408-3,PR2025-1
SO000409-1,PR2025-1
SO000411-2,PR2025-1
SO000413-3,PR2025-1
SO000414-1,PR2025-1
SO000415-1,PR2025-1
SO000417-1,PR2025-1
SO000418-1,PR2025-1
SO000418-2,PR2025-1
SO000419-1,PR2025-1
SO000420-1,PR2025-1
SO000421-1,PR2025-1
SO000421-2,PR2025-1
SO000422-1,PR2025-1
SO000423-1,PR2025-1
SO000423-2,PR2025-1
SO000424-2,PR2025-1
SO000426-1,PR2025-1
SO000427-1,PR2025-1
SO000427-2,PR2025-1
SO000429-1,PR2025-1
SO000430-1,PR2025-1
SO000431-2,PR2025-1
SO000432-1,PR2025-1
SO000433-1,PR2025-1
SO000433-3,PR2025-1
SO000434-3,PR2025-1
SO000435-1,PR2025-1
SO000436-1,PR2025-1
SO000436-2,PR2025-1
SO000438-1,PR2025-1
SO000439-3,PR2025-1
SO000440-1,PR2025-1
SO000443-1,PR2025-1
SO000444-3,PR2025-1
SO000444-4,PR2025-1
SO000446-2,PR2025-1
SO000446-3,PR2025-1
SO000447-1,PR2025-1
SO000448-1,PR2025-1
SO000449-1,PR2025-1
SO000450-1,PR2025-1
SO000451-1,PR2025-1
SO000453-2,PR2025-1
SO000456-1,PR2025-1
SO000457-1,PR2025-1
SO000458-1,PR2025-1
SO000459-1,PR2025-1
SO000461-2,PR2025-1
SO000462-2,PR2025-1
SO000464-1,PR2025-1
SO000464-3,PR2025-1
SO000464-4,PR2025-1
SO000464-5,PR2025-1
SO000465-2,PR2025-1
SO000465-3,PR2025-1
SO000467-1,PR2025-1
SO000468-1,PR2025-1
SO000468-2,PR2025-1
SO000468-3,PR2025-1
SO000469-3,PR2025-1
SO000469-4,PR2025-1
SO000470-1,PR2025-1
SO000472-4,PR2025-1
SO000475-2,PR2025-1
SO000476-1,PR2025-1
SO000476-4,PR2025-1
SO000478-2,PR2025-1
SO000479-1,PR2025-1
SO000480-2,PR2025-1
SO000483-1,PR2025-1
SO000483-2,PR2025-1
SO000486-2,PR2025-1
SO000487-1,PR2025-1
SO000487-2,PR2025-1
SO000488-2,PR2025-1
SO000489-3,PR2025-1
SO000489-4,PR2025-1
SO000490-1,PR2025-1
SO000490-2,PR2025-1
SO000490-3,PR2025-1
SO000491-1,PR2025-1
SO000491-2,PR2025-1
SO000492-1,PR2025-1
SO000493-1,PR2025-1
SO000493-2,PR2025-1
SO000493-3,PR2025-1
SO000495-1,PR2025-1
SO000496-1,PR2025-1
SO000497-1,PR2025-1
SO000498-5,PR2025-1
SO000499-2,PR2025-1
SO000500-1,PR2025-1
SO000502-1,PR2025-1
SO000507-1,PR2025-1
SO000507-2,PR2025-1
SO000507-4,PR2025-1
SO000508-2,PR2025-1
SO000510-2,PR2025-1
SO000512-2,PR2025-1
SO000512-3,PR2025-1
SO000513-1,PR2025-1
SO000514-1,PR2025-1
SO000514-2,PR2025-1
SO000514-3,PR2025-1
SO000515-2,PR2025-1
SO000515-3,PR2025-1
SO000515-4,PR2025-1
SO000516-1,PR2025-1
SO000518-1,PR2025-1
SO000519-1,PR2025-1
SO000520-1,PR2025-1
SO000521-4,PR2025-1
SO000521-5,PR2025-1
SO000522-1,PR2025-1
SO000522-2,PR2025-1
SO000522-3,PR2025-1
SO000523-1,PR2025-1
SO000525-4,PR2025-1
SO000525-5,PR2025-1
SO000527-1,PR2025-1
SO000530-2,PR2025-1
SO000532-1,PR2025-1
SO000533-1,PR2025-1
SO000534-1,PR2025-1
SO000534-2,PR2025-1
SO000535-1,PR2025-1
SO000536-1,PR2025-1
SO000538-1,PR2025-1
SO000541-2,PR2025-1
SO000542-1,PR2025-1
SO000544-1,PR2025-1
SO000545-1,PR2025-1
SO000545-2,PR2025-1
SO000545-4,PR2025-1
SO000546-1,PR2025-1
SO000546-2,PR2025-1
SO000549-1,PR2025-1
SO000550-1,PR2025-1
SO000550-4,PR2025-1
SO000551-1,PR2025-1
SO000552-2,PR2025-1
SO000552-3,PR2025-1
SO000553-1,PR2025-1
SO000555-1,PR2025-1
SO000555-2,PR2025-1
SO000557-1,PR2025-1
SO000558-1,PR2025-1
SO000558-2,PR2025-1
SO000558-3,PR2025-1
SO000558-4,PR2025-1
SO000559-1,PR2025-1
SO000561-4,PR2025-1
SO000565-1,PR2025-1
SO000568-1,PR2025-1
SO000568-2,PR2025-1
SO000570-1,PR2025-1
SO000571-1,PR2025-1
SO000571-3,PR2025-1
SO000573-2,PR2025-1
SO000577-1,PR2025-1
SO000577-2,PR2025-1
SO000577-4,PR2025-1
SO000579-1,PR2025-1
SO000580-3,PR2025-1
SO000582-2,PR2025-1
SO000584-1,PR2025-1
SO000585-1,PR2025-1
SO000585-2,PR2025-1
SO000585-3,PR2025-1
SO000586-3,PR2025-1
SO000587-2,PR2025-1
SO000587-3,PR2025-1
SO000588-1,PR2025-1
SO000589-1,PR2025-1
SO000590-1,PR2025-1
SO000590-3,PR2025-1
SO000591-2,PR2025-1
SO000592-1,PR2025-1
SO000592-2,PR2025-1
SO000594-1,PR2025-1
SO000594-2,PR2025-1
SO000595-3,PR2025-1
SO000596-1,PR2025-1
SO000597-1,PR2025-1
SO000598-1,PR2025-1
SO000600-1,PR2025-1
SO000601-1,PR2025-1
SO000601-2,PR2025-1
SO000601-3,PR2025-1
SO000602-1,PR2025-1
SO000603-2,PR2025-1
SO000604-1,PR2025-1
SO000605-1,PR2025-1
SO000605-3,PR2025-1
SO000606-2,PR2025-1
SO000606-3,PR2025-1
SO000609-1,PR2025-1
SO000609-2,PR2025-1
SO000609-3,PR2025-1
SO000610-1,PR2025-1
SO000610-3,PR2025-1
SO000610-4,PR2025-1
SO000611-1,PR2025-1
SO000612-1,PR2025-1
SO000614-1,PR2025-1
SO000616-1,PR2025-1
SO000616-2,PR2025-1
SO000617-1,PR2025-1
SO000617-2,PR2025-1
SO000617-3,PR2025-1
SO000618-1,PR2025-1
SO000618-3,PR2025-1
SO000618-4,PR2025-1
SO000618-5,PR2025-1
SO000619-3,PR2025-1
SO000620-1,PR2025-1
SO000623-2,PR2025-1
SO000623-3,PR2025-1
SO000624-1,PR2025-1
SO000624-3,PR2025-1
SO000625-1,PR2025-1
SO000626-1,PR2025-1
SO000628-1,PR2025-1
SO000630-1,PR2025-1
SO000632-1,PR2025-1
SO000632-2,PR2025-1
SO000632-3,PR2025-1
SO000632-4,PR2025-1
SO000633-1,PR2025-1
SO000638-1,PR2025-1
SO000638-2,PR2025-1
SO000641-1,PR2025-1
SO000641-2,PR2025-1
SO000642-1,PR2025-1
SO000642-2,PR2025-1
SO000643-2,PR2025-1
SO000643-3,PR2025-1
SO000643-5,PR2025-1
SO000644-1,PR2025-1
SO000645-1,PR2025-1
SO000645-2,PR2025-1
SO000646-1,PR2025-1
SO000647-1,PR2025-1
SO000648-1,PR2025-1
SO000648-2,PR2025-1
SO000648-4,PR2025-1
SO000650-1,PR2025-1
SO000650-3,PR2025-1
SO000652-1,PR2025-1
SO000653-2,PR2025-1
SO000653-3,PR2025-1
SO000654-3,PR2025-1
SO000656-1,PR2025-1
SO000658-1,PR2025-1
SO000659-1,PR2025-1
SO000659-3,PR2025-1
SO000660-1,PR2025-1
SO000661-3,PR2025-1
SO000661-5,PR2025-1
SO000664-1,PR2025-1
SO000664-3,PR2025-1
SO000666-1,PR2025-1
SO000667-2,PR2025-1
SO000668-1,PR2025-1
SO000670-1,PR2025-1
SO000671-1,PR2025-1
SO000672-2,PR2025-1
SO000672-4,PR2025-1
SO000673-1,PR2025-1
SO000675-1,PR2025-1
SO000675-2,PR2025-1
SO000676-1,PR2025-1
SO000677-1,PR2025-1
SO000677-3,PR2025-1
SO000679-1,PR2025-1
SO000681-1,PR2025-1
SO000682-1,PR2025-1
SO000682-2,PR2025-1
SO000685-1,PR2025-1
SO000688-1,PR2025-1
SO000689-1,PR2025-1
SO000690-1,PR2025-1
SO000691-1,PR2025-1
SO000691-2,PR2025-1
SO000691-3,PR2025-1
SO000692-1,PR2025-1
SO000693-1,PR2025-1
SO000694-1,PR2025-1
SO000696-2,PR2025-1
SO000699-1,PR2025-1
SO000699-2,PR2025-1
SO000701-1,PR2025-1
SO000702-1,PR2025-1
SO000702-3,PR2025-1
SO000704-1,PR2025-1
SO000704-2,PR2025-1
SO000705-2,PR2025-1
SO000705-3,PR2025-1
SO000706-3,PR2025-1
SO000707-1,PR2025-1
SO000707-2,PR2025-1
SO000709-1,PR2025-1
SO000710-2,PR2025-1
SO000711-2,PR2025-1
SO000712-1,PR2025-1
SO000716-1,PR2025-1
SO000717-1,PR2025-1
SO000718-3,PR2025-1
SO000719-3,PR2025-1
SO000721-1,PR2025-1
SO000722-1,PR2025-1
SO000722-3,PR2025-1
SO000723-1,PR2025-1
SO000723-2,PR2025-1
SO000727-1,PR2025-1
SO000733-1,PR2025-1
SO000735-1,PR2025-1
SO000736-1,PR2025-1
SO000737-1,PR2025-1
SO000737-2,PR2025-1
SO000738-1,PR2025-1
SO000739-1,PR2025-1
SO000739-2,PR2025-1
SO000739-3,PR2025-1
SO000740-1,PR2025-1
SO000740-2,PR2025-1
SO000740-3,PR2025-1
SO000741-1,PR2025-1
SO000742-2,PR2025-1
SO000745-2,PR2025-1
SO000746-1,PR2025-1
SO000746-2,PR2025-1
SO000750-1,PR2025-1
SO000751-1,PR2025-1
SO000751-2,PR2025-1
SO000753-1,PR2025-1
SO000753-2,PR2025-1
SO000754-1,PR2025-1
SO000754-2,PR2025-1
SO000755-1,PR2025-1
SO000755-2,PR2025-1
SO000755-5,PR2025-1
SO000756-1,PR2025-1
SO000757-1,PR2025-1
SO000757-2,PR2025-1
SO000757-3,PR2025-1
SO000759-1,PR2025-1
SO000759-3,PR2025-1
SO000761-1,PR2025-1
SO000762-2,PR2025-1
SO000764-1,PR2025-1
SO000769-1,PR2025-1
SO000770-2,PR2025-1
SO000770-3,PR2025-1
SO000771-2,PR2025-1
SO000771-3,PR2025-1
SO000772-1,PR2025-1
SO000774-3,PR2025-1
SO000774-4,PR2025-1
SO000775-1,PR2025-1
SO000775-2,PR2025-1
SO000775-3,PR2025-1
SO000776-1,PR2025-1
SO000776-2,PR2025-1
SO000776-3,PR2025-1
SO000776-4,PR2025-1
SO000777-1,PR2025-1
SO000777-2,PR2025-1
SO000778-1,PR2025-1
SO000779-1,PR2025-1
SO000779-3,PR2025-1
SO000779-4,PR2025-1
SO000780-1,PR2025-1
SO000780-2,PR2025-1
SO000781-1,PR2025-1
SO000788-1,PR2025-1
SO000790-2,PR2025-1
SO000790-3,PR2025-1
SO000790-5,PR2025-1
SO000792-1,PR2025-1
SO000793-2,PR2025-1
SO000793-3,PR2025-1
SO000794-3,PR2025-1
SO000795-1,PR2025-1
SO000796-1,PR2025-1
SO000797-1,PR2025-1
SO000798-1,PR2025-1
SO000799-1,PR2025-1
SO000799-3,PR2025-1
SO000801-1,PR2025-1
SO000804-2,PR2025-1
SO000805-1,PR2025-1
SO000806-1,PR2025-1
SO000807-1,PR2025-1
SO000807-3,PR2025-1
SO000809-1,PR2025-1
SO000812-2,PR2025-1
SO000812-5,PR2025-1
SO000814-1,PR2025-1
SO000816-1,PR2025-1
SO000818-2,PR2025-1
SO000819-1,PR2025-1
SO000819-2,PR2025-1
SO000820-2,PR2025-1
SO000820-3,PR2025-1
SO000821-2,PR2025-1
SO000822-2,PR2025-1
SO000825-1,PR2025-1
SO000827-2,PR2025-1
SO000828-1,PR2025-1
SO000829-1,PR2025-1
SO000829-3,PR2025-1
SO000830-2,PR2025-1
SO000831-1,PR2025-1
SO000832-2,PR2025-1
SO000833-1,PR2025-1
SO000834-1,PR2025-1
SO000834-2,PR2025-1
SO000834-3,PR2025-1
SO000835-1,PR2025-1
SO000836-1,PR2025-1
SO000837-3,PR2025-1
SO000838-1,PR2025-1
SO000840-1,PR2025-1
SO000840-2,PR2025-1
SO000841-2,PR2025-1
SO000842-1,PR2025-1
SO000843-1,PR2025-1
SO000846-1,PR2025-1
SO000847-1,PR2025-1
SO000849-1,PR2025-1
SO000849-2,PR2025-1
SO000849-3,PR2025-1
SO000850-1,PR2025-1
SO000852-1,PR2025-1
SO000854-1,PR2025-1
SO000854-2,PR2025-1
SO000854-4,PR2025-1
SO000856-1,PR2025-1
SO000856-2,PR2025-1
SO000857-1,PR2025-1
SO000858-2,PR2025-1
SO000858-3,PR2025-1
SO000860-3,PR2025-1
SO000861-1,PR2025-1
SO000862-1,PR2025-1
SO000863-1,PR2025-1
SO000863-2,PR2025-1
SO000864-1,PR2025-1
SO000865-2,PR2025-1
SO000869-1,PR2025-1
SO000869-3,PR2025-1
SO000871-1,PR2025-1
SO000873-2,PR2025-1
SO000874-1,PR2025-1
SO000874-2,PR2025-1
SO000876-1,PR2025-1
SO000877-2,PR2025-1
SO000878-2,PR2025-1
SO000879-1,PR2025-1
SO000880-1,PR2025-1
SO000882-1,PR2025-1
SO000883-1,PR2025-1
SO000883-3,PR2025-1
SO000884-2,PR2025-1
SO000887-1,PR2025-1
SO000888-2,PR2025-1
SO000892-1,PR2025-1
SO000895-2,PR2025-1
SO000895-4,PR2025-1
SO000896-1,PR2025-1
SO000896-2,PR2025-1
SO000899-2,PR2025-1
SO000900-1,PR2025-1
SO000900-3,PR2025-1
SO000900-5,PR2025-1
SO000902-1,PR2025-1
SO000903-1,PR2025-1
SO000904-1,PR2025-1
SO000905-1,PR2025-1
SO000905-2,PR2025-1
SO000905-3,PR2025-1
SO000906-1,PR2025-1
SO000907-1,PR2025-1
SO000909-2,PR2025-1
SO000909-4,PR2025-1
SO000910-1,PR2025-1
SO000910-3,PR2025-1
SO000911-1,PR2025-1
SO000911-3,PR2025-1
SO000913-1,PR2025-1
SO000913-2,PR2025-1
SO000914-1,PR2025-1
SO000915-5,PR2025-1
SO000916-1,PR2025-1
SO000917-1,PR2025-1
SO000917-3,PR2025-1
SO000920-2,PR2025-1
SO000921-1,PR2025-1
SO000923-1,PR2025-1
SO000924-1,PR2025-1
SO000924-2,PR2025-1
SO000925-1,PR2025-1
SO000926-1,PR2025-1
SO000926-2,PR2025-1
SO000926-3,PR2025-1
SO000926-4,PR2025-1
SO000927-1,PR2025-1
SO000927-2,PR2025-1
SO000927-4,PR2025-1
SO000927-5,PR2025-1
SO000929-1,PR2025-1
SO000929-2,PR2025-1
SO000929-5,PR2025-1
SO000930-1,PR2025-1
SO000932-1,PR2025-1
SO000934-1,PR2025-1
SO000937-1,PR2025-1
SO000937-2,PR2025-1
SO000937-3,PR2025-1
SO000938-3,PR2025-1
SO000939-1,PR2025-1
SO000941-1,PR2025-1
SO000942-1,PR2025-1
SO000944-3,PR2025-1
SO000945-1,PR2025-1
SO000945-2,PR2025-1
SO000946-1,PR2025-1
SO000947-1,PR2025-1
SO000948-1,PR2025-1
SO000949-1,PR2025-1
SO000951-1,PR2025-1
SO000952-2,PR2025-1
SO000952-3,PR2025-1
SO000953-1,PR2025-1
SO000953-3,PR2025-1
SO000954-1,PR2025-1
SO000954-3,PR2025-1
SO000956-2,PR2025-1
SO000957-1,PR2025-1
SO000958-5,PR2025-1
SO000959-1,PR2025-1
SO000960-2,PR2025-1
SO000960-3,PR2025-1
SO000960-4,PR2025-1
SO000962-1,PR2025-1
SO000964-1,PR2025-1
SO000964-3,PR2025-1
SO000965-1,PR2025-1
SO000966-1,PR2025-1
SO000968-1,PR2025-1
SO000969-1,PR2025-1
SO000972-1,PR2025-1
SO000972-3,PR2025-1
SO000973-2,PR2025-1
SO000974-1,PR2025-1
SO000975-1,PR2025-1
SO000975-3,PR2025-1
SO000975-4,PR2025-1
SO000976-1,PR2025-1
SO000976-2,PR2025-1
SO000978-1,PR2025-1
SO000979-1,PR2025-1
SO000981-2,PR2025-1
SO000984-1,PR2025-1
SO000984-2,PR2025-1
SO000985-1,PR2025-1
SO000985-3,PR2025-1
SO000986-1,PR2025-1
SO000991-1,PR2025-1
SO000991-3,PR2025-1
SO000991-4,PR2025-1
SO000992-1,PR2025-1
SO000993-2,PR2025-1
SO000993-3,PR2025-1
SO000994-1,PR2025-1
SO000995-1,PR2025-1
SO000999-1,PR2025-1
SO001000-1,PR2025-1
SO001000-2,PR2025-1
SO001001-1,PR2025-1
SO001002-1,PR2025-1
SO001003-1,PR2025-1
SO001004-1,PR2025-1
SO001005-2,PR2025-1
SO001005-3,PR2025-1
SO001006-1,PR2025-1
SO001008-2,PR2025-1
SO001008-4,PR2025-1
SO001008-5,PR2025-1
SO001009-1,PR2025-1
SO001012-1,PR2025-1
SO001013-1,PR2025-1
SO001013-3,PR2025-1
SO001015-2,PR2025-1
SO001016-1,PR2025-1
SO001017-1,PR2025-1
SO001018-1,PR2025-1
SO001019-1,PR2025-1
SO001020-1,PR2025-1
SO001020-2,PR2025-1
SO001021-2,PR2025-1
SO001024-1,PR2025-1
SO001024-2,PR2025-1
SO001024-3,PR2025-1
SO001027-2,PR2025-1
SO001028-1,PR2025-1
SO001028-2,PR2025-1
SO001028-4,PR2025-1
SO001029-1,PR2025-1
SO001029-2,PR2025-1
SO001030-1,PR2025-1
SO001031-1,PR2025-1
SO001033-1,PR2025-1
SO001034-2,PR2025-1
SO001034-3,PR2025-1
SO001035-2,PR2025-1
SO001036-1,PR2025-1
SO001039-1,PR2025-1
SO001039-2,PR2025-1
SO001040-1,PR2025-1
SO001040-2,PR2025-1
SO001041-1,PR2025-1
SO001041-2,PR2025-1
SO001041-3,PR2025-1
SO001042-2,PR2025-1
SO001044-2,PR2025-1
SO001046-1,PR2025-1
SO001046-4,PR2025-1
SO001048-1,PR2025-1
SO001049-2,PR2025-1
SO001049-3,PR2025-1
SO001049-4,PR2025-1
SO001050-3,PR2025-1
SO001051-1,PR2025-1
SO001051-2,PR2025-1
SO001052-1,PR2025-1
SO001053-1,PR2025-1
SO001054-1,PR2025-1
SO001054-2,PR2025-1
SO001055-1,PR2025-1
SO001056-1,PR2025-1
SO001058-1,PR2025-1
SO001059-1,PR2025-1
SO001061-1,PR2025-1
SO001062-1,PR2025-1
SO001062-2,PR2025-1
SO001062-3,PR2025-1
SO001063-1,PR2025-1
SO001063-2,PR2025-1
SO001063-3,PR2025-1
SO001064-2,PR2025-1
SO001066-1,PR2025-1
SO001066-2,PR2025-1
SO001069-1,PR2025-1
SO001069-2,PR2025-1
SO001070-1,PR2025-1
SO001072-1,PR2025-1
SO001073-1,PR2025-1
SO001076-1,PR2025-1
SO001076-3,PR2025-1
SO001077-1,PR2025-1
SO001077-2,PR2025-1
SO001077-4,PR2025-1
SO001078-1,PR2025-1
SO001078-2,PR2025-1
SO001078-3,PR2025-1
SO001079-1,PR2025-1
SO001079-2,PR2025-1
SO001080-1,PR2025-1
SO001081-1,PR2025-1
SO001081-2,PR2025-1
SO001082-1,PR2025-1
SO001082-2,PR2025-1
SO001083-1,PR2025-1
SO001083-2,PR2025-1
SO001084-1,PR2025-1
SO001085-1,PR2025-1
SO001085-2,PR2025-1
SO001086-2,PR2025-1
SO001087-1,PR2025-1
SO001087-2,PR2025-1
SO001087-3,PR2025-1
SO001088-2,PR2025-1
SO001088-3,PR2025-1
SO001088-4,PR2025-1
SO001089-2,PR2025-1
SO001090-2,PR2025-1
SO001093-1,PR2025-1
SO001094-1,PR2025-1
SO001095-1,PR2025-1
SO001096-1,PR2025-1
SO001100-1,PR2025-1
SO001102-1,PR2025-1
SO001103-2,PR2025-1
SO001107-2,PR2025-1
SO001108-1,PR2025-1
SO001109-1,PR2025-1
SO001110-1,PR2025-1
SO001111-1,PR2025-1
SO001112-1,PR2025-1
SO001115-1,PR2025-1
SO001115-2,PR2025-1
SO001116-4,PR2025-1
SO001117-2,PR2025-1
SO001118-1,PR2025-1
SO001119-2,PR2025-1
SO001120-1,PR2025-1
SO001120-3,PR2025-1
SO001121-3,PR2025-1
SO001122-2,PR2025-1
SO001125-1,PR2025-1
SO001126-1,PR2025-1
SO001126-2,PR2025-1
SO001128-1,PR2025-1
SO001128-2,PR2025-1
SO001129-1,PR2025-1
SO001133-1,PR2025-1
SO001137-1,PR2025-1
SO001138-1,PR2025-1
SO001139-2,PR2025-1
SO001139-3,PR2025-1
SO001142-1,PR2025-1
SO001145-3,PR2025-1
SO001146-1,PR2025-1
SO001147-1,PR2025-1
SO001148-1,PR2025-1
SO001149-1,PR2025-1
SO001150-1,PR2025-1
SO001150-2,PR2025-1
SO001151-1,PR2025-1
SO001151-2,PR2025-1
SO001151-4,PR2025-1
SO001152-1,PR2025-1
SO001153-3,PR2025-1
SO001155-2,PR2025-1
SO001157-1,PR2025-1
SO001157-3,PR2025-1
SO001160-1,PR2025-1
SO001160-2,PR2025-1
SO001161-1,PR2025-1
SO001164-1,PR2025-1
SO001165-2,PR2025-1
SO001167-1,PR2025-1
SO001169-2,PR2025-1
SO001170-1,PR2025-1
SO001172-2,PR2025-1
SO001173-1,PR2025-1
SO001174-1,PR2025-1
SO001175-1,PR2025-1
SO001175-3,PR2025-1
SO001177-1,PR2025-1
SO001179-1,PR2025-1
SO001181-1,PR2025-1
SO001181-2,PR2025-1
SO001181-3,PR2025-1
SO001181-4,PR2025-1
SO001184-1,PR2025-1
SO001185-1,PR2025-1
SO001186-2,PR2025-1
SO001186-3,PR2025-1
SO001187-1,PR2025-1
SO001188-1,PR2025-1
SO001188-4,PR2025-1
SO001190-1,PR2025-1
SO001194-1,PR2025-1
SO001194-2,PR2025-1
SO001194-3,PR2025-1
SO001195-1,PR2025-1
SO001196-2,PR2025-1
SO001197-3,PR2025-1
SO001200-1,PR2025-1
SO001201-2,PR2025-1
SO001201-4,PR2025-1
SO001205-1,PR2025-1
SO001205-2,PR2025-1
SO001205-3,PR2025-1
SO001206-1,PR2025-1
SO001209-1,PR2025-1
SO001210-1,PR2025-1
SO001210-2,PR2025-1
SO001211-3,PR2025-1
SO001211-4,PR2025-1
SO001215-1,PR2025-1
SO001216-1,PR2025-1
SO001219-1,PR2025-1
SO001220-1,PR2025-1
SO001224-1,PR2025-1
SO001225-1,PR2025-1
SO001226-2,PR2025-1
SO001226-5,PR2025-1
SO001227-1,PR2025-1
SO001227-3,PR2025-1
SO001228-2,PR2025-1
SO001232-1,PR2025-1
SO001232-2,PR2025-1
SO001233-1,PR2025-1
SO001233-3,PR2025-1
SO001236-2,PR2025-1
SO001237-2,PR2025-1
SO001238-2,PR2025-1
SO001239-3,PR2025-1
SO001239-4,PR2025-1
SO001243-1,PR2025-1
SO001243-3,PR2025-1
SO001243-4,PR2025-1
SO001244-1,PR2025-1
SO001244-2,PR2025-1
SO001244-3,PR2025-1
SO001245-3,PR2025-1
SO001245-5,PR2025-1
SO001246-1,PR2025-1
SO001248-1,PR2025-1
SO001253-1,PR2025-1
SO001254-1,PR2025-1
SO001254-2,PR2025-1
SO001259-1,PR2025-1
SO001261-1,PR2025-1
SO001262-1,PR2025-1
SO001262-2,PR2025-1
SO001262-3,PR2025-1
SO001262-4,PR2025-1
SO001262-5,PR2025-1
SO001265-1,PR2025-1
SO001265-3,PR2025-1
SO001267-1,PR2025-1
SO001267-3,PR2025-1
SO001267-4,PR2025-1
SO001268-3,PR2025-1
SO001269-1,PR2025-1
SO001270-2,PR2025-1
SO001270-3,PR2025-1
SO001271-1,PR2025-1
SO001272-1,PR2025-1
SO001276-1,PR2025-1
SO001277-1,PR2025-1
SO001278-1,PR2025-1
SO001278-2,PR2025-1
SO001278-3,PR2025-1
SO001279-1,PR2025-1
SO001279-2,PR2025-1
SO001280-2,PR2025-1
SO001280-3,PR2025-1
SO001282-1,PR2025-1
SO001283-1,PR2025-1
SO001284-1,PR2025-1
SO001285-1,PR2025-1
SO001285-2,PR2025-1
SO001285-3,PR2025-1
SO001287-2,PR2025-1
SO001288-1,PR2025-1
SO001289-2,PR2025-1
SO001289-3,PR2025-1
SO001290-2,PR2025-1
SO001291-1,PR2025-1
SO001292-1,PR2025-1
SO001295-1,PR2025-1
SO001296-1,PR2025-1
SO001297-2,PR2025-1
SO001298-4,PR2025-1
SO001299-1,PR2025-1
SO001299-3,PR2025-1
SO001300-4,PR2025-1
SO001301-1,PR2025-1
SO001301-3,PR2025-1
SO001303-1,PR2025-1
SO001305-1,PR2025-1
SO001307-1,PR2025-1
SO001308-1,PR2025-1
SO001310-1,PR2025-1
SO001311-1,PR2025-1
SO001312-1,PR2025-1
SO001312-4,PR2025-1
SO001312-5,PR2025-1
SO001313-1,PR2025-1
SO001314-2,PR2025-1
SO001314-3,PR2025-1
SO001314-4,PR2025-1
SO001315-1,PR2025-1
SO001318-1,PR2025-1
SO001318-2,PR2025-1
SO001318-3,PR2025-1
SO001318-4,PR2025-1
SO001319-1,PR2025-1
SO001319-4,PR2025-1
SO001322-2,PR2025-1
SO001325-1,PR2025-1
SO001325-3,PR2025-1
SO001326-3,PR2025-1
SO001329-1,PR2025-1
SO001330-1,PR2025-1
SO001331-2,PR2025-1
SO001331-3,PR2025-1
SO001332-2,PR2025-1
SO001333-1,PR2025-1
SO001334-2,PR2025-1
SO001335-2,PR2025-1
SO001336-1,PR2025-1
SO001338-2,PR2025-1
SO001340-2,PR2025-1
SO001341-1,PR2025-1
SO001342-1,PR2025-1
SO001342-2,PR2025-1
SO001342-3,PR2025-1
SO001343-2,PR2025-1
SO001345-1,PR2025-1
SO001347-2,PR2025-1
SO001349-1,PR2025-1
SO001350-1,PR2025-1
SO001350-4,PR2025-1
SO001351-1,PR2025-1
SO001355-2,PR2025-1
SO001356-2,PR2025-1
SO001357-1,PR2025-1
SO001357-3,PR2025-1
SO001358-1,PR2025-1
SO001358-3,PR2025-1
SO001358-4,PR2025-1
SO001359-1,PR2025-1
SO001360-1,PR2025-1
SO001361-1,PR2025-1
SO001361-4,PR2025-1
SO001363-1,PR2025-1
SO001363-3,PR2025-1
SO001363-4,PR2025-1
SO001364-2,PR2025-1
SO001368-1,PR2025-1
SO001369-1,PR2025-1
SO001369-2,PR2025-1
SO001369-4,PR2025-1
SO001369-5,PR2025-1
SO001370-2,PR2025-1
SO001372-1,PR2025-1
SO001373-2,PR2025-1
SO001374-1,PR2025-1
SO001374-2,PR2025-1
SO001375-1,PR2025-1
SO001375-2,PR2025-1
SO001376-1,PR2025-1
SO001376-2,PR2025-1
SO001376-3,PR2025-1
SO001377-2,PR2025-1
SO001378-1,PR2025-1
SO001380-1,PR2025-1
SO001380-2,PR2025-1
SO001381-1,PR2025-1
SO001383-2,PR2025-1
SO001384-1,PR2025-1
SO001384-2,PR2025-1
SO001385-3,PR2025-1
SO001386-2,PR2025-1
SO001387-1,PR2025-1
SO001388-1,PR2025-1
SO001390-1,PR2025-1
SO001391-1,PR2025-1
SO001392-1,PR2025-1
SO001393-2,PR2025-1
SO001396-2,PR2025-1
SO001398-1,PR2025-1
SO001398-2,PR2025-1
SO001400-1,PR2025-1
SO001402-1,PR2025-1
SO001403-1,PR2025-1
SO001405-2,PR2025-1
SO001405-3,PR2025-1
SO001405-4,PR2025-1
SO001406-2,PR2025-1
SO001407-1,PR2025-1
SO001409-1,PR2025-1
SO001410-2,PR2025-1
SO001411-1,PR2025-1
SO001412-1,PR2025-1
SO001413-1,PR2025-1
SO001414-1,PR2025-1
SO001418-1,PR2025-1
SO001418-2,PR2025-1
SO001419-2,PR2025-1
SO001419-3,PR2025-1
SO001419-4,PR2025-1
SO001420-1,PR2025-1
SO001420-2,PR2025-1
SO001421-3,PR2025-1
SO001422-1,PR2025-1
SO001423-2,PR2025-1
SO001424-2,PR2025-1
SO001427-1,PR2025-1
SO001428-3,PR2025-1
SO001429-1,PR2025-1
SO001431-3,PR2025-1
SO001431-4,PR2025-1
SO001433-1,PR2025-1
SO001434-1,PR2025-1
SO001436-1,PR2025-1
SO001437-1,PR2025-1
SO001438-4,PR2025-1
SO001438-5,PR2025-1
SO001439-1,PR2025-1
SO001440-1,PR2025-1
SO001441-1,PR2025-1
SO001442-2,PR2025-1
SO001443-4,PR2025-1
SO001446-1,PR2025-1
SO001447-1,PR2025-1
SO001449-1,PR2025-1
SO001450-1,PR2025-1
SO001451-1,PR2025-1
SO001451-2,PR2025-1
SO001452-1,PR2025-1
SO001452-2,PR2025-1
SO001453-1,PR2025-1
SO001454-1,PR2025-1
SO001455-1,PR2025-1
SO001455-3,PR2025-1
SO001455-4,PR2025-1
SO001456-2,PR2025-1
SO001456-4,PR2025-1
SO001457-3,PR2025-1
SO001458-1,PR2025-1
SO001458-2,PR2025-1
SO001459-1,PR2025-1
SO001459-2,PR2025-1
SO001460-1,PR2025-1
SO001462-1,PR2025-1
SO001462-2,PR2025-1
SO001462-3,PR2025-1
SO001463-2,PR2025-1
SO001464-1,PR2025-1
SO001464-2,PR2025-1
SO001464-3,PR2025-1
SO001466-1,PR2025-1
SO001467-3,PR2025-1
SO001468-1,PR2025-1
SO001470-1,PR2025-1
SO001471-5,PR2025-1
SO001472-1,PR2025-1
SO001473-1,PR2025-1
SO001474-1,PR2025-1
SO001476-1,PR2025-1
SO001476-2,PR2025-1
SO001476-3,PR2025-1
SO001478-4,PR2025-1
SO001479-1,PR2025-1
SO001481-1,PR2025-1
SO001481-2,PR2025-1
SO001482-1,PR2025-1
SO001482-2,PR2025-1
SO001482-4,PR2025-1
SO001484-1,PR2025-1
SO001485-1,PR2025-1
SO001485-2,PR2025-1
SO001485-4,PR2025-1
SO001486-1,PR2025-1
SO001486-3,PR2025-1
SO001486-4,PR2025-1
SO001487-1,PR2025-1
SO001490-3,PR2025-1
SO001491-1,PR2025-1
SO001491-2,PR2025-1
SO001492-1,PR2025-1
SO001492-2,PR2025-1
SO001494-2,PR2025-1
SO001496-1,PR2025-1
SO001496-2,PR2025-1
SO001498-2,PR2025-1
SO001499-1,PR2025-1
SO001499-2,PR2025-1
SO001501-3,PR2025-1
SO001502-1,PR2025-1
SO001503-2,PR2025-1
SO001503-3,PR2025-1
SO001510-1,PR2025-1
SO001511-1,PR2025-1
SO001512-1,PR2025-1
SO001519-2,PR2025-1
SO001519-3,PR2025-1
SO001520-2,PR2025-1
SO001522-1,PR2025-1
SO001522-2,PR2025-1
SO001523-5,PR2025-1
SO001524-1,PR2025-1
SO001524-3,PR2025-1
SO001527-1,PR2025-1
SO001528-1,PR2025-1
SO001529-2,PR2025-1
SO001530-1,PR2025-1
SO001531-1,PR2025-1
SO001531-2,PR2025-1
SO001533-1,PR2025-1
SO001534-1,PR2025-1
SO001535-2,PR2025-1
SO001535-3,PR2025-1
SO001536-1,PR2025-1
SO001536-2,PR2025-1
SO001537-1,PR2025-1
SO001538-1,PR2025-1
SO001539-1,PR2025-1
SO001540-2,PR2025-1
SO001542-1,PR2025-1
SO001543-1,PR2025-1
SO001543-2,PR2025-1
SO001544-1,PR2025-1
SO001544-2,PR2025-1
SO001545-3,PR2025-1
SO001548-1,PR2025-1
SO001548-2,PR2025-1
SO001549-1,PR2025-1
SO001553-1,PR2025-1
SO001553-2,PR2025-1
SO001553-3,PR2025-1
SO001554-1,PR2025-1
SO001556-1,PR2025-1
SO001557-1,PR2025-1
SO001557-4,PR2025-1
SO001561-1,PR2025-1
SO001561-2,PR2025-1
SO001562-2,PR2025-1
SO001563-2,PR2025-1
SO001564-1,PR2025-1
SO001565-2,PR2025-1
SO001565-3,PR2025-1
SO001565-4,PR2025-1
SO001566-1,PR2025-1
SO001568-1,PR2025-1
SO001569-1,PR2025-1
SO001569-2,PR2025-1
SO001571-2,PR2025-1
SO001572-1,PR2025-1
SO001573-4,PR2025-1
SO001574-1,PR2025-1
SO001577-1,PR2025-1
SO001582-1,PR2025-1
SO001583-3,PR2025-1
SO001584-1,PR2025-1
SO001585-1,PR2025-1
SO001587-1,PR2025-1
SO001587-2,PR2025-1
SO001588-1,PR2025-1
SO001589-1,PR2025-1
SO001590-2,PR2025-1
SO001590-3,PR2025-1
SO001591-1,PR2025-1
SO001592-1,PR2025-1
SO001592-2,PR2025-1
SO001593-1,PR2025-1
SO001594-1,PR2025-1
SO001594-2,PR2025-1
SO001595-1,PR2025-1
SO001596-3,PR2025-1
SO001597-1,PR2025-1
SO001597-3,PR2025-1
SO001598-2,PR2025-1
SO001599-1,PR2025-1
SO001600-1,PR2025-1
SO001601-1,PR2025-1
SO001601-2,PR2025-1
SO001601-3,PR2025-1
SO001603-1,PR2025-1
SO001604-1,PR2025-1
SO001607-3,PR2025-1
SO001608-2,PR2025-1
SO001609-1,PR2025-1
SO001609-3,PR2025-1
SO001610-1,PR2025-1
SO001611-1,PR2025-1
SO001613-1,PR2025-1
SO001614-1,PR2025-1
SO001616-3,PR2025-1
SO001617-1,PR2025-1
SO001617-2,PR2025-1
SO001618-1,PR2025-1
SO001619-2,PR2025-1
SO001619-3,PR2025-1
SO001626-1,PR2025-1
SO001627-1,PR2025-1
SO001628-1,PR2025-1
SO001628-2,PR2025-1
SO001628-3,PR2025-1
SO001632-2,PR2025-1
SO001633-2,PR2025-1
SO001634-1,PR2025-1
SO001636-2,PR2025-1
SO001637-1,PR2025-1
SO001638-1,PR2025-1
SO001640-1,PR2025-1
SO001641-1,PR2025-1
SO001642-1,PR2025-1
SO001642-3,PR2025-1
SO001644-1,PR2025-1
SO001647-3,PR2025-1
SO001647-4,PR2025-1
SO001648-1,PR2025-1
SO001648-2,PR2025-1
SO001649-2,PR2025-1
SO001651-1,PR2025-1
SO001651-2,PR2025-1
SO001652-1,PR2025-1
SO001653-1,PR2025-1
SO001653-3,PR2025-1
SO001653-4,PR2025-1
SO001653-5,PR2025-1
SO001654-1,PR2025-1
SO001655-2,PR2025-1
SO001655-3,PR2025-1
SO001657-1,PR2025-1
SO001658-2,PR2025-1
SO001658-3,PR2025-1
SO001658-4,PR2025-1
SO001660-1,PR2025-1
SO001660-2,PR2025-1
SO001661-1,PR2025-1
SO001661-2,PR2025-1
SO001663-1,PR2025-1
SO001663-2,PR2025-1
SO001663-3,PR2025-1
SO001663-4,PR2025-1
SO001664-1,PR2025-1
SO001665-1,PR2025-1
SO001665-2,PR2025-1
SO001671-1,PR2025-1
SO001672-1,PR2025-1
SO001673-1,PR2025-1
SO001673-2,PR2025-1
SO001674-1,PR2025-1
SO001674-2,PR2025-1
SO001675-3,PR2025-1
SO001676-2,PR2025-1
SO001677-1,PR2025-1
SO001677-2,PR2025-1
SO001677-3,PR2025-1
SO001678-1,PR2025-1
SO001678-2,PR2025-1
SO001679-1,PR2025-1
SO001681-1,PR2025-1
SO001681-2,PR2025-1
SO001681-4,PR2025-1
SO001682-2,PR2025-1
SO001683-3,PR2025-1
SO001684-1,PR2025-1
SO001685-1,PR2025-1
SO001686-3,PR2025-1
SO001687-2,PR2025-1
SO001688-1,PR2025-1
SO001689-1,PR2025-1
SO001689-2,PR2025-1
SO001689-3,PR2025-1
SO001689-4,PR2025-1
SO001694-3,PR2025-1
SO001695-1,PR2025-1
SO001695-2,PR2025-1
SO001696-2,PR2025-1
SO001697-2,PR2025-1
SO001699-1,PR2025-1
SO001701-4,PR2025-1
SO001702-1,PR2025-1
SO001702-2,PR2025-1
SO001702-3,PR2025-1
SO001703-1,PR2025-1
SO001704-1,PR2025-1
SO001704-2,PR2025-1
SO001705-1,PR2025-1
SO001707-1,PR2025-1
SO001707-2,PR2025-1
SO001708-1,PR2025-1
SO001708-2,PR2025-1
SO001708-3,PR2025-1
SO001709-1,PR2025-1
SO001709-3,PR2025-1
SO001710-2,PR2025-1
SO001710-3,PR2025-1
SO001711-1,PR2025-1
SO001712-1,PR2025-1
SO001712-2,PR2025-1
SO001713-4,PR2025-1
SO001714-2,PR2025-1
SO001714-3,PR2025-1
SO001714-4,PR2025-1
SO001715-2,PR2025-1
SO001715-3,PR2025-1
SO001715-4,PR2025-1
SO001715-5,PR2025-1
SO001716-1,PR2025-1
SO001716-2,PR2025-1
SO001716-4,PR2025-1
SO001717-1,PR2025-1
SO001717-2,PR2025-1
SO001719-1,PR2025-1
SO001720-2,PR2025-1
SO001721-3,PR2025-1
SO001723-1,PR2025-1
SO001723-2,PR2025-1
SO001724-1,PR2025-1
SO001726-1,PR2025-1
SO001727-1,PR2025-1
SO001728-1,PR2025-1
SO001728-2,PR2025-1
SO001729-1,PR2025-1
SO001729-2,PR2025-1
SO001731-2,PR2025-1
SO001733-4,PR2025-1
SO001733-5,PR2025-1
SO001734-2,PR2025-1
SO001736-2,PR2025-1
SO001736-3,PR2025-1
SO001737-1,PR2025-1
SO001737-2,PR2025-1
SO001738-3,PR2025-1
SO001740-1,PR2025-1
SO001741-2,PR2025-1
SO001743-1,PR2025-1
SO001744-1,PR2025-1
SO001745-1,PR2025-1
SO001745-2,PR2025-1
SO001745-3,PR2025-1
SO001746-1,PR2025-1
SO001746-2,PR2025-1
SO001747-1,PR2025-1
SO001748-3,PR2025-1
SO001748-4,PR2025-1
SO001748-5,PR2025-1
SO001749-3,PR2025-1
SO001750-3,PR2025-1
SO001751-1,PR2025-1
SO001752-1,PR2025-1
SO001752-4,PR2025-1
SO001753-2,PR2025-1
SO001754-1,PR2025-1
SO001755-1,PR2025-1
SO001756-1,PR2025-1
SO001757-1,PR2025-1
SO001758-1,PR2025-1
SO001758-2,PR2025-1
SO001759-1,PR2025-1
SO001759-2,PR2025-1
SO001761-1,PR2025-1
SO001763-1,PR2025-1
SO001763-2,PR2025-1
SO001765-2,PR2025-1
SO001766-2,PR2025-1
SO001767-1,PR2025-1
SO001769-1,PR2025-1
SO001770-1,PR2025-1
SO001773-1,PR2025-1
SO001773-3,PR2025-1
SO001775-1,PR2025-1
SO001777-1,PR2025-1
SO001779-1,PR2025-1
SO001780-1,PR2025-1
SO001781-1,PR2025-1
SO001782-1,PR2025-1
SO001783-1,PR2025-1
SO001784-2,PR2025-1
SO001784-4,PR2025-1
SO001786-1,PR2025-1
SO001787-1,PR2025-1
SO001787-2,PR2025-1
SO001787-4,PR2025-1
SO001788-1,PR2025-1
SO001788-2,PR2025-1
SO001789-2,PR2025-1
SO001789-3,PR2025-1
SO001792-1,PR2025-1
SO001792-2,PR2025-1
SO001793-3,PR2025-1
SO001794-1,PR2025-1
SO001796-1,PR2025-1
SO001796-2,PR2025-1
SO001798-1,PR2025-1
SO001799-2,PR2025-1
SO001800-1,PR2025-1
SO001802-3,PR2025-1
SO001802-4,PR2025-1
SO001804-1,PR2025-1
SO001805-1,PR2025-1
SO001805-2,PR2025-1
SO001808-1,PR2025-1
SO001808-2,PR2025-1
SO001809-1,PR2025-1
SO001810-1,PR2025-1
SO001810-2,PR2025-1
SO001811-2,PR2025-1
SO001812-2,PR2025-1
SO001815-1,PR2025-1
SO001815-2,PR2025-1
SO001816-2,PR2025-1
SO001817-3,PR2025-1
SO001818-1,PR2025-1
SO001819-1,PR2025-1
SO001820-1,PR2025-1
SO001821-1,PR2025-1
SO001822-1,PR2025-1
SO001824-1,PR2025-1
SO001825-1,PR2025-1
SO001829-1,PR2025-1
SO001831-2,PR2025-1
SO001832-2,PR2025-1
SO001834-1,PR2025-1
SO001834-2,PR2025-1
SO001835-3,PR2025-1
SO001837-1,PR2025-1
SO001838-1,PR2025-1
SO001841-1,PR2025-1
SO001841-2,PR2025-1
SO001842-1,PR2025-1
SO001844-2,PR2025-1
SO001845-2,PR2025-1
SO001846-1,PR2025-1
SO001847-1,PR2025-1
SO001848-1,PR2025-1
SO001849-2,PR2025-1
SO001849-3,PR2025-1
SO001850-1,PR2025-1
SO001852-1,PR2025-1
SO001856-4,PR2025-1
SO001857-1,PR2025-1
SO001860-1,PR2025-1
SO001860-3,PR2025-1
SO001861-2,PR2025-1
SO001866-1,PR2025-1
SO001867-1,PR2025-1
SO001868-1,PR2025-1
SO001868-2,PR2025-1
SO001870-1,PR2025-1
SO001871-1,PR2025-1
SO001872-2,PR2025-1
SO001873-1,PR2025-1
SO001873-4,PR2025-1
SO001875-2,PR2025-1
SO001875-3,PR2025-1
SO001875-4,PR2025-1
SO001876-1,PR2025-1
SO001879-1,PR2025-1
SO001880-1,PR2025-1
SO001880-2,PR2025-1
SO001880-3,PR2025-1
SO001881-1,PR2025-1
SO001882-1,PR2025-1
SO001882-2,PR2025-1
SO001882-4,PR2025-1
SO001885-1,PR2025-1
SO001886-3,PR2025-1
SO001888-2,PR2025-1
SO001890-1,PR2025-1
SO001890-3,PR2025-1
SO001893-1,PR2025-1
SO001893-3,PR2025-1
SO001893-4,PR2025-1
SO001894-1,PR2025-1
SO001895-1,PR2025-1
SO001896-1,PR2025-1
SO001897-1,PR2025-1
SO001898-2,PR2025-1
SO001901-2,PR2025-1
SO001903-1,PR2025-1
SO001904-1,PR2025-1
SO001905-1,PR2025-1
SO001906-1,PR2025-1
SO001906-2,PR2025-1
SO001906-3,PR2025-1
SO001907-2,PR2025-1
SO001908-2,PR2025-1
SO001909-1,PR2025-1
SO001909-3,PR2025-1
SO001910-1,PR2025-1
SO001911-1,PR2025-1
SO001913-1,PR2025-1
SO001914-1,PR2025-1
SO001914-2,PR2025-1
SO001916-1,PR2025-1
SO001916-5,PR2025-1
SO001918-1,PR2025-1
SO001918-2,PR2025-1
SO001919-1,PR2025-1
SO001919-2,PR2025-1
SO001919-3,PR2025-1
SO001919-4,PR2025-1
SO001920-1,PR2025-1
SO001920-3,PR2025-1
SO001921-1,PR2025-1
SO001922-1,PR2025-1
SO001922-2,PR2025-1
SO001922-3,PR2025-1
SO001922-4,PR2025-1
SO001924-1,PR2025-1
SO001926-2,PR2025-1
SO001927-1,PR2025-1
SO001927-2,PR2025-1
SO001929-1,PR2025-1
SO001930-1,PR2025-1
SO001930-2,PR2025-1
SO001930-3,PR2025-1
SO001930-4,PR2025-1
SO001931-1,PR2025-1
SO001931-2,PR2025-1
SO001932-1,PR2025-1
SO001934-2,PR2025-1
SO001935-1,PR2025-1
SO001935-2,PR2025-1
SO001937-1,PR2025-1
SO001937-3,PR2025-1
SO001937-4,PR2025-1
SO001938-1,PR2025-1
SO001938-3,PR2025-1
SO001939-1,PR2025-1
SO001940-1,PR2025-1
SO001940-2,PR2025-1
SO001940-3,PR2025-1
SO001942-2,PR2025-2
SO001942-3,PR2025-2
SO001944-1,PR2025-2
SO001950-2,PR2025-2
SO001951-2,PR2025-2
SO001964-1,PR2025-2
SO001970-1,PR2025-2
SO001971-3,PR2025-2
SO001973-5,PR2025-2
SO001977-2,PR2025-2
SO001980-1,PR2025-2
SO001989-2,PR2025-2
SO001993-1,PR2025-2
SO001995-5,PR2025-2
SO001998-3,PR2025-2
SO002002-1,PR2025-2
SO002018-1,PR2025-2
SO002019-1,PR2025-2
SO002020-1,PR2025-2
SO002024-1,PR2025-2
SO002034-1,PR2025-2
SO002039-1,PR2025-2
SO002041-1,PR2025-2
SO002045-1,PR2025-2
SO002057-3,PR2025-2
SO002062-1,PR2025-2
SO002064-1,PR2025-2
SO002074-1,PR2025-2
SO002076-1,PR2025-2
SO002076-2,PR2025-2
SO002079-2,PR2025-2
SO002082-3,PR2025-2
SO002084-1,PR2025-2
SO002086-4,PR2025-2
SO002088-2,PR2025-2
SO002088-4,PR2025-2
SO002096-2,PR2025-2
SO002098-2,PR2025-2
SO002109-5,PR2025-2
SO002110-2,PR2025-2
SO002112-4,PR2025-2
SO002113-2,PR2025-2
SO002116-2,PR2025-2
SO002127-1,PR2025-2
SO002130-2,PR2025-2
SO002137-3,PR2025-2
SO002142-3,PR2025-2
SO002146-1,PR2025-2
SO002152-1,PR2025-2
SO002153-2,PR2025-2
SO002153-3,PR2025-2
SO002154-1,PR2025-2
SO002157-1,PR2025-2
SO002161-1,PR2025-2
SO002174-1,PR2025-2
SO002181-2,PR2025-2
SO002187-3,PR2025-2
SO002188-1,PR2025-2
SO002189-2,PR2025-2
SO002190-1,PR2025-2
SO002192-2,PR2025-2
SO002194-1,PR2025-2
SO002197-4,PR2025-2
SO002204-2,PR2025-2
SO002209-3,PR2025-2
SO002212-2,PR2025-2
SO002214-2,PR2025-2
SO002223-1,PR2025-2
SO002224-5,PR2025-2
SO002225-3,PR2025-2
SO002233-1,PR2025-2
SO002234-2,PR2025-2
SO002235-2,PR2025-2
SO002253-1,PR2025-2
SO002256-2,PR2025-2
SO002257-1,PR2025-2
SO002260-1,PR2025-2
SO002265-2,PR2025-2
SO002266-3,PR2025-2
SO002266-4,PR2025-2
SO002270-2,PR2025-2
SO002270-3,PR2025-2
SO002272-1,PR2025-2
SO002280-1,PR2025-2
SO002281-3,PR2025-2
SO002285-2,PR2025-2
SO002288-2,PR2025-2
SO002288-3,PR2025-2
SO002292-3,PR2025-2
SO002293-1,PR2025-2
SO002295-2,PR2025-2
SO002303-4,PR2025-2
SO002305-1,PR2025-2
SO002306-2,PR2025-2
SO002308-1,PR2025-2
SO002309-1,PR2025-2
SO002310-1,PR2025-2
SO002316-1,PR2025-2
SO002323-1,PR2025-2
SO002325-4,PR2025-2
SO002341-4,PR2025-2
SO002342-1,PR2025-2
SO002354-2,PR2025-2
SO002355-3,PR2025-2
SO002357-2,PR2025-2
SO002358-1,PR2025-2
SO002361-1,PR2025-2
SO002361-2,PR2025-2
SO002362-1,PR2025-2
SO002369-1,PR2025-2
SO002372-1,PR2025-2
SO002387-2,PR2025-2
SO002388-4,PR2025-2
SO002389-1,PR2025-2
SO002399-1,PR2025-2
SO002417-1,PR2025-2
SO002419-1,PR2025-2
SO002420-1,PR2025-2
SO002420-2,PR2025-2
SO002426-3,PR2025-2
SO002428-1,PR2025-2
SO002430-1,PR2025-2
SO002431-5,PR2025-2
SO002432-3,PR2025-2
SO002435-1,PR2025-2
SO002447-2,PR2025-2
SO002447-3,PR2025-2
SO002454-2,PR2025-2
SO002456-2,PR2025-2
SO002460-1,PR2025-2
SO002462-2,PR2025-2
SO002468-1,PR2025-2
SO002471-1,PR2025-2
SO002474-1,PR2025-2
SO002476-4,PR2025-2
SO002492-1,PR2025-2
SO002524-2,PR2025-2
SO002524-3,PR2025-2
SO002525-2,PR2025-2
SO002535-3,PR2025-2
SO002539-4,PR2025-2
SO002549-1,PR2025-2
SO002552-1,PR2025-2
SO002556-1,PR2025-2
SO002571-2,PR2025-2
SO002587-1,PR2025-2
SO002591-1,PR2025-2
SO002594-1,PR2025-2
SO002594-2,PR2025-2
SO002594-3,PR2025-2
SO002598-1,PR2025-2
SO002599-1,PR2025-2
SO002603-1,PR2025-2
SO002606-1,PR2025-2
SO002610-2,PR2025-2
SO002630-1,PR2025-2
SO002631-4,PR2025-2
SO002632-4,PR2025-2
SO002633-1,PR2025-2
SO002633-3,PR2025-2
SO002635-1,PR2025-2
SO002639-2,PR2025-2
SO002645-3,PR2025-2
SO002651-2,PR2025-2
SO002656-1,PR2025-2
SO002658-1,PR2025-2
SO002662-1,PR2025-2
SO002668-4,PR2025-2
SO002671-2,PR2025-2
SO002672-1,PR2025-2
SO002677-2,PR2025-2
SO002682-1,PR2025-2
SO002682-2,PR2025-2
SO002689-2,PR2025-2
SO002694-2,PR2025-2
SO002695-1,PR2025-2
SO002701-1,PR2025-2
SO002708-1,PR2025-2
SO002717-3,PR2025-2
SO002720-1,PR2025-2
SO002720-2,PR2025-2
SO002726-1,PR2025-2
SO002726-3,PR2025-2
SO002728-1,PR2025-2
SO002730-1,PR2025-2
SO002733-1,PR2025-2
SO002734-1,PR2025-2
SO002735-1,PR2025-2
SO002740-2,PR2025-2
SO002749-2,PR2025-2
SO002750-2,PR2025-2
SO002753-1,PR2025-2
SO002757-2,PR2025-2
SO002759-3,PR2025-2
SO002760-3,PR2025-2
SO002761-1,PR2025-2
SO002762-1,PR2025-2
SO002769-1,PR2025-2
SO002772-1,PR2025-2
SO002776-1,PR2025-2
SO002780-4,PR2025-2
SO002781-1,PR2025-2
SO002783-2,PR2025-2
SO002784-3,PR2025-2
SO002788-1,PR2025-2
SO002798-1,PR2025-2
SO002802-1,PR2025-2
SO002804-3,PR2025-2
SO002809-3,PR2025-2
SO002810-2,PR2025-2
SO002819-1,PR2025-2
SO002819-3,PR2025-2
SO002826-1,PR2025-2
SO002826-2,PR2025-2
SO002832-2,PR2025-2
SO002836-3,PR2025-2
SO002842-1,PR2025-2
SO002842-3,PR2025-2
SO002843-1,PR2025-2
SO002863-1,PR2025-2
SO002864-3,PR2025-2
SO002867-1,PR2025-2
SO002870-1,PR2025-2
SO002875-1,PR2025-2
SO002876-1,PR2025-2
SO002892-1,PR2025-2
SO002893-2,PR2025-2
SO002902-3,PR2025-2
SO002905-1,PR2025-2
SO002910-2,PR2025-2
SO002912-3,PR2025-2
SO002920-3,PR2025-2
SO002921-1,PR2025-2
SO002926-1,PR2025-2
SO002941-1,PR2025-2
SO002944-1,PR2025-2
SO002948-1,PR2025-2
SO002950-1,PR2025-2
SO002960-2,PR2025-2
SO002961-1,PR2025-2
SO002963-1,PR2025-2
SO002968-2,PR2025-2
SO002971-1,PR2025-2
SO002972-1,PR2025-2
SO002993-2,PR2025-2
SO003008-2,PR2025-2
SO003013-1,PR2025-2
SO003014-4,PR2025-2
SO003015-1,PR2025-2
SO003016-1,PR2025-2
SO003019-1,PR2025-2
SO003019-4,PR2025-2
SO003026-1,PR2025-2
SO003027-2,PR2025-2
SO003029-1,PR2025-2
SO003034-2,PR2025-2
SO003039-2,PR2025-2
SO003042-2,PR2025-2
SO003044-1,PR2025-2
SO003044-4,PR2025-2
SO003051-1,PR2025-2
SO003069-3,PR2025-2
SO003070-3,PR2025-2
SO003073-1,PR2025-2
SO003080-1,PR2025-2
SO003090-1,PR2025-2
SO003092-1,PR2025-2
SO003093-1,PR2025-2
SO003120-2,PR2025-2
SO003127-1,PR2025-2
SO003127-2,PR2025-2
SO003127-3,PR2025-2
SO003135-2,PR2025-2
SO003139-1,PR2025-2
SO003141-1,PR2025-2
SO003142-1,PR2025-2
SO003149-2,PR2025-2
SO003162-2,PR2025-2
SO003171-1,PR2025-2
SO003182-2,PR2025-2
SO003183-1,PR2025-2
SO003185-3,PR2025-2
SO003190-2,PR2025-2
SO003194-1,PR2025-2
SO003198-4,PR2025-2
SO003198-5,PR2025-2
SO003202-1,PR2025-2
SO003204-1,PR2025-2
SO003204-4,PR2025-2
SO003205-1,PR2025-2
SO003218-2,PR2025-2
SO003220-3,PR2025-2
SO003220-4,PR2025-2
SO003223-3,PR2025-2
SO003233-1,PR2025-2
SO003233-2,PR2025-2
SO003234-3,PR2025-2
SO003236-2,PR2025-2
SO003237-2,PR2025-2
SO003240-2,PR2025-2
SO003241-1,PR2025-2
SO003252-1,PR2025-2
SO003256-1,PR2025-2
SO003260-1,PR2025-2
SO003267-2,PR2025-2
SO003268-4,PR2025-2
SO003270-2,PR2025-2
SO003273-2,PR2025-2
SO003283-1,PR2025-2
SO003284-3,PR2025-2
SO003296-1,PR2025-2
SO003298-3,PR2025-2
SO003301-1,PR2025-2
SO003305-1,PR2025-2
SO003312-3,PR2025-2
SO003314-3,PR2025-2
SO003326-1,PR2025-2
SO003326-2,PR2025-2
SO003327-1,PR2025-2
SO003334-1,PR2025-2
SO003335-3,PR2025-2
SO003342-1,PR2025-2
SO003348-1,PR2025-2
SO003350-3,PR2025-2
SO003365-1,PR2025-2
SO003367-3,PR2025-2
SO003374-1,PR2025-2
SO003383-1,PR2025-2
SO003400-3,PR2025-2
SO003402-1,PR2025-2
SO003411-3,PR2025-2
SO003418-1,PR2025-2
SO003423-2,PR2025-2
SO003425-2,PR2025-2
SO003430-1,PR2025-2
SO003438-1,PR2025-2
SO003445-1,PR2025-2
SO003449-1,PR2025-2
SO003452-3,PR2025-2
SO003453-4,PR2025-2
SO003460-1,PR2025-2
SO003469-1,PR2025-2
SO003482-4,PR2025-2
SO003484-1,PR2025-2
SO003485-1,PR2025-2
SO003489-2,PR2025-2
SO003500-1,PR2025-2
SO003504-1,PR2025-2
SO003507-1,PR2025-2
SO003513-2,PR2025-2
SO003519-1,PR2025-2
SO003524-1,PR2025-2
SO003525-1,PR2025-2
SO003534-2,PR2025-2
SO003539-1,PR2025-2
SO003542-2,PR2025-2
SO003544-1,PR2025-2
SO003550-3,PR2025-2
SO003559-1,PR2025-2
SO003563-1,PR2025-2
SO003569-1,PR2025-2
SO003573-1,PR2025-2
SO003574-1,PR2025-2
SO003577-2,PR2025-2
SO003579-1,PR2025-2
SO003579-3,PR2025-2
SO003584-1,PR2025-2
SO003595-1,PR2025-2
SO003601-1,PR2025-2
SO003606-3,PR2025-2
SO003607-2,PR2025-2
SO003616-2,PR2025-2
SO003619-1,PR2025-2
SO003622-2,PR2025-2
SO003629-2,PR2025-2
SO003632-3,PR2025-2
SO003637-2,PR2025-2
SO003640-1,PR2025-2
SO003656-2,PR2025-2
SO003661-1,PR2025-2
SO003664-1,PR2025-2
SO003673-1,PR2025-2
SO003677-4,PR2025-2
SO003679-1,PR2025-2
SO003681-2,PR2025-2
SO003685-1,PR2025-2
SO003694-1,PR2025-2
SO003697-1,PR2025-2
SO003709-1,PR2025-2
SO003725-2,PR2025-2
SO003725-3,PR2025-2
SO003726-4,PR2025-2
SO003732-2,PR2025-2
SO003738-3,PR2025-2
SO003740-1,PR2025-2
SO003743-1,PR2025-2
SO003744-2,PR2025-2
SO003758-2,PR2025-2
SO003776-1,PR2025-2
SO003777-2,PR2025-2
SO003785-2,PR2025-2
SO003787-2,PR2025-2
SO003792-1,PR2025-2
SO003793-4,PR2025-2
SO003805-1,PR2025-2
SO003811-1,PR2025-2
SO003827-1,PR2025-2
SO003828-2,PR2025-2
SO003829-1,PR2025-2
SO003831-1,PR2025-2
SO003838-1,PR2025-2
SO003840-1,PR2025-2
SO003843-1,PR2025-2
SO003846-1,PR2025-2
SO003847-2,PR2025-2
SO003848-2,PR2025-2
SO003848-3,PR2025-2
SO003850-4,PR2025-2
SO003855-1,PR2025-2
SO003856-1,PR2025-2
SO003861-2,PR2025-2
SO003870-1,PR2025-2
SO003870-2,PR2025-2
SO003873-4,PR2025-2
SO003879-1,PR2025-2
SO003883-1,PR2025-2
SO003887-1,PR2025-2
SO003898-3,PR2025-2
SO003899-1,PR2025-2
SO003899-2,PR2025-2
SO003908-2,PR2025-2
SO003911-3,PR2025-2
SO003911-4,PR2025-2
SO003927-1,PR2025-2
SO003927-2,PR2025-2
SO003929-1,PR2025-2
SO003930-2,PR2025-2
SO003931-4,PR2025-2
SO003933-5,PR2025-2
SO003942-3,PR2025-2
SO003943-2,PR2025-2
SO003946-1,PR2025-2
SO003947-3,PR2025-2
SO003950-1,PR2025-2
SO003952-1,PR2025-2
SO003953-1,PR2025-2
SO003957-1,PR2025-2
SO003958-1,PR2025-2
SO003958-3,PR2025-2
SO003958-4,PR2025-2
SO003962-5,PR2025-2
SO003974-2,PR2025-2
SO003974-3,PR2025-2
SO003974-5,PR2025-2
SO003979-2,PR2025-2
SO003981-1,PR2025-2
SO003985-2,PR2025-2
SO003989-3,PR2025-2
SO003999-5,PR2025-2
SO004008-1,PR2025-2
SO004012-1,PR2025-2
SO004015-1,PR2025-2
SO004020-2,PR2025-2
SO004021-1,PR2025-2
SO004024-1,PR2025-2
SO004027-2,PR2025-2
SO004033-3,PR2025-2
SO004036-2,PR2025-2
SO004043-2,PR2025-2
SO004054-3,PR2025-2
SO004056-1,PR2025-2
SO004060-2,PR2025-2
SO004063-1,PR2025-2
SO004067-3,PR2025-2
SO004067-4,PR2025-2
SO004078-2,PR2025-2
SO004080-2,PR2025-2
SO004081-1,PR2025-2
SO004081-2,PR2025-2
SO004086-2,PR2025-2
SO004086-3,PR2025-2
SO004088-1,PR2025-2
SO004093-1,PR2025-2
SO004097-4,PR2025-2
SO004114-1,PR2025-2
SO004117-1,PR2025-2
SO004122-3,PR2025-2
SO004130-1,PR2025-2
SO004131-1,PR2025-2
SO004132-3,PR2025-2
SO004149-1,PR2025-2
SO004153-1,PR2025-2
SO004155-2,PR2025-2
SO004155-3,PR2025-2
SO004162-1,PR2025-2
SO004163-1,PR2025-2
SO004170-1,PR2025-2
SO004175-2,PR2025-2
SO004177-1,PR2025-2
SO004179-2,PR2025-2
SO004181-1,PR2025-2
SO004197-2,PR2025-2
SO004199-1,PR2025-2
SO004218-1,PR2025-2
SO004219-1,PR2025-2
SO004220-2,PR2025-2
SO004221-1,PR2025-2
SO004222-4,PR2025-2
SO004235-1,PR2025-2
SO004237-2,PR2025-2
SO004249-2,PR2025-2
SO004250-2,PR2025-2
SO004251-1,PR2025-2
SO004252-1,PR2025-2
SO004258-2,PR2025-2
SO004261-2,PR2025-2
SO004265-2,PR2025-2
SO004267-1,PR2025-2
SO004268-2,PR2025-2
SO004268-3,PR2025-2
SO004272-1,PR2025-2
SO004274-3,PR2025-2
SO004275-1,PR2025-2
SO004277-2,PR2025-2
SO004278-1,PR2025-2
SO004279-1,PR2025-2
SO004280-1,PR2025-2
SO004286-1,PR2025-2
SO004303-4,PR2025-2
SO004309-2,PR2025-2
SO004310-1,PR2025-2
SO004313-1,PR2025-2
SO004320-4,PR2025-2
SO004325-2,PR2025-2
SO004325-3,PR2025-2
SO004328-2,PR2025-2
SO004333-3,PR2025-2
SO004334-1,PR2025-2
SO004338-1,PR2025-2
SO004347-1,PR2025-2
SO004348-1,PR2025-2
SO004354-1,PR2025-2
SO004354-2,PR2025-2
SO004371-4,PR2025-2
SO004380-1,PR2025-2
SO004392-4,PR2025-2
SO004394-1,PR2025-2
SO004394-3,PR2025-2
SO004396-2,PR2025-2
SO004421-1,PR2025-2
SO004427-2,PR2025-2
SO004430-3,PR2025-2
SO004436-2,PR2025-2
SO004438-3,PR2025-2
SO004443-1,PR2025-2
SO004445-4,PR2025-2
SO004451-1,PR2025-2
SO004458-2,PR2025-2
SO004462-1,PR2025-2
SO004472-1,PR2025-2
SO004474-2,PR2025-2
SO004477-2,PR2025-2
SO004479-1,PR2025-2
SO004486-2,PR2025-2
SO004487-1,PR2025-2
SO004487-2,PR2025-2
SO004492-1,PR2025-2
SO004492-2,PR2025-2
SO004498-1,PR2025-2
SO004500-2,PR2025-2
SO004505-2,PR2025-2
SO004518-2,PR2025-2
SO004521-1,PR2025-2
SO004524-3,PR2025-2
SO004528-1,PR2025-2
SO004533-3,PR2025-2
SO004535-3,PR2025-2
SO004535-4,PR2025-2
SO004537-3,PR2025-2
SO004547-2,PR2025-2
SO004555-1,PR2025-2
SO004562-2,PR2025-2
SO004563-1,PR2025-2
SO004573-3,PR2025-2
SO004577-3,PR2025-2
SO004580-3,PR2025-2
SO004582-2,PR2025-2
SO004583-1,PR2025-2
SO004585-2,PR2025-2
SO004587-1,PR2025-2
SO004589-2,PR2025-2
SO004599-4,PR2025-2
SO004599-5,PR2025-2
SO004600-1,PR2025-2
SO004603-4,PR2025-2
SO004605-1,PR2025-2
SO004614-1,PR2025-2
SO004614-2,PR2025-2
SO004616-1,PR2025-2
SO004620-1,PR2025-2
SO004622-2,PR2025-2
SO004626-4,PR2025-2
SO004629-2,PR2025-2
SO004632-1,PR2025-2
SO004639-3,PR2025-2
SO004649-1,PR2025-2
SO004652-1,PR2025-2
SO004654-1,PR2025-2
SO004665-1,PR2025-2
SO004669-2,PR2025-2
SO004674-1,PR2025-2
SO004674-2,PR2025-2
SO004678-2,PR2025-2
SO004678-3,PR2025-2
SO004682-1,PR2025-2
SO004689-2,PR2025-2
SO004690-2,PR2025-2
SO004697-1,PR2025-2
SO004702-1,PR2025-2
SO004707-1,PR2025-2
SO004714-2,PR2025-2
SO004716-2,PR2025-2
SO004716-5,PR2025-2
SO004719-3,PR2025-2
SO004721-2,PR2025-2
SO004723-5,PR2025-2
SO004724-2,PR2025-2
SO004734-2,PR2025-2
SO004735-2,PR2025-2
SO004738-3,PR2025-2
SO004739-1,PR2025-2
SO004740-1,PR2025-2
SO004751-1,PR2025-2
SO004752-1,PR2025-2
SO004754-1,PR2025-2
SO004755-1,PR2025-2
SO004766-2,PR2025-2
SO004767-1,PR2025-2
SO004778-1,PR2025-2
SO004781-2,PR2025-2
SO004783-3,PR2025-2
SO004785-1,PR2025-2
SO004785-3,PR2025-2
SO004800-3,PR2025-2
SO004805-2,PR2025-2
SO004809-1,PR2025-2
SO004814-1,PR2025-2
SO004821-2,PR2025-2
SO004821-4,PR2025-2
SO004824-3,PR2025-2
SO004825-1,PR2025-2
SO004825-2,PR2025-2
SO004829-1,PR2025-2
SO004831-1,PR2025-2
SO004839-3,PR2025-2
SO004843-2,PR2025-2
SO004846-4,PR2025-2
SO004854-1,PR2025-2
SO004858-1,PR2025-2
SO004869-2,PR2025-2
SO004874-1,PR2025-2
SO004881-1,PR2025-2
SO004895-1,PR2025-2
SO004897-1,PR2025-2
SO004897-2,PR2025-2
SO004898-1,PR2025-2
SO004902-1,PR2025-2
SO004910-4,PR2025-2
SO004913-1,PR2025-2
SO004927-5,PR2025-2
SO004930-1,PR2025-2
SO004931-1,PR2025-2
SO004936-2,PR2025-2
SO004936-3,PR2025-2
SO004939-2,PR2025-2
SO004941-1,PR2025-2
SO004944-1,PR2025-2
SO004953-1,PR2025-2
SO004957-2,PR2025-2
SO004958-2,PR2025-2
SO004961-1,PR2025-2
SO004965-1,PR2025-2
SO004968-2,PR2025-2
SO004970-2,PR2025-2
SO004974-2,PR2025-2
SO004980-1,PR2025-2
SO004982-1,PR2025-2
SO004985-2,PR2025-2
SO004998-1,PR2025-2
SO004998-2,PR2025-2
SO005005-2,PR2025-2
SO005008-2,PR2025-2
SO005008-4,PR2025-2
SO005009-3,PR2025-2
SO005015-3,PR2025-2
SO005021-2,PR2025-2
SO005029-1,PR2025-2
SO005034-1,PR2025-2
SO005035-2,PR2025-2
SO005036-1,PR2025-2
SO005052-1,PR2025-2
SO005055-1,PR2025-2
SO005057-1,PR2025-2
SO005066-1,PR2025-2
SO005067-1,PR2025-2
SO005077-2,PR2025-2
SO005084-2,PR2025-2
SO005085-3,PR2025-2
SO005088-1,PR2025-2
SO005091-2,PR2025-2
SO005098-3,PR2025-2
SO005099-2,PR2025-2
SO005100-2,PR2025-2
SO005104-1,PR2025-2
SO005105-1,PR2025-2
SO005106-2,PR2025-2
SO005110-2,PR2025-2
SO005116-1,PR2025-2
SO005120-2,PR2025-2
SO005126-2,PR2025-2
SO005127-2,PR2025-2
SO005130-3,PR2025-2
SO005134-1,PR2025-2
SO005134-3,PR2025-2
SO005136-3,PR2025-2
SO005138-3,PR2025-2
SO005140-3,PR2025-2
SO005140-4,PR2025-2
SO005143-1,PR2025-2
SO005159-1,PR2025-2
SO005161-1,PR2025-2
SO005164-1,PR2025-2
SO005166-4,PR2025-2
SO005169-1,PR2025-2
SO005180-1,PR2025-2
SO005185-1,PR2025-2
SO005186-1,PR2025-2
SO005187-4,PR2025-2
SO005190-1,PR2025-2
SO005192-1,PR2025-2
SO005194-1,PR2025-2
SO005199-1,PR2025-2
SO005200-1,PR2025-2
SO005206-3,PR2025-2
SO005207-2,PR2025-2
SO005209-1,PR2025-2
SO005233-1,PR2025-2
SO005246-1,PR2025-2
SO005248-1,PR2025-2
SO005249-1,PR2025-2
SO005253-1,PR2025-2
SO005262-1,PR2025-2
SO005271-1,PR2025-2
SO005274-1,PR2025-2
SO005276-1,PR2025-2
SO005278-1,PR2025-2
SO005285-2,PR2025-2
SO005289-2,PR2025-2
SO005291-1,PR2025-2
SO005293-1,PR2025-2
SO005302-1,PR2025-2
SO005304-1,PR2025-2
SO005304-2,PR2025-2
SO005308-2,PR2025-2
SO005317-1,PR2025-2
SO005326-3,PR2025-2
SO005331-2,PR2025-2
SO005332-2,PR2025-2
SO005335-4,PR2025-2
SO005336-2,PR2025-2
SO005343-3,PR2025-2
SO005345-1,PR2025-2
SO005351-3,PR2025-2
SO005358-4,PR2025-2
SO005363-3,PR2025-2
SO005368-1,PR2025-2
SO005374-1,PR2025-2
SO005375-4,PR2025-2
SO005376-2,PR2025-2
SO005378-2,PR2025-2
SO005379-3,PR2025-2
SO005379-4,PR2025-2
SO005388-1,PR2025-2
SO005394-2,PR2025-2
SO005396-1,PR2025-2
SO005396-4,PR2025-2
SO005406-3,PR2025-2
SO005420-1,PR2025-2
SO005429-1,PR2025-2
SO005431-1,PR2025-2
SO005433-1,PR2025-2
SO005438-3,PR2025-2
SO005445-2,PR2025-2
SO005446-2,PR2025-2
SO005447-1,PR2025-2
SO005449-2,PR2025-2
SO005451-3,PR2025-2
SO005453-2,PR2025-2
SO005457-4,PR2025-2
SO005471-1,PR2025-2
SO005488-3,PR2025-2
SO005489-2,PR2025-2
SO005492-3,PR2025-2
SO005502-1,PR2025-2
SO005507-2,PR2025-2
SO005509-2,PR2025-2
SO005515-1,PR2025-2
SO005528-1,PR2025-2
SO005558-1,PR2025-2
SO005571-1,PR2025-2
SO005573-1,PR2025-2
SO005573-4,PR2025-2
SO005573-5,PR2025-2
SO005575-1,PR2025-2
SO005575-2,PR2025-2
SO005580-1,PR2025-2
SO005582-1,PR2025-2
SO005587-3,PR2025-2
SO005588-1,PR2025-2
SO005594-2,PR2025-2
SO005596-1,PR2025-2
SO005598-3,PR2025-2
SO005599-2,PR2025-2
SO005603-3,PR2025-2
SO005606-2,PR2025-2
SO005611-4,PR2025-2
SO005620-1,PR2025-2
SO005620-2,PR2025-2
SO005624-1,PR2025-2
SO005629-4,PR2025-2
SO005630-1,PR2025-2
SO005631-3,PR2025-2
SO005636-4,PR2025-2
SO005638-1,PR2025-2
SO005643-2,PR2025-2
SO005643-3,PR2025-2
SO005652-1,PR2025-2
SO005656-3,PR2025-2
SO005666-2,PR2025-2
SO005667-1,PR2025-2
SO005667-2,PR2025-2
SO005675-2,PR2025-2
SO005677-1,PR2025-2
SO005681-1,PR2025-2
SO005689-2,PR2025-2
SO005691-3,PR2025-2
SO005692-2,PR2025-2
SO005702-2,PR2025-2
SO005710-1,PR2025-2
SO005711-1,PR2025-2
SO005723-4,PR2025-2
SO005727-2,PR2025-2
SO005733-1,PR2025-2
SO005738-1,PR2025-2
SO005739-2,PR2025-2
SO005744-1,PR2025-2
SO005744-2,PR2025-2
SO005750-1,PR2025-2
SO005752-1,PR2025-2
SO005765-2,PR2025-2
SO005791-2,PR2025-2
SO005794-2,PR2025-2
SO005815-1,PR2025-2
SO005818-3,PR2025-2
SO005822-2,PR2025-2
SO005823-2,PR2025-2
SO005832-1,PR2025-2
SO005834-2,PR2025-2
SO005836-1,PR2025-2
SO005849-3,PR2025-2
SO005856-1,PR2025-2
SO005865-1,PR2025-2
SO005865-2,PR2025-2
SO005874-3,PR2025-2
SO005876-3,PR2025-2
SO005876-4,PR2025-2
SO005878-1,PR2025-2
SO005878-3,PR2025-2
SO005882-1,PR2025-2
SO005884-1,PR2025-2
SO005888-1,PR2025-2
SO005891-1,PR2025-2
SO005892-1,PR2025-2
SO005894-1,PR2025-2
SO005898-1,PR2025-2
SO005898-5,PR2025-2
SO005899-1,PR2025-2
SO005899-2,PR2025-2
SO005910-3,PR2025-2
SO005920-2,PR2025-2
SO005922-2,PR2025-2
SO005923-1,PR2025-2
SO005926-2,PR2025-2
SO005931-1,PR2025-2
SO005933-2,PR2025-2
SO005941-2,PR2025-2
SO005941-3,PR2025-2
SO005945-1,PR2025-2
SO005949-1,PR2025-2
SO005949-3,PR2025-2
SO005956-1,PR2025-2
SO005956-2,PR2025-2
SO005973-1,PR2025-2
SO005976-2,PR2025-2
SO005978-1,PR2025-2
SO005978-3,PR2025-2
SO005979-1,PR2025-2
SO005980-1,PR2025-2
SO005985-2,PR2025-2
SO005988-1,PR2025-2
SO006001-1,PR2025-2
SO006002-4,PR2025-2
SO006006-1,PR2025-2
SO006008-1,PR2025-2
SO006012-3,PR2025-2
SO006014-1,PR2025-2
SO006015-3,PR2025-2
SO006034-1,PR2025-2
SO006042-2,PR2025-2
SO006049-1,PR2025-2
SO006053-1,PR2025-2
SO006068-1,PR2025-2
SO006081-1,PR2025-2
SO006087-1,PR2025-2
SO006087-3,PR2025-2
SO006089-2,PR2025-2
SO006090-1,PR2025-2
SO006101-2,PR2025-2
SO006104-2,PR2025-2
SO006105-1,PR2025-2
SO006110-1,PR2025-2
SO006115-1,PR2025-2
SO006118-2,PR2025-2
SO006121-2,PR2025-2
SO006127-3,PR2025-2
SO006131-1,PR2025-2
SO006132-3,PR2025-2
SO006158-2,PR2025-2
SO006167-1,PR2025-2
SO006177-1,PR2025-2
SO006178-1,PR2025-2
SO006183-1,PR2025-2
SO006185-2,PR2025-2
SO006188-1,PR2025-2
SO006190-2,PR2025-2
SO006203-2,PR2025-2
SO006209-1,PR2025-2
SO006219-1,PR2025-2
SO006219-2,PR2025-2
SO006222-1,PR2025-2
SO006222-2,PR2025-2
SO006223-1,PR2025-2
SO006224-1,PR2025-2
SO006227-2,PR2025-2
SO006233-2,PR2025-2
SO006244-1,PR2025-2
SO006246-3,PR2025-2
SO006248-1,PR2025-2
SO006256-2,PR2025-2
SO006257-1,PR2025-2
SO006259-1,PR2025-2
SO006262-1,PR2025-2
SO006265-1,PR2025-2
SO006268-1,PR2025-2
SO006269-1,PR2025-2
SO006271-3,PR2025-2
SO006272-1,PR2025-2
SO006276-1,PR2025-2
SO006278-1,PR2025-2
SO006287-1,PR2025-2
SO006288-1,PR2025-2
SO006291-1,PR2025-2
SO006298-3,PR2025-2
SO006300-2,PR2025-2
SO006302-3,PR2025-2
SO006303-3,PR2025-2
SO006304-1,PR2025-2
SO006319-2,PR2025-2
SO006324-5,PR2025-2
SO006326-2,PR2025-2
SO006329-1,PR2025-2
SO006336-1,PR2025-2
SO006341-1,PR2025-2
SO006343-1,PR2025-2
SO006351-2,PR2025-2
SO006366-1,PR2025-2
SO006366-2,PR2025-2
SO006371-1,PR2025-2
SO006373-4,PR2025-2
SO006373-5,PR2025-2
SO006374-1,PR2025-2
SO006379-2,PR2025-2
SO006386-1,PR2025-2
SO006394-4,PR2025-2
SO006398-1,PR2025-2
SO006409-1,PR2025-2
SO006416-2,PR2025-2
SO006423-2,PR2025-2
SO006425-3,PR2025-2
SO006426-1,PR2025-2
SO006432-1,PR2025-2
SO006436-1,PR2025-2
SO006438-4,PR2025-2
SO006444-1,PR2025-2
SO006446-3,PR2025-2
SO006447-1,PR2025-2
SO006456-1,PR2025-2
SO006457-1,PR2025-2
SO006460-2,PR2025-2
SO006465-2,PR2025-2
SO006471-2,PR2025-2
SO006482-2,PR2025-2
SO006489-2,PR2025-2
SO006497-2,PR2025-2
SO006510-1,PR2025-2
SO006511-2,PR2025-2
SO006517-2,PR2025-2
SO006523-2,PR2025-2
SO006523-4,PR2025-2
SO006525-2,PR2025-2
SO006525-3,PR2025-2
SO006528-1,PR2025-2
SO006528-3,PR2025-2
SO006530-4,PR2025-2
SO006546-2,PR2025-2
SO006549-1,PR2025-2
SO006553-2,PR2025-2
SO006558-2,PR2025-2
SO006561-1,PR2025-2
SO006575-1,PR2025-2
SO006575-5,PR2025-2
SO006578-1,PR2025-2
SO006583-4,PR2025-2
SO006584-1,PR2025-2
SO006590-2,PR2025-2
SO006591-5,PR2025-2
SO006592-2,PR2025-2
SO006597-1,PR2025-2
SO006597-5,PR2025-2
SO006600-1,PR2025-2
SO006601-1,PR2025-2
SO006602-2,PR2025-2
SO006610-1,PR2025-2
SO006616-2,PR2025-2
SO006620-3,PR2025-2
SO006626-3,PR2025-2
SO006647-1,PR2025-2
SO006656-2,PR2025-2
SO006658-2,PR2025-2
SO006662-1,PR2025-2
SO006673-2,PR2025-2
SO006673-3,PR2025-2
SO006677-2,PR2025-2
SO006679-1,PR2025-2
SO006682-1,PR2025-2
SO006683-2,PR2025-2
SO006685-4,PR2025-2
SO006687-2,PR2025-2
SO006688-3,PR2025-2
SO006690-2,PR2025-2
SO006694-3,PR2025-2
SO006695-3,PR2025-2
SO006698-1,PR2025-2
SO006699-3,PR2025-2
SO006703-1,PR2025-2
SO006706-1,PR2025-2
SO006707-2,PR2025-2
SO006710-4,PR2025-2
SO006713-1,PR2025-2
SO006720-3,PR2025-2
SO006725-1,PR2025-2
SO006726-2,PR2025-2
SO006739-2,PR2025-2
SO006740-1,PR2025-2
SO006748-2,PR2025-2
SO006759-1,PR2025-2
SO006760-3,PR2025-2
SO006761-2,PR2025-2
SO006774-1,PR2025-2
SO006782-2,PR2025-2
SO006794-3,PR2025-2
SO006795-3,PR2025-2
SO006796-1,PR2025-2
SO006796-2,PR2025-2
SO006797-1,PR2025-2
SO006803-1,PR2025-2
SO006807-1,PR2025-2
SO006807-2,PR2025-2
SO006810-1,PR2025-2
SO006812-4,PR2025-2
SO006813-2,PR2025-2
SO006813-3,PR2025-2
SO006819-1,PR2025-2
SO006821-1,PR2025-2
SO006821-5,PR2025-2
SO006822-1,PR2025-2
SO006823-1,PR2025-2
SO006826-3,PR2025-2
SO006830-1,PR2025-2
SO006830-3,PR2025-2
SO006832-1,PR2025-2
SO006839-1,PR2025-2
SO006840-2,PR2025-2
SO006844-1,PR2025-2
SO006846-1,PR2025-2
SO006847-2,PR2025-2
SO006852-1,PR2025-2
SO006864-1,PR2025-2
SO006871-1,PR2025-2
SO006875-1,PR2025-2
SO006877-1,PR2025-2
SO006880-2,PR2025-2
SO006885-1,PR2025-2
SO006887-1,PR2025-2
SO006894-1,PR2025-2
SO006897-2,PR2025-2
SO006898-2,PR2025-2
SO006899-1,PR2025-2
SO006902-1,PR2025-2
SO006902-2,PR2025-2
SO006910-1,PR2025-2
SO006920-1,PR2025-2
SO006923-2,PR2025-2
SO006925-1,PR2025-2
SO006935-3,PR2025-2
SO006941-1,PR2025-2
SO006941-4,PR2025-2
SO006942-4,PR2025-2
SO006944-3,PR2025-2
SO006954-1,PR2025-2
SO006963-2,PR2025-2
SO006964-2,PR2025-2
SO006969-1,PR2025-2
SO006977-2,PR2025-2
SO006979-2,PR2025-2
SO006980-3,PR2025-2
SO006986-1,PR2025-2
SO006987-2,PR2025-2
SO006990-2,PR2025-2
SO006993-1,PR2025-2
SO006994-2,PR2025-2
SO006997-1,PR2025-2
SO006998-1,PR2025-2
SO007005-2,PR2025-2
SO007009-1,PR2025-2
SO007009-3,PR2025-2
SO007011-3,PR2025-2
SO007015-3,PR2025-2
SO007017-1,PR2025-2
SO007019-2,PR2025-2
SO007028-2,PR2025-2
SO007032-1,PR2025-2
SO007042-1,PR2025-2
SO007055-1,PR2025-2
SO007055-2,PR2025-2
SO007059-1,PR2025-2
SO007060-1,PR2025-2
SO007061-1,PR2025-2
SO007061-3,PR2025-2
SO007071-1,PR2025-2
SO007072-1,PR2025-2
SO007076-4,PR2025-2
SO007077-1,PR2025-2
SO007083-1,PR2025-2
SO007084-1,PR2025-2
SO007088-4,PR2025-2
SO007090-2,PR2025-2
SO007092-1,PR2025-2
SO007094-2,PR2025-2
SO007094-3,PR2025-2
SO007103-4,PR2025-2
SO007104-1,PR2025-2
SO007106-1,PR2025-2
SO007106-3,PR2025-2
SO007111-1,PR2025-2
SO007113-1,PR2025-2
SO007121-2,PR2025-2
SO007124-1,PR2025-2
SO007137-1,PR2025-2
SO007137-2,PR2025-2
SO007139-1,PR2025-2
SO007140-2,PR2025-2
SO007143-1,PR2025-2
SO007143-3,PR2025-2
SO007162-4,PR2025-2
SO007173-4,PR2025-2
SO007176-2,PR2025-2
SO007187-2,PR2025-2
SO007189-3,PR2025-2
SO007193-1,PR2025-2
SO007194-2,PR2025-2
SO007194-3,PR2025-2
SO007196-1,PR2025-2
SO007211-1,PR2025-2
SO007213-4,PR2025-2
SO007221-1,PR2025-2
SO007222-2,PR2025-2
SO007237-2,PR2025-2
SO007238-2,PR2025-2
SO007239-1,PR2025-2
SO007239-2,PR2025-2
SO007240-1,PR2025-2
SO007244-4,PR2025-2
SO007245-2,PR2025-2
SO007250-2,PR2025-2
SO007252-1,PR2025-2
SO007264-2,PR2025-2
SO007281-3,PR2025-2
SO007294-3,PR2025-2
SO007297-1,PR2025-2
SO007302-5,PR2025-2
SO007313-2,PR2025-2
SO007317-1,PR2025-2
SO007317-2,PR2025-2
SO007321-1,PR2025-2
SO007323-1,PR2025-2
SO007327-2,PR2025-2
SO007328-2,PR2025-2
SO007334-1,PR2025-2
SO007337-1,PR2025-2
SO007365-1,PR2025-2
SO007367-2,PR2025-2
SO007370-4,PR2025-2
SO007373-2,PR2025-2
SO007374-1,PR2025-2
SO007375-1,PR2025-2
SO007391-1,PR2025-2
SO007412-2,PR2025-2
SO007423-1,PR2025-2
SO007429-2,PR2025-2
SO007449-1,PR2025-2
SO007449-2,PR2025-2
SO007451-1,PR2025-2
SO007453-2,PR2025-2
SO007458-1,PR2025-2
SO007460-1,PR2025-2
SO007462-1,PR2025-2
SO007463-3,PR2025-2
SO007465-3,PR2025-2
SO007470-1,PR2025-2
SO007471-1,PR2025-2
SO007471-2,PR2025-2
SO007480-1,PR2025-2
SO007482-3,PR2025-2
SO007484-1,PR2025-2
SO007489-1,PR2025-2
SO007491-1,PR2025-2
SO007494-3,PR2025-2
SO007495-1,PR2025-2
SO007497-1,PR2025-2
SO007500-1,PR2025-2
SO007503-3,PR2025-2
SO007503-5,PR2025-2
SO007504-2,PR2025-2
SO007506-1,PR2025-2
SO007510-3,PR2025-2
SO007512-1,PR2025-2
SO007517-3,PR2025-2
SO007527-1,PR2025-2
SO007528-1,PR2025-2
SO007528-3,PR2025-2
SO007530-1,PR2025-2
SO007530-2,PR2025-2
SO007543-2,PR2025-2
SO007546-1,PR2025-2
SO007554-1,PR2025-2
SO007555-1,PR2025-2
SO007561-1,PR2025-2
SO007564-1,PR2025-2
SO007570-2,PR2025-2
SO007585-1,PR2025-2
SO007589-1,PR2025-2
SO007595-2,PR2025-2
SO007601-2,PR2025-2
SO007606-1,PR2025-2
SO007607-1,PR2025-2
SO007609-2,PR2025-2
SO007618-4,PR2025-2
SO007621-3,PR2025-2
SO007622-1,PR2025-2
SO007629-1,PR2025-2
SO007631-1,PR2025-2
SO007633-1,PR2025-2
SO007633-2,PR2025-2
SO007635-1,PR2025-2
SO007635-3,PR2025-2
SO007635-4,PR2025-2
SO007637-1,PR2025-2
SO007645-1,PR2025-2
SO007648-1,PR2025-2
SO007649-3,PR2025-2
SO007654-2,PR2025-2
SO007659-1,PR2025-2
SO007661-2,PR2025-2
SO007662-1,PR2025-2
SO007668-2,PR2025-2
SO007677-1,PR2025-2
SO007684-2,PR2025-2
SO007688-2,PR2025-2
SO007692-3,PR2025-2
SO007697-1,PR2025-2
SO007702-4,PR2025-2
SO007711-3,PR2025-2
SO007714-1,PR2025-2
SO007716-1,PR2025-2
SO007718-1,PR2025-2
SO007720-2,PR2025-2
SO007722-1,PR2025-2
SO007726-1,PR2025-2
SO007731-1,PR2025-2
SO007733-2,PR2025-2
SO007737-1,PR2025-2
SO007740-1,PR2025-2
SO007740-3,PR2025-2
SO007745-3,PR2025-2
SO007745-4,PR2025-2
SO007746-1,PR2025-2
SO007753-2,PR2025-2
SO007759-1,PR2025-2
SO007766-1,PR2025-2
SO007781-2,PR2025-2
SO007787-3,PR2025-2
SO007792-1,PR2025-2
SO007795-1,PR2025-2
SO007795-3,PR2025-2
SO007796-1,PR2025-2
SO007803-1,PR2025-2
SO007803-4,PR2025-2
SO007810-3,PR2025-2
SO007826-1,PR2025-2
SO007826-2,PR2025-2
SO007839-1,PR2025-2
SO007840-2,PR2025-2
SO007840-4,PR2025-2
SO007844-2,PR2025-2
SO007847-2,PR2025-2
SO007847-4,PR2025-2
SO007851-1,PR2025-2
SO007852-2,PR2025-2
SO007854-1,PR2025-2
SO007868-1,PR2025-2
SO007873-3,PR2025-2
SO007875-2,PR2025-2
SO007879-1,PR2025-2
SO007883-1,PR2025-2
SO007886-1,PR2025-2
SO007887-1,PR2025-2
SO007888-1,PR2025-2
SO007891-1,PR2025-2
SO007895-2,PR2025-2
SO007895-4,PR2025-2
SO007897-1,PR2025-2
SO007900-1,PR2025-2
SO007902-1,PR2025-2
SO007905-5,PR2025-2
SO007909-1,PR2025-2
SO007922-1,PR2025-2
SO007922-3,PR2025-2
SO007926-1,PR2025-2
SO007927-1,PR2025-2
SO007928-1,PR2025-2
SO007930-1,PR2025-2
SO007935-1,PR2025-2
SO007944-2,PR2025-2
SO007959-1,PR2025-2
SO007966-4,PR2025-2
SO007968-1,PR2025-2
SO007969-4,PR2025-2
SO007976-1,PR2025-2
SO007981-2,PR2025-2
SO007986-1,PR2025-2
SO007997-1,PR2025-2
SO007997-4,PR2025-2
SO008001-2,PR2025-2
SO008004-3,PR2025-2
SO008009-2,PR2025-2
SO008011-1,PR2025-2
SO008020-3,PR2025-2
SO008023-2,PR2025-2
SO008024-1,PR2025-2
SO008026-1,PR2025-2
SO008030-3,PR2025-2
SO008032-1,PR2025-2
SO008032-2,PR2025-2
SO008035-2,PR2025-2
SO008036-4,PR2025-2
SO008037-1,PR2025-2
SO008047-1,PR2025-2
SO008047-2,PR2025-2
SO008049-1,PR2025-2
SO008054-1,PR2025-2
SO008065-1,PR2025-2
SO008070-2,PR2025-2
SO008070-4,PR2025-2
SO008071-1,PR2025-2
SO008080-1,PR2025-2
SO008081-1,PR2025-2
SO008081-3,PR2025-2
SO008083-3,PR2025-2
SO008089-3,PR2025-2
SO008090-3,PR2025-2
SO008091-1,PR2025-2
SO008094-4,PR2025-2
SO008094-5,PR2025-2
SO008096-3,PR2025-2
SO008104-1,PR2025-2
SO008112-4,PR2025-2
SO008113-3,PR2025-2
SO008116-1,PR2025-2
SO008118-1,PR2025-2
SO008131-3,PR2025-2
SO008132-4,PR2025-2
SO008146-2,PR2025-2
SO008147-1,PR2025-2
SO008148-1,PR2025-2
SO008160-1,PR2025-2
SO008167-1,PR2025-2
SO008171-1,PR2025-2
SO008172-3,PR2025-2
SO008177-2,PR2025-2
SO008178-1,PR2025-2
SO008182-2,PR2025-2
SO008184-1,PR2025-2
SO008191-1,PR2025-2
SO008191-2,PR2025-2
SO008192-2,PR2025-2
SO008195-1,PR2025-2
SO008196-1,PR2025-2
SO008197-1,PR2025-2
SO008199-1,PR2025-2
SO008217-3,PR2025-2
SO008218-1,PR2025-2
SO008219-2,PR2025-2
SO008226-1,PR2025-2
SO008228-1,PR2025-2
SO008228-2,PR2025-2
SO008231-3,PR2025-2
SO008253-1,PR2025-2
SO008255-2,PR2025-2
SO008260-1,PR2025-2
SO008263-2,PR2025-2
SO008280-1,PR2025-2
SO008281-2,PR2025-2
SO008282-2,PR2025-2
SO008285-1,PR2025-2
SO008290-1,PR2025-2
SO008301-1,PR2025-2
SO008307-2,PR2025-2
SO008307-3,PR2025-2
SO008309-1,PR2025-2
SO008310-2,PR2025-2
SO008310-4,PR2025-2
SO008319-1,PR2025-2
SO008337-1,PR2025-2
SO008344-2,PR2025-2
SO008344-3,PR2025-2
SO008346-2,PR2025-2
SO008353-3,PR2025-2
SO008362-1,PR2025-2
SO008371-1,PR2025-2
SO008371-4,PR2025-2
SO008375-1,PR2025-2
SO008377-2,PR2025-2
SO008380-1,PR2025-2
SO008382-2,PR2025-2
SO008392-1,PR2025-2
SO008404-1,PR2025-2
SO008405-3,PR2025-2
SO008406-1,PR2025-2
SO008407-1,PR2025-2
SO008413-1,PR2025-2
SO008421-1,PR2025-2
SO008424-3,PR2025-2
SO008442-1,PR2025-2
SO008445-2,PR2025-2
SO008446-1,PR2025-2
SO008448-3,PR2025-2
SO008450-5,PR2025-2
SO008469-1,PR2025-2
SO008477-1,PR2025-2
SO008487-2,PR2025-2
SO008488-1,PR2025-2
SO008489-1,PR2025-2
SO008491-2,PR2025-2
SO008493-1,PR2025-2
SO008495-3,PR2025-2
SO008499-1,PR2025-2
SO008520-1,PR2025-2
SO008524-3,PR2025-2
SO008553-1,PR2025-2
SO008554-1,PR2025-2
SO008561-1,PR2025-2
SO008561-2,PR2025-2
SO008569-3,PR2025-2
SO008588-2,PR2025-2
SO008593-1,PR2025-2
SO008593-3,PR2025-2
SO008594-1,PR2025-2
SO008594-2,PR2025-2
SO008594-5,PR2025-2
SO008603-1,PR2025-2
SO008606-2,PR2025-2
SO008608-2,PR2025-2
SO008612-3,PR2025-2
SO008612-4,PR2025-2
SO008613-2,PR2025-2
SO008622-3,PR2025-2
SO008624-1,PR2025-2
SO008628-2,PR2025-2
SO008630-2,PR2025-2
SO008632-1,PR2025-2
SO008632-2,PR2025-2
SO008637-1,PR2025-2
SO008639-1,PR2025-2
SO008644-2,PR2025-2
SO008644-3,PR2025-2
SO008656-3,PR2025-2
SO008657-3,PR2025-2
SO008661-1,PR2025-2
SO008662-1,PR2025-2
SO008662-2,PR2025-2
SO008665-1,PR2025-2
SO008671-1,PR2025-2
SO008672-3,PR2025-2
SO008673-3,PR2025-2
SO008674-1,PR2025-2
SO008684-1,PR2025-2
SO008684-3,PR2025-2
SO008687-2,PR2025-2
SO008687-3,PR2025-2
SO008691-1,PR2025-2
SO008697-2,PR2025-2
SO008715-2,PR2025-2
SO008719-2,PR2025-2
SO008724-2,PR2025-2
SO008729-1,PR2025-2
SO008735-2,PR2025-2
SO008744-1,PR2025-2
SO008751-2,PR2025-2
SO008758-1,PR2025-2
SO008771-1,PR2025-2
SO008776-1,PR2025-2
SO008782-1,PR2025-2
SO008784-3,PR2025-2
SO008785-3,PR2025-2
SO008787-1,PR2025-2
SO008788-1,PR2025-2
SO008790-1,PR2025-2
SO008792-2,PR2025-2
SO008792-3,PR2025-2
SO008793-1,PR2025-2
SO008794-2,PR2025-2
SO008795-1,PR2025-2
SO008796-2,PR2025-2
SO008809-1,PR2025-2
SO008815-2,PR2025-2
SO008827-1,PR2025-2
SO008828-3,PR2025-2
SO008829-2,PR2025-2
SO008833-2,PR2025-2
SO008834-2,PR2025-2
SO008842-1,PR2025-2
SO008848-1,PR2025-2
SO008849-2,PR2025-2
SO008851-1,PR2025-2
SO008853-3,PR2025-2
SO008854-4,PR2025-2
SO008858-5,PR2025-2
SO008861-1,PR2025-2
SO008862-1,PR2025-2
SO008865-3,PR2025-2
SO008874-4,PR2025-2
SO008875-1,PR2025-2
SO008913-1,PR2025-2
SO008914-2,PR2025-2
SO008923-1,PR2025-2
SO008925-1,PR2025-2
SO008931-3,PR2025-2
SO008931-5,PR2025-2
SO008938-1,PR2025-2
SO008945-2,PR2025-2
SO008946-1,PR2025-2
SO008947-3,PR2025-2
SO008949-1,PR2025-2
SO008951-2,PR2025-2
SO008959-1,PR2025-2
SO008970-3,PR2025-2
SO008973-1,PR2025-2
SO008977-2,PR2025-2
SO008980-1,PR2025-2
SO009011-2,PR2025-2
SO009011-3,PR2025-2
SO009016-2,PR2025-2
SO009019-1,PR2025-2
SO009024-1,PR2025-2
SO009033-1,PR2025-2
SO009038-1,PR2025-2
SO009039-1,PR2025-2
SO009042-2,PR2025-2
SO009043-1,PR2025-2
SO009046-1,PR2025-2
SO009046-3,PR2025-2
SO009050-1,PR2025-2
SO009054-1,PR2025-2
SO009059-1,PR2025-2
SO009059-3,PR2025-2
SO009067-1,PR2025-2
SO009068-4,PR2025-2
SO009069-2,PR2025-2
SO009070-1,PR2025-2
SO009070-2,PR2025-2
SO009077-1,PR2025-2
SO009081-3,PR2025-2
SO009083-2,PR2025-2
SO009087-2,PR2025-2
SO009089-1,PR2025-2
SO009093-1,PR2025-2
SO009095-1,PR2025-2
SO009104-2,PR2025-2
SO009106-1,PR2025-2
SO009107-1,PR2025-2
SO009117-4,PR2025-2
SO009158-1,PR2025-2
SO009159-4,PR2025-2
SO009160-1,PR2025-2
SO009161-1,PR2025-2
SO009181-1,PR2025-2
SO009185-3,PR2025-2
SO009188-1,PR2025-2
SO009193-2,PR2025-2
SO009197-2,PR2025-2
SO009198-3,PR2025-2
SO009200-2,PR2025-2
SO009201-5,PR2025-2
SO009206-1,PR2025-2
SO009209-3,PR2025-2
SO009212-1,PR2025-2
SO009217-1,PR2025-2
SO009219-1,PR2025-3
SO009219-3,PR2025-3
SO009220-1,PR2025-3
SO009221-1,PR2025-3
SO009221-2,PR2025-3
SO009223-1,PR2025-3
SO009223-3,PR2025-3
SO009224-3,PR2025-3
SO009226-1,PR2025-3
SO009226-2,PR2025-3
SO009229-1,PR2025-3
SO009229-2,PR2025-3
SO009232-2,PR2025-3
SO009233-1,PR2025-3
SO009234-1,PR2025-3
SO009234-2,PR2025-3
SO009235-1,PR2025-3
SO009239-2,PR2025-3
SO009239-3,PR2025-3
SO009239-4,PR2025-3
SO009241-1,PR2025-3
SO009241-3,PR2025-3
SO009244-1,PR2025-3
SO009245-1,PR2025-3
SO009245-2,PR2025-3
SO009246-1,PR2025-3
SO009247-3,PR2025-3
SO009247-4,PR2025-3
SO009250-1,PR2025-3
SO009252-1,PR2025-3
SO009252-3,PR2025-3
SO009253-1,PR2025-3
SO009254-1,PR2025-3
SO009254-2,PR2025-3
SO009255-2,PR2025-3
SO009256-1,PR2025-3
SO009259-1,PR2025-3
SO009259-2,PR2025-3
SO009259-3,PR2025-3
SO009260-2,PR2025-3
SO009264-2,PR2025-3
SO009267-2,PR2025-3
SO009267-3,PR2025-3
SO009268-1,PR2025-3
SO009268-2,PR2025-3
SO009269-2,PR2025-3
SO009270-1,PR2025-3
SO009274-1,PR2025-3
SO009274-3,PR2025-3
SO009274-4,PR2025-3
SO009276-1,PR2025-3
SO009277-1,PR2025-3
SO009278-1,PR2025-3
SO009278-2,PR2025-3
SO009279-1,PR2025-3
SO009279-3,PR2025-3
SO009279-4,PR2025-3
SO009280-1,PR2025-3
SO009282-1,PR2025-3
SO009283-1,PR2025-3
SO009284-1,PR2025-3
SO009284-2,PR2025-3
SO009285-1,PR2025-3
SO009285-2,PR2025-3
SO009287-2,PR2025-3
SO009287-3,PR2025-3
SO009287-4,PR2025-3
SO009290-1,PR2025-3
SO009290-3,PR2025-3
SO009292-2,PR2025-3
SO009292-3,PR2025-3
SO009293-1,PR2025-3
SO009294-2,PR2025-3
SO009295-1,PR2025-3
SO009296-2,PR2025-3
SO009297-1,PR2025-3
SO009297-2,PR2025-3
SO009298-1,PR2025-3
SO009300-1,PR2025-3
SO009301-1,PR2025-3
SO009302-1,PR2025-3
SO009302-2,PR2025-3
SO009304-1,PR2025-3
SO009305-1,PR2025-3
SO009305-2,PR2025-3
SO009308-1,PR2025-3
SO009308-2,PR2025-3
SO009309-1,PR2025-3
SO009310-2,PR2025-3
SO009313-1,PR2025-3
SO009313-2,PR2025-3
SO009314-1,PR2025-3
SO009315-1,PR2025-3
SO009315-2,PR2025-3
SO009316-3,PR2025-3
SO009317-1,PR2025-3
SO009319-3,PR2025-3
SO009320-1,PR2025-3
SO009321-1,PR2025-3
SO009323-1,PR2025-3
SO009324-1,PR2025-3
SO009325-1,PR2025-3
SO009325-2,PR2025-3
SO009326-2,PR2025-3
SO009328-2,PR2025-3
SO009329-1,PR2025-3
SO009330-1,PR2025-3
SO009331-1,PR2025-3
SO009331-2,PR2025-3
SO009331-4,PR2025-3
SO009334-1,PR2025-3
SO009336-2,PR2025-3
SO009337-2,PR2025-3
SO009338-1,PR2025-3
SO009339-1,PR2025-3
SO009340-1,PR2025-3
SO009340-2,PR2025-3
SO009342-1,PR2025-3
SO009343-1,PR2025-3
SO009344-1,PR2025-3
SO009345-1,PR2025-3
SO009345-2,PR2025-3
SO009346-1,PR2025-3
SO009347-1,PR2025-3
SO009348-1,PR2025-3
SO009350-1,PR2025-3
SO009351-1,PR2025-3
SO009352-1,PR2025-3
SO009353-1,PR2025-3
SO009354-2,PR2025-3
SO009355-4,PR2025-3
SO009358-4,PR2025-3
SO009359-2,PR2025-3
SO009359-3,PR2025-3
SO009360-1,PR2025-3
SO009360-2,PR2025-3
SO009362-3,PR2025-3
SO009364-2,PR2025-3
SO009364-4,PR2025-3
SO009367-1,PR2025-3
SO009367-2,PR2025-3
SO009368-1,PR2025-3
SO009368-2,PR2025-3
SO009369-1,PR2025-3
SO009371-1,PR2025-3
SO009372-1,PR2025-3
SO009373-1,PR2025-3
SO009374-2,PR2025-3
SO009376-1,PR2025-3
SO009376-2,PR2025-3
SO009377-1,PR2025-3
SO009378-1,PR2025-3
SO009378-3,PR2025-3
SO009381-1,PR2025-3
SO009381-5,PR2025-3
SO009384-1,PR2025-3
SO009385-1,PR2025-3
SO009387-1,PR2025-3
SO009387-2,PR2025-3
SO009389-1,PR2025-3
SO009390-2,PR2025-3
SO009390-3,PR2025-3
SO009394-2,PR2025-3
SO009395-1,PR2025-3
SO009396-1,PR2025-3
SO009397-2,PR2025-3
SO009399-1,PR2025-3
SO009401-1,PR2025-3
SO009402-1,PR2025-3
SO009402-3,PR2025-3
SO009403-4,PR2025-3
SO009405-1,PR2025-3
SO009405-2,PR2025-3
SO009406-2,PR2025-3
SO009408-1,PR2025-3
SO009409-1,PR2025-3
SO009410-1,PR2025-3
SO009412-1,PR2025-3
SO009413-1,PR2025-3
SO009414-1,PR2025-3
SO009414-2,PR2025-3
SO009414-3,PR2025-3
SO009415-1,PR2025-3
SO009415-2,PR2025-3
SO009415-4,PR2025-3
SO009416-1,PR2025-3
SO009417-2,PR2025-3
SO009418-1,PR2025-3
SO009418-4,PR2025-3
SO009419-3,PR2025-3
SO009419-4,PR2025-3
SO009420-2,PR2025-3
SO009420-3,PR2025-3
SO009421-2,PR2025-3
SO009421-3,PR2025-3
SO009422-2,PR2025-3
SO009423-2,PR2025-3
SO009423-3,PR2025-3
SO009424-1,PR2025-3
SO009425-1,PR2025-3
SO009426-2,PR2025-3
SO009426-4,PR2025-3
SO009428-4,PR2025-3
SO009429-1,PR2025-3
SO009429-2,PR2025-3
SO009431-1,PR2025-3
SO009434-1,PR2025-3
SO009436-2,PR2025-3
SO009438-1,PR2025-3
SO009439-2,PR2025-3
SO009440-1,PR2025-3
SO009442-1,PR2025-3
SO009444-2,PR2025-3
SO009445-1,PR2025-3
SO009445-2,PR2025-3
SO009445-4,PR2025-3
SO009446-1,PR2025-3
SO009447-1,PR2025-3
SO009448-1,PR2025-3
SO009448-2,PR2025-3
SO009448-4,PR2025-3
SO009450-1,PR2025-3
SO009451-1,PR2025-3
SO009452-1,PR2025-3
SO009452-4,PR2025-3
SO009454-1,PR2025-3
SO009454-3,PR2025-3
SO009456-1,PR2025-3
SO009458-1,PR2025-3
SO009459-2,PR2025-3
SO009460-3,PR2025-3
SO009461-1,PR2025-3
SO009461-3,PR2025-3
SO009462-1,PR2025-3
SO009463-1,PR2025-3
SO009464-1,PR2025-3
SO009464-2,PR2025-3
SO009466-1,PR2025-3
SO009468-1,PR2025-3
SO009468-2,PR2025-3
SO009469-1,PR2025-3
SO009470-1,PR2025-3
SO009471-1,PR2025-3
SO009473-1,PR2025-3
SO009476-1,PR2025-3
SO009477-2,PR2025-3
SO009477-3,PR2025-3
SO009479-1,PR2025-3
SO009480-1,PR2025-3
SO009481-1,PR2025-3
SO009481-3,PR2025-3
SO009482-1,PR2025-3
SO009483-1,PR2025-3
SO009484-2,PR2025-3
SO009485-1,PR2025-3
SO009487-1,PR2025-3
SO009487-2,PR2025-3
SO009488-1,PR2025-3
SO009488-3,PR2025-3
SO009490-1,PR2025-3
SO009490-3,PR2025-3
SO009490-4,PR2025-3
SO009491-1,PR2025-3
SO009492-3,PR2025-3
SO009493-1,PR2025-3
SO009493-2,PR2025-3
SO009494-1,PR2025-3
SO009494-2,PR2025-3
SO009495-1,PR2025-3
SO009497-2,PR2025-3
SO009498-1,PR2025-3
SO009499-2,PR2025-3
SO009500-2,PR2025-3
SO009500-3,PR2025-3
SO009502-1,PR2025-3
SO009502-2,PR2025-3
SO009503-1,PR2025-3
SO009504-3,PR2025-3
SO009505-1,PR2025-3
SO009507-1,PR2025-3
SO009509-1,PR2025-3
SO009509-3,PR2025-3
SO009510-1,PR2025-3
SO009512-2,PR2025-3
SO009513-1,PR2025-3
SO009514-1,PR2025-3
SO009514-2,PR2025-3
SO009514-3,PR2025-3
SO009516-1,PR2025-3
SO009519-1,PR2025-3
SO009520-2,PR2025-3
SO009521-2,PR2025-3
SO009521-3,PR2025-3
SO009523-1,PR2025-3
SO009524-1,PR2025-3
SO009524-3,PR2025-3
SO009525-3,PR2025-3
SO009526-1,PR2025-3
SO009526-3,PR2025-3
SO009529-1,PR2025-3
SO009530-1,PR2025-3
SO009532-2,PR2025-3
SO009535-1,PR2025-3
SO009535-2,PR2025-3
SO009537-2,PR2025-3
SO009538-1,PR2025-3
SO009538-3,PR2025-3
SO009541-1,PR2025-3
SO009542-1,PR2025-3
SO009544-1,PR2025-3
SO009544-2,PR2025-3
SO009544-3,PR2025-3
SO009546-1,PR2025-3
SO009546-2,PR2025-3
SO009546-3,PR2025-3
SO009547-1,PR2025-3
SO009547-3,PR2025-3
SO009548-2,PR2025-3
SO009548-3,PR2025-3
SO009549-1,PR2025-3
SO009550-2,PR2025-3
SO009550-3,PR2025-3
SO009551-1,PR2025-3
SO009552-1,PR2025-3
SO009553-1,PR2025-3
SO009555-1,PR2025-3
SO009555-2,PR2025-3
SO009555-3,PR2025-3
SO009556-1,PR2025-3
SO009559-2,PR2025-3
SO009559-3,PR2025-3
SO009559-4,PR2025-3
SO009560-1,PR2025-3
SO009561-1,PR2025-3
SO009563-2,PR2025-3
SO009563-3,PR2025-3
SO009564-1,PR2025-3
SO009565-3,PR2025-3
SO009566-1,PR2025-3
SO009566-2,PR2025-3
SO009567-3,PR2025-3
SO009567-4,PR2025-3
SO009569-1,PR2025-3
SO009569-2,PR2025-3
SO009570-1,PR2025-3
SO009571-1,PR2025-3
SO009573-1,PR2025-3
SO009573-2,PR2025-3
SO009574-2,PR2025-3
SO009575-1,PR2025-3
SO009576-3,PR2025-3
SO009578-2,PR2025-3
SO009579-1,PR2025-3
SO009584-1,PR2025-3
SO009584-2,PR2025-3
SO009585-1,PR2025-3
SO009586-1,PR2025-3
SO009588-2,PR2025-3
SO009588-4,PR2025-3
SO009589-2,PR2025-3
SO009589-4,PR2025-3
SO009589-5,PR2025-3
SO009594-1,PR2025-3
SO009596-1,PR2025-3
SO009596-2,PR2025-3
SO009596-3,PR2025-3
SO009596-4,PR2025-3
SO009597-1,PR2025-3
SO009597-2,PR2025-3
SO009599-2,PR2025-3
SO009600-2,PR2025-3
SO009601-1,PR2025-3
SO009601-2,PR2025-3
SO009601-3,PR2025-3
SO009601-4,PR2025-3
SO009601-5,PR2025-3
SO009602-1,PR2025-3
SO009603-1,PR2025-3
SO009603-2,PR2025-3
SO009605-1,PR2025-3
SO009606-1,PR2025-3
SO009607-1,PR2025-3
SO009608-1,PR2025-3
SO009610-2,PR2025-3
SO009611-3,PR2025-3
SO009612-1,PR2025-3
SO009613-1,PR2025-3
SO009614-2,PR2025-3
SO009614-4,PR2025-3
SO009615-1,PR2025-3
SO009615-4,PR2025-3
SO009616-1,PR2025-3
SO009617-1,PR2025-3
SO009618-1,PR2025-3
SO009618-3,PR2025-3
SO009619-1,PR2025-3
SO009619-2,PR2025-3
SO009620-1,PR2025-3
SO009620-3,PR2025-3
SO009620-5,PR2025-3
SO009622-1,PR2025-3
SO009623-2,PR2025-3
SO009623-3,PR2025-3
SO009624-3,PR2025-3
SO009625-1,PR2025-3
SO009626-2,PR2025-3
SO009627-1,PR2025-3
SO009628-1,PR2025-3
SO009628-3,PR2025-3
SO009631-1,PR2025-3
SO009635-1,PR2025-3
SO009635-2,PR2025-3
SO009636-1,PR2025-3
SO009637-3,PR2025-3
SO009637-4,PR2025-3
SO009638-2,PR2025-3
SO009639-1,PR2025-3
SO009639-2,PR2025-3
SO009639-3,PR2025-3
SO009640-1,PR2025-3
SO009642-1,PR2025-3
SO009643-1,PR2025-3
SO009644-3,PR2025-3
SO009644-4,PR2025-3
SO009644-5,PR2025-3
SO009646-1,PR2025-3
SO009646-3,PR2025-3
SO009650-1,PR2025-3
SO009650-2,PR2025-3
SO009651-1,PR2025-3
SO009653-2,PR2025-3
SO009653-3,PR2025-3
SO009653-4,PR2025-3
SO009654-1,PR2025-3
SO009656-1,PR2025-3
SO009657-2,PR2025-3
SO009658-1,PR2025-3
SO009659-2,PR2025-3
SO009659-3,PR2025-3
SO009660-2,PR2025-3
SO009664-2,PR2025-3
SO009666-2,PR2025-3
SO009667-3,PR2025-3
SO009670-2,PR2025-3
SO009671-1,PR2025-3
SO009671-2,PR2025-3
SO009672-2,PR2025-3
SO009672-3,PR2025-3
SO009673-4,PR2025-3
SO009675-1,PR2025-3
SO009676-1,PR2025-3
SO009676-3,PR2025-3
SO009678-1,PR2025-3
SO009678-2,PR2025-3
SO009678-3,PR2025-3
SO009681-2,PR2025-3
SO009682-1,PR2025-3
SO009687-1,PR2025-3
SO009687-3,PR2025-3
SO009687-4,PR2025-3
SO009689-1,PR2025-3
SO009691-1,PR2025-3
SO009694-1,PR2025-3
SO009696-1,PR2025-3
SO009697-1,PR2025-3
SO009700-1,PR2025-3
SO009704-2,PR2025-3
SO009704-3,PR2025-3
SO009705-2,PR2025-3
SO009705-3,PR2025-3
SO009706-1,PR2025-3
SO009706-3,PR2025-3
SO009706-4,PR2025-3
SO009707-1,PR2025-3
SO009708-1,PR2025-3
SO009709-1,PR2025-3
SO009709-2,PR2025-3
SO009709-3,PR2025-3
SO009710-1,PR2025-3
SO009710-3,PR2025-3
SO009710-4,PR2025-3
SO009711-1,PR2025-3
SO009711-2,PR2025-3
SO009712-1,PR2025-3
SO009712-2,PR2025-3
SO009712-4,PR2025-3
SO009713-1,PR2025-3
SO009713-4,PR2025-3
SO009714-1,PR2025-3
SO009716-1,PR2025-3
SO009717-1,PR2025-3
SO009717-2,PR2025-3
SO009717-3,PR2025-3
SO009718-2,PR2025-3
SO009719-1,PR2025-3
SO009720-1,PR2025-3
SO009721-1,PR2025-3
SO009722-1,PR2025-3
SO009722-3,PR2025-3
SO009722-4,PR2025-3
SO009723-2,PR2025-3
SO009726-1,PR2025-3
SO009728-2,PR2025-3
SO009730-1,PR2025-3
SO009731-1,PR2025-3
SO009732-1,PR2025-3
SO009733-1,PR2025-3
SO009733-3,PR2025-3
SO009735-1,PR2025-3
SO009737-1,PR2025-3
SO009738-1,PR2025-3
SO009741-1,PR2025-3
SO009743-3,PR2025-3
SO009744-2,PR2025-3
SO009745-2,PR2025-3
SO009747-2,PR2025-3
SO009748-1,PR2025-3
SO009748-2,PR2025-3
SO009749-2,PR2025-3
SO009750-2,PR2025-3
SO009752-1,PR2025-3
SO009752-3,PR2025-3
SO009753-1,PR2025-3
SO009754-1,PR2025-3
SO009756-1,PR2025-3
SO009757-1,PR2025-3
SO009757-2,PR2025-3
SO009760-1,PR2025-3
SO009761-1,PR2025-3
SO009761-2,PR2025-3
SO009761-3,PR2025-3
SO009762-1,PR2025-3
SO009763-1,PR2025-3
SO009764-2,PR2025-3
SO009766-2,PR2025-3
SO009767-1,PR2025-3
SO009767-2,PR2025-3
SO009767-3,PR2025-3
SO009769-1,PR2025-3
SO009769-2,PR2025-3
SO009770-1,PR2025-3
SO009771-3,PR2025-3
SO009772-2,PR2025-3
SO009773-1,PR2025-3
SO009774-1,PR2025-3
SO009774-2,PR2025-3
SO009775-1,PR2025-3
SO009776-1,PR2025-3
SO009778-3,PR2025-3
SO009780-1,PR2025-3
SO009780-2,PR2025-3
SO009780-4,PR2025-3
SO009780-5,PR2025-3
SO009781-1,PR2025-3
SO009782-1,PR2025-3
SO009782-3,PR2025-3
SO009783-1,PR2025-3
SO009785-1,PR2025-3
SO009786-1,PR2025-3
SO009787-1,PR2025-3
SO009788-2,PR2025-3
SO009789-2,PR2025-3
SO009790-1,PR2025-3
SO009791-1,PR2025-3
SO009793-2,PR2025-3
SO009794-1,PR2025-3
SO009796-3,PR2025-3
SO009800-3,PR2025-3
SO009801-1,PR2025-3
SO009803-1,PR2025-3
SO009804-1,PR2025-3
SO009805-2,PR2025-3
SO009806-2,PR2025-3
SO009807-1,PR2025-3
SO009808-1,PR2025-3
SO009808-3,PR2025-3
SO009809-1,PR2025-3
SO009815-1,PR2025-3
SO009815-2,PR2025-3
SO009817-1,PR2025-3
SO009819-1,PR2025-3
SO009819-2,PR2025-3
SO009820-1,PR2025-3
SO009824-1,PR2025-3
SO009824-2,PR2025-3
SO009825-1,PR2025-3
SO009825-2,PR2025-3
SO009826-2,PR2025-3
SO009827-2,PR2025-3
SO009827-3,PR2025-3
SO009827-4,PR2025-3
SO009828-2,PR2025-3
SO009828-3,PR2025-3
SO009832-1,PR2025-3
SO009833-1,PR2025-3
SO009834-1,PR2025-3
SO009835-2,PR2025-3
SO009836-2,PR2025-3
SO009837-2,PR2025-3
SO009842-1,PR2025-3
SO009842-3,PR2025-3
SO009843-1,PR2025-3
SO009843-2,PR2025-3
SO009844-1,PR2025-3
SO009844-4,PR2025-3
SO009846-1,PR2025-3
SO009846-2,PR2025-3
SO009846-3,PR2025-3
SO009847-1,PR2025-3
SO009847-2,PR2025-3
SO009850-1,PR2025-3
SO009851-1,PR2025-3
SO009853-2,PR2025-3
SO009854-1,PR2025-3
SO009855-1,PR2025-3
SO009856-1,PR2025-3
SO009857-2,PR2025-3
SO009858-1,PR2025-3
SO009858-2,PR2025-3
SO009858-3,PR2025-3
SO009860-1,PR2025-3
SO009861-1,PR2025-3
SO009863-1,PR2025-3
SO009868-1,PR2025-3
SO009869-1,PR2025-3
SO009870-1,PR2025-3
SO009870-2,PR2025-3
SO009871-1,PR2025-3
SO009871-3,PR2025-3
SO009873-1,PR2025-3
SO009874-1,PR2025-3
SO009875-2,PR2025-3
SO009875-3,PR2025-3
SO009875-4,PR2025-3
SO009876-1,PR2025-3
SO009876-2,PR2025-3
SO009877-1,PR2025-3
SO009877-2,PR2025-3
SO009878-2,PR2025-3
SO009879-2,PR2025-3
SO009879-3,PR2025-3
SO009879-4,PR2025-3
SO009881-1,PR2025-3
SO009882-1,PR2025-3
SO009883-1,PR2025-3
SO009883-2,PR2025-3
SO009883-3,PR2025-3
SO009883-5,PR2025-3
SO009884-1,PR2025-3
SO009886-1,PR2025-3
SO009887-1,PR2025-3
SO009889-1,PR2025-3
SO009889-2,PR2025-3
SO009891-1,PR2025-3
SO009895-1,PR2025-3
SO009895-2,PR2025-3
SO009895-5,PR2025-3
SO009896-1,PR2025-3
SO009898-1,PR2025-3
SO009901-1,PR2025-3
SO009902-1,PR2025-3
SO009903-1,PR2025-3
SO009904-1,PR2025-3
SO009907-1,PR2025-3
SO009908-1,PR2025-3
SO009911-1,PR2025-3
SO009911-3,PR2025-3
SO009913-1,PR2025-3
SO009913-2,PR2025-3
SO009915-1,PR2025-3
SO009917-2,PR2025-3
SO009918-1,PR2025-3
SO009918-2,PR2025-3
SO009919-1,PR2025-3
SO009920-1,PR2025-3
SO009921-1,PR2025-3
SO009922-2,PR2025-3
SO009923-1,PR2025-3
SO009923-3,PR2025-3
SO009927-2,PR2025-3
SO009927-3,PR2025-3
SO009928-1,PR2025-3
SO009928-2,PR2025-3
SO009929-1,PR2025-3
SO009930-1,PR2025-3
SO009932-1,PR2025-3
SO009932-2,PR2025-3
SO009932-4,PR2025-3
SO009934-1,PR2025-3
SO009934-2,PR2025-3
SO009934-3,PR2025-3
SO009936-2,PR2025-3
SO009936-5,PR2025-3
SO009937-1,PR2025-3
SO009937-3,PR2025-3
SO009939-1,PR2025-3
SO009939-2,PR2025-3
SO009939-3,PR2025-3
SO009941-2,PR2025-3
SO009941-4,PR2025-3
SO009943-1,PR2025-3
SO009943-3,PR2025-3
SO009943-5,PR2025-3
SO009944-3,PR2025-3
SO009945-1,PR2025-3
SO009948-2,PR2025-3
SO009948-3,PR2025-3
SO009948-4,PR2025-3
SO009948-5,PR2025-3
SO009951-2,PR2025-3
SO009952-1,PR2025-3
SO009953-2,PR2025-3
SO009955-1,PR2025-3
SO009955-3,PR2025-3
SO009956-1,PR2025-3
SO009957-1,PR2025-3
SO009959-2,PR2025-3
SO009960-1,PR2025-3
SO009960-3,PR2025-3
SO009961-1,PR2025-3
SO009962-1,PR2025-3
SO009962-2,PR2025-3
SO009963-1,PR2025-3
SO009966-1,PR2025-3
SO009967-1,PR2025-3
SO009967-2,PR2025-3
SO009967-3,PR2025-3
SO009967-4,PR2025-3
SO009968-1,PR2025-3
SO009970-1,PR2025-3
SO009970-2,PR2025-3
SO009970-3,PR2025-3
SO009971-1,PR2025-3
SO009973-1,PR2025-3
SO009973-3,PR2025-3
SO009974-1,PR2025-3
SO009974-2,PR2025-3
SO009974-4,PR2025-3
SO009975-1,PR2025-3
SO009975-2,PR2025-3
SO009975-3,PR2025-3
SO009975-4,PR2025-3
SO009976-1,PR2025-3
SO009976-4,PR2025-3
SO009978-1,PR2025-3
SO009978-2,PR2025-3
SO009979-1,PR2025-3
SO009980-1,PR2025-3
SO009980-3,PR2025-3
SO009981-1,PR2025-3
SO009982-1,PR2025-3
SO009982-2,PR2025-3
SO009982-3,PR2025-3
SO009983-1,PR2025-3
SO009984-1,PR2025-3
SO009985-1,PR2025-3
SO009987-1,PR2025-3
SO009988-2,PR2025-3
SO009988-4,PR2025-3
SO009989-1,PR2025-3
SO009991-1,PR2025-3
SO009991-3,PR2025-3
SO009992-1,PR2025-3
SO009993-1,PR2025-3
SO009994-3,PR2025-3
SO009998-2,PR2025-3
SO009999-1,PR2025-3
SO009999-2,PR2025-3
SO010000-1,PR2025-3
SO010000-2,PR2025-3
SO010000-3,PR2025-3
SO010001-1,PR2025-3
SO010001-2,PR2025-3
SO010001-3,PR2025-3
SO010002-1,PR2025-3
SO010003-1,PR2025-3
SO010004-1,PR2025-3
SO010004-3,PR2025-3
SO010005-2,PR2025-3
SO010006-2,PR2025-3
SO010007-1,PR2025-3
SO010007-2,PR2025-3
SO010008-1,PR2025-3
SO010008-2,PR2025-3
SO010009-1,PR2025-3
SO010010-2,PR2025-3
SO010010-3,PR2025-3
SO010011-1,PR2025-3
SO010012-1,PR2025-3
SO010013-4,PR2025-3
SO010013-5,PR2025-3
SO010014-2,PR2025-3
SO010014-5,PR2025-3
SO010016-1,PR2025-3
SO010017-1,PR2025-3
SO010020-2,PR2025-3
SO010022-1,PR2025-3
SO010023-1,PR2025-3
SO010023-3,PR2025-3
SO010028-3,PR2025-3
SO010029-1,PR2025-3
SO010029-3,PR2025-3
SO010030-2,PR2025-3
SO010032-1,PR2025-3
SO010032-2,PR2025-3
SO010032-3,PR2025-3
SO010034-1,PR2025-3
SO010036-1,PR2025-3
SO010037-1,PR2025-3
SO010037-2,PR2025-3
SO010038-1,PR2025-3
SO010039-1,PR2025-3
SO010039-2,PR2025-3
SO010040-1,PR2025-3
SO010041-1,PR2025-3
SO010041-3,PR2025-3
SO010041-4,PR2025-3
SO010042-2,PR2025-3
SO010043-1,PR2025-3
SO010045-1,PR2025-3
SO010045-2,PR2025-3
SO010046-1,PR2025-3
SO010047-1,PR2025-3
SO010047-3,PR2025-3
SO010047-5,PR2025-3
SO010048-2,PR2025-3
SO010050-1,PR2025-3
SO010054-2,PR2025-3
SO010058-1,PR2025-3
SO010059-1,PR2025-3
SO010060-1,PR2025-3
SO010060-2,PR2025-3
SO010060-4,PR2025-3
SO010061-1,PR2025-3
SO010061-4,PR2025-3
SO010062-1,PR2025-3
SO010062-4,PR2025-3
SO010064-2,PR2025-3
SO010064-3,PR2025-3
SO010065-1,PR2025-3
SO010065-2,PR2025-3
SO010066-2,PR2025-3
SO010067-1,PR2025-3
SO010067-2,PR2025-3
SO010068-1,PR2025-3
SO010070-2,PR2025-3
SO010071-2,PR2025-3
SO010072-3,PR2025-3
SO010074-1,PR2025-3
SO010074-2,PR2025-3
SO010075-1,PR2025-3
SO010075-2,PR2025-3
SO010075-3,PR2025-3
SO010076-1,PR2025-3
SO010076-2,PR2025-3
SO010076-3,PR2025-3
SO010078-1,PR2025-3
SO010079-1,PR2025-3
SO010079-2,PR2025-3
SO010080-2,PR2025-3
SO010085-1,PR2025-3
SO010086-3,PR2025-3
SO010089-1,PR2025-3
SO010091-2,PR2025-3
SO010092-2,PR2025-3
SO010093-1,PR2025-3
SO010095-1,PR2025-3
SO010095-2,PR2025-3
SO010096-1,PR2025-3
SO010097-2,PR2025-3
SO010103-2,PR2025-3
SO010104-2,PR2025-3
SO010104-3,PR2025-3
SO010107-1,PR2025-3
SO010107-2,PR2025-3
SO010107-4,PR2025-3
SO010108-1,PR2025-3
SO010109-2,PR2025-3
SO010111-2,PR2025-3
SO010112-1,PR2025-3
SO010113-1,PR2025-3
SO010113-2,PR2025-3
SO010114-1,PR2025-3
SO010114-3,PR2025-3
SO010115-1,PR2025-3
SO010116-1,PR2025-3
SO010117-1,PR2025-3
SO010117-2,PR2025-3
SO010118-1,PR2025-3
SO010119-2,PR2025-3
SO010119-3,PR2025-3
SO010120-1,PR2025-3
SO010122-2,PR2025-3
SO010123-3,PR2025-3
SO010126-1,PR2025-3
SO010126-2,PR2025-3
SO010127-3,PR2025-3
SO010129-1,PR2025-3
SO010131-1,PR2025-3
SO010131-2,PR2025-3
SO010132-1,PR2025-3
SO010132-2,PR2025-3
SO010133-1,PR2025-3
SO010133-3,PR2025-3
SO010137-1,PR2025-3
SO010138-1,PR2025-3
SO010139-2,PR2025-3
SO010139-3,PR2025-3
SO010139-5,PR2025-3
SO010140-1,PR2025-3
SO010141-1,PR2025-3
SO010142-2,PR2025-3
SO010142-3,PR2025-3
SO010143-2,PR2025-3
SO010144-1,PR2025-3
SO010145-3,PR2025-3
SO010145-4,PR2025-3
SO010147-1,PR2025-3
SO010149-1,PR2025-3
SO010150-1,PR2025-3
SO010152-1,PR2025-3
SO010153-1,PR2025-3
SO010154-1,PR2025-3
SO010154-2,PR2025-3
SO010156-1,PR2025-3
SO010158-2,PR2025-3
SO010158-3,PR2025-3
SO010159-2,PR2025-3
SO010159-4,PR2025-3
SO010160-2,PR2025-3
SO010161-1,PR2025-3
SO010161-2,PR2025-3
SO010161-3,PR2025-3
SO010162-1,PR2025-3
SO010162-2,PR2025-3
SO010163-1,PR2025-3
SO010164-4,PR2025-3
SO010165-2,PR2025-3
SO010166-1,PR2025-3
SO010167-1,PR2025-3
SO010167-3,PR2025-3
SO010168-2,PR2025-3
SO010169-1,PR2025-3
SO010169-3,PR2025-3
SO010169-4,PR2025-3
SO010169-5,PR2025-3
SO010172-1,PR2025-3
SO010173-1,PR2025-3
SO010174-1,PR2025-3
SO010176-1,PR2025-3
SO010177-1,PR2025-3
SO010179-1,PR2025-3
SO010179-2,PR2025-3
SO010180-1,PR2025-3
SO010181-1,PR2025-3
SO010182-1,PR2025-3
SO010183-1,PR2025-3
SO010183-2,PR2025-3
SO010183-3,PR2025-3
SO010185-1,PR2025-3
SO010187-1,PR2025-3
SO010187-2,PR2025-3
SO010188-1,PR2025-3
SO010189-1,PR2025-3
SO010189-3,PR2025-3
SO010191-1,PR2025-3
SO010191-4,PR2025-3
SO010192-1,PR2025-3
SO010192-2,PR2025-3
SO010194-1,PR2025-3
SO010195-1,PR2025-3
SO010197-3,PR2025-3
SO010197-5,PR2025-3
SO010198-1,PR2025-3
SO010199-1,PR2025-3
SO010202-1,PR2025-3
SO010203-1,PR2025-3
SO010204-1,PR2025-3
SO010204-3,PR2025-3
SO010205-1,PR2025-3
SO010208-1,PR2025-3
SO010209-4,PR2025-3
SO010209-5,PR2025-3
SO010211-1,PR2025-3
SO010212-1,PR2025-3
SO010214-1,PR2025-3
SO010214-2,PR2025-3
SO010214-3,PR2025-3
SO010215-2,PR2025-3
SO010218-2,PR2025-3
SO010219-1,PR2025-3
SO010219-2,PR2025-3
SO010221-1,PR2025-3
SO010223-1,PR2025-3
SO010224-1,PR2025-3
SO010224-2,PR2025-3
SO010224-3,PR2025-3
SO010225-1,PR2025-3
SO010226-1,PR2025-3
SO010227-2,PR2025-3
SO010229-1,PR2025-3
SO010229-2,PR2025-3
SO010231-2,PR2025-3
SO010231-4,PR2025-3
SO010234-2,PR2025-3
SO010237-1,PR2025-3
SO010239-1,PR2025-3
SO010239-2,PR2025-3
SO010239-3,PR2025-3
SO010240-1,PR2025-3
SO010241-1,PR2025-3
SO010241-2,PR2025-3
SO010243-2,PR2025-3
SO010243-3,PR2025-3
SO010244-5,PR2025-3
SO010245-1,PR2025-3
SO010245-2,PR2025-3
SO010247-1,PR2025-3
SO010248-1,PR2025-3
SO010249-1,PR2025-3
SO010250-1,PR2025-3
SO010251-1,PR2025-3
SO010254-1,PR2025-3
SO010255-1,PR2025-3
SO010255-3,PR2025-3
SO010255-5,PR2025-3
SO010258-1,PR2025-3
SO010258-3,PR2025-3
SO010258-4,PR2025-3
SO010258-5,PR2025-3
SO010263-1,PR2025-3
SO010265-1,PR2025-3
SO010267-2,PR2025-3
SO010268-1,PR2025-3
SO010269-1,PR2025-3
SO010271-1,PR2025-3
SO010271-2,PR2025-3
SO010273-3,PR2025-3
SO010274-1,PR2025-3
SO010274-2,PR2025-3
SO010275-1,PR2025-3
SO010277-2,PR2025-3
SO010279-1,PR2025-3
SO010280-1,PR2025-3
SO010281-1,PR2025-3
SO010284-1,PR2025-3
SO010284-2,PR2025-3
SO010285-3,PR2025-3
SO010285-4,PR2025-3
SO010286-1,PR2025-3
SO010287-1,PR2025-3
SO010288-1,PR2025-3
SO010290-1,PR2025-3
SO010294-3,PR2025-3
SO010295-3,PR2025-3
SO010296-1,PR2025-3
SO010298-1,PR2025-3
SO010299-1,PR2025-3
SO010301-1,PR2025-3
SO010302-1,PR2025-3
SO010304-2,PR2025-3
SO010305-2,PR2025-3
SO010306-1,PR2025-3
SO010307-1,PR2025-3
SO010308-1,PR2025-3
SO010309-1,PR2025-3
SO010310-3,PR2025-3
SO010311-2,PR2025-3
SO010313-1,PR2025-3
SO010314-2,PR2025-3
SO010316-1,PR2025-3
SO010316-3,PR2025-3
SO010317-1,PR2025-3
SO010319-1,PR2025-3
SO010321-2,PR2025-3
SO010322-2,PR2025-3
SO010324-1,PR2025-3
SO010324-2,PR2025-3
SO010324-3,PR2025-3
SO010324-4,PR2025-3
SO010327-1,PR2025-3
SO010328-1,PR2025-3
SO010331-1,PR2025-3
SO010332-1,PR2025-3
SO010336-1,PR2025-3
SO010336-3,PR2025-3
SO010337-1,PR2025-3
SO010338-2,PR2025-3
SO010339-1,PR2025-3
SO010339-2,PR2025-3
SO010340-2,PR2025-3
SO010342-1,PR2025-3
SO010343-2,PR2025-3
SO010345-1,PR2025-3
SO010346-1,PR2025-3
SO010348-1,PR2025-3
SO010348-3,PR2025-3
SO010348-4,PR2025-3
SO010350-2,PR2025-3
SO010350-3,PR2025-3
SO010351-1,PR2025-3
SO010352-1,PR2025-3
SO010352-2,PR2025-3
SO010353-1,PR2025-3
SO010353-2,PR2025-3
SO010355-2,PR2025-3
SO010356-1,PR2025-3
SO010356-2,PR2025-3
SO010358-1,PR2025-3
SO010360-1,PR2025-3
SO010361-3,PR2025-3
SO010364-2,PR2025-3
SO010365-1,PR2025-3
SO010365-2,PR2025-3
SO010366-1,PR2025-3
SO010366-2,PR2025-3
SO010367-2,PR2025-3
SO010368-1,PR2025-3
SO010368-3,PR2025-3
SO010368-4,PR2025-3
SO010370-1,PR2025-3
SO010371-2,PR2025-3
SO010374-1,PR2025-3
SO010376-3,PR2025-3
SO010376-4,PR2025-3
SO010377-2,PR2025-3
SO010378-1,PR2025-3
SO010378-3,PR2025-3
SO010378-5,PR2025-3
SO010379-2,PR2025-3
SO010380-2,PR2025-3
SO010384-1,PR2025-3
SO010386-1,PR2025-3
SO010386-2,PR2025-3
SO010387-1,PR2025-3
SO010389-1,PR2025-3
SO010391-1,PR2025-3
SO010393-3,PR2025-3
SO010395-1,PR2025-3
SO010396-2,PR2025-3
SO010397-1,PR2025-3
SO010400-3,PR2025-3
SO010400-4,PR2025-3
SO010402-1,PR2025-3
SO010402-2,PR2025-3
SO010402-3,PR2025-3
SO010403-1,PR2025-3
SO010403-4,PR2025-3
SO010404-1,PR2025-3
SO010405-2,PR2025-3
SO010405-3,PR2025-3
SO010405-4,PR2025-3
SO010406-1,PR2025-3
SO010407-2,PR2025-3
SO010407-3,PR2025-3
SO010408-1,PR2025-3
SO010410-1,PR2025-3
SO010411-1,PR2025-3
SO010412-1,PR2025-3
SO010413-2,PR2025-3
SO010415-1,PR2025-3
SO010416-1,PR2025-3
SO010416-2,PR2025-3
SO010417-1,PR2025-3
SO010417-3,PR2025-3
SO010418-1,PR2025-3
SO010421-1,PR2025-3
SO010423-2,PR2025-3
SO010424-1,PR2025-3
SO010424-2,PR2025-3
SO010427-1,PR2025-3
SO010429-1,PR2025-3
SO010430-3,PR2025-3
SO010431-1,PR2025-3
SO010431-3,PR2025-3
SO010434-1,PR2025-3
SO010434-2,PR2025-3
SO010434-3,PR2025-3
SO010438-1,PR2025-3
SO010439-1,PR2025-3
SO010439-4,PR2025-3
SO010439-5,PR2025-3
SO010440-1,PR2025-3
SO010441-2,PR2025-3
SO010443-1,PR2025-3
SO010444-1,PR2025-3
SO010445-1,PR2025-3
SO010445-2,PR2025-3
SO010445-3,PR2025-3
SO010446-1,PR2025-3
SO010447-1,PR2025-3
SO010447-2,PR2025-3
SO010448-2,PR2025-3
SO010449-1,PR2025-3
SO010450-2,PR2025-3
SO010454-2,PR2025-3
SO010456-3,PR2025-3
SO010457-1,PR2025-3
SO010457-3,PR2025-3
SO010460-4,PR2025-3
SO010460-5,PR2025-3
SO010461-2,PR2025-3
SO010462-1,PR2025-3
SO010462-2,PR2025-3
SO010463-2,PR2025-3
SO010467-2,PR2025-3
SO010469-2,PR2025-3
SO010470-3,PR2025-3
SO010470-4,PR2025-3
SO010471-1,PR2025-3
SO010475-1,PR2025-3
SO010475-2,PR2025-3
SO010475-3,PR2025-3
SO010475-4,PR2025-3
SO010476-2,PR2025-3
SO010476-3,PR2025-3
SO010477-1,PR2025-3
SO010478-2,PR2025-3
SO010482-3,PR2025-3
SO010484-1,PR2025-3
SO010484-3,PR2025-3
SO010485-1,PR2025-3
SO010485-2,PR2025-3
SO010486-1,PR2025-3
SO010487-1,PR2025-3
SO010487-2,PR2025-3
SO010487-3,PR2025-3
SO010487-4,PR2025-3
SO010488-1,PR2025-3
SO010489-1,PR2025-3
SO010489-2,PR2025-3
SO010491-2,PR2025-3
SO010493-1,PR2025-3
SO010495-1,PR2025-3
SO010496-1,PR2025-3
SO010497-1,PR2025-3
SO010498-1,PR2025-3
SO010499-1,PR2025-3
SO010499-4,PR2025-3
SO010500-2,PR2025-3
SO010501-1,PR2025-3
SO010501-2,PR2025-3
SO010503-1,PR2025-3
SO010504-1,PR2025-3
SO010505-2,PR2025-3
SO010506-3,PR2025-3
SO010507-1,PR2025-3
SO010508-2,PR2025-3
SO010511-1,PR2025-3
SO010511-2,PR2025-3
SO010512-1,PR2025-3
SO010512-4,PR2025-3
SO010516-2,PR2025-3
SO010517-1,PR2025-3
SO010518-3,PR2025-3
SO010519-2,PR2025-3
SO010520-1,PR2025-3
SO010522-3,PR2025-3
SO010523-2,PR2025-3
SO010524-1,PR2025-3
SO010525-1,PR2025-3
SO010526-2,PR2025-3
SO010526-4,PR2025-3
SO010527-1,PR2025-3
SO010528-1,PR2025-3
SO010529-2,PR2025-3
SO010529-3,PR2025-3
SO010530-1,PR2025-3
SO010531-3,PR2025-3
SO010534-1,PR2025-3
SO010534-2,PR2025-3
SO010538-1,PR2025-3
SO010540-2,PR2025-3
SO010541-1,PR2025-3
SO010541-2,PR2025-3
SO010542-1,PR2025-3
SO010545-4,PR2025-3
SO010546-1,PR2025-3
SO010549-1,PR2025-3
SO010549-2,PR2025-3
SO010549-3,PR2025-3
SO010550-1,PR2025-3
SO010553-1,PR2025-3
SO010554-1,PR2025-3
SO010557-1,PR2025-3
SO010557-2,PR2025-3
SO010560-2,PR2025-3
SO010561-2,PR2025-3
SO010561-3,PR2025-3
SO010562-1,PR2025-3
SO010563-1,PR2025-3
SO010563-2,PR2025-3
SO010564-1,PR2025-3
SO010565-1,PR2025-3
SO010566-1,PR2025-3
SO010567-2,PR2025-3
SO010568-1,PR2025-3
SO010569-1,PR2025-3
SO010570-1,PR2025-3
SO010572-1,PR2025-3
SO010572-2,PR2025-3
SO010573-1,PR2025-3
SO010573-2,PR2025-3
SO010573-3,PR2025-3
SO010574-4,PR2025-3
SO010575-1,PR2025-3
SO010575-3,PR2025-3
SO010579-1,PR2025-3
SO010580-2,PR2025-3
SO010580-3,PR2025-3
SO010581-2,PR2025-3
SO010582-1,PR2025-3
SO010583-1,PR2025-3
SO010583-2,PR2025-3
SO010584-2,PR2025-3
SO010585-1,PR2025-3
SO010586-1,PR2025-3
SO010587-2,PR2025-3
SO010587-3,PR2025-3
SO010588-1,PR2025-3
SO010589-1,PR2025-3
SO010590-1,PR2025-3
SO010590-2,PR2025-3
SO010590-3,PR2025-3
SO010593-1,PR2025-3
SO010595-1,PR2025-3
SO010595-3,PR2025-3
SO010596-1,PR2025-3
SO010596-2,PR2025-3
SO010598-1,PR2025-3
SO010600-1,PR2025-3
SO010600-2,PR2025-3
SO010601-1,PR2025-3
SO010602-1,PR2025-3
SO010602-2,PR2025-3
SO010605-2,PR2025-3
SO010606-1,PR2025-3
SO010607-1,PR2025-3
SO010609-1,PR2025-3
SO010609-2,PR2025-3
SO010611-2,PR2025-3
SO010613-1,PR2025-3
SO010613-2,PR2025-3
SO010615-2,PR2025-3
SO010617-2,PR2025-3
SO010618-1,PR2025-3
SO010619-1,PR2025-3
SO010619-3,PR2025-3
SO010619-4,PR2025-3
SO010621-2,PR2025-3
SO010621-3,PR2025-3
SO010621-4,PR2025-3
SO010623-1,PR2025-3
SO010625-1,PR2025-3
SO010627-2,PR2025-3
SO010627-4,PR2025-3
SO010629-2,PR2025-3
SO010629-3,PR2025-3
SO010632-2,PR2025-3
SO010634-2,PR2025-3
SO010635-1,PR2025-3
SO010638-2,PR2025-3
SO010638-3,PR2025-3
SO010638-4,PR2025-3
SO010640-3,PR2025-3
SO010640-4,PR2025-3
SO010642-1,PR2025-3
SO010642-3,PR2025-3
SO010643-2,PR2025-3
SO010645-1,PR2025-3
SO010646-1,PR2025-3
SO010651-1,PR2025-3
SO010651-2,PR2025-3
SO010651-3,PR2025-3
SO010652-1,PR2025-3
SO010653-1,PR2025-3
SO010654-2,PR2025-3
SO010655-1,PR2025-3
SO010656-2,PR2025-3
SO010656-3,PR2025-3
SO010657-1,PR2025-3
SO010659-1,PR2025-3
SO010660-1,PR2025-3
SO010660-2,PR2025-3
SO010660-3,PR2025-3
SO010660-5,PR2025-3
SO010661-1,PR2025-3
SO010663-1,PR2025-3
SO010663-2,PR2025-3
SO010663-4,PR2025-3
SO010663-5,PR2025-3
SO010664-1,PR2025-3
SO010664-2,PR2025-3
SO010664-3,PR2025-3
SO010666-1,PR2025-3
SO010667-1,PR2025-3
SO010667-2,PR2025-3
SO010667-4,PR2025-3
SO010670-1,PR2025-3
SO010673-1,PR2025-3
SO010674-1,PR2025-3
SO010675-1,PR2025-3
SO010676-1,PR2025-3
SO010678-1,PR2025-3
SO010678-3,PR2025-3
SO010679-2,PR2025-3
SO010679-3,PR2025-3
SO010679-4,PR2025-3
SO010680-1,PR2025-3
SO010681-1,PR2025-3
SO010686-1,PR2025-3
SO010687-3,PR2025-3
SO010689-1,PR2025-3
SO010692-1,PR2025-3
SO010696-1,PR2025-3
SO010697-1,PR2025-3
SO010698-1,PR2025-3
SO010699-1,PR2025-3
SO010704-1,PR2025-3
SO010705-2,PR2025-3
SO010705-3,PR2025-3
SO010706-1,PR2025-3
SO010707-1,PR2025-3
SO010707-3,PR2025-3
SO010708-2,PR2025-3
SO010708-3,PR2025-3
SO010710-1,PR2025-3
SO010711-1,PR2025-3
SO010715-1,PR2025-3
SO010715-2,PR2025-3
SO010716-1,PR2025-3
SO010716-2,PR2025-3
SO010716-3,PR2025-3
SO010717-1,PR2025-3
SO010720-2,PR2025-3
SO010721-1,PR2025-3
SO010722-2,PR2025-3
SO010722-3,PR2025-3
SO010723-3,PR2025-3
SO010724-1,PR2025-3
SO010724-2,PR2025-3
SO010724-3,PR2025-3
SO010725-1,PR2025-3
SO010726-1,PR2025-3
SO010727-1,PR2025-3
SO010727-3,PR2025-3
SO010729-1,PR2025-3
SO010731-1,PR2025-3
SO010731-3,PR2025-3
SO010731-4,PR2025-3
SO010731-5,PR2025-3
SO010732-1,PR2025-3
SO010733-1,PR2025-3
SO010735-2,PR2025-3
SO010735-3,PR2025-3
SO010736-1,PR2025-3
SO010737-1,PR2025-3
SO010739-2,PR2025-3
SO010741-1,PR2025-3
SO010744-1,PR2025-3
SO010745-1,PR2025-3
SO010747-1,PR2025-3
SO010748-1,PR2025-3
SO010749-1,PR2025-3
SO010750-1,PR2025-3
SO010750-3,PR2025-3
SO010751-1,PR2025-3
SO010752-1,PR2025-3
SO010752-2,PR2025-3
SO010754-2,PR2025-3
SO010755-2,PR2025-3
SO010755-3,PR2025-3
SO010757-1,PR2025-3
SO010759-2,PR2025-3
SO010761-1,PR2025-3
SO010761-2,PR2025-3
SO010762-1,PR2025-3
SO010762-2,PR2025-3
SO010765-1,PR2025-3
SO010765-2,PR2025-3
SO010767-1,PR2025-3
SO010769-1,PR2025-3
SO010769-2,PR2025-3
SO010770-1,PR2025-3
SO010770-2,PR2025-3
SO010770-3,PR2025-3
SO010770-4,PR2025-3
SO010770-5,PR2025-3
SO010771-1,PR2025-3
SO010772-1,PR2025-3
SO010772-3,PR2025-3
SO010773-3,PR2025-3
SO010773-4,PR2025-3
SO010773-5,PR2025-3
SO010774-1,PR2025-3
SO010775-1,PR2025-3
SO010776-1,PR2025-3
SO010777-1,PR2025-3
SO010779-1,PR2025-3
SO010779-2,PR2025-3
SO010780-1,PR2025-3
SO010782-1,PR2025-3
SO010783-2,PR2025-3
SO010783-3,PR2025-3
SO010784-1,PR2025-3
SO010785-1,PR2025-3
SO010786-2,PR2025-3
SO010786-3,PR2025-3
SO010787-1,PR2025-3
SO010787-2,PR2025-3
SO010789-1,PR2025-3
SO010791-1,PR2025-3
SO010792-1,PR2025-3
SO010792-2,PR2025-3
SO010793-1,PR2025-3
SO010794-1,PR2025-3
SO010795-2,PR2025-3
SO010795-3,PR2025-3
SO010795-4,PR2025-3
SO010796-1,PR2025-3
SO010798-1,PR2025-3
SO010801-2,PR2025-3
SO010802-2,PR2025-3
SO010803-1,PR2025-3
SO010804-1,PR2025-3
SO010804-4,PR2025-3
SO010804-5,PR2025-3
SO010805-3,PR2025-3
SO010806-1,PR2025-3
SO010808-1,PR2025-3
SO010808-4,PR2025-3
SO010808-5,PR2025-3
SO010809-1,PR2025-3
SO010809-2,PR2025-3
SO010809-3,PR2025-3
SO010811-3,PR2025-3
SO010815-1,PR2025-3
SO010816-1,PR2025-3
SO010817-1,PR2025-3
SO010819-1,PR2025-3
SO010819-2,PR2025-3
SO010819-3,PR2025-3
SO010820-1,PR2025-3
SO010821-3,PR2025-3
SO010822-1,PR2025-3
SO010822-2,PR2025-3
SO010822-3,PR2025-3
SO010823-1,PR2025-3
SO010823-2,PR2025-3
SO010824-2,PR2025-3
SO010826-1,PR2025-3
SO010827-2,PR2025-3
SO010828-1,PR2025-3
SO010828-2,PR2025-3
SO010829-1,PR2025-3
SO010830-2,PR2025-3
SO010831-2,PR2025-3
SO010832-1,PR2025-3
SO010832-2,PR2025-3
SO010832-3,PR2025-3
SO010837-1,PR2025-3
SO010837-3,PR2025-3
SO010838-1,PR2025-3
SO010840-1,PR2025-3
SO010840-2,PR2025-3
SO010841-3,PR2025-3
SO010842-1,PR2025-3
SO010843-1,PR2025-3
SO010845-1,PR2025-3
SO010845-3,PR2025-3
SO010846-1,PR2025-3
SO010846-2,PR2025-3
SO010846-3,PR2025-3
SO010848-1,PR2025-3
SO010849-1,PR2025-3
SO010849-2,PR2025-3
SO010850-1,PR2025-3
SO010851-2,PR2025-3
SO010853-1,PR2025-3
SO010854-1,PR2025-3
SO010855-2,PR2025-3
SO010856-1,PR2025-3
SO010856-2,PR2025-3
SO010857-1,PR2025-3
SO010857-2,PR2025-3
SO010858-1,PR2025-3
SO010859-1,PR2025-3
SO010859-4,PR2025-3
SO010860-1,PR2025-3
SO010860-2,PR2025-3
SO010861-1,PR2025-3
SO010862-3,PR2025-3
SO010864-1,PR2025-3
SO010865-1,PR2025-3
SO010866-2,PR2025-3
SO010867-3,PR2025-3
SO010868-1,PR2025-3
SO010868-3,PR2025-3
SO010869-1,PR2025-3
SO010871-2,PR2025-3
SO010872-1,PR2025-3
SO010874-1,PR2025-3
SO010876-2,PR2025-3
SO010877-1,PR2025-3
SO010877-2,PR2025-3
SO010877-3,PR2025-3
SO010877-4,PR2025-3
SO010880-1,PR2025-3
SO010880-2,PR2025-3
SO010880-3,PR2025-3
SO010880-4,PR2025-3
SO010881-1,PR2025-3
SO010881-2,PR2025-3
SO010882-1,PR2025-3
SO010883-1,PR2025-3
SO010886-1,PR2025-3
SO010887-2,PR2025-3
SO010887-3,PR2025-3
SO010888-1,PR2025-3
SO010888-2,PR2025-3
SO010889-1,PR2025-3
SO010889-3,PR2025-3
SO010890-1,PR2025-3
SO010891-1,PR2025-3
SO010892-2,PR2025-3
SO010892-3,PR2025-3
SO010893-2,PR2025-3
SO010894-1,PR2025-3
SO010894-2,PR2025-3
SO010895-1,PR2025-3
SO010895-2,PR2025-3
SO010895-3,PR2025-3
SO010896-1,PR2025-3
SO010897-1,PR2025-3
SO010899-1,PR2025-3
SO010899-4,PR2025-3
SO010899-5,PR2025-3
SO010900-1,PR2025-3
SO010903-1,PR2025-3
SO010903-3,PR2025-3
SO010904-1,PR2025-3
SO010904-2,PR2025-3
SO010904-4,PR2025-3
SO010905-1,PR2025-3
SO010905-2,PR2025-3
SO010906-1,PR2025-3
SO010907-2,PR2025-3
SO010909-2,PR2025-3
SO010909-3,PR2025-3
SO010909-4,PR2025-3
SO010911-1,PR2025-3
SO010911-2,PR2025-3
SO010912-1,PR2025-3
SO010913-1,PR2025-3
SO010913-3,PR2025-3
SO010916-1,PR2025-3
SO010916-2,PR2025-3
SO010916-4,PR2025-3
SO010917-1,PR2025-3
SO010917-3,PR2025-3
SO010919-1,PR2025-3
SO010920-1,PR2025-3
SO010921-2,PR2025-3
SO010921-3,PR2025-3
SO010922-2,PR2025-3
SO010923-1,PR2025-3
SO010924-2,PR2025-3
SO010925-2,PR2025-3
SO010927-1,PR2025-3
SO010929-2,PR2025-3
SO010929-3,PR2025-3
SO010930-1,PR2025-3
SO010932-1,PR2025-3
SO010933-1,PR2025-3
SO010933-3,PR2025-3
SO010934-1,PR2025-3
SO010935-2,PR2025-3
SO010936-1,PR2025-3
SO010937-1,PR2025-3
SO010938-1,PR2025-3
SO010941-1,PR2025-3
SO010941-3,PR2025-3
SO010942-5,PR2025-3
SO010943-1,PR2025-3
SO010943-2,PR2025-3
SO010944-2,PR2025-3
SO010945-1,PR2025-3
SO010946-2,PR2025-3
SO010947-2,PR2025-3
SO010947-3,PR2025-3
SO010949-1,PR2025-3
SO010950-1,PR2025-3
SO010950-4,PR2025-3
SO010951-1,PR2025-3
SO010952-1,PR2025-3
SO010955-1,PR2025-3
SO010955-2,PR2025-3
SO010956-1,PR2025-3
SO010957-1,PR2025-3
SO010957-2,PR2025-3
SO010959-1,PR2025-3
SO010959-2,PR2025-3
SO010960-1,PR2025-3
SO010960-2,PR2025-3
SO010964-1,PR2025-3
SO010966-1,PR2025-3
SO010967-1,PR2025-3
SO010969-1,PR2025-3
SO010969-2,PR2025-3
SO010969-3,PR2025-3
SO010970-1,PR2025-3
SO010970-2,PR2025-3
SO010971-1,PR2025-3
SO010972-1,PR2025-3
SO010972-2,PR2025-3
SO010975-1,PR2025-3
SO010977-2,PR2025-3
SO010979-2,PR2025-3
SO010980-1,PR2025-3
SO010980-3,PR2025-3
SO010980-4,PR2025-3
SO010980-5,PR2025-3
SO010982-1,PR2025-3
SO010982-2,PR2025-3
SO010983-2,PR2025-3
SO010985-1,PR2025-3
SO010985-2,PR2025-3
SO010986-2,PR2025-3
SO010987-3,PR2025-3
SO010988-1,PR2025-3
SO010988-2,PR2025-3
SO010988-3,PR2025-3
SO010988-5,PR2025-3
SO010989-1,PR2025-3
SO010990-2,PR2025-3
SO010991-1,PR2025-3
SO010992-1,PR2025-3
SO010993-1,PR2025-3
SO010994-1,PR2025-3
SO010996-1,PR2025-3
SO010997-1,PR2025-3
SO010997-4,PR2025-3
SO010998-1,PR2025-3
SO010999-2,PR2025-3
SO011000-1,PR2025-3
SO011001-1,PR2025-3
SO011003-2,PR2025-3
SO011004-1,PR2025-3
SO011004-3,PR2025-3
SO011005-1,PR2025-3
SO011007-3,PR2025-3
SO011008-2,PR2025-3
SO011009-1,PR2025-3
SO011009-2,PR2025-3
SO011012-1,PR2025-3
SO011014-1,PR2025-3
SO011016-1,PR2025-3
SO011017-1,PR2025-3
SO011018-1,PR2025-3
SO011018-2,PR2025-3
SO011019-2,PR2025-3
SO011020-2,PR2025-3
SO011021-1,PR2025-3
SO011022-2,PR2025-3
SO011024-1,PR2025-3
SO011024-3,PR2025-3
SO011025-1,PR2025-3
SO011025-2,PR2025-3
SO011026-2,PR2025-3
SO011027-1,PR2025-3
SO011028-1,PR2025-3
SO011028-2,PR2025-3
SO011028-3,PR2025-3
SO011029-1,PR2025-3
SO011030-1,PR2025-3
SO011030-2,PR2025-3
SO011033-1,PR2025-3
SO011034-1,PR2025-3
SO011034-3,PR2025-3
SO011035-1,PR2025-3
SO011037-1,PR2025-3
SO011039-1,PR2025-3
SO011039-3,PR2025-3
SO011041-1,PR2025-3
SO011041-2,PR2025-3
SO011042-2,PR2025-3
SO011042-3,PR2025-3
SO011042-4,PR2025-3
SO011042-5,PR2025-3
SO011044-1,PR2025-3
SO011045-1,PR2025-3
SO011046-2,PR2025-3
SO011047-1,PR2025-3
SO011048-1,PR2025-3
SO011050-1,PR2025-3
SO011051-1,PR2025-3
SO011053-1,PR2025-3
SO011053-2,PR2025-3
SO011054-1,PR2025-3
SO011055-1,PR2025-3
SO011055-3,PR2025-3
SO011056-1,PR2025-3
SO011057-1,PR2025-3
SO011058-2,PR2025-3
SO011058-3,PR2025-3
SO011059-1,PR2025-3
SO011059-3,PR2025-3
SO011061-1,PR2025-3
SO011061-2,PR2025-3
SO011061-3,PR2025-3
SO011062-1,PR2025-3
SO011063-1,PR2025-3
SO011063-3,PR2025-3
SO011064-1,PR2025-3
SO011065-2,PR2025-3
SO011067-1,PR2025-3
SO011069-2,PR2025-3
SO011070-1,PR2025-3
SO011070-2,PR2025-3
SO011071-2,PR2025-3
SO011072-1,PR2025-3
SO011073-2,PR2025-3
SO011075-1,PR2025-3
SO011078-1,PR2025-3
SO011078-2,PR2025-3
SO011079-1,PR2025-3
SO011079-4,PR2025-3
SO011079-5,PR2025-3
SO011082-1,PR2025-3
SO011082-2,PR2025-3
SO011084-1,PR2025-3
SO011085-1,PR2025-3
SO011086-1,PR2025-3
SO011086-2,PR2025-3
SO011087-1,PR2025-3
SO011087-2,PR2025-3
SO011087-3,PR2025-3
SO011089-1,PR2025-3
SO011090-1,PR2025-3
SO011093-1,PR2025-3
SO011094-1,PR2025-3
SO011095-4,PR2025-3
SO011095-5,PR2025-3
SO011096-1,PR2025-3
SO011098-1,PR2025-3
SO011098-2,PR2025-3
SO011098-3,PR2025-3
SO011098-4,PR2025-3
SO011099-1,PR2025-3
SO011100-1,PR2025-3
SO011100-2,PR2025-3
SO011100-3,PR2025-3
SO011100-4,PR2025-3
SO011101-1,PR2025-3
SO011101-2,PR2025-3
SO011102-4,PR2025-3
SO011103-2,PR2025-3
SO011104-4,PR2025-3
SO011106-1,PR2025-3
SO011107-2,PR2025-3
SO011108-1,PR2025-3
SO011109-2,PR2025-3
SO011110-2,PR2025-3
SO011111-2,PR2025-3
SO011113-1,PR2025-3
SO011113-2,PR2025-3
SO011115-2,PR2025-3
SO011118-1,PR2025-3
SO011118-3,PR2025-3
SO011119-1,PR2025-3
SO011122-2,PR2025-3
SO011123-1,PR2025-3
SO011125-1,PR2025-3
SO011125-2,PR2025-3
SO011126-2,PR2025-3
SO011126-3,PR2025-3
SO011127-1,PR2025-3
SO011128-1,PR2025-3
SO011129-2,PR2025-3
SO011130-2,PR2025-3
SO011132-3,PR2025-3
SO011134-1,PR2025-3
SO011135-1,PR2025-3
SO011136-2,PR2025-3
SO011136-3,PR2025-3
SO011136-4,PR2025-3
SO011137-1,PR2025-3
SO011138-1,PR2025-3
SO011138-2,PR2025-3
SO011139-1,PR2025-3
SO011139-3,PR2025-3
SO011140-1,PR2025-3
SO011140-2,PR2025-3
SO011141-1,PR2025-3
SO011142-1,PR2025-3
SO011143-1,PR2025-3
SO011144-1,PR2025-3
SO011145-1,PR2025-3
SO011146-1,PR2025-3
SO011147-2,PR2025-3
SO011148-2,PR2025-3
SO011148-4,PR2025-3
SO011152-3,PR2025-3
SO011152-4,PR2025-3
SO011152-5,PR2025-3
SO011155-1,PR2025-3
SO011155-2,PR2025-3
SO011156-1,PR2025-3
SO011157-1,PR2025-3
SO011157-2,PR2025-3
SO011158-3,PR2025-3
SO011158-4,PR2025-3
SO011158-5,PR2025-3
SO011160-4,PR2025-3
SO011161-2,PR2025-3
SO011162-1,PR2025-3
SO011163-1,PR2025-3
SO011164-1,PR2025-3
SO011165-2,PR2025-3
SO011165-4,PR2025-3
SO011166-1,PR2025-3
SO011167-2,PR2025-3
SO011167-3,PR2025-3
SO011168-1,PR2025-3
SO011169-2,PR2025-3
SO011169-3,PR2025-3
SO011170-1,PR2025-3
SO011173-1,PR2025-3
SO011174-1,PR2025-3
SO011174-2,PR2025-3
SO011174-3,PR2025-3
SO011175-2,PR2025-3
SO011178-1,PR2025-3
SO011178-2,PR2025-3
SO011179-1,PR2025-3
SO011181-1,PR2025-3
SO011183-1,PR2025-3
SO011184-1,PR2025-3
SO011184-3,PR2025-3
SO011185-1,PR2025-3
SO011186-1,PR2025-3
SO011187-1,PR2025-3
SO011187-3,PR2025-3
SO011188-2,PR2025-3
SO011189-1,PR2025-3
SO011191-1,PR2025-3
SO011191-2,PR2025-3
SO011192-1,PR2025-3
SO011193-1,PR2025-3
SO011193-3,PR2025-3
SO011194-1,PR2025-3
SO011194-2,PR2025-3
SO011194-4,PR2025-3
SO011195-2,PR2025-3
SO011196-2,PR2025-3
SO011196-3,PR2025-3
SO011196-4,PR2025-3
SO011196-5,PR2025-3
SO011197-2,PR2025-3
SO011198-1,PR2025-3
SO011198-4,PR2025-3
SO011199-1,PR2025-3
SO011199-4,PR2025-3
SO011201-1,PR2025-3
SO011201-2,PR2025-3
SO011201-3,PR2025-3
SO011203-2,PR2025-3
SO011203-3,PR2025-3
SO011205-1,PR2025-3
SO011206-1,PR2025-3
SO011206-3,PR2025-3
SO011207-1,PR2025-3
SO011209-2,PR2025-3
SO011211-2,PR2025-3
SO011211-3,PR2025-3
SO011212-3,PR2025-3
SO011213-1,PR2025-3
SO011213-3,PR2025-3
SO011213-4,PR2025-3
SO011214-1,PR2025-3
SO011215-1,PR2025-3
SO011215-3,PR2025-3
SO011215-4,PR2025-3
SO011216-1,PR2025-3
SO011216-2,PR2025-3
SO011218-2,PR2025-3
SO011219-1,PR2025-3
SO011219-2,PR2025-3
SO011219-4,PR2025-3
SO011225-2,PR2025-3
SO011225-3,PR2025-3
SO011226-1,PR2025-3
SO011228-1,PR2025-3
SO011228-3,PR2025-3
SO011231-2,PR2025-3
SO011232-1,PR2025-3
SO011233-1,PR2025-3
SO011234-1,PR2025-3
SO011236-2,PR2025-3
SO011237-1,PR2025-3
SO011238-1,PR2025-3
SO011238-2,PR2025-3
SO011239-1,PR2025-3
SO011240-2,PR2025-3
SO011241-1,PR2025-3
SO011243-1,PR2025-3
SO011244-1,PR2025-3
SO011246-1,PR2025-3
SO011247-1,PR2025-3
SO011250-1,PR2025-3
SO011251-1,PR2025-3
SO011252-2,PR2025-3
SO011253-1,PR2025-3
SO011254-1,PR2025-3
SO011255-4,PR2025-3
SO011257-2,PR2025-3
SO011258-1,PR2025-3
SO011259-1,PR2025-3
SO011260-3,PR2025-3
SO011262-1,PR2025-3
SO011262-4,PR2025-3
SO011263-1,PR2025-3
SO011263-2,PR2025-3
SO011265-1,PR2025-3
SO011269-1,PR2025-3
SO011270-1,PR2025-3
SO011270-2,PR2025-3
SO011271-1,PR2025-3
SO011272-1,PR2025-3
SO011272-2,PR2025-3
SO011275-1,PR2025-3
SO011275-3,PR2025-3
SO011278-1,PR2025-3
SO011279-1,PR2025-3
SO011280-1,PR2025-3
SO011281-1,PR2025-3
SO011281-2,PR2025-3
SO011281-3,PR2025-3
SO011283-2,PR2025-3
SO011285-1,PR2025-3
SO011285-4,PR2025-3
SO011285-5,PR2025-3
SO011286-1,PR2025-3
SO011288-1,PR2025-3
SO011289-1,PR2025-3
SO011290-1,PR2025-3
SO011292-1,PR2025-3
SO011293-1,PR2025-3
SO011293-2,PR2025-3
SO011294-1,PR2025-3
SO011294-2,PR2025-3
SO011297-1,PR2025-3
SO011298-2,PR2025-3
SO011298-3,PR2025-3
SO011299-1,PR2025-3
SO011300-1,PR2025-3
SO011301-1,PR2025-3
SO011301-2,PR2025-3
SO011301-3,PR2025-3
SO011303-1,PR2025-3
SO011303-4,PR2025-3
SO011303-5,PR2025-3
SO011304-1,PR2025-3
SO011306-1,PR2025-3
SO011306-3,PR2025-3
SO011309-1,PR2025-3
SO011309-2,PR2025-3
SO011310-1,PR2025-3
SO011310-3,PR2025-3
SO011312-1,PR2025-3
SO011312-2,PR2025-3
SO011314-3,PR2025-3
SO011315-1,PR2025-3
SO011317-2,PR2025-3
SO011318-1,PR2025-3
SO011318-2,PR2025-3
SO011318-3,PR2025-3
SO011321-1,PR2025-3
SO011322-1,PR2025-3
SO011322-2,PR2025-3
SO011323-1,PR2025-3
SO011325-2,PR2025-3
SO011326-2,PR2025-3
SO011326-3,PR2025-3
SO011327-1,PR2025-3
SO011328-1,PR2025-3
SO011329-1,PR2025-3
SO011330-1,PR2025-3
SO011330-2,PR2025-3
SO011331-2,PR2025-3
SO011332-2,PR2025-3
SO011333-1,PR2025-3
SO011334-2,PR2025-3
SO011334-3,PR2025-3
SO011335-1,PR2025-3
SO011335-2,PR2025-3
SO011335-3,PR2025-3
SO011335-4,PR2025-3
SO011338-2,PR2025-3
SO011339-2,PR2025-3
SO011342-3,PR2025-3
SO011343-1,PR2025-3
SO011343-3,PR2025-3
SO011345-1,PR2025-3
SO011346-1,PR2025-3
SO011349-2,PR2025-3
SO011349-3,PR2025-3
SO011350-1,PR2025-3
SO011350-2,PR2025-3
SO011350-4,PR2025-3
SO011351-2,PR2025-3
SO011352-3,PR2025-3
SO011353-1,PR2025-3
SO011353-2,PR2025-3
SO011353-3,PR2025-3
SO011353-4,PR2025-3
SO011355-3,PR2025-3
SO011356-2,PR2025-3
SO011357-1,PR2025-3
SO011357-2,PR2025-3
SO011358-1,PR2025-3
SO011358-2,PR2025-3
SO011358-3,PR2025-3
SO011360-1,PR2025-3
SO011360-2,PR2025-3
SO011361-1,PR2025-3
SO011362-1,PR2025-3
SO011363-1,PR2025-3
SO011364-1,PR2025-3
SO011364-2,PR2025-3
SO011364-3,PR2025-3
SO011365-1,PR2025-3
SO011365-2,PR2025-3
SO011366-1,PR2025-3
SO011368-1,PR2025-3
SO011368-2,PR2025-3
SO011368-3,PR2025-3
SO011368-4,PR2025-3
SO011369-2,PR2025-3
SO011369-3,PR2025-3
SO011370-1,PR2025-3
SO011371-2,PR2025-3
SO011372-1,PR2025-3
SO011373-1,PR2025-3
SO011374-2,PR2025-3
SO011375-2,PR2025-3
SO011375-3,PR2025-3
SO011375-4,PR2025-3
SO011377-1,PR2025-3
SO011378-1,PR2025-3
SO011379-1,PR2025-3
SO011379-2,PR2025-3
SO011380-2,PR2025-3
SO011380-3,PR2025-3
SO011380-4,PR2025-3
SO011382-2,PR2025-3
SO011383-1,PR2025-3
SO011383-4,PR2025-3
SO011384-1,PR2025-3
SO011384-2,PR2025-3
SO011384-3,PR2025-3
SO011384-4,PR2025-3
SO011385-2,PR2025-3
SO011386-1,PR2025-3
SO011387-3,PR2025-3
SO011389-1,PR2025-3
SO011391-1,PR2025-3
SO011391-2,PR2025-3
SO011393-1,PR2025-3
SO011394-2,PR2025-3
SO011397-1,PR2025-3
SO011397-2,PR2025-3
SO011398-1,PR2025-3
SO011399-1,PR2025-3
SO011400-1,PR2025-3
SO011401-1,PR2025-3
SO011406-1,PR2025-3
SO011407-2,PR2025-3
SO011408-1,PR2025-3
SO011408-2,PR2025-3
SO011408-3,PR2025-3
SO011408-4,PR2025-3
SO011410-1,PR2025-3
SO011411-1,PR2025-3
SO011411-2,PR2025-3
SO011412-1,PR2025-3
SO011414-1,PR2025-3
SO011416-3,PR2025-3
SO011417-1,PR2025-3
SO011417-2,PR2025-3
SO011418-1,PR2025-3
SO011419-2,PR2025-3
SO011419-3,PR2025-3
SO011421-1,PR2025-3
SO011421-2,PR2025-3
SO011423-1,PR2025-3
SO011424-1,PR2025-3
SO011425-1,PR2025-3
SO011425-2,PR2025-3
SO011425-3,PR2025-3
SO011426-1,PR2025-3
SO011427-1,PR2025-3
SO011427-2,PR2025-3
SO011427-4,PR2025-3
SO011432-1,PR2025-3
SO011432-2,PR2025-3
SO011434-1,PR2025-3
SO011434-2,PR2025-3
SO011435-1,PR2025-3
SO011437-1,PR2025-3
SO011439-1,PR2025-3
SO011440-2,PR2025-3
SO011440-3,PR2025-3
SO011441-2,PR2025-3
SO011442-3,PR2025-3
SO011442-4,PR2025-3
SO011443-2,PR2025-3
SO011445-1,PR2025-3
SO011446-2,PR2025-3
SO011447-1,PR2025-3
SO011447-2,PR2025-3
SO011447-3,PR2025-3
SO011447-4,PR2025-3
SO011448-2,PR2025-3
SO011450-2,PR2025-3
SO011451-1,PR2025-3
SO011452-2,PR2025-3
SO011453-1,PR2025-3
SO011454-1,PR2025-3
SO011455-1,PR2025-3
SO011455-2,PR2025-3
SO011456-1,PR2025-3
SO011456-2,PR2025-3
SO011457-1,PR2025-3
SO011458-1,PR2025-3
SO011459-1,PR2025-3
SO011460-1,PR2025-3
SO011461-1,PR2025-3
SO011462-1,PR2025-3
SO011462-2,PR2025-3
SO011463-1,PR2025-3
SO011464-1,PR2025-3
SO011465-1,PR2025-3
SO011466-1,PR2025-3
SO011466-3,PR2025-3
SO011469-1,PR2025-3
SO011469-2,PR2025-3
SO011469-3,PR2025-3
SO011470-1,PR2025-3
SO011470-4,PR2025-3
SO011470-5,PR2025-3
SO011471-1,PR2025-3
SO011471-2,PR2025-3
SO011471-3,PR2025-3
SO011472-3,PR2025-3
SO011474-1,PR2025-3
SO011474-2,PR2025-3
SO011476-4,PR2025-3
SO011477-1,PR2025-3
SO011479-1,PR2025-3
SO011480-1,PR2025-3
SO011481-1,PR2025-3
SO011481-2,PR2025-3
SO011482-1,PR2025-3
SO011483-2,PR2025-3
SO011485-1,PR2025-3
SO011488-1,PR2025-3
SO011489-1,PR2025-3
SO011490-2,PR2025-3
SO011490-3,PR2025-3
SO011494-1,PR2025-3
SO011494-2,PR2025-3
SO011495-1,PR2025-3
SO011497-1,PR2025-3
SO011499-2,PR2025-3
SO011506-2,PR2025-3
SO011506-3,PR2025-3
SO011507-1,PR2025-3
SO011507-2,PR2025-3
SO011508-1,PR2025-3
SO011509-1,PR2025-3
SO011510-1,PR2025-3
SO011510-2,PR2025-3
SO011511-2,PR2025-3
SO011512-1,PR2025-3
SO011512-2,PR2025-3
SO011515-1,PR2025-3
SO011515-2,PR2025-3
SO011516-2,PR2025-3
SO011517-2,PR2025-3
SO011517-3,PR2025-3
SO011519-2,PR2025-3
SO011520-1,PR2025-3
SO011521-1,PR2025-3
SO011522-1,PR2025-3
SO011522-2,PR2025-3
SO011522-4,PR2025-3
SO011523-1,PR2025-3
SO011524-2,PR2025-3
SO011525-1,PR2025-3
SO011525-2,PR2025-3
SO011525-3,PR2025-3
SO011525-4,PR2025-3
SO011526-1,PR2025-3
SO011527-1,PR2025-3
SO011529-2,PR2025-3
SO011530-1,PR2025-3
SO011530-2,PR2025-3
SO011530-3,PR2025-3
SO011530-4,PR2025-3
SO011533-1,PR2025-3
SO011533-2,PR2025-3
SO011533-4,PR2025-3
SO011534-3,PR2025-3
SO011539-1,PR2025-3
SO011540-1,PR2025-3
SO011540-2,PR2025-3
SO011542-1,PR2025-3
SO011543-1,PR2025-3
SO011545-4,PR2025-3
SO011546-2,PR2025-3
SO011547-1,PR2025-3
SO011547-4,PR2025-3
SO011547-5,PR2025-3
SO011548-2,PR2025-3
SO011549-1,PR2025-3
SO011549-2,PR2025-3
SO011549-3,PR2025-3
SO011550-1,PR2025-3
SO011550-2,PR2025-3
SO011551-2,PR2025-3
SO011552-1,PR2025-3
SO011552-2,PR2025-3
SO011552-3,PR2025-3
SO011553-2,PR2025-3
SO011554-1,PR2025-3
SO011555-2,PR2025-3
SO011555-3,PR2025-3
SO011560-3,PR2025-3
SO011561-1,PR2025-3
SO011562-1,PR2025-3
SO011563-1,PR2025-3
SO011563-2,PR2025-3
SO011564-1,PR2025-3
SO011564-2,PR2025-3
SO011564-3,PR2025-3
SO011564-4,PR2025-3
SO011565-3,PR2025-3
SO011566-1,PR2025-3
SO011566-2,PR2025-3
SO011567-1,PR2025-3
SO011567-2,PR2025-3
SO011568-1,PR2025-3
SO011569-1,PR2025-3
SO011569-2,PR2025-3
SO011571-1,PR2025-3
SO011572-1,PR2025-3
SO011572-2,PR2025-3
SO011572-4,PR2025-3
SO011573-1,PR2025-3
SO011573-2,PR2025-3
SO011576-1,PR2025-3
SO011577-1,PR2025-3
SO011579-1,PR2025-3
SO011580-1,PR2025-3
SO011580-2,PR2025-3
SO011580-4,PR2025-3
SO011583-1,PR2025-3
SO011584-1,PR2025-3
SO011584-2,PR2025-3
SO011585-1,PR2025-3
SO011585-2,PR2025-3
SO011586-1,PR2025-3
SO011586-2,PR2025-3
SO011588-1,PR2025-3
SO011588-2,PR2025-3
SO011588-3,PR2025-3
SO011589-1,PR2025-3
SO011590-1,PR2025-3
SO011590-2,PR2025-3
SO011591-2,PR2025-3
SO011592-1,PR2025-3
SO011594-1,PR2025-3
SO011595-1,PR2025-3
SO011600-1,PR2025-3
SO011601-1,PR2025-3
SO011602-1,PR2025-3
SO011602-2,PR2025-3
SO011604-1,PR2025-3
SO011604-3,PR2025-3
SO011605-2,PR2025-3
SO011608-1,PR2025-3
SO011608-3,PR2025-3
SO011608-4,PR2025-3
SO011609-1,PR2025-3
SO011611-1,PR2025-3
SO011612-1,PR2025-3
SO011615-1,PR2025-3
SO011618-1,PR2025-3
SO011618-3,PR2025-3
SO011620-2,PR2025-3
SO011620-3,PR2025-3
SO011621-1,PR2025-3
SO011621-2,PR2025-3
SO011624-1,PR2025-3
SO011627-1,PR2025-3
SO011628-1,PR2025-3
SO011629-1,PR2025-3
SO011630-1,PR2025-3
SO011630-2,PR2025-3
SO011630-3,PR2025-3
SO011631-2,PR2025-3
SO011632-1,PR2025-3
SO011632-2,PR2025-3
SO011633-1,PR2025-3
SO011634-3,PR2025-3
SO011634-4,PR2025-3
SO011635-1,PR2025-3
SO011636-1,PR2025-3
SO011636-2,PR2025-3
SO011636-4,PR2025-3
SO011636-5,PR2025-3
SO011637-1,PR2025-3
SO011637-2,PR2025-3
SO011638-1,PR2025-3
SO011638-2,PR2025-3
SO011640-2,PR2025-3
SO011642-1,PR2025-3
SO011643-3,PR2025-3
SO011644-2,PR2025-3
SO011644-3,PR2025-3
SO011644-5,PR2025-3
SO011646-1,PR2025-3
SO011646-3,PR2025-3
SO011649-1,PR2025-3
SO011650-1,PR2025-3
SO011651-3,PR2025-3
SO011652-1,PR2025-3
SO011653-1,PR2025-3
SO011653-4,PR2025-3
SO011654-1,PR2025-3
SO011654-2,PR2025-3
SO011655-2,PR2025-3
SO011655-3,PR2025-3
SO011656-2,PR2025-3
SO011658-2,PR2025-3
SO011659-1,PR2025-3
SO011660-2,PR2025-3
SO011661-1,PR2025-3
SO011661-2,PR2025-3
SO011662-1,PR2025-3
SO011663-1,PR2025-3
SO011663-2,PR2025-3
SO011663-4,PR2025-3
SO011664-2,PR2025-3
SO011665-2,PR2025-3
SO011667-2,PR2025-3
SO011668-1,PR2025-3
SO011669-3,PR2025-3
SO011669-4,PR2025-3
SO011670-1,PR2025-3
SO011670-2,PR2025-3
SO011672-1,PR2025-3
SO011672-2,PR2025-3
SO011672-3,PR2025-3
SO011673-1,PR2025-3
SO011673-2,PR2025-3
SO011673-3,PR2025-3
SO011676-1,PR2025-3
SO011677-1,PR2025-3
SO011678-1,PR2025-3
SO011678-2,PR2025-3
SO011678-3,PR2025-3
SO011678-4,PR2025-3
SO011679-1,PR2025-3
SO011680-1,PR2025-3
SO011680-2,PR2025-3
SO011681-3,PR2025-3
SO011682-3,PR2025-3
SO011684-2,PR2025-3
SO011685-1,PR2025-3
SO011687-1,PR2025-3
SO011688-1,PR2025-3
SO011690-1,PR2025-3
SO011691-1,PR2025-3
SO011691-4,PR2025-3
SO011692-2,PR2025-3
SO011693-3,PR2025-3
SO011696-1,PR2025-3
SO011697-1,PR2025-3
SO011698-1,PR2025-3
SO011699-1,PR2025-3
SO011700-1,PR2025-3
SO011701-2,PR2025-3
SO011701-3,PR2025-3
SO011702-1,PR2025-3
SO011703-1,PR2025-3
SO011703-3,PR2025-3
SO011704-1,PR2025-3
SO011705-1,PR2025-3
SO011706-2,PR2025-3
SO011708-2,PR2025-3
SO011708-3,PR2025-3
SO011708-4,PR2025-3
SO011710-1,PR2025-3
SO011710-2,PR2025-3
SO011711-1,PR2025-3
SO011712-2,PR2025-3
SO011712-3,PR2025-3
SO011712-5,PR2025-3
SO011715-1,PR2025-3
SO011715-3,PR2025-3
SO011717-1,PR2025-3
SO011719-1,PR2025-3
SO011719-2,PR2025-3
SO011720-2,PR2025-3
SO011720-4,PR2025-3
SO011724-1,PR2025-3
SO011724-2,PR2025-3
SO011725-1,PR2025-3
SO011725-4,PR2025-3
SO011726-1,PR2025-3
SO011728-1,PR2025-3
SO011730-1,PR2025-3
SO011732-1,PR2025-3
SO011733-2,PR2025-3
SO011734-2,PR2025-3
SO011735-2,PR2025-3
SO011736-1,PR2025-3
SO011736-3,PR2025-3
SO011736-4,PR2025-3
SO011738-1,PR2025-3
SO011738-2,PR2025-3
SO011740-1,PR2025-3
SO011741-1,PR2025-3
SO011741-2,PR2025-3
SO011742-2,PR2025-3
SO011743-1,PR2025-3
SO011743-3,PR2025-3
SO011745-1,PR2025-3
SO011746-1,PR2025-3
SO011746-2,PR2025-3
SO011747-1,PR2025-3
SO011748-1,PR2025-3
SO011749-1,PR2025-3
SO011749-2,PR2025-3
SO011751-3,PR2025-3
SO011752-1,PR2025-3
SO011753-1,PR2025-3
SO011755-1,PR2025-3
SO011756-2,PR2025-3
SO011758-3,PR2025-3
SO011758-4,PR2025-3
SO011759-2,PR2025-3
SO011760-1,PR2025-3
SO011762-1,PR2025-3
SO011764-3,PR2025-3
SO011765-1,PR2025-3
SO011767-2,PR2025-3
SO011769-1,PR2025-3
SO011769-2,PR2025-3
SO011770-2,PR2025-3
SO011770-3,PR2025-3
SO011770-4,PR2025-3
SO011772-1,PR2025-3
SO011773-1,PR2025-3
SO011774-1,PR2025-3
SO011776-1,PR2025-3
SO011776-4,PR2025-3
SO011779-1,PR2025-3
SO011780-1,PR2025-3
SO011782-1,PR2025-3
SO011782-2,PR2025-3
SO011783-1,PR2025-3
SO011783-4,PR2025-3
SO011786-2,PR2025-3
SO011787-1,PR2025-3
SO011790-1,PR2025-3
SO011791-1,PR2025-3
SO011791-2,PR2025-3
SO011792-1,PR2025-3
SO011792-3,PR2025-3
SO011793-1,PR2025-3
SO011793-2,PR2025-3
SO011793-4,PR2025-3
SO011795-1,PR2025-3
SO011796-1,PR2025-3
SO011796-2,PR2025-3
SO011798-3,PR2025-3
SO011799-2,PR2025-3
SO011801-1,PR2025-3
SO011802-1,PR2025-3
SO011804-2,PR2025-3
SO011804-3,PR2025-3
SO011805-1,PR2025-3
SO011806-1,PR2025-3
SO011806-3,PR2025-3
SO011807-2,PR2025-3
SO011808-1,PR2025-3
SO011809-1,PR2025-3
SO011810-2,PR2025-3
SO011810-3,PR2025-3
SO011812-2,PR2025-3
SO011813-3,PR2025-3
SO011813-4,PR2025-3
SO011815-1,PR2025-3
SO011816-2,PR2025-3
SO011816-3,PR2025-3
SO011817-2,PR2025-3
SO011817-3,PR2025-3
SO011818-2,PR2025-3
SO011818-3,PR2025-3
SO011820-1,PR2025-3
SO011820-2,PR2025-3
SO011820-3,PR2025-3
SO011821-1,PR2025-3
SO011822-1,PR2025-3
SO011823-1,PR2025-3
SO011823-3,PR2025-3
SO011824-1,PR2025-3
SO011825-1,PR2025-3
SO011825-2,PR2025-3
SO011825-4,PR2025-3
SO011827-2,PR2025-3
SO011828-1,PR2025-3
SO011828-2,PR2025-3
SO011829-1,PR2025-3
SO011830-2,PR2025-3
SO011832-1,PR2025-3
SO011832-2,PR2025-3
SO011832-5,PR2025-3
SO011833-1,PR2025-3
SO011833-3,PR2025-3
SO011834-1,PR2025-3
SO011834-2,PR2025-3
SO011835-1,PR2025-3
SO011835-2,PR2025-3
SO011835-4,PR2025-3
SO011836-1,PR2025-3
SO011837-1,PR2025-3
SO011837-4,PR2025-3
SO011838-3,PR2025-3
SO011842-2,PR2025-3
SO011842-4,PR2025-3
SO011845-1,PR2025-3
SO011845-2,PR2025-3
SO011845-3,PR2025-3
SO011845-4,PR2025-3
SO011846-2,PR2025-3
SO011846-3,PR2025-3
SO011847-1,PR2025-3
SO011847-3,PR2025-3
SO011848-1,PR2025-3
SO011849-1,PR2025-3
SO011850-1,PR2025-3
SO011851-1,PR2025-3
SO011851-4,PR2025-3
SO011852-1,PR2025-3
SO011854-1,PR2025-3
SO011854-2,PR2025-3
SO011856-1,PR2025-3
SO011856-3,PR2025-3
SO011856-4,PR2025-3
SO011857-2,PR2025-3
SO011858-1,PR2025-3
SO011860-2,PR2025-3
SO011861-2,PR2025-3
SO011862-1,PR2025-3
SO011862-2,PR2025-3
SO011862-3,PR2025-3
SO011864-1,PR2025-3
SO011865-1,PR2025-3
SO011866-2,PR2025-3
SO011866-3,PR2025-3
SO011867-1,PR2025-3
SO011867-2,PR2025-3
SO011868-2,PR2025-3
SO011869-1,PR2025-3
SO011870-1,PR2025-3
SO011870-3,PR2025-3
SO011871-2,PR2025-3
SO011872-1,PR2025-3
SO011873-2,PR2025-3
SO011878-3,PR2025-3
SO011879-2,PR2025-3
SO011879-4,PR2025-3
SO011879-5,PR2025-3
SO011880-1,PR2025-3
SO011881-1,PR2025-3
SO011881-2,PR2025-3
SO011882-1,PR2025-3
SO011884-1,PR2025-3
SO011885-1,PR2025-3
SO011887-1,PR2025-3
SO011887-2,PR2025-3
SO011888-1,PR2025-3
SO011889-1,PR2025-3
SO011890-1,PR2025-3
SO011892-1,PR2025-3
SO011894-1,PR2025-3
SO011896-2,PR2025-3
SO011897-4,PR2025-3
SO011898-1,PR2025-3
SO011900-1,PR2025-3
SO011901-1,PR2025-3
SO011901-3,PR2025-3
SO011904-1,PR2025-3
SO011904-2,PR2025-3
SO011906-2,PR2025-3
SO011907-1,PR2025-3
SO011908-1,PR2025-3
SO011909-2,PR2025-3
SO011910-1,PR2025-3
SO011910-2,PR2025-3
SO011910-3,PR2025-3
SO011912-2,PR2025-3
SO011913-1,PR2025-3
SO011914-1,PR2025-3
SO011914-2,PR2025-3
SO011916-1,PR2025-3
SO011918-4,PR2025-3
SO011921-1,PR2025-3
SO011922-3,PR2025-3
SO011923-1,PR2025-3
SO011924-1,PR2025-3
SO011924-3,PR2025-3
SO011924-4,PR2025-3
SO011925-1,PR2025-3
SO011926-3,PR2025-3
SO011927-3,PR2025-3
SO011927-5,PR2025-3
SO011929-1,PR2025-3
SO011930-1,PR2025-3
SO011931-1,PR2025-3
SO011931-2,PR2025-3
SO011934-3,PR2025-3
SO011935-1,PR2025-3
SO011936-1,PR2025-3
SO011937-1,PR2025-3
SO011938-1,PR2025-3
SO011939-1,PR2025-3
SO011940-2,PR2025-3
SO011942-1,PR2025-3
SO011943-1,PR2025-3
SO011943-2,PR2025-3
SO011943-3,PR2025-3
SO011943-4,PR2025-3
SO011944-1,PR2025-3
SO011944-3,PR2025-3
SO011947-3,PR2025-3
SO011948-1,PR2025-3
SO011948-2,PR2025-3
SO011948-3,PR2025-3
SO011949-1,PR2025-3
SO011950-1,PR2025-3
SO011950-2,PR2025-3
SO011951-1,PR2025-3
SO011952-1,PR2025-3
SO011953-1,PR2025-3
SO011954-2,PR2025-3
SO011954-4,PR2025-3
SO011955-1,PR2025-3
SO011955-2,PR2025-3
SO011957-2,PR2025-3
SO011959-1,PR2025-3
SO011961-1,PR2025-3
SO011963-1,PR2025-3
SO011964-1,PR2025-3
SO011964-4,PR2025-3
SO011965-1,PR2025-3
SO011967-1,PR2025-3
SO011967-2,PR2025-3
SO011968-2,PR2025-3
SO011970-2,PR2025-3
SO011973-2,PR2025-3
SO011974-1,PR2025-3
SO011974-3,PR2025-3
SO011975-1,PR2025-3
SO011976-1,PR2025-3
SO011978-1,PR2025-3
SO011979-2,PR2025-3
SO011979-3,PR2025-3
SO011979-4,PR2025-3
SO011980-3,PR2025-3
SO011982-2,PR2025-3
SO011983-1,PR2025-3
SO011984-2,PR2025-3
SO011985-1,PR2025-3
SO011985-2,PR2025-3
SO011987-1,PR2025-3
SO011988-1,PR2025-3
SO011988-2,PR2025-3
SO011988-3,PR2025-3
SO011988-4,PR2025-3
SO011990-1,PR2025-3
SO011990-2,PR2025-3
SO011992-1,PR2025-3
SO011993-1,PR2025-3
SO011994-1,PR2025-3
SO011995-1,PR2025-3
SO011996-2,PR2025-3
SO011998-1,PR2025-3
SO011999-3,PR2025-3
SO012000-1,PR2025-3
SO012000-2,PR2025-3
SO012001-2,PR2025-3
SO012003-1,PR2025-3
SO012003-2,PR2025-3
SO012005-1,PR2025-3
SO012005-3,PR2025-3
SO012007-1,PR2025-3
SO012008-1,PR2025-3
SO012009-1,PR2025-3
SO012009-2,PR2025-3
SO012009-4,PR2025-3
SO012011-1,PR2025-3
SO012012-3,PR2025-3
SO012012-4,PR2025-3
SO012013-1,PR2025-3
SO012013-2,PR2025-3
SO012014-1,PR2025-3
SO012015-1,PR2025-3
SO012015-2,PR2025-3
SO012015-3,PR2025-3
SO012016-1,PR2025-3
SO012016-2,PR2025-3
SO012018-2,PR2025-3
SO012019-1,PR2025-3
SO012019-4,PR2025-3
SO012020-1,PR2025-3
SO012021-1,PR2025-3
SO012022-1,PR2025-3
SO012023-1,PR2025-3
SO012023-4,PR2025-3
SO012024-2,PR2025-3
SO012024-3,PR2025-3
SO012025-3,PR2025-3
SO012026-1,PR2025-3
SO012027-2,PR2025-3
SO012027-3,PR2025-3
SO012027-4,PR2025-3
SO012028-1,PR2025-3
SO012029-1,PR2025-3
SO012029-2,PR2025-3
SO012031-1,PR2025-3
SO012031-2,PR2025-3
SO012032-2,PR2025-3
SO012034-2,PR2025-3
SO012035-1,PR2025-3
SO012036-1,PR2025-3
SO012037-3,PR2025-3
SO012038-1,PR2025-3
SO012039-1,PR2025-3
SO012040-1,PR2025-3
SO012041-2,PR2025-3
SO012044-3,PR2025-3
SO012045-1,PR2025-3
SO012047-2,PR2025-3
SO012048-1,PR2025-3
SO012049-1,PR2025-3
SO012049-2,PR2025-3
SO012053-2,PR2025-3
SO012054-1,PR2025-3
SO012054-2,PR2025-3
SO012054-4,PR2025-3
SO012055-1,PR2025-3
SO012055-2,PR2025-3
SO012056-1,PR2025-3
SO012056-2,PR2025-3
SO012057-1,PR2025-3
SO012058-2,PR2025-3
SO012061-2,PR2025-3
SO012062-1,PR2025-3
SO012063-1,PR2025-3
SO012064-1,PR2025-3
SO012064-4,PR2025-3
SO012065-1,PR2025-3
SO012066-2,PR2025-3
SO012066-3,PR2025-3
SO012067-1,PR2025-3
SO012069-1,PR2025-3
SO012069-2,PR2025-3
SO012070-1,PR2025-3
SO012071-1,PR2025-3
SO012073-1,PR2025-3
SO012073-2,PR2025-3
SO012076-1,PR2025-3
SO012077-1,PR2025-3
SO012078-1,PR2025-3
SO012079-1,PR2025-3
SO012079-3,PR2025-3
SO012079-4,PR2025-3
SO012084-1,PR2025-3
SO012085-1,PR2025-3
SO012085-2,PR2025-3
SO012086-1,PR2025-3
SO012088-2,PR2025-3
SO012089-1,PR2025-3
SO012090-1,PR2025-3
SO012091-2,PR2025-3
SO012093-1,PR2025-3
SO012094-1,PR2025-3
SO012094-2,PR2025-3
SO012094-4,PR2025-3
SO012094-5,PR2025-3
SO012095-1,PR2025-3
SO012095-3,PR2025-3
SO012095-4,PR2025-3
SO012096-1,PR2025-3
SO012097-1,PR2025-3
SO012097-4,PR2025-3
SO012100-1,PR2025-3
SO012101-1,PR2025-3
SO012102-1,PR2025-3
SO012102-2,PR2025-3
SO012103-1,PR2025-3
SO012104-1,PR2025-3
SO012104-2,PR2025-3
SO012106-1,PR2025-3
SO012107-2,PR2025-3
SO012107-3,PR2025-3
SO012107-4,PR2025-3
SO012108-2,PR2025-3
SO012109-1,PR2025-3
SO012111-1,PR2025-3
SO012112-1,PR2025-3
SO012113-2,PR2025-3
SO012113-4,PR2025-3
SO012114-3,PR2025-3
SO012115-1,PR2025-3
SO012115-2,PR2025-3
SO012116-1,PR2025-3
SO012118-2,PR2025-3
SO012119-1,PR2025-3
SO012119-2,PR2025-3
SO012120-1,PR2025-3
SO012121-1,PR2025-3
SO012122-1,PR2025-3
SO012123-1,PR2025-3
SO012124-1,PR2025-3
SO012124-2,PR2025-3
SO012125-2,PR2025-3
SO012125-3,PR2025-3
SO012126-4,PR2025-3
SO012127-2,PR2025-3
SO012128-1,PR2025-3
SO012129-1,PR2025-3
SO012130-3,PR2025-3
SO012130-4,PR2025-3
SO012131-1,PR2025-3
SO012132-1,PR2025-3
SO012134-1,PR2025-3
SO012137-1,PR2025-3
SO012137-2,PR2025-3
SO012138-1,PR2025-3
SO012138-4,PR2025-3
SO012139-1,PR2025-3
SO012139-2,PR2025-3
SO012139-3,PR2025-3
SO012140-1,PR2025-3
SO012141-1,PR2025-3
SO012143-1,PR2025-3
SO012144-1,PR2025-3
SO012146-1,PR2025-3
SO012147-1,PR2025-3
SO012148-2,PR2025-3
SO012148-4,PR2025-3
SO012150-1,PR2025-3
SO012154-1,PR2025-3
SO012155-2,PR2025-3
SO012155-3,PR2025-3
SO012157-1,PR2025-3
SO012158-1,PR2025-3
SO012161-1,PR2025-3
SO012161-2,PR2025-3
SO012161-3,PR2025-3
SO012163-1,PR2025-3
SO012164-1,PR2025-3
SO012165-1,PR2025-3
SO012165-2,PR2025-3
SO012165-4,PR2025-3
SO012166-2,PR2025-3
SO012167-1,PR2025-3
SO012167-2,PR2025-3
SO012168-1,PR2025-3
SO012169-1,PR2025-3
SO012170-2,PR2025-3
SO012172-1,PR2025-3
SO012172-2,PR2025-3
SO012173-1,PR2025-3
SO012173-2,PR2025-3
SO012173-3,PR2025-3
SO012174-1,PR2025-3
SO012174-2,PR2025-3
SO012176-1,PR2025-3
SO012176-2,PR2025-3
SO012176-4,PR2025-3
SO012177-1,PR2025-3
SO012179-2,PR2025-3
SO012179-3,PR2025-3
SO012179-4,PR2025-3
SO012180-2,PR2025-3
SO012180-3,PR2025-3
SO012181-1,PR2025-3
SO012186-1,PR2025-3
SO012187-2,PR2025-3
SO012188-1,PR2025-3
SO012188-2,PR2025-3
SO012188-3,PR2025-3
SO012189-3,PR2025-3
SO012190-1,PR2025-3
SO012192-2,PR2025-3
SO012194-1,PR2025-3
SO012194-2,PR2025-3
SO012195-1,PR2025-3
SO012195-3,PR2025-3
SO012196-1,PR2025-3
SO012197-2,PR2025-3
SO012198-1,PR2025-3
SO012199-1,PR2025-3
SO012199-2,PR2025-3
SO012201-3,PR2025-3
SO012203-1,PR2025-3
SO012205-1,PR2025-3
SO012205-2,PR2025-3
SO012206-1,PR2025-3
SO012207-1,PR2025-3
SO012208-1,PR2025-3
SO012209-1,PR2025-3
SO012213-1,PR2025-3
SO012213-3,PR2025-3
SO012217-3,PR2025-3
SO012219-1,PR2025-3
SO012219-2,PR2025-3
SO012220-1,PR2025-3
SO012220-3,PR2025-3
SO012220-5,PR2025-3
SO012221-2,PR2025-3
SO012222-1,PR2025-3
SO012223-1,PR2025-3
SO012223-2,PR2025-3
SO012224-2,PR2025-3
SO012224-4,PR2025-3
SO012225-1,PR2025-3
SO012226-1,PR2025-3
SO012227-1,PR2025-3
SO012228-1,PR2025-3
SO012229-2,PR2025-3
SO012230-2,PR2025-3
SO012230-4,PR2025-3
SO012231-2,PR2025-3
SO012232-2,PR2025-3
SO012233-1,PR2025-3
SO012236-1,PR2025-3
SO012238-1,PR2025-3
SO012239-2,PR2025-3
SO012239-4,PR2025-3
SO012240-1,PR2025-3
SO012241-1,PR2025-3
SO012241-2,PR2025-3
SO012241-3,PR2025-3
SO012245-1,PR2025-3
SO012247-1,PR2025-3
SO012248-2,PR2025-3
SO012249-1,PR2025-3
SO012250-3,PR2025-3
SO012252-1,PR2025-3
SO012253-1,PR2025-3
SO012254-1,PR2025-3
SO012255-1,PR2025-3
SO012256-2,PR2025-3
SO012257-1,PR2025-3
SO012257-3,PR2025-3
SO012258-1,PR2025-3
SO012260-2,PR2025-3
SO012261-2,PR2025-3
SO012263-2,PR2025-3
SO012264-1,PR2025-3
SO012264-3,PR2025-3
SO012264-5,PR2025-3
SO012265-2,PR2025-3
SO012266-1,PR2025-3
SO012267-2,PR2025-3
SO012268-2,PR2025-3
SO012269-1,PR2025-3
SO012269-2,PR2025-3
SO012270-1,PR2025-3
SO012270-2,PR2025-3
SO012274-1,PR2025-3
SO012274-2,PR2025-3
SO012275-2,PR2025-3
SO012275-3,PR2025-3
SO012276-1,PR2025-3
SO012276-2,PR2025-3
SO012277-1,PR2025-3
SO012278-1,PR2025-3
SO012278-3,PR2025-3
SO012280-2,PR2025-3
SO012281-1,PR2025-3
SO012281-2,PR2025-3
SO012283-1,PR2025-3
SO012284-1,PR2025-3
SO012286-2,PR2025-3
SO012287-1,PR2025-3
SO012288-1,PR2025-3
SO012288-2,PR2025-3
SO012289-1,PR2025-3
SO012291-1,PR2025-3
SO012293-1,PR2025-3
SO012293-2,PR2025-3
SO012293-3,PR2025-3
SO012295-1,PR2025-3
SO012296-1,PR2025-3
SO012297-2,PR2025-3
SO012299-3,PR2025-3
SO012300-1,PR2025-3
SO012300-2,PR2025-3
SO012300-3,PR2025-3
SO012300-5,PR2025-3
SO012301-1,PR2025-3
SO012301-2,PR2025-3
SO012303-1,PR2025-3
SO012304-1,PR2025-3
SO012305-3,PR2025-3
SO012306-1,PR2025-3
SO012308-2,PR2025-3
SO012309-1,PR2025-3
SO012310-1,PR2025-3
SO012314-2,PR2025-3
SO012315-1,PR2025-3
SO012316-3,PR2025-3
SO012317-1,PR2025-3
SO012319-2,PR2025-3
SO012320-1,PR2025-3
SO012322-1,PR2025-3
SO012325-1,PR2025-3
SO012326-1,PR2025-3
SO012326-2,PR2025-3
SO012328-2,PR2025-3
SO012329-1,PR2025-3
SO012329-2,PR2025-3
SO012330-1,PR2025-3
SO012331-1,PR2025-3
SO012334-2,PR2025-3
SO012335-1,PR2025-3
SO012336-1,PR2025-3
SO012337-1,PR2025-3
SO012338-1,PR2025-3
SO012339-1,PR2025-3
SO012339-3,PR2025-3
SO012340-1,PR2025-3
SO012342-1,PR2025-3
SO012343-1,PR2025-3
SO012343-2,PR2025-3
SO012343-3,PR2025-3
SO012346-1,PR2025-3
SO012347-3,PR2025-3
SO012347-4,PR2025-3
SO012348-2,PR2025-3
SO012349-1,PR2025-3
SO012350-1,PR2025-3
SO012350-2,PR2025-3
SO012352-1,PR2025-3
SO012352-2,PR2025-3
SO012353-3,PR2025-3
SO012353-5,PR2025-3
SO012354-1,PR2025-3
SO012356-1,PR2025-3
SO012357-2,PR2025-3
SO012358-1,PR2025-3
SO012359-1,PR2025-3
SO012359-2,PR2025-3
SO012359-3,PR2025-3
SO012359-4,PR2025-3
SO012360-1,PR2025-3
SO012360-3,PR2025-3
SO012361-1,PR2025-3
SO012363-2,PR2025-3
SO012364-3,PR2025-3
SO012369-1,PR2025-3
SO012369-3,PR2025-3
SO012372-1,PR2025-3
SO012372-2,PR2025-3
SO012373-1,PR2025-3
SO012373-2,PR2025-3
SO012373-3,PR2025-3
SO012376-1,PR2025-3
SO012377-2,PR2025-3
SO012379-4,PR2025-3
SO012379-5,PR2025-3
SO012380-2,PR2025-3
SO012381-1,PR2025-3
SO012382-1,PR2025-3
SO012383-2,PR2025-3
SO012385-1,PR2025-3
SO012386-1,PR2025-3
SO012387-1,PR2025-3
SO012387-2,PR2025-3
SO012388-4,PR2025-3
SO012389-1,PR2025-3
SO012390-2,PR2025-3
SO012391-2,PR2025-3
SO012393-3,PR2025-3
SO012393-4,PR2025-3
SO012394-1,PR2025-3
SO012394-3,PR2025-3
SO012397-1,PR2025-3
SO012399-2,PR2025-3
SO012399-3,PR2025-3
SO012401-1,PR2025-3
SO012401-2,PR2025-3
SO012401-3,PR2025-3
SO012402-1,PR2025-3
SO012403-1,PR2025-3
SO012404-2,PR2025-3
SO012405-1,PR2025-3
SO012406-1,PR2025-3
SO012406-2,PR2025-3
SO012407-1,PR2025-3
SO012410-1,PR2025-3
SO012413-1,PR2025-3
SO012414-1,PR2025-3
SO012415-1,PR2025-3
SO012415-2,PR2025-3
SO012417-1,PR2025-3
SO012417-3,PR2025-3
SO012417-4,PR2025-3
SO012418-1,PR2025-3
SO012418-2,PR2025-3
SO012420-2,PR2025-3
SO012421-1,PR2025-3
SO012421-2,PR2025-3
SO012421-4,PR2025-3
SO012422-1,PR2025-3
SO012422-2,PR2025-3
SO012423-1,PR2025-3
SO012423-3,PR2025-3
SO012424-1,PR2025-3
SO012424-2,PR2025-3
SO012424-3,PR2025-3
SO012426-1,PR2025-3
SO012426-2,PR2025-3
SO012426-3,PR2025-3
SO012426-4,PR2025-3
SO012430-1,PR2025-3
SO012431-1,PR2025-3
SO012431-2,PR2025-3
SO012432-2,PR2025-3
SO012433-1,PR2025-3
SO012437-2,PR2025-3
SO012438-3,PR2025-3
SO012439-1,PR2025-3
SO012440-2,PR2025-3
SO012444-2,PR2025-3
SO012445-1,PR2025-3
SO012446-1,PR2025-3
SO012448-2,PR2025-3
SO012448-3,PR2025-3
SO012449-1,PR2025-3
SO012450-3,PR2025-3
SO012451-1,PR2025-3
SO012451-2,PR2025-3
SO012451-4,PR2025-3
SO012456-1,PR2025-3
SO012456-2,PR2025-3
SO012457-1,PR2025-3
SO012459-1,PR2025-3
SO012459-2,PR2025-3
SO012460-1,PR2025-3
SO012461-1,PR2025-3
SO012461-2,PR2025-3
SO012464-1,PR2025-3
SO012466-1,PR2025-3
SO012466-3,PR2025-3
SO012468-1,PR2025-3
SO012470-1,PR2025-3
SO012470-4,PR2025-3
SO012473-2,PR2025-3
SO012474-1,PR2025-3
SO012474-2,PR2025-3
SO012475-1,PR2025-3
SO012478-1,PR2025-3
SO012478-3,PR2025-3
SO012480-1,PR2025-3
SO012482-2,PR2025-3
SO012486-2,PR2025-3
SO012488-3,PR2025-3
SO012490-2,PR2025-3
SO012491-1,PR2025-3
SO012491-4,PR2025-3
SO012494-3,PR2025-3
SO012496-1,PR2025-3
SO012500-1,PR2025-3
SO012500-2,PR2025-3
SO012500-4,PR2025-3
SO012500-5,PR2025-3
SO012504-1,PR2025-3
SO012506-1,PR2025-3
SO012508-1,PR2025-3
SO012508-2,PR2025-3
SO012509-1,PR2025-3
SO012509-3,PR2025-3
SO012510-2,PR2025-3
SO012511-2,PR2025-3
SO012512-1,PR2025-3
SO012512-2,PR2025-3
SO012514-1,PR2025-3
SO012514-3,PR2025-3
SO012515-1,PR2025-3
SO012516-1,PR2025-3
SO012516-3,PR2025-3
SO012517-1,PR2025-3
SO012518-1,PR2025-3
SO012520-1,PR2025-3
SO012520-4,PR2025-3
SO012521-1,PR2025-3
SO012522-1,PR2025-3
SO012522-2,PR2025-3
SO012523-1,PR2025-3
SO012524-1,PR2025-3
SO012524-2,PR2025-3
SO012524-3,PR2025-3
SO012526-1,PR2025-3
SO012527-1,PR2025-3
SO012527-2,PR2025-3
SO012527-4,PR2025-3
SO012529-1,PR2025-3
SO012529-3,PR2025-3
SO012530-1,PR2025-3
SO012531-2,PR2025-3
SO012531-4,PR2025-3
SO012531-5,PR2025-3
SO012532-2,PR2025-3
SO012532-3,PR2025-3
SO012532-4,PR2025-3
SO012534-1,PR2025-3
SO012534-3,PR2025-3
SO012535-1,PR2025-3
SO012536-1,PR2025-3
SO012540-2,PR2025-3
SO012542-3,PR2025-3
SO012543-3,PR2025-3
SO012543-4,PR2025-3
SO012544-1,PR2025-3
SO012544-2,PR2025-3
SO012545-1,PR2025-3
SO012545-2,PR2025-3
SO012546-2,PR2025-3
SO012548-1,PR2025-3
SO012548-2,PR2025-3
SO012549-2,PR2025-3
SO012549-3,PR2025-3
SO012550-1,PR2025-3
SO012552-1,PR2025-3
SO012554-1,PR2025-3
SO012554-2,PR2025-3
SO012555-2,PR2025-3
SO012555-3,PR2025-3
SO012556-2,PR2025-3
SO012557-3,PR2025-3
SO012558-2,PR2025-3
SO012559-1,PR2025-3
SO012561-1,PR2025-3
SO012562-1,PR2025-3
SO012565-1,PR2025-3
SO012567-2,PR2025-3
SO012568-1,PR2025-3
SO012569-2,PR2025-3
SO012570-1,PR2025-3
SO012571-1,PR2025-3
SO012572-1,PR2025-3
SO012573-1,PR2025-3
SO012574-2,PR2025-3
SO012575-2,PR2025-3
SO012576-2,PR2025-3
SO012581-3,PR2025-3
SO012582-2,PR2025-3
SO012584-1,PR2025-3
SO012584-2,PR2025-3
SO012586-2,PR2025-3
SO012587-1,PR2025-3
SO012588-2,PR2025-3
SO012589-3,PR2025-3
SO012590-1,PR2025-3
SO012591-2,PR2025-3
SO012594-2,PR2025-3
SO012594-5,PR2025-3
SO012595-1,PR2025-3
SO012599-3,PR2025-3
SO012600-1,PR2025-3
SO012600-2,PR2025-3
SO012602-1,PR2025-3
SO012605-1,PR2025-3
SO012605-2,PR2025-3
SO012607-1,PR2025-3
SO012608-1,PR2025-3
SO012610-2,PR2025-3
SO012613-1,PR2025-3
SO012614-1,PR2025-3
SO012614-2,PR2025-3
SO012617-2,PR2025-3
SO012619-2,PR2025-3
SO012621-1,PR2025-3
SO012621-2,PR2025-3
SO012622-1,PR2025-3
SO012622-2,PR2025-3
SO012623-1,PR2025-3
SO012623-2,PR2025-3
SO012624-1,PR2025-3
SO012624-2,PR2025-3
SO012625-1,PR2025-3
SO012625-2,PR2025-3
SO012626-2,PR2025-3
SO012627-1,PR2025-3
SO012628-1,PR2025-3
SO012629-1,PR2025-3
SO012630-1,PR2025-3
SO012630-2,PR2025-3
SO012631-1,PR2025-3
SO012633-1,PR2025-3
SO012634-1,PR2025-3
SO012635-1,PR2025-3
SO012638-2,PR2025-3
SO012638-3,PR2025-3
SO012639-1,PR2025-3
SO012640-1,PR2025-3
SO012640-2,PR2025-3
SO012641-1,PR2025-3
SO012642-1,PR2025-3
SO012643-1,PR2025-3
SO012643-3,PR2025-3
SO012643-4,PR2025-3
SO012644-1,PR2025-3
SO012646-1,PR2025-3
SO012646-2,PR2025-3
SO012646-3,PR2025-3
SO012646-5,PR2025-3
SO012647-2,PR2025-3
SO012647-3,PR2025-3
SO012648-1,PR2025-3
SO012649-1,PR2025-3
SO012652-1,PR2025-3
SO012654-1,PR2025-3
SO012655-2,PR2025-3
SO012656-5,PR2025-3
SO012657-2,PR2025-3
SO012660-1,PR2025-3
SO012661-1,PR2025-3
SO012661-2,PR2025-3
SO012661-3,PR2025-3
SO012663-1,PR2025-3
SO012663-2,PR2025-3
SO012663-3,PR2025-3
SO012665-1,PR2025-3
SO012665-2,PR2025-3
SO012666-1,PR2025-3
SO012668-1,PR2025-3
SO012668-3,PR2025-3
SO012670-1,PR2025-3
SO012672-1,PR2025-3
SO012672-2,PR2025-3
SO012673-1,PR2025-3
SO012675-1,PR2025-3
SO012675-2,PR2025-3
SO012676-1,PR2025-3
SO012676-3,PR2025-3
SO012676-4,PR2025-3
SO012678-2,PR2025-3
SO012679-1,PR2025-3
SO012680-1,PR2025-3
SO012681-1,PR2025-3
SO012681-2,PR2025-3
SO012681-3,PR2025-3
SO012681-4,PR2025-3
SO012683-1,PR2025-3
SO012683-2,PR2025-3
SO012684-1,PR2025-3
SO012685-1,PR2025-3
SO012686-1,PR2025-3
SO012686-2,PR2025-3
SO012687-1,PR2025-3
SO012688-4,PR2025-3
SO012689-1,PR2025-3
SO012690-1,PR2025-3
SO012691-1,PR2025-3
SO012693-1,PR2025-3
SO012695-2,PR2025-3
SO012697-1,PR2025-3
SO012698-1,PR2025-3
SO012699-1,PR2025-3
SO012699-4,PR2025-3
SO012700-1,PR2025-3
SO012701-1,PR2025-3
SO012704-1,PR2025-3
SO012704-2,PR2025-3
SO012704-5,PR2025-3
SO012705-1,PR2025-3
SO012708-1,PR2025-3
SO012708-2,PR2025-3
SO012708-3,PR2025-3
SO012709-1,PR2025-3
SO012710-1,PR2025-3
SO012711-1,PR2025-3
SO012712-1,PR2025-3
SO012713-1,PR2025-3
SO012713-3,PR2025-3
SO012716-2,PR2025-3
SO012716-3,PR2025-3
SO012717-1,PR2025-3
SO012718-2,PR2025-3
SO012721-1,PR2025-3
SO012721-2,PR2025-3
SO012723-2,PR2025-3
SO012723-3,PR2025-3
SO012724-1,PR2025-3
SO012725-2,PR2025-3
SO012726-1,PR2025-3
SO012727-1,PR2025-3
SO012727-2,PR2025-3
SO012729-1,PR2025-3
SO012729-2,PR2025-3
SO012729-3,PR2025-3
SO012733-3,PR2025-3
SO012734-1,PR2025-3
SO012736-1,PR2025-3
SO012739-2,PR2025-3
SO012739-3,PR2025-3
SO012739-5,PR2025-3
SO012741-1,PR2025-3
SO012742-3,PR2025-3
SO012742-5,PR2025-3
SO012746-1,PR2025-3
SO012748-1,PR2025-3
SO012748-2,PR2025-3
SO012749-3,PR2025-3
SO012750-1,PR2025-3
SO012750-2,PR2025-3
SO012751-1,PR2025-3
SO012751-3,PR2025-3
SO012751-5,PR2025-3
SO012753-1,PR2025-3
SO012753-2,PR2025-3
SO012754-1,PR2025-3
SO012754-3,PR2025-3
SO012754-4,PR2025-3
SO012755-1,PR2025-3
SO012755-3,PR2025-3
SO012756-2,PR2025-3
SO012757-1,PR2025-3
SO012759-1,PR2025-3
SO012760-1,PR2025-3
SO012761-3,PR2025-3
SO012761-5,PR2025-3
SO012763-1,PR2025-3
SO012763-2,PR2025-3
SO012763-3,PR2025-3
SO012764-1,PR2025-3
SO012764-2,PR2025-3
SO012765-1,PR2025-3
SO012767-1,PR2025-3
SO012768-1,PR2025-3
SO012769-1,PR2025-3
SO012770-2,PR2025-3
SO012771-1,PR2025-3
SO012771-2,PR2025-3
SO012771-3,PR2025-3
SO012776-2,PR2025-3
SO012778-1,PR2025-3
SO012778-2,PR2025-3
SO012778-3,PR2025-3
SO012779-2,PR2025-3
SO012782-1,PR2025-3
SO012782-2,PR2025-3
SO012782-3,PR2025-3
SO012783-1,PR2025-3
SO012784-1,PR2025-3
SO012784-2,PR2025-3
SO012785-1,PR2025-3
SO012785-2,PR2025-3
SO012786-2,PR2025-3
SO012786-3,PR2025-3
SO012787-3,PR2025-3
SO012788-1,PR2025-3
SO012789-1,PR2025-3
SO012789-2,PR2025-3
SO012792-1,PR2025-3
SO012794-1,PR2025-3
SO012795-1,PR2025-3
SO012795-2,PR2025-3
SO012796-1,PR2025-3
SO012796-2,PR2025-3
SO012797-1,PR2025-3
SO012797-3,PR2025-3
SO012797-4,PR2025-3
SO012799-1,PR2025-3
SO012799-2,PR2025-3
SO012800-1,PR2025-3
SO012801-1,PR2025-3
SO012801-2,PR2025-3
SO012802-1,PR2025-3
SO012802-3,PR2025-3
SO012803-1,PR2025-3
SO012804-1,PR2025-3
SO012806-1,PR2025-3
SO012809-1,PR2025-3
SO012809-2,PR2025-3
SO012809-3,PR2025-3
SO012809-5,PR2025-3
SO012812-1,PR2025-3
SO012815-1,PR2025-3
SO012815-2,PR2025-3
SO012815-3,PR2025-3
SO012816-2,PR2025-3
SO012817-1,PR2025-3
SO012818-1,PR2025-3
SO012818-3,PR2025-3
SO012818-4,PR2025-3
SO012819-1,PR2025-3
SO012820-1,PR2025-3
SO012821-2,PR2025-3
SO012821-3,PR2025-3
SO012821-4,PR2025-3
SO012823-1,PR2025-3
SO012823-3,PR2025-3
SO012825-1,PR2025-3
SO012825-2,PR2025-3
SO012825-4,PR2025-3
SO012826-1,PR2025-3
SO012826-2,PR2025-3
SO012827-1,PR2025-3
SO012828-1,PR2025-3
SO012829-2,PR2025-3
SO012831-1,PR2025-3
SO012834-2,PR2025-3
SO012835-1,PR2025-3
SO012835-4,PR2025-3
SO012836-3,PR2025-3
SO012837-1,PR2025-3
SO012838-3,PR2025-3
SO012838-4,PR2025-3
SO012838-5,PR2025-3
SO012840-1,PR2025-3
SO012841-2,PR2025-3
SO012843-2,PR2025-3
SO012844-1,PR2025-3
SO012845-1,PR2025-3
SO012846-1,PR2025-3
SO012846-2,PR2025-3
SO012846-5,PR2025-3
SO012847-1,PR2025-3
SO012848-1,PR2025-3
SO012849-1,PR2025-3
SO012850-1,PR2025-3
SO012852-1,PR2025-3
SO012852-2,PR2025-3
SO012854-1,PR2025-3
SO012854-2,PR2025-3
SO012855-1,PR2025-3
SO012855-2,PR2025-3
SO012858-2,PR2025-3
SO012859-1,PR2025-3
SO012859-2,PR2025-3
SO012864-1,PR2025-3
SO012866-1,PR2025-3
SO012868-2,PR2025-3
SO012868-3,PR2025-3
SO012868-4,PR2025-3
SO012870-1,PR2025-3
SO012871-1,PR2025-3
SO012872-1,PR2025-3
SO012874-1,PR2025-3
SO012874-2,PR2025-3
SO012876-1,PR2025-3
SO012876-2,PR2025-3
SO012877-1,PR2025-3
SO012877-2,PR2025-3
SO012877-3,PR2025-3
SO012877-4,PR2025-3
SO012877-5,PR2025-3
SO012878-2,PR2025-3
SO012879-3,PR2025-3
SO012880-1,PR2025-3
SO012880-2,PR2025-3
SO012881-1,PR2025-3
SO012882-1,PR2025-3
SO012882-2,PR2025-3
SO012882-3,PR2025-3
SO012883-3,PR2025-3
SO012884-1,PR2025-3
SO012885-1,PR2025-3
SO012885-2,PR2025-3
SO012886-1,PR2025-3
SO012887-1,PR2025-3
SO012887-2,PR2025-3
SO012889-3,PR2025-3
SO012890-3,PR2025-3
SO012895-4,PR2025-3
SO012896-1,PR2025-3
SO012896-2,PR2025-3
SO012897-1,PR2025-3
SO012897-2,PR2025-3
SO012897-3,PR2025-3
SO012899-1,PR2025-3
SO012899-2,PR2025-3
SO012901-3,PR2025-3
SO012903-1,PR2025-3
SO012903-2,PR2025-3
SO012903-3,PR2025-3
SO012905-1,PR2025-3
SO012905-2,PR2025-3
SO012905-3,PR2025-3
SO012906-4,PR2025-3
SO012907-3,PR2025-3
SO012908-2,PR2025-3
SO012908-4,PR2025-3
SO012909-1,PR2025-3
SO012909-2,PR2025-3
SO012912-1,PR2025-3
SO012913-1,PR2025-3
SO012914-1,PR2025-3
SO012915-1,PR2025-3
SO012918-1,PR2025-3
SO012919-1,PR2025-3
SO012919-3,PR2025-3
SO012919-4,PR2025-3
SO012923-3,PR2025-3
SO012924-1,PR2025-3
SO012925-1,PR2025-3
SO012926-1,PR2025-3
SO012927-2,PR2025-3
SO012929-2,PR2025-3
SO012929-4,PR2025-3
SO012930-1,PR2025-3
SO012932-1,PR2025-3
SO012933-2,PR2025-3
SO012933-3,PR2025-3
SO012936-1,PR2025-3
SO012936-2,PR2025-3
SO012937-2,PR2025-3
SO012939-2,PR2025-3
SO012940-1,PR2025-3
SO012941-2,PR2025-3
SO012943-2,PR2025-3
SO012943-3,PR2025-3
SO012945-1,PR2025-3
SO012946-1,PR2025-3
SO012947-1,PR2025-3
SO012947-3,PR2025-3
SO012948-1,PR2025-3
SO012948-2,PR2025-3
SO012948-4,PR2025-3
SO012949-1,PR2025-3
SO012949-2,PR2025-3
SO012950-1,PR2025-3
SO012950-2,PR2025-3
SO012951-2,PR2025-3
SO012951-3,PR2025-3
SO012952-1,PR2025-3
SO012955-1,PR2025-3
SO012956-1,PR2025-3
SO012956-2,PR2025-3
SO012958-1,PR2025-3
SO012959-1,PR2025-3
SO012960-3,PR2025-3
SO012961-1,PR2025-3
SO012963-1,PR2025-3
SO012964-1,PR2025-3
SO012965-1,PR2025-3
SO012967-2,PR2025-3
SO012968-3,PR2025-3
SO012970-1,PR2025-3
SO012971-1,PR2025-3
SO012971-2,PR2025-3
SO012971-3,PR2025-3
SO012971-4,PR2025-3
SO012971-5,PR2025-3
SO012972-1,PR2025-3
SO012972-2,PR2025-3
SO012972-3,PR2025-3
SO012973-1,PR2025-3
SO012974-1,PR2025-3
SO012975-2,PR2025-3
SO012977-1,PR2025-3
SO012977-2,PR2025-3
SO012978-2,PR2025-3
SO012978-4,PR2025-3
SO012979-1,PR2025-3
SO012981-1,PR2025-3
SO012982-1,PR2025-3
SO012984-2,PR2025-3
SO012985-1,PR2025-3
SO012985-3,PR2025-3
SO012986-1,PR2025-3
SO012989-1,PR2025-3
SO012990-1,PR2025-3
SO012990-3,PR2025-3
SO012991-1,PR2025-3
SO012991-2,PR2025-3
SO012992-2,PR2025-3
SO012994-1,PR2025-3
SO012995-1,PR2025-3
SO012995-2,PR2025-3
SO012995-3,PR2025-3
SO012996-1,PR2025-3
SO012996-2,PR2025-3
SO012999-1,PR2025-3
SO013002-1,PR2025-3
SO013002-2,PR2025-3
SO013003-1,PR2025-3
SO013004-1,PR2025-3
SO013005-3,PR2025-3
SO013006-3,PR2025-3
SO013006-4,PR2025-3
SO013007-3,PR2025-3
SO013008-1,PR2025-3
SO013010-1,PR2025-3
SO013011-1,PR2025-3
SO013011-3,PR2025-3
SO013012-1,PR2025-3
SO013012-3,PR2025-3
SO013014-1,PR2025-3
SO013018-1,PR2025-3
SO013019-2,PR2025-3
SO013021-1,PR2025-3
SO013021-2,PR2025-3
SO013022-1,PR2025-3
SO013023-1,PR2025-3
SO013024-1,PR2025-3
SO013025-1,PR2025-3
SO013025-3,PR2025-3
SO013026-3,PR2025-3
SO013027-2,PR2025-3
SO013028-1,PR2025-3
SO013030-3,PR2025-3
SO013030-4,PR2025-3
SO013031-1,PR2025-3
SO013042-1,PR2025-4
SO013046-3,PR2025-4
SO013051-2,PR2025-4
SO013051-3,PR2025-4
SO013061-2,PR2025-4
SO013065-1,PR2025-4
SO013072-1,PR2025-4
SO013076-1,PR2025-4
SO013084-2,PR2025-4
SO013089-1,PR2025-4
SO013090-1,PR2025-4
SO013091-2,PR2025-4
SO013092-1,PR2025-4
SO013097-1,PR2025-4
SO013106-1,PR2025-4
SO013106-2,PR2025-4
SO013113-1,PR2025-4
SO013118-2,PR2025-4
SO013119-1,PR2025-4
SO013125-1,PR2025-4
SO013132-3,PR2025-4
SO013135-1,PR2025-4
SO013137-3,PR2025-4
SO013145-1,PR2025-4
SO013146-1,PR2025-4
SO013147-1,PR2025-4
SO013151-1,PR2025-4
SO013162-2,PR2025-4
SO013170-3,PR2025-4
SO013178-2,PR2025-4
SO013183-1,PR2025-4
SO013187-3,PR2025-4
SO013189-1,PR2025-4
SO013193-1,PR2025-4
SO013197-2,PR2025-4
SO013200-1,PR2025-4
SO013207-2,PR2025-4
SO013208-1,PR2025-4
SO013209-1,PR2025-4
SO013210-1,PR2025-4
SO013214-1,PR2025-4
SO013216-3,PR2025-4
SO013230-2,PR2025-4
SO013231-3,PR2025-4
SO013232-1,PR2025-4
SO013236-4,PR2025-4
SO013239-2,PR2025-4
SO013244-1,PR2025-4
SO013245-1,PR2025-4
SO013252-1,PR2025-4
SO013266-1,PR2025-4
SO013270-1,PR2025-4
SO013270-2,PR2025-4
SO013286-1,PR2025-4
SO013293-1,PR2025-4
SO013295-1,PR2025-4
SO013298-1,PR2025-4
SO013305-3,PR2025-4
SO013311-2,PR2025-4
SO013312-1,PR2025-4
SO013323-1,PR2025-4
SO013325-1,PR2025-4
SO013340-1,PR2025-4
SO013348-1,PR2025-4
SO013353-2,PR2025-4
SO013356-1,PR2025-4
SO013360-1,PR2025-4
SO013368-2,PR2025-4
SO013368-3,PR2025-4
SO013374-1,PR2025-4
SO013375-2,PR2025-4
SO013378-4,PR2025-4
SO013382-1,PR2025-4
SO013389-1,PR2025-4
SO013389-3,PR2025-4
SO013391-2,PR2025-4
SO013393-2,PR2025-4
SO013396-2,PR2025-4
SO013401-4,PR2025-4
SO013414-1,PR2025-4
SO013421-1,PR2025-4
SO013429-1,PR2025-4
SO013431-2,PR2025-4
SO013453-3,PR2025-4
SO013454-3,PR2025-4
SO013455-2,PR2025-4
SO013461-1,PR2025-4
SO013467-4,PR2025-4
SO013472-1,PR2025-4
SO013473-1,PR2025-4
SO013485-1,PR2025-4
SO013491-3,PR2025-4
SO013494-1,PR2025-4
SO013499-3,PR2025-4
SO013506-1,PR2025-4
SO013507-2,PR2025-4
SO013508-1,PR2025-4
SO013510-1,PR2025-4
SO013510-3,PR2025-4
SO013524-1,PR2025-4
SO013526-1,PR2025-4
SO013537-1,PR2025-4
SO013548-3,PR2025-4
SO013549-1,PR2025-4
SO013550-1,PR2025-4
SO013550-2,PR2025-4
SO013564-2,PR2025-4
SO013565-2,PR2025-4
SO013566-1,PR2025-4
SO013567-2,PR2025-4
SO013570-1,PR2025-4
SO013582-1,PR2025-4
SO013590-1,PR2025-4
SO013593-3,PR2025-4
SO013593-5,PR2025-4
SO013599-2,PR2025-4
SO013601-4,PR2025-4
SO013602-2,PR2025-4
SO013610-1,PR2025-4
SO013613-3,PR2025-4
SO013614-1,PR2025-4
SO013623-1,PR2025-4
SO013624-4,PR2025-4
SO013625-3,PR2025-4
SO013638-2,PR2025-4
SO013650-4,PR2025-4
SO013651-4,PR2025-4
SO013653-1,PR2025-4
SO013661-3,PR2025-4
SO013662-1,PR2025-4
SO013664-2,PR2025-4
SO013679-1,PR2025-4
SO013693-4,PR2025-4
SO013695-3,PR2025-4
SO013696-2,PR2025-4
SO013703-1,PR2025-4
SO013704-1,PR2025-4
SO013713-2,PR2025-4
SO013723-2,PR2025-4
SO013726-1,PR2025-4
SO013728-1,PR2025-4
SO013729-3,PR2025-4
SO013733-1,PR2025-4
SO013734-1,PR2025-4
SO013737-1,PR2025-4
SO013745-2,PR2025-4
SO013749-1,PR2025-4
SO013753-3,PR2025-4
SO013754-1,PR2025-4
SO013756-1,PR2025-4
SO013756-3,PR2025-4
SO013758-3,PR2025-4
SO013759-2,PR2025-4
SO013764-5,PR2025-4
SO013771-1,PR2025-4
SO013777-1,PR2025-4
SO013781-2,PR2025-4
SO013784-2,PR2025-4
SO013788-1,PR2025-4
SO013803-3,PR2025-4
SO013816-4,PR2025-4
SO013820-4,PR2025-4
SO013830-3,PR2025-4
SO013832-2,PR2025-4
SO013836-2,PR2025-4
SO013838-2,PR2025-4
SO013845-1,PR2025-4
SO013845-2,PR2025-4
SO013848-1,PR2025-4
SO013848-3,PR2025-4
SO013849-1,PR2025-4
SO013849-2,PR2025-4
SO013850-2,PR2025-4
SO013850-3,PR2025-4
SO013852-3,PR2025-4
SO013856-1,PR2025-4
SO013857-2,PR2025-4
SO013866-1,PR2025-4
SO013870-1,PR2025-4
SO013879-2,PR2025-4
SO013884-1,PR2025-4
SO013892-1,PR2025-4
SO013904-3,PR2025-4
SO013912-3,PR2025-4
SO013914-1,PR2025-4
SO013917-1,PR2025-4
SO013918-3,PR2025-4
SO013920-1,PR2025-4
SO013923-1,PR2025-4
SO013926-1,PR2025-4
SO013927-3,PR2025-4
SO013928-4,PR2025-4
SO013932-2,PR2025-4
SO013939-1,PR2025-4
SO013951-1,PR2025-4
SO013956-2,PR2025-4
SO013962-1,PR2025-4
SO013966-1,PR2025-4
SO013967-1,PR2025-4
SO013970-2,PR2025-4
SO013975-1,PR2025-4
SO013979-2,PR2025-4
SO013994-2,PR2025-4
SO013999-2,PR2025-4
SO013999-3,PR2025-4
SO014000-1,PR2025-4
SO014002-1,PR2025-4
SO014006-2,PR2025-4
SO014008-2,PR2025-4
SO014013-1,PR2025-4
SO014013-2,PR2025-4
SO014014-2,PR2025-4
SO014019-1,PR2025-4
SO014019-2,PR2025-4
SO014024-1,PR2025-4
SO014033-1,PR2025-4
SO014033-3,PR2025-4
SO014034-3,PR2025-4
SO014037-2,PR2025-4
SO014050-1,PR2025-4
SO014052-2,PR2025-4
SO014052-3,PR2025-4
SO014057-1,PR2025-4
SO014058-4,PR2025-4
SO014058-5,PR2025-4
SO014060-2,PR2025-4
SO014075-2,PR2025-4
SO014077-3,PR2025-4
SO014080-2,PR2025-4
SO014082-1,PR2025-4
SO014085-3,PR2025-4
SO014090-1,PR2025-4
SO014090-2,PR2025-4
SO014105-2,PR2025-4
SO014106-1,PR2025-4
SO014114-1,PR2025-4
SO014116-1,PR2025-4
SO014116-4,PR2025-4
SO014122-1,PR2025-4
SO014127-1,PR2025-4
SO014130-1,PR2025-4
SO014135-1,PR2025-4
SO014137-1,PR2025-4
SO014140-4,PR2025-4
SO014141-1,PR2025-4
SO014146-3,PR2025-4
SO014155-1,PR2025-4
SO014168-2,PR2025-4
SO014176-1,PR2025-4
SO014178-2,PR2025-4
SO014181-1,PR2025-4
SO014194-1,PR2025-4
SO014205-1,PR2025-4
SO014216-1,PR2025-4
SO014221-1,PR2025-4
SO014221-3,PR2025-4
SO014227-1,PR2025-4
SO014229-1,PR2025-4
SO014230-2,PR2025-4
SO014234-1,PR2025-4
SO014235-4,PR2025-4
SO014236-2,PR2025-4
SO014237-1,PR2025-4
SO014243-4,PR2025-4
SO014245-3,PR2025-4
SO014248-1,PR2025-4
SO014256-2,PR2025-4
SO014258-3,PR2025-4
SO014260-2,PR2025-4
SO014262-1,PR2025-4
SO014269-1,PR2025-4
SO014270-1,PR2025-4
SO014273-1,PR2025-4
SO014273-3,PR2025-4
SO014273-4,PR2025-4
SO014277-2,PR2025-4
SO014278-1,PR2025-4
SO014281-4,PR2025-4
SO014282-1,PR2025-4
SO014289-2,PR2025-4
SO014290-1,PR2025-4
SO014293-2,PR2025-4
SO014296-5,PR2025-4
SO014306-2,PR2025-4
SO014315-1,PR2025-4
SO014326-1,PR2025-4
SO014341-4,PR2025-4
SO014349-1,PR2025-4
SO014349-4,PR2025-4
SO014350-1,PR2025-4
SO014354-2,PR2025-4
SO014355-3,PR2025-4
SO014372-2,PR2025-4
SO014378-1,PR2025-4
SO014382-3,PR2025-4
SO014385-4,PR2025-4
SO014386-5,PR2025-4
SO014391-3,PR2025-4
SO014393-5,PR2025-4
SO014397-2,PR2025-4
SO014398-3,PR2025-4
SO014400-2,PR2025-4
SO014401-2,PR2025-4
SO014401-4,PR2025-4
SO014402-2,PR2025-4
SO014406-3,PR2025-4
SO014413-2,PR2025-4
SO014418-1,PR2025-4
SO014422-1,PR2025-4
SO014423-2,PR2025-4
SO014430-1,PR2025-4
SO014433-2,PR2025-4
SO014435-1,PR2025-4
SO014436-2,PR2025-4
SO014442-1,PR2025-4
SO014449-1,PR2025-4
SO014450-1,PR2025-4
SO014461-2,PR2025-4
SO014475-1,PR2025-4
SO014485-3,PR2025-4
SO014492-2,PR2025-4
SO014493-2,PR2025-4
SO014495-2,PR2025-4
SO014502-1,PR2025-4
SO014508-2,PR2025-4
SO014510-2,PR2025-4
SO014523-2,PR2025-4
SO014533-1,PR2025-4
SO014540-1,PR2025-4
SO014541-1,PR2025-4
SO014542-1,PR2025-4
SO014542-2,PR2025-4
SO014544-1,PR2025-4
SO014545-1,PR2025-4
SO014548-1,PR2025-4
SO014549-3,PR2025-4
SO014550-1,PR2025-4
SO014555-2,PR2025-4
SO014561-1,PR2025-4
SO014562-1,PR2025-4
SO014563-1,PR2025-4
SO014569-5,PR2025-4
SO014570-2,PR2025-4
SO014577-1,PR2025-4
SO014581-1,PR2025-4
SO014591-3,PR2025-4
SO014593-1,PR2025-4
SO014598-1,PR2025-4
SO014599-1,PR2025-4
SO014604-3,PR2025-4
SO014607-2,PR2025-4
SO014610-1,PR2025-4
SO014611-2,PR2025-4
SO014617-1,PR2025-4
SO014619-1,PR2025-4
SO014622-1,PR2025-4
SO014636-2,PR2025-4
SO014647-1,PR2025-4
SO014650-3,PR2025-4
SO014680-3,PR2025-4
SO014681-1,PR2025-4
SO014683-3,PR2025-4
SO014687-1,PR2025-4
SO014689-4,PR2025-4
SO014690-1,PR2025-4
SO014693-2,PR2025-4
SO014702-1,PR2025-4
SO014702-4,PR2025-4
SO014707-1,PR2025-4
SO014708-1,PR2025-4
SO014721-2,PR2025-4
SO014722-1,PR2025-4
SO014725-2,PR2025-4
SO014726-2,PR2025-4
SO014726-4,PR2025-4
SO014727-1,PR2025-4
SO014728-1,PR2025-4
SO014730-3,PR2025-4
SO014731-1,PR2025-4
SO014732-1,PR2025-4
SO014732-2,PR2025-4
SO014738-2,PR2025-4
SO014739-1,PR2025-4
SO014745-1,PR2025-4
SO014746-1,PR2025-4
SO014746-2,PR2025-4
SO014752-1,PR2025-4
SO014755-3,PR2025-4
SO014772-1,PR2025-4
SO014782-1,PR2025-4
SO014808-3,PR2025-4
SO014812-1,PR2025-4
SO014816-1,PR2025-4
SO014821-3,PR2025-4
SO014823-1,PR2025-4
SO014832-1,PR2025-4
SO014837-3,PR2025-4
SO014840-2,PR2025-4
SO014846-1,PR2025-4
SO014865-1,PR2025-4
SO014870-1,PR2025-4
SO014871-1,PR2025-4
SO014872-2,PR2025-4
SO014879-2,PR2025-4
SO014891-1,PR2025-4
SO014892-1,PR2025-4
SO014900-1,PR2025-4
SO014901-1,PR2025-4
SO014903-5,PR2025-4
SO014904-1,PR2025-4
SO014913-1,PR2025-4
SO014916-1,PR2025-4
SO014921-1,PR2025-4
SO014923-1,PR2025-4
SO014936-2,PR2025-4
SO014940-2,PR2025-4
SO014946-1,PR2025-4
SO014953-1,PR2025-4
SO014956-3,PR2025-4
SO014958-1,PR2025-4
SO014962-1,PR2025-4
SO014963-1,PR2025-4
SO014967-3,PR2025-4
SO014969-1,PR2025-4
SO014970-1,PR2025-4
SO014982-3,PR2025-4
SO014986-3,PR2025-4
SO014990-3,PR2025-4
SO014992-2,PR2025-4
SO015000-2,PR2025-4
SO015007-3,PR2025-4
SO015008-3,PR2025-4
SO015011-4,PR2025-4
SO015022-1,PR2025-4
SO015024-3,PR2025-4
SO015026-1,PR2025-4
SO015030-2,PR2025-4
SO015034-4,PR2025-4
SO015038-1,PR2025-4
SO015047-1,PR2025-4
SO015049-4,PR2025-4
SO015057-1,PR2025-4
SO015060-1,PR2025-4
SO015063-2,PR2025-4
SO015086-5,PR2025-4
SO015096-2,PR2025-4
SO015099-1,PR2025-4
SO015100-1,PR2025-4
SO015101-1,PR2025-4
SO015101-2,PR2025-4
SO015113-4,PR2025-4
SO015114-3,PR2025-4
SO015133-1,PR2025-4
SO015137-2,PR2025-4
SO015139-1,PR2025-4
SO015141-3,PR2025-4
SO015151-1,PR2025-4
SO015152-3,PR2025-4
SO015159-1,PR2025-4
SO015159-3,PR2025-4
SO015163-1,PR2025-4
SO015168-3,PR2025-4
SO015172-2,PR2025-4
SO015173-1,PR2025-4
SO015189-3,PR2025-4
SO015198-1,PR2025-4
SO015198-2,PR2025-4
SO015207-3,PR2025-4
SO015207-4,PR2025-4
SO015213-1,PR2025-4
SO015213-4,PR2025-4
SO015216-1,PR2025-4
SO015226-2,PR2025-4
SO015226-3,PR2025-4
SO015237-1,PR2025-4
SO015244-2,PR2025-4
SO015250-2,PR2025-4
SO015263-2,PR2025-4
SO015263-3,PR2025-4
SO015267-2,PR2025-4
SO015270-1,PR2025-4
SO015270-2,PR2025-4
SO015272-1,PR2025-4
SO015275-3,PR2025-4
SO015278-4,PR2025-4
SO015280-2,PR2025-4
SO015288-2,PR2025-4
SO015297-1,PR2025-4
SO015298-1,PR2025-4
SO015300-2,PR2025-4
SO015304-1,PR2025-4
SO015310-2,PR2025-4
SO015311-1,PR2025-4
SO015321-3,PR2025-4
SO015322-1,PR2025-4
SO015339-2,PR2025-4
SO015348-3,PR2025-4
SO015352-3,PR2025-4
SO015354-3,PR2025-4
SO015355-1,PR2025-4
SO015355-2,PR2025-4
SO015364-1,PR2025-4
SO015367-3,PR2025-4
SO015372-2,PR2025-4
SO015381-2,PR2025-4
SO015382-1,PR2025-4
SO015382-2,PR2025-4
SO015384-1,PR2025-4
SO015389-1,PR2025-4
SO015406-1,PR2025-4
SO015407-2,PR2025-4
SO015410-3,PR2025-4
SO015415-2,PR2025-4
SO015422-2,PR2025-4
SO015422-3,PR2025-4
SO015424-2,PR2025-4
SO015428-1,PR2025-4
SO015428-2,PR2025-4
SO015438-1,PR2025-4
SO015451-1,PR2025-4
SO015452-1,PR2025-4
SO015460-2,PR2025-4
SO015466-5,PR2025-4
SO015467-1,PR2025-4
SO015471-2,PR2025-4
SO015473-1,PR2025-4
SO015476-1,PR2025-4
SO015479-1,PR2025-4
SO015483-1,PR2025-4
SO015495-1,PR2025-4
SO015497-3,PR2025-4
SO015508-3,PR2025-4
SO015510-1,PR2025-4
SO015522-4,PR2025-4
SO015534-1,PR2025-4
SO015538-2,PR2025-4
SO015547-1,PR2025-4
SO015557-1,PR2025-4
SO015564-5,PR2025-4
SO015568-2,PR2025-4
SO015573-1,PR2025-4
SO015575-2,PR2025-4
SO015580-5,PR2025-4
SO015582-2,PR2025-4
SO015584-2,PR2025-4
SO015589-3,PR2025-4
SO015599-1,PR2025-4
SO015611-1,PR2025-4
SO015612-2,PR2025-4
SO015612-3,PR2025-4
SO015618-1,PR2025-4
SO015627-1,PR2025-4
SO015627-3,PR2025-4
SO015631-2,PR2025-4
SO015634-1,PR2025-4
SO015635-5,PR2025-4
SO015643-1,PR2025-4
SO015647-3,PR2025-4
SO015649-1,PR2025-4
SO015658-3,PR2025-4
SO015658-4,PR2025-4
SO015659-4,PR2025-4
SO015666-1,PR2025-4
SO015670-3,PR2025-4
SO015674-2,PR2025-4
SO015674-3,PR2025-4
SO015677-1,PR2025-4
SO015685-2,PR2025-4
SO015687-1,PR2025-4
SO015693-1,PR2025-4
SO015695-1,PR2025-4
SO015698-1,PR2025-4
SO015699-3,PR2025-4
SO015701-1,PR2025-4
SO015707-1,PR2025-4
SO015716-1,PR2025-4
SO015718-1,PR2025-4
SO015725-2,PR2025-4
SO015725-3,PR2025-4
SO015728-2,PR2025-4
SO015733-3,PR2025-4
SO015735-2,PR2025-4
SO015738-1,PR2025-4
SO015738-3,PR2025-4
SO015739-1,PR2025-4
SO015740-1,PR2025-4
SO015740-3,PR2025-4
SO015754-5,PR2025-4
SO015756-2,PR2025-4
SO015768-2,PR2025-4
SO015783-1,PR2025-4
SO015786-1,PR2025-4
SO015795-1,PR2025-4
SO015801-2,PR2025-4
SO015805-1,PR2025-4
SO015807-3,PR2025-4
SO015814-2,PR2025-4
SO015816-1,PR2025-4
SO015832-1,PR2025-4
SO015843-1,PR2025-4
SO015847-2,PR2025-4
SO015850-2,PR2025-4
SO015858-1,PR2025-4
SO015873-2,PR2025-4
SO015876-1,PR2025-4
SO015876-2,PR2025-4
SO015881-1,PR2025-4
SO015882-2,PR2025-4
SO015882-4,PR2025-4
SO015889-1,PR2025-4
SO015889-3,PR2025-4
SO015897-1,PR2025-4
SO015898-1,PR2025-4
SO015903-3,PR2025-4
SO015905-1,PR2025-4
SO015909-3,PR2025-4
SO015910-3,PR2025-4
SO015912-1,PR2025-4
SO015916-2,PR2025-4
SO015953-1,PR2025-4
SO015961-1,PR2025-4
SO015965-1,PR2025-4
SO015967-2,PR2025-4
SO015969-3,PR2025-4
SO015973-2,PR2025-4
SO015974-1,PR2025-4
SO015977-1,PR2025-4
SO015977-4,PR2025-4
SO015978-4,PR2025-4
SO015980-3,PR2025-4
SO015994-3,PR2025-4
SO016002-1,PR2025-4
SO016008-3,PR2025-4
SO016011-1,PR2025-4
SO016018-1,PR2025-4
SO016019-1,PR2025-4
SO016022-1,PR2025-4
SO016026-1,PR2025-4
SO016030-5,PR2025-4
SO016033-3,PR2025-4
SO016035-1,PR2025-4
SO016036-1,PR2025-4
SO016043-1,PR2025-4
SO016056-3,PR2025-4
SO016059-1,PR2025-4
SO016065-2,PR2025-4
SO016068-2,PR2025-4
SO016069-2,PR2025-4
SO016072-1,PR2025-4
SO016074-4,PR2025-4
SO016078-2,PR2025-4
SO016084-2,PR2025-4
SO016091-3,PR2025-4
SO016091-5,PR2025-4
SO016100-1,PR2025-4
SO016103-1,PR2025-4
SO016106-4,PR2025-4
SO016116-2,PR2025-4
SO016126-2,PR2025-4
SO016145-1,PR2025-4
SO016145-2,PR2025-4
SO016146-2,PR2025-4
SO016148-2,PR2025-4
SO016149-1,PR2025-4
SO016155-1,PR2025-4
SO016163-3,PR2025-4
SO016164-1,PR2025-4
SO016165-1,PR2025-4
SO016175-1,PR2025-4
SO016184-1,PR2025-4
SO016186-1,PR2025-4
SO016186-2,PR2025-4
SO016207-1,PR2025-4
SO016215-1,PR2025-4
SO016220-1,PR2025-4
SO016222-1,PR2025-4
SO016231-1,PR2025-4
SO016233-1,PR2025-4
SO016233-3,PR2025-4
SO016235-1,PR2025-4
SO016236-1,PR2025-4
SO016241-1,PR2025-4
SO016245-3,PR2025-4
SO016250-1,PR2025-4
SO016252-3,PR2025-4
SO016256-1,PR2025-4
SO016268-1,PR2025-4
SO016272-2,PR2025-4
SO016275-1,PR2025-4
SO016276-1,PR2025-4
SO016277-2,PR2025-4
SO016291-1,PR2025-4
SO016293-1,PR2025-4
SO016303-2,PR2025-4
SO016311-1,PR2025-4
SO016330-3,PR2025-5
SO016331-1,PR2025-5
SO016333-2,PR2025-5
SO016336-1,PR2025-5
SO016342-2,PR2025-5
SO016344-1,PR2025-5
SO016351-2,PR2025-5
SO016351-3,PR2025-5
SO016358-1,PR2025-5
SO016361-2,PR2025-5
SO016365-2,PR2025-5
SO016366-2,PR2025-5
SO016373-1,PR2025-5
SO016376-2,PR2025-5
SO016377-2,PR2025-5
SO016379-4,PR2025-5
SO016380-1,PR2025-5
SO016385-1,PR2025-5
SO016398-1,PR2025-5
SO016404-1,PR2025-5
SO016408-5,PR2025-5
SO016411-1,PR2025-5
SO016433-3,PR2025-5
SO016436-1,PR2025-5
SO016437-1,PR2025-5
SO016437-3,PR2025-5
SO016438-1,PR2025-5
SO016440-2,PR2025-5
SO016441-3,PR2025-5
SO016445-1,PR2025-5
SO016451-1,PR2025-5
SO016460-1,PR2025-5
SO016461-1,PR2025-5
SO016468-1,PR2025-5
SO016472-3,PR2025-5
SO016475-1,PR2025-5
SO016476-4,PR2025-5
SO016479-1,PR2025-5
SO016480-1,PR2025-5
SO016482-1,PR2025-5
SO016483-1,PR2025-5
SO016491-4,PR2025-5
SO016501-1,PR2025-5
SO016506-2,PR2025-5
SO016513-1,PR2025-5
SO016524-1,PR2025-5
SO016529-1,PR2025-5
SO016530-1,PR2025-5
SO016530-2,PR2025-5
SO016535-2,PR2025-5
SO016536-1,PR2025-5
SO016543-1,PR2025-5
SO016549-3,PR2025-5
SO016557-2,PR2025-5
SO016567-3,PR2025-5
SO016570-2,PR2025-5
SO016571-1,PR2025-5
SO016572-1,PR2025-5
SO016573-3,PR2025-5
SO016575-3,PR2025-5
SO016577-3,PR2025-5
SO016580-4,PR2025-5
SO016585-1,PR2025-5
SO016588-2,PR2025-5
SO016602-1,PR2025-5
SO016614-2,PR2025-5
SO016621-2,PR2025-5
SO016624-1,PR2025-5
SO016626-1,PR2025-5
SO016633-1,PR2025-5
SO016636-2,PR2025-5
SO016637-4,PR2025-5
SO016638-1,PR2025-5
SO016644-2,PR2025-5
SO016646-1,PR2025-5
SO016647-1,PR2025-5
SO016649-2,PR2025-5
SO016652-1,PR2025-5
SO016653-3,PR2025-5
SO016658-1,PR2025-5
SO016662-3,PR2025-5
SO016673-1,PR2025-5
SO016674-2,PR2025-5
SO016674-3,PR2025-5
SO016674-5,PR2025-5
SO016689-1,PR2025-5
SO016693-4,PR2025-5
SO016695-2,PR2025-5
SO016700-1,PR2025-5
SO016702-1,PR2025-5
SO016705-1,PR2025-5
SO016708-1,PR2025-5
SO016715-1,PR2025-5
SO016717-5,PR2025-5
SO016719-2,PR2025-5
SO016724-3,PR2025-5
SO016731-3,PR2025-5
SO016736-1,PR2025-5
SO016737-3,PR2025-5
SO016741-2,PR2025-5
SO016742-1,PR2025-5
SO016745-2,PR2025-5
SO016756-1,PR2025-5
SO016762-2,PR2025-5
SO016763-2,PR2025-5
SO016764-3,PR2025-5
SO016764-4,PR2025-5
SO016766-1,PR2025-5
SO016767-3,PR2025-5
SO016771-2,PR2025-5
SO016777-1,PR2025-5
SO016784-4,PR2025-5
SO016787-2,PR2025-5
SO016790-2,PR2025-5
SO016790-4,PR2025-5
SO016815-1,PR2025-5
SO016818-1,PR2025-5
SO016826-2,PR2025-5
SO016830-1,PR2025-5
SO016843-1,PR2025-5
SO016843-2,PR2025-5
SO016849-1,PR2025-5
SO016852-2,PR2025-5
SO016853-2,PR2025-5
SO016856-1,PR2025-5
SO016866-1,PR2025-5
SO016876-3,PR2025-5
SO016878-3,PR2025-5
SO016881-1,PR2025-5
SO016894-1,PR2025-5
SO016898-1,PR2025-5
SO016900-3,PR2025-5
SO016902-2,PR2025-5
SO016907-1,PR2025-5
SO016916-1,PR2025-5
SO016920-1,PR2025-5
SO016920-3,PR2025-5
SO016923-3,PR2025-5
SO016928-3,PR2025-5
SO016944-2,PR2025-5
SO016944-4,PR2025-5
SO016948-1,PR2025-5
SO016959-1,PR2025-5
SO016961-1,PR2025-5
SO016967-1,PR2025-5
SO016972-1,PR2025-5
SO016976-2,PR2025-5
SO016976-3,PR2025-5
SO016978-2,PR2025-5
SO016979-1,PR2025-5
SO016980-1,PR2025-5
SO016980-2,PR2025-5
SO016992-1,PR2025-5
SO016995-2,PR2025-5
SO017004-2,PR2025-5
SO017005-1,PR2025-5
SO017008-1,PR2025-5
SO017010-2,PR2025-5
SO017020-1,PR2025-5
SO017021-3,PR2025-5
SO017022-1,PR2025-5
SO017022-2,PR2025-5
SO017023-1,PR2025-5
SO017033-1,PR2025-5
SO017054-1,PR2025-5
SO017059-1,PR2025-5
SO017063-2,PR2025-5
SO017064-3,PR2025-5
SO017064-4,PR2025-5
SO017074-3,PR2025-5
SO017078-4,PR2025-5
SO017080-1,PR2025-5
SO017082-3,PR2025-5
SO017087-2,PR2025-5
SO017100-1,PR2025-5
SO017102-1,PR2025-5
SO017103-1,PR2025-5
SO017103-3,PR2025-5
SO017111-1,PR2025-5
SO017112-1,PR2025-5
SO017114-3,PR2025-5
SO017116-3,PR2025-5
SO017117-1,PR2025-5
SO017124-2,PR2025-5
SO017126-2,PR2025-5
SO017129-1,PR2025-5
SO017131-1,PR2025-5
SO017135-3,PR2025-5
SO017144-2,PR2025-5
SO017144-3,PR2025-5
SO017146-1,PR2025-5
SO017148-1,PR2025-5
SO017155-1,PR2025-5
SO017157-3,PR2025-5
SO017177-2,PR2025-5
SO017184-2,PR2025-5
SO017187-1,PR2025-5
SO017194-2,PR2025-5
SO017195-1,PR2025-5
SO017195-2,PR2025-5
SO017196-1,PR2025-5
SO017202-1,PR2025-5
SO017206-3,PR2025-5
SO017209-1,PR2025-5
SO017209-2,PR2025-5
SO017212-1,PR2025-5
SO017216-2,PR2025-5
SO017217-2,PR2025-5
SO017223-1,PR2025-5
SO017235-1,PR2025-5
SO017236-2,PR2025-5
SO017237-1,PR2025-5
SO017240-2,PR2025-5
SO017241-1,PR2025-5
SO017245-4,PR2025-5
SO017251-3,PR2025-5
SO017252-4,PR2025-5
SO017255-1,PR2025-5
SO017258-1,PR2025-5
SO017262-1,PR2025-5
SO017266-1,PR2025-5
SO017270-2,PR2025-5
SO017274-3,PR2025-5
SO017275-2,PR2025-5
SO017277-1,PR2025-5
SO017278-5,PR2025-5
SO017288-2,PR2025-5
SO017291-1,PR2025-5
SO017300-1,PR2025-5
SO017301-2,PR2025-5
SO017307-3,PR2025-5
SO017309-1,PR2025-5
SO017310-1,PR2025-5
SO017313-1,PR2025-5
SO017315-1,PR2025-5
SO017319-4,PR2025-5
SO017326-4,PR2025-5
SO017328-1,PR2025-5
SO017332-1,PR2025-5
SO017339-3,PR2025-5
SO017342-1,PR2025-5
SO017342-3,PR2025-5
SO017348-1,PR2025-5
SO017372-1,PR2025-5
SO017381-1,PR2025-5
SO017382-1,PR2025-5
SO017386-1,PR2025-5
SO017387-3,PR2025-5
SO017389-2,PR2025-5
SO017389-3,PR2025-5
SO017394-1,PR2025-5
SO017395-1,PR2025-5
SO017400-2,PR2025-5
SO017410-1,PR2025-5
SO017414-3,PR2025-5
SO017420-1,PR2025-5
SO017423-1,PR2025-5
SO017424-2,PR2025-5
SO017434-1,PR2025-5
SO017437-2,PR2025-5
SO017439-2,PR2025-5
SO017447-4,PR2025-5
SO017453-2,PR2025-5
SO017457-1,PR2025-5
SO017458-2,PR2025-5
SO017463-1,PR2025-5
SO017466-2,PR2025-5
SO017480-2,PR2025-5
SO017486-1,PR2025-5
SO017491-1,PR2025-5
SO017495-1,PR2025-5
SO017506-2,PR2025-5
SO017520-2,PR2025-5
SO017522-2,PR2025-5
SO017523-1,PR2025-5
SO017524-4,PR2025-5
SO017526-4,PR2025-5
SO017529-1,PR2025-5
SO017529-2,PR2025-5
SO017534-2,PR2025-5
SO017536-1,PR2025-5
SO017537-2,PR2025-5
SO017538-2,PR2025-5
SO017541-1,PR2025-5
SO017544-1,PR2025-5
SO017545-1,PR2025-5
SO017549-2,PR2025-5
SO017551-1,PR2025-5
SO017564-2,PR2025-5
SO017570-1,PR2025-5
SO017577-2,PR2025-5
SO017582-1,PR2025-5
SO017583-2,PR2025-5
SO017590-1,PR2025-5
SO017592-3,PR2025-5
SO017595-1,PR2025-5
SO017600-3,PR2025-5
SO017606-2,PR2025-5
SO017612-2,PR2025-5
SO017613-1,PR2025-5
SO017614-2,PR2025-5
SO017615-1,PR2025-5
SO017621-3,PR2025-5
SO017621-4,PR2025-5
SO017623-1,PR2025-5
SO017628-3,PR2025-5
SO017632-1,PR2025-5
SO017634-1,PR2025-5
SO017637-1,PR2025-5
SO017644-1,PR2025-5
SO017653-2,PR2025-5
SO017654-2,PR2025-5
SO017656-1,PR2025-5
SO017663-1,PR2025-5
SO017663-2,PR2025-5
SO017667-1,PR2025-5
SO017668-1,PR2025-5
SO017676-2,PR2025-5
SO017695-1,PR2025-5
SO017704-1,PR2025-5
SO017704-2,PR2025-5
SO017707-1,PR2025-5
SO017708-1,PR2025-5
SO017709-1,PR2025-5
SO017711-1,PR2025-5
SO017713-2,PR2025-5
SO017716-3,PR2025-5
SO017716-5,PR2025-5
SO017721-1,PR2025-5
SO017724-1,PR2025-5
SO017728-1,PR2025-5
SO017730-2,PR2025-5
SO017742-3,PR2025-5
SO017749-2,PR2025-5
SO017749-4,PR2025-5
SO017751-2,PR2025-5
SO017751-4,PR2025-5
SO017753-3,PR2025-5
SO017755-1,PR2025-5
SO017757-2,PR2025-5
SO017758-3,PR2025-5
SO017765-1,PR2025-5
SO017771-2,PR2025-5
SO017789-2,PR2025-5
SO017792-2,PR2025-5
SO017796-2,PR2025-5
SO017800-3,PR2025-5
SO017802-2,PR2025-5
SO017811-2,PR2025-5
SO017812-1,PR2025-5
SO017817-1,PR2025-5
SO017818-1,PR2025-5
SO017831-1,PR2025-5
SO017833-2,PR2025-5
SO017837-1,PR2025-5
SO017846-1,PR2025-5
SO017848-1,PR2025-5
SO017851-2,PR2025-5
SO017861-2,PR2025-5
SO017866-3,PR2025-5
SO017871-1,PR2025-5
SO017873-1,PR2025-5
SO017876-3,PR2025-5
SO017882-2,PR2025-5
SO017883-1,PR2025-5
SO017891-2,PR2025-5
SO017902-1,PR2025-5
SO017906-1,PR2025-5
SO017906-2,PR2025-5
SO017915-2,PR2025-5
SO017920-4,PR2025-5
SO017921-1,PR2025-5
SO017923-2,PR2025-5
SO017925-1,PR2025-5
SO017927-1,PR2025-5
SO017931-4,PR2025-5
SO017933-3,PR2025-5
SO017934-1,PR2025-5
SO017936-1,PR2025-5
SO017955-1,PR2025-5
SO017960-3,PR2025-5
SO017960-4,PR2025-5
SO017962-3,PR2025-5
SO017967-1,PR2025-5
SO017971-1,PR2025-5
SO017975-2,PR2025-5
SO017975-3,PR2025-5
SO017975-4,PR2025-5
SO017979-3,PR2025-5
SO017980-3,PR2025-5
SO017985-3,PR2025-5
SO017985-4,PR2025-5
SO017991-1,PR2025-5
SO017993-2,PR2025-5
SO017998-1,PR2025-5
SO018006-2,PR2025-5
SO018011-4,PR2025-5
SO018015-1,PR2025-5
SO018017-1,PR2025-5
SO018018-2,PR2025-5
SO018029-1,PR2025-5
SO018038-3,PR2025-5
SO018043-1,PR2025-5
SO018043-3,PR2025-5
SO018043-4,PR2025-5
SO018053-1,PR2025-5
SO018054-2,PR2025-5
SO018060-4,PR2025-5
SO018080-1,PR2025-5
SO018098-2,PR2025-5
SO018111-2,PR2025-5
SO018118-1,PR2025-5
SO018123-1,PR2025-5
SO018133-1,PR2025-5
SO018139-2,PR2025-5
SO018141-3,PR2025-5
SO018142-2,PR2025-5
SO018144-2,PR2025-5
SO018145-1,PR2025-5
SO018153-1,PR2025-5
SO018154-2,PR2025-5
SO018155-2,PR2025-5
SO018169-1,PR2025-5
SO018170-1,PR2025-5
SO018176-2,PR2025-5
SO018176-4,PR2025-5
SO018180-1,PR2025-5
SO018182-1,PR2025-5
SO018182-2,PR2025-5
SO018184-1,PR2025-5
SO018185-1,PR2025-5
SO018205-2,PR2025-5
SO018205-3,PR2025-5
SO018209-1,PR2025-5
SO018209-3,PR2025-5
SO018215-1,PR2025-5
SO018218-4,PR2025-5
SO018226-1,PR2025-5
SO018226-2,PR2025-5
SO018232-2,PR2025-5
SO018237-4,PR2025-5
SO018243-2,PR2025-5
SO018245-1,PR2025-5
SO018247-3,PR2025-5
SO018248-2,PR2025-5
SO018252-1,PR2025-5
SO018260-3,PR2025-5
SO018267-1,PR2025-5
SO018272-3,PR2025-5
SO018274-1,PR2025-5
SO018275-1,PR2025-5
SO018276-3,PR2025-5
SO018278-2,PR2025-5
SO018282-1,PR2025-5
SO018285-1,PR2025-5
SO018289-1,PR2025-5
SO018293-3,PR2025-5
SO018298-2,PR2025-5
SO018300-3,PR2025-5
SO018303-3,PR2025-5
SO018303-4,PR2025-5
SO018306-1,PR2025-5
SO018308-1,PR2025-5
SO018308-2,PR2025-5
SO018308-4,PR2025-5
SO018312-1,PR2025-5
SO018324-2,PR2025-5
SO018327-1,PR2025-5
SO018334-3,PR2025-5
SO018347-3,PR2025-5
SO018349-1,PR2025-5
SO018350-3,PR2025-5
SO018358-1,PR2025-5
SO018366-2,PR2025-5
SO018368-1,PR2025-5
SO018370-1,PR2025-5
SO018371-2,PR2025-5
SO018372-2,PR2025-5
SO018375-1,PR2025-5
SO018375-4,PR2025-5
SO018376-1,PR2025-5
SO018382-2,PR2025-5
SO018389-2,PR2025-5
SO018392-2,PR2025-5
SO018400-2,PR2025-5
SO018405-2,PR2025-5
SO018409-3,PR2025-5
SO018410-1,PR2025-5
SO018413-1,PR2025-5
SO018428-2,PR2025-5
SO018444-3,PR2025-5
SO018450-1,PR2025-5
SO018451-3,PR2025-5
SO018455-1,PR2025-5
SO018457-2,PR2025-5
SO018457-3,PR2025-5
SO018464-1,PR2025-5
SO018466-2,PR2025-5
SO018468-3,PR2025-5
SO018470-1,PR2025-5
SO018474-2,PR2025-5
SO018476-2,PR2025-5
SO018479-1,PR2025-5
SO018488-1,PR2025-5
SO018488-2,PR2025-5
SO018489-1,PR2025-5
SO018490-2,PR2025-5
SO018503-1,PR2025-5
SO018504-2,PR2025-5
SO018510-3,PR2025-5
SO018517-2,PR2025-5
SO018518-1,PR2025-5
SO018523-1,PR2025-5
SO018526-1,PR2025-5
SO018544-1,PR2025-5
SO018547-1,PR2025-5
SO018547-2,PR2025-5
SO018558-1,PR2025-5
SO018560-1,PR2025-5
SO018572-2,PR2025-5
SO018573-1,PR2025-5
SO018580-2,PR2025-5
SO018584-2,PR2025-5
SO018589-1,PR2025-5
SO018593-1,PR2025-5
SO018600-2,PR2025-5
SO018613-1,PR2025-5
SO018614-1,PR2025-5
SO018615-1,PR2025-5
SO018620-1,PR2025-5
SO018626-1,PR2025-5
SO018630-3,PR2025-5
SO018632-1,PR2025-5
SO018645-1,PR2025-5
SO018647-4,PR2025-5
SO018658-1,PR2025-5
SO018666-1,PR2025-5
SO018678-3,PR2025-5
SO018683-2,PR2025-5
SO018685-1,PR2025-5
SO018689-1,PR2025-5
SO018693-3,PR2025-5
SO018702-2,PR2025-5
SO018702-4,PR2025-5
SO018710-1,PR2025-5
SO018715-1,PR2025-5
SO018722-1,PR2025-5
SO018729-1,PR2025-5
SO018730-4,PR2025-5
SO018738-1,PR2025-5
SO018739-1,PR2025-5
SO018744-1,PR2025-5
SO018748-2,PR2025-5
SO018753-3,PR2025-5
SO018759-1,PR2025-5
SO018762-1,PR2025-5
SO018764-3,PR2025-5
SO018765-1,PR2025-5
SO018780-2,PR2025-5
SO018783-1,PR2025-5
SO018784-1,PR2025-5
SO018785-1,PR2025-5
SO018787-2,PR2025-5
SO018790-2,PR2025-5
SO018800-1,PR2025-5
SO018800-3,PR2025-5
SO018808-2,PR2025-5
SO018809-1,PR2025-5
SO018829-2,PR2025-5
SO018834-2,PR2025-5
SO018835-2,PR2025-5
SO018843-2,PR2025-5
SO018848-3,PR2025-5
SO018859-2,PR2025-5
SO018861-2,PR2025-5
SO018869-1,PR2025-5
SO018871-5,PR2025-5
SO018876-3,PR2025-5
SO018878-1,PR2025-5
SO018878-2,PR2025-5
SO018878-3,PR2025-5
SO018881-1,PR2025-5
SO018882-1,PR2025-5
SO018884-4,PR2025-5
SO018887-4,PR2025-5
SO018890-1,PR2025-5
SO018891-1,PR2025-5
SO018898-1,PR2025-5
SO018900-2,PR2025-5
SO018907-1,PR2025-5
SO018907-2,PR2025-5
SO018912-3,PR2025-5
SO018913-3,PR2025-5
SO018915-1,PR2025-5
SO018921-1,PR2025-5
SO018922-1,PR2025-5
SO018924-2,PR2025-5
SO018926-1,PR2025-5
SO018928-1,PR2025-5
SO018928-2,PR2025-5
SO018928-3,PR2025-5
SO018930-1,PR2025-5
SO018934-2,PR2025-5
SO018937-1,PR2025-5
SO018943-5,PR2025-5
SO018948-4,PR2025-5
SO018961-3,PR2025-5
SO018963-1,PR2025-5
SO018966-2,PR2025-5
SO018970-2,PR2025-5
SO018971-1,PR2025-5
SO018972-3,PR2025-5
SO018982-3,PR2025-5
SO018987-1,PR2025-5
SO018988-1,PR2025-5
SO018992-3,PR2025-5
SO018997-1,PR2025-5
SO019000-2,PR2025-5
SO019001-1,PR2025-5
SO019003-1,PR2025-5
SO019003-3,PR2025-5
SO019004-1,PR2025-5
SO019008-1,PR2025-5
SO019009-3,PR2025-5
SO019012-1,PR2025-5
SO019013-2,PR2025-5
SO019027-3,PR2025-5
SO019029-3,PR2025-5
SO019034-1,PR2025-5
SO019038-2,PR2025-5
SO019054-3,PR2025-5
SO019056-1,PR2025-5
SO019057-1,PR2025-5
SO019062-1,PR2025-5
SO019064-1,PR2025-5
SO019068-2,PR2025-5
SO019070-3,PR2025-5
SO019080-3,PR2025-5
SO019082-3,PR2025-5
SO019085-1,PR2025-5
SO019098-2,PR2025-5
SO019099-1,PR2025-5
SO019100-1,PR2025-5
SO019104-2,PR2025-5
SO019110-1,PR2025-5
SO019117-3,PR2025-5
SO019124-1,PR2025-5
SO019125-1,PR2025-5
SO019132-1,PR2025-5
SO019133-2,PR2025-5
SO019139-1,PR2025-5
SO019141-1,PR2025-5
SO019148-2,PR2025-5
SO019149-1,PR2025-5
SO019151-1,PR2025-5
SO019152-2,PR2025-5
SO019152-3,PR2025-5
SO019157-1,PR2025-5
SO019160-1,PR2025-5
SO019164-4,PR2025-5
SO019167-2,PR2025-5
SO019171-1,PR2025-5
SO019171-4,PR2025-5
SO019182-1,PR2025-5
SO019182-2,PR2025-5
SO019195-1,PR2025-5
SO019205-2,PR2025-5
SO019218-1,PR2025-5
SO019222-1,PR2025-5
SO019223-2,PR2025-5
SO019236-1,PR2025-5
SO019237-1,PR2025-5
SO019240-3,PR2025-5
SO019242-2,PR2025-5
SO019247-1,PR2025-5
SO019247-2,PR2025-5
SO019266-1,PR2025-5
SO019284-1,PR2025-5
SO019285-1,PR2025-5
SO019299-1,PR2025-5
SO019300-2,PR2025-5
SO019306-2,PR2025-5
SO019312-5,PR2025-5
SO019316-3,PR2025-5
SO019317-1,PR2025-5
SO019319-1,PR2025-5
SO019321-2,PR2025-5
SO019324-1,PR2025-5
SO019331-1,PR2025-5
SO019343-3,PR2025-5
SO019349-1,PR2025-5
SO019349-2,PR2025-5
SO019362-2,PR2025-5
SO019364-1,PR2025-5
SO019368-3,PR2025-5
SO019373-2,PR2025-5
SO019384-1,PR2025-5
SO019387-1,PR2025-5
SO019389-1,PR2025-5
SO019401-2,PR2025-5
SO019403-1,PR2025-5
SO019403-2,PR2025-5
SO019421-4,PR2025-5
SO019422-4,PR2025-5
SO019431-1,PR2025-5
SO019438-1,PR2025-5
SO019446-2,PR2025-5
SO019446-3,PR2025-5
SO019447-3,PR2025-5
SO019449-2,PR2025-5
SO019449-3,PR2025-5
SO019454-1,PR2025-5
SO019459-3,PR2025-5
SO019461-4,PR2025-5
SO019462-1,PR2025-5
SO019474-1,PR2025-5
SO019477-3,PR2025-5
SO019479-1,PR2025-5
SO019480-3,PR2025-5
SO019481-2,PR2025-5
SO019482-2,PR2025-5
SO019491-2,PR2025-5
SO019494-2,PR2025-5
SO019494-3,PR2025-5
SO019498-1,PR2025-5
SO019504-2,PR2025-5
SO019505-1,PR2025-5
SO019509-1,PR2025-5
SO019518-1,PR2025-5
SO019520-2,PR2025-5
SO019523-1,PR2025-5
SO019524-2,PR2025-5
SO019529-2,PR2025-5
SO019529-4,PR2025-5
SO019533-2,PR2025-5
SO019535-3,PR2025-5
SO019548-2,PR2025-5
SO019551-1,PR2025-5
SO019557-3,PR2025-5
SO019558-1,PR2025-5
SO019568-3,PR2025-5
SO019579-1,PR2025-5
SO019585-1,PR2025-5
SO019587-1,PR2025-5
SO019595-2,PR2025-5
SO019599-2,PR2025-5
SO019609-1,PR2025-5
SO019611-1,PR2025-5
SO019615-1,PR2025-5
SO019616-1,PR2025-5
SO019617-2,PR2025-5
SO019624-1,PR2025-5
SO019624-3,PR2025-5
SO019626-2,PR2025-5
SO019629-3,PR2025-5
SO019635-1,PR2025-5
SO019637-3,PR2025-5
SO019650-3,PR2025-5
SO019654-1,PR2025-5
SO019662-2,PR2025-5
SO019670-3,PR2025-5
SO019673-3,PR2025-5
SO019675-1,PR2025-5
SO019675-4,PR2025-5
SO019676-1,PR2025-5
SO019681-4,PR2025-5
SO019683-2,PR2025-5
SO019685-1,PR2025-5
SO019685-2,PR2025-5
SO019693-1,PR2025-5
SO019701-2,PR2025-5
SO019701-3,PR2025-5
SO019710-3,PR2025-5
SO019718-2,PR2025-5
SO019731-1,PR2025-5
SO019731-2,PR2025-5
SO019742-1,PR2025-5
SO019749-1,PR2025-5
SO019750-1,PR2025-5
SO019752-1,PR2025-5
SO019764-1,PR2025-5
SO019764-2,PR2025-5
SO019765-1,PR2025-5
SO019767-1,PR2025-5
SO019780-3,PR2025-5
SO019785-2,PR2025-5
SO019788-2,PR2025-5
SO019788-3,PR2025-5
SO019789-1,PR2025-5
SO019800-2,PR2025-5
SO019800-3,PR2025-5
SO019805-2,PR2025-5
SO019808-1,PR2025-5
SO019812-3,PR2025-5
SO019817-1,PR2025-5
SO019822-1,PR2025-5
SO019824-1,PR2025-5
SO019826-1,PR2025-5
SO019828-2,PR2025-5
SO019852-1,PR2025-5
SO019852-2,PR2025-5
SO019854-2,PR2025-5
SO019855-1,PR2025-5
SO019862-1,PR2025-5
SO019863-4,PR2025-5
SO019864-1,PR2025-5
SO019865-2,PR2025-5
SO019865-3,PR2025-5
SO019865-4,PR2025-5
SO019875-1,PR2025-5
SO019877-4,PR2025-5
SO019880-1,PR2025-5
SO019882-1,PR2025-5
SO019888-3,PR2025-5
SO019890-1,PR2025-5
SO019891-1,PR2025-5
SO019892-3,PR2025-5
SO019899-2,PR2025-5
SO019902-1,PR2025-5
SO019902-4,PR2025-5
SO019906-1,PR2025-5
SO019914-5,PR2025-5
SO019915-1,PR2025-5
SO019918-1,PR2025-5
SO019919-1,PR2025-5
SO019929-1,PR2025-5
SO019934-1,PR2025-5
SO019942-1,PR2025-5
SO019947-2,PR2025-5
SO019953-1,PR2025-5
SO019953-2,PR2025-5
SO019954-1,PR2025-5
SO019955-1,PR2025-5
SO019956-3,PR2025-5
SO019965-2,PR2025-5
SO019973-2,PR2025-5
SO019980-2,PR2025-5
SO019986-1,PR2025-5
SO019990-3,PR2025-5
SO019990-5,PR2025-5
SO019991-1,PR2025-5
SO020003-1,PR2025-5
SO020004-3,PR2025-5
SO020016-1,PR2025-5
SO020017-2,PR2025-5
SO020018-1,PR2025-5
SO020023-2,PR2025-5
SO020035-2,PR2025-5
SO020039-2,PR2025-5
SO020045-1,PR2025-5
SO020050-4,PR2025-5
SO020059-1,PR2025-5
SO020060-1,PR2025-5
SO020065-1,PR2025-5
SO020068-1,PR2025-5
SO020069-2,PR2025-5
SO020079-1,PR2025-5
SO020086-1,PR2025-5
SO020087-1,PR2025-5
SO020089-1,PR2025-5
SO020092-1,PR2025-5
SO020092-2,PR2025-5
SO020098-1,PR2025-5
SO020098-3,PR2025-5
SO020102-1,PR2025-5
SO020104-2,PR2025-5
SO020111-4,PR2025-5
SO020116-1,PR2025-5
SO020125-1,PR2025-5
SO020137-1,PR2025-5
SO020139-4,PR2025-5
SO020147-2,PR2025-5
SO020152-1,PR2025-5
SO020160-2,PR2025-5
SO020162-3,PR2025-5
SO020164-1,PR2025-5
SO020169-2,PR2025-5
SO020170-1,PR2025-5
SO020174-2,PR2025-5
SO020178-1,PR2025-5
SO020179-1,PR2025-5
SO020189-2,PR2025-5
SO020190-2,PR2025-5
SO020191-1,PR2025-5
SO020192-1,PR2025-5
SO020192-2,PR2025-5
SO020207-2,PR2025-5
SO020207-4,PR2025-5
SO020219-3,PR2025-5
SO020228-1,PR2025-5
SO020228-2,PR2025-5
SO020228-3,PR2025-5
SO020233-4,PR2025-5
SO020236-3,PR2025-5
SO020244-3,PR2025-5
SO020247-1,PR2025-5
SO020249-3,PR2025-5
SO020252-3,PR2025-5
SO020263-1,PR2025-5
SO020264-1,PR2025-5
SO020264-4,PR2025-5
SO020270-1,PR2025-5
SO020271-1,PR2025-5
SO020281-2,PR2025-5
SO020284-3,PR2025-5
SO020291-1,PR2025-5
SO020298-4,PR2025-5
SO020299-4,PR2025-5
SO020304-2,PR2025-5
SO020306-1,PR2025-5
SO020324-1,PR2025-5
SO020340-5,PR2025-5
SO020350-4,PR2025-5
SO020351-3,PR2025-5
SO020357-2,PR2025-5
SO020359-2,PR2025-5
SO020366-3,PR2025-5
SO020370-1,PR2025-5
SO020371-2,PR2025-5
SO020374-1,PR2025-5
SO020374-4,PR2025-5
SO020381-1,PR2025-5
SO020386-1,PR2025-5
SO020392-1,PR2025-5
SO020393-4,PR2025-5
SO020393-5,PR2025-5
SO020394-1,PR2025-5
SO020395-1,PR2025-5
SO020400-1,PR2025-5
SO020408-2,PR2025-5
SO020409-1,PR2025-5
SO020410-1,PR2025-5
SO020412-2,PR2025-5
SO020417-2,PR2025-5
SO020421-1,PR2025-5
SO020423-2,PR2025-5
SO020423-4,PR2025-5
SO020428-2,PR2025-5
SO020429-1,PR2025-5
SO020440-2,PR2025-5
SO020441-1,PR2025-5
SO020443-1,PR2025-5
SO020449-2,PR2025-5
SO020458-3,PR2025-5
SO020459-2,PR2025-5
SO020462-2,PR2025-5
SO020464-2,PR2025-5
SO020471-1,PR2025-5
SO020480-1,PR2025-5
SO020481-1,PR2025-5
SO020484-4,PR2025-5
SO020492-2,PR2025-5
SO020496-1,PR2025-5
SO020498-2,PR2025-5
SO020502-3,PR2025-5
SO020503-2,PR2025-5
SO020504-5,PR2025-5
SO020512-2,PR2025-5
SO020518-1,PR2025-5
SO020526-4,PR2025-5
SO020527-1,PR2025-5
SO020532-3,PR2025-5
SO020532-4,PR2025-5
SO020534-2,PR2025-5
SO020535-1,PR2025-5
SO020540-2,PR2025-5
SO020542-4,PR2025-5
SO020547-3,PR2025-5
SO020551-1,PR2026-1
SO020551-2,PR2026-1
SO020552-2,PR2026-1
SO020552-3,PR2026-1
SO020553-1,PR2026-1
SO020554-3,PR2026-1
SO020556-1,PR2026-1
SO020556-2,PR2026-1
SO020557-1,PR2026-1
SO020558-2,PR2026-1
SO020558-3,PR2026-1
SO020560-2,PR2026-1
SO020561-1,PR2026-1
SO020561-2,PR2026-1
SO020562-2,PR2026-1
SO020563-2,PR2026-1
SO020564-1,PR2026-1
SO020564-2,PR2026-1
SO020565-2,PR2026-1
SO020567-1,PR2026-1
SO020570-1,PR2026-1
SO020571-1,PR2026-1
SO020572-1,PR2026-1
SO020572-2,PR2026-1
SO020574-1,PR2026-1
SO020575-1,PR2026-1
SO020577-1,PR2026-1
SO020577-2,PR2026-1
SO020577-4,PR2026-1
SO020578-1,PR2026-1
SO020581-1,PR2026-1
SO020581-2,PR2026-1
SO020582-1,PR2026-1
SO020583-4,PR2026-1
SO020586-1,PR2026-1
SO020587-1,PR2026-1
SO020590-1,PR2026-1
SO020590-2,PR2026-1
SO020591-3,PR2026-1
SO020592-1,PR2026-1
SO020593-1,PR2026-1
SO020594-1,PR2026-1
SO020595-1,PR2026-1
SO020596-3,PR2026-1
SO020596-5,PR2026-1
SO020597-2,PR2026-1
SO020598-5,PR2026-1
SO020599-2,PR2026-1
SO020604-2,PR2026-1
SO020608-1,PR2026-1
SO020608-2,PR2026-1
SO020609-2,PR2026-1
SO020610-3,PR2026-1
SO020611-1,PR2026-1
SO020612-2,PR2026-1
SO020614-1,PR2026-1
SO020614-2,PR2026-1
SO020615-1,PR2026-1
SO020615-2,PR2026-1
SO020616-1,PR2026-1
SO020617-3,PR2026-1
SO020621-2,PR2026-1
SO020621-3,PR2026-1
SO020626-3,PR2026-1
SO020627-3,PR2026-1
SO020628-1,PR2026-1
SO020629-1,PR2026-1
SO020629-2,PR2026-1
SO020629-4,PR2026-1
SO020630-2,PR2026-1
SO020631-3,PR2026-1
SO020631-4,PR2026-1
SO020632-1,PR2026-1
SO020632-2,PR2026-1
SO020633-1,PR2026-1
SO020633-2,PR2026-1
SO020634-1,PR2026-1
SO020637-4,PR2026-1
SO020638-1,PR2026-1
SO020640-1,PR2026-1
SO020640-2,PR2026-1
SO020640-3,PR2026-1
SO020641-1,PR2026-1
SO020641-2,PR2026-1
SO020642-1,PR2026-1
SO020642-2,PR2026-1
SO020642-3,PR2026-1
SO020643-1,PR2026-1
SO020643-4,PR2026-1
SO020644-1,PR2026-1
SO020644-2,PR2026-1
SO020645-1,PR2026-1
SO020646-1,PR2026-1
SO020646-2,PR2026-1
SO020647-2,PR2026-1
SO020647-3,PR2026-1
SO020649-1,PR2026-1
SO020650-1,PR2026-1
SO020655-1,PR2026-1
SO020655-2,PR2026-1
SO020656-1,PR2026-1
SO020656-2,PR2026-1
SO020656-4,PR2026-1
SO020658-1,PR2026-1
SO020659-1,PR2026-1
SO020662-1,PR2026-1
SO020662-2,PR2026-1
SO020663-1,PR2026-1
SO020663-3,PR2026-1
SO020664-1,PR2026-1
SO020666-1,PR2026-1
SO020666-2,PR2026-1
SO020666-3,PR2026-1
SO020668-1,PR2026-1
SO020668-3,PR2026-1
SO020668-4,PR2026-1
SO020668-5,PR2026-1
SO020669-1,PR2026-1
SO020669-3,PR2026-1
SO020669-4,PR2026-1
SO020670-1,PR2026-1
SO020671-1,PR2026-1
SO020672-1,PR2026-1
SO020675-1,PR2026-1
SO020676-1,PR2026-1
SO020677-1,PR2026-1
SO020678-1,PR2026-1
SO020678-2,PR2026-1
SO020680-1,PR2026-1
SO020681-1,PR2026-1
SO020682-1,PR2026-1
SO020683-2,PR2026-1
SO020685-1,PR2026-1
SO020686-1,PR2026-1
SO020687-3,PR2026-1
SO020687-4,PR2026-1
SO020689-2,PR2026-1
SO020689-5,PR2026-1
SO020692-3,PR2026-1
SO020692-4,PR2026-1
SO020693-1,PR2026-1
SO020694-1,PR2026-1
SO020696-1,PR2026-1
SO020697-2,PR2026-1
SO020698-1,PR2026-1
SO020699-1,PR2026-1
SO020700-2,PR2026-1
SO020700-3,PR2026-1
SO020701-1,PR2026-1
SO020701-2,PR2026-1
SO020701-3,PR2026-1
SO020702-1,PR2026-1
SO020703-1,PR2026-1
SO020707-1,PR2026-1
SO020708-1,PR2026-1
SO020709-1,PR2026-1
SO020709-2,PR2026-1
SO020709-3,PR2026-1
SO020712-2,PR2026-1
SO020714-1,PR2026-1
SO020717-2,PR2026-1
SO020718-2,PR2026-1
SO020720-1,PR2026-1
SO020720-4,PR2026-1
SO020721-1,PR2026-1
SO020722-1,PR2026-1
SO020722-2,PR2026-1
SO020723-1,PR2026-1
SO020723-2,PR2026-1
SO020724-1,PR2026-1
SO020724-2,PR2026-1
SO020724-3,PR2026-1
SO020727-2,PR2026-1
SO020728-1,PR2026-1
SO020731-1,PR2026-1
SO020733-3,PR2026-1
SO020735-2,PR2026-1
SO020735-3,PR2026-1
SO020737-2,PR2026-1
SO020738-1,PR2026-1
SO020740-1,PR2026-1
SO020742-1,PR2026-1
SO020742-2,PR2026-1
SO020743-1,PR2026-1
SO020744-1,PR2026-1
SO020745-3,PR2026-1
SO020747-1,PR2026-1
SO020748-4,PR2026-1
SO020748-5,PR2026-1
SO020749-1,PR2026-1
SO020749-2,PR2026-1
SO020749-3,PR2026-1
SO020750-1,PR2026-1
SO020752-1,PR2026-1
SO020753-2,PR2026-1
SO020757-1,PR2026-1
SO020757-2,PR2026-1
SO020758-1,PR2026-1
SO020761-1,PR2026-1
SO020762-1,PR2026-1
SO020763-2,PR2026-1
SO020764-2,PR2026-1
SO020766-1,PR2026-1
SO020766-2,PR2026-1
SO020767-3,PR2026-1
SO020772-1,PR2026-1
SO020772-2,PR2026-1
SO020772-3,PR2026-1
SO020774-1,PR2026-1
SO020774-2,PR2026-1
SO020775-1,PR2026-1
SO020776-1,PR2026-1
SO020777-1,PR2026-1
SO020778-2,PR2026-1
SO020779-1,PR2026-1
SO020779-2,PR2026-1
SO020780-1,PR2026-1
SO020781-2,PR2026-1
SO020781-3,PR2026-1
SO020782-3,PR2026-1
SO020785-2,PR2026-1
SO020786-1,PR2026-1
SO020787-3,PR2026-1
SO020787-4,PR2026-1
SO020789-1,PR2026-1
SO020792-1,PR2026-1
SO020793-1,PR2026-1
SO020793-2,PR2026-1
SO020793-3,PR2026-1
SO020796-1,PR2026-1
SO020796-2,PR2026-1
SO020797-1,PR2026-1
SO020798-1,PR2026-1
SO020799-1,PR2026-1
SO020800-1,PR2026-1
SO020800-2,PR2026-1
SO020800-3,PR2026-1
SO020801-1,PR2026-1
SO020801-2,PR2026-1
SO020801-3,PR2026-1
SO020801-4,PR2026-1
SO020802-1,PR2026-1
SO020802-2,PR2026-1
SO020803-1,PR2026-1
SO020803-2,PR2026-1
SO020805-1,PR2026-1
SO020806-2,PR2026-1
SO020807-4,PR2026-1
SO020808-1,PR2026-1
SO020810-1,PR2026-1
SO020810-2,PR2026-1
SO020811-1,PR2026-1
SO020812-2,PR2026-1
SO020813-1,PR2026-1
SO020813-2,PR2026-1
SO020814-1,PR2026-1
SO020814-2,PR2026-1
SO020815-1,PR2026-1
SO020816-1,PR2026-1
SO020818-1,PR2026-1
SO020818-2,PR2026-1
SO020818-4,PR2026-1
SO020819-3,PR2026-1
SO020820-1,PR2026-1
SO020821-2,PR2026-1
SO020822-1,PR2026-1
SO020822-2,PR2026-1
SO020823-1,PR2026-1
SO020824-2,PR2026-1
SO020824-3,PR2026-1
SO020826-2,PR2026-1
SO020827-1,PR2026-1
SO020827-3,PR2026-1
SO020828-2,PR2026-1
SO020829-2,PR2026-1
SO020830-1,PR2026-1
SO020831-1,PR2026-1
SO020833-1,PR2026-1
SO020833-2,PR2026-1
SO020836-2,PR2026-1
SO020837-2,PR2026-1
SO020838-2,PR2026-1
SO020839-1,PR2026-1
SO020839-3,PR2026-1
SO020840-1,PR2026-1
SO020840-2,PR2026-1
SO020841-2,PR2026-1
SO020842-2,PR2026-1
SO020843-1,PR2026-1
SO020843-2,PR2026-1
SO020843-3,PR2026-1
SO020843-4,PR2026-1
SO020844-1,PR2026-1
SO020845-1,PR2026-1
SO020847-1,PR2026-1
SO020848-1,PR2026-1
SO020849-1,PR2026-1
SO020850-1,PR2026-1
SO020852-1,PR2026-1
SO020854-2,PR2026-1
SO020855-1,PR2026-1
SO020856-2,PR2026-1
SO020857-2,PR2026-1
SO020858-2,PR2026-1
SO020859-1,PR2026-1
SO020859-2,PR2026-1
SO020859-3,PR2026-1
SO020861-3,PR2026-1
SO020861-4,PR2026-1
SO020863-1,PR2026-1
SO020863-3,PR2026-1
SO020864-1,PR2026-1
SO020865-1,PR2026-1
SO020865-4,PR2026-1
SO020866-1,PR2026-1
SO020866-2,PR2026-1
SO020868-1,PR2026-1
SO020869-1,PR2026-1
SO020871-1,PR2026-1
SO020872-1,PR2026-1
SO020872-2,PR2026-1
SO020872-3,PR2026-1
SO020874-1,PR2026-1
SO020876-1,PR2026-1
SO020876-2,PR2026-1
SO020876-3,PR2026-1
SO020877-4,PR2026-1
SO020878-1,PR2026-1
SO020878-3,PR2026-1
SO020878-4,PR2026-1
SO020878-5,PR2026-1
SO020880-1,PR2026-1
SO020881-1,PR2026-1
SO020882-2,PR2026-1
SO020882-3,PR2026-1
SO020882-5,PR2026-1
SO020884-2,PR2026-1
SO020884-3,PR2026-1
SO020886-1,PR2026-1
SO020886-2,PR2026-1
SO020887-1,PR2026-1
SO020890-1,PR2026-1
SO020890-2,PR2026-1
SO020891-1,PR2026-1
SO020891-3,PR2026-1
SO020891-4,PR2026-1
SO020892-1,PR2026-1
SO020892-2,PR2026-1
SO020894-2,PR2026-1
SO020895-1,PR2026-1
SO020896-1,PR2026-1
SO020898-1,PR2026-1
SO020899-1,PR2026-1
SO020900-1,PR2026-1
SO020902-1,PR2026-1
SO020903-3,PR2026-1
SO020903-4,PR2026-1
SO020906-2,PR2026-1
SO020907-3,PR2026-1
SO020908-1,PR2026-1
SO020910-1,PR2026-1
SO020911-1,PR2026-1
SO020911-2,PR2026-1
SO020913-2,PR2026-1
SO020917-1,PR2026-1
SO020917-2,PR2026-1
SO020918-1,PR2026-1
SO020918-2,PR2026-1
SO020919-1,PR2026-1
SO020919-2,PR2026-1
SO020919-3,PR2026-1
SO020920-1,PR2026-1
SO020921-1,PR2026-1
SO020921-3,PR2026-1
SO020921-4,PR2026-1
SO020922-3,PR2026-1
SO020923-1,PR2026-1
SO020924-2,PR2026-1
SO020925-2,PR2026-1
SO020925-4,PR2026-1
SO020927-2,PR2026-1
SO020928-1,PR2026-1
SO020930-1,PR2026-1
SO020930-2,PR2026-1
SO020931-1,PR2026-1
SO020933-1,PR2026-1
SO020933-2,PR2026-1
SO020933-3,PR2026-1
SO020934-1,PR2026-1
SO020935-1,PR2026-1
SO020935-3,PR2026-1
SO020936-1,PR2026-1
SO020936-2,PR2026-1
SO020936-3,PR2026-1
SO020936-4,PR2026-1
SO020937-1,PR2026-1
SO020938-2,PR2026-1
SO020940-2,PR2026-1
SO020941-1,PR2026-1
SO020942-1,PR2026-1
SO020942-2,PR2026-1
SO020943-1,PR2026-1
SO020943-3,PR2026-1
SO020945-1,PR2026-1
SO020946-1,PR2026-1
SO020946-2,PR2026-1
SO020949-2,PR2026-1
SO020950-1,PR2026-1
SO020951-1,PR2026-1
SO020951-2,PR2026-1
SO020951-3,PR2026-1
SO020953-1,PR2026-1
SO020956-1,PR2026-1
SO020956-2,PR2026-1
SO020958-2,PR2026-1
SO020958-3,PR2026-1
SO020958-5,PR2026-1
SO020959-2,PR2026-1
SO020960-1,PR2026-1
SO020960-2,PR2026-1
SO020963-1,PR2026-1
SO020964-2,PR2026-1
SO020966-2,PR2026-1
SO020968-1,PR2026-1
SO020968-4,PR2026-1
SO020969-2,PR2026-1
SO020971-1,PR2026-1
SO020973-1,PR2026-1
SO020973-2,PR2026-1
SO020974-2,PR2026-1
SO020974-4,PR2026-1
SO020974-5,PR2026-1
SO020976-1,PR2026-1
SO020977-4,PR2026-1
SO020977-5,PR2026-1
SO020980-1,PR2026-1
SO020981-1,PR2026-1
SO020981-4,PR2026-1
SO020982-1,PR2026-1
SO020983-1,PR2026-1
SO020985-1,PR2026-1
SO020986-1,PR2026-1
SO020987-1,PR2026-1
SO020987-2,PR2026-1
SO020987-3,PR2026-1
SO020988-1,PR2026-1
SO020989-2,PR2026-1
SO020992-2,PR2026-1
SO020996-2,PR2026-1
SO020997-1,PR2026-1
SO021001-2,PR2026-1
SO021001-3,PR2026-1
SO021001-4,PR2026-1
SO021002-3,PR2026-1
SO021003-1,PR2026-1
SO021004-1,PR2026-1
SO021004-3,PR2026-1
SO021007-2,PR2026-1
SO021008-1,PR2026-1
SO021008-2,PR2026-1
SO021008-3,PR2026-1
SO021011-1,PR2026-1
SO021011-2,PR2026-1
SO021012-2,PR2026-1
SO021013-1,PR2026-1
SO021015-3,PR2026-1
SO021019-1,PR2026-1
SO021022-1,PR2026-1
SO021024-2,PR2026-1
SO021024-3,PR2026-1
SO021025-2,PR2026-1
SO021026-2,PR2026-1
SO021027-1,PR2026-1
SO021028-3,PR2026-1
SO021028-4,PR2026-1
SO021029-1,PR2026-1
SO021030-1,PR2026-1
SO021032-1,PR2026-1
SO021032-2,PR2026-1
SO021032-3,PR2026-1
SO021032-4,PR2026-1
SO021032-5,PR2026-1
SO021033-1,PR2026-1
SO021033-2,PR2026-1
SO021034-2,PR2026-1
SO021035-1,PR2026-1
SO021035-2,PR2026-1
SO021036-1,PR2026-1
SO021036-3,PR2026-1
SO021037-2,PR2026-1
SO021039-1,PR2026-1
SO021039-3,PR2026-1
SO021039-4,PR2026-1
SO021041-1,PR2026-1
SO021041-2,PR2026-1
SO021042-1,PR2026-1
SO021043-1,PR2026-1
SO021044-1,PR2026-1
SO021045-2,PR2026-1
SO021047-1,PR2026-1
SO021047-3,PR2026-1
SO021049-1,PR2026-1
SO021049-2,PR2026-1
SO021052-1,PR2026-1
SO021052-2,PR2026-1
SO021053-2,PR2026-1
SO021054-3,PR2026-1
SO021055-1,PR2026-1
SO021056-1,PR2026-1
SO021058-1,PR2026-1
SO021059-1,PR2026-1
SO021060-2,PR2026-1
SO021062-1,PR2026-1
SO021063-1,PR2026-1
SO021064-2,PR2026-1
SO021066-1,PR2026-1
SO021068-1,PR2026-1
SO021069-1,PR2026-1
SO021070-2,PR2026-1
SO021072-1,PR2026-1
SO021073-1,PR2026-1
SO021073-2,PR2026-1
SO021078-2,PR2026-1
SO021079-3,PR2026-1
SO021082-1,PR2026-1
SO021083-2,PR2026-1
SO021084-2,PR2026-1
SO021086-2,PR2026-1
SO021086-3,PR2026-1
SO021087-1,PR2026-1
SO021089-1,PR2026-1
SO021091-1,PR2026-1
SO021094-1,PR2026-1
SO021096-1,PR2026-1
SO021097-1,PR2026-1
SO021098-1,PR2026-1
SO021098-2,PR2026-1
SO021098-3,PR2026-1
SO021101-1,PR2026-1
SO021101-4,PR2026-1
SO021101-5,PR2026-1
SO021102-1,PR2026-1
SO021102-3,PR2026-1
SO021103-1,PR2026-1
SO021104-1,PR2026-1
SO021105-1,PR2026-1
SO021107-2,PR2026-1
SO021108-1,PR2026-1
SO021108-2,PR2026-1
SO021108-3,PR2026-1
SO021111-1,PR2026-1
SO021113-3,PR2026-1
SO021113-4,PR2026-1
SO021114-1,PR2026-1
SO021114-5,PR2026-1
SO021117-1,PR2026-1
SO021118-1,PR2026-1
SO021119-2,PR2026-1
SO021120-1,PR2026-1
SO021121-2,PR2026-1
SO021122-1,PR2026-1
SO021123-1,PR2026-1
SO021124-1,PR2026-1
SO021124-2,PR2026-1
SO021125-1,PR2026-1
SO021129-2,PR2026-1
SO021129-4,PR2026-1
SO021130-1,PR2026-1
SO021130-2,PR2026-1
SO021131-3,PR2026-1
SO021131-4,PR2026-1
SO021135-1,PR2026-1
SO021136-4,PR2026-1
SO021138-1,PR2026-1
SO021139-1,PR2026-1
SO021139-3,PR2026-1
SO021141-2,PR2026-1
SO021142-4,PR2026-1
SO021143-1,PR2026-1
SO021144-1,PR2026-1
SO021144-2,PR2026-1
SO021144-3,PR2026-1
SO021146-1,PR2026-1
SO021148-3,PR2026-1
SO021150-2,PR2026-1
SO021151-2,PR2026-1
SO021151-3,PR2026-1
SO021153-1,PR2026-1
SO021154-2,PR2026-1
SO021155-1,PR2026-1
SO021155-2,PR2026-1
SO021155-4,PR2026-1
SO021155-5,PR2026-1
SO021156-2,PR2026-1
SO021157-3,PR2026-1
SO021160-1,PR2026-1
SO021161-4,PR2026-1
SO021162-1,PR2026-1
SO021163-1,PR2026-1
SO021164-1,PR2026-1
SO021165-1,PR2026-1
SO021165-2,PR2026-1
SO021166-1,PR2026-1
SO021167-1,PR2026-1
SO021167-4,PR2026-1
SO021169-1,PR2026-1
SO021169-2,PR2026-1
SO021169-3,PR2026-1
SO021169-4,PR2026-1
SO021171-1,PR2026-1
SO021172-1,PR2026-1
SO021172-3,PR2026-1
SO021173-2,PR2026-1
SO021174-1,PR2026-1
SO021174-4,PR2026-1
SO021176-1,PR2026-1
SO021177-3,PR2026-1
SO021177-4,PR2026-1
SO021178-1,PR2026-1
SO021179-1,PR2026-1
SO021179-2,PR2026-1
SO021180-1,PR2026-1
SO021181-1,PR2026-1
SO021181-2,PR2026-1
SO021181-3,PR2026-1
SO021181-4,PR2026-1
SO021181-5,PR2026-1
SO021183-2,PR2026-1
SO021184-1,PR2026-1
SO021185-2,PR2026-1
SO021187-2,PR2026-1
SO021189-3,PR2026-1
SO021189-4,PR2026-1
SO021190-2,PR2026-1
SO021191-1,PR2026-1
SO021194-1,PR2026-1
SO021194-4,PR2026-1
SO021195-1,PR2026-1
SO021196-2,PR2026-1
SO021197-3,PR2026-1
SO021198-1,PR2026-1
SO021198-2,PR2026-1
SO021200-1,PR2026-1
SO021201-3,PR2026-1
SO021202-1,PR2026-1
SO021203-1,PR2026-1
SO021205-1,PR2026-1
SO021205-2,PR2026-1
SO021205-3,PR2026-1
SO021208-1,PR2026-1
SO021208-2,PR2026-1
SO021210-1,PR2026-1
SO021211-2,PR2026-1
SO021212-1,PR2026-1
SO021213-5,PR2026-1
SO021214-1,PR2026-1
SO021214-2,PR2026-1
SO021215-1,PR2026-1
SO021217-1,PR2026-1
SO021217-2,PR2026-1
SO021218-1,PR2026-1
SO021218-2,PR2026-1
SO021218-3,PR2026-1
SO021220-1,PR2026-1
SO021222-4,PR2026-1
SO021223-1,PR2026-1
SO021224-2,PR2026-1
SO021224-3,PR2026-1
SO021225-1,PR2026-1
SO021228-1,PR2026-1
SO021229-1,PR2026-1
SO021230-1,PR2026-1
SO021231-1,PR2026-1
SO021231-2,PR2026-1
SO021236-1,PR2026-1
SO021236-2,PR2026-1
SO021237-2,PR2026-1
SO021238-1,PR2026-1
SO021239-2,PR2026-1
SO021239-3,PR2026-1
SO021240-1,PR2026-1
SO021241-2,PR2026-1
SO021244-1,PR2026-1
SO021244-2,PR2026-1
SO021245-1,PR2026-1
SO021247-1,PR2026-1
SO021247-2,PR2026-1
SO021247-3,PR2026-1
SO021247-4,PR2026-1
SO021249-1,PR2026-1
SO021252-1,PR2026-1
SO021253-2,PR2026-1
SO021255-3,PR2026-1
SO021256-4,PR2026-1
SO021257-1,PR2026-1
SO021258-2,PR2026-1
SO021259-3,PR2026-1
SO021260-3,PR2026-1
SO021261-1,PR2026-1
SO021262-3,PR2026-1
SO021263-2,PR2026-1
SO021266-2,PR2026-1
SO021267-2,PR2026-1
SO021267-3,PR2026-1
SO021272-2,PR2026-1
SO021272-3,PR2026-1
SO021274-1,PR2026-1
SO021276-2,PR2026-1
SO021277-1,PR2026-1
SO021280-2,PR2026-1
SO021281-1,PR2026-1
SO021281-3,PR2026-1
SO021283-1,PR2026-1
SO021283-2,PR2026-1
SO021285-1,PR2026-1
SO021285-2,PR2026-1
SO021286-1,PR2026-1
SO021286-2,PR2026-1
SO021287-1,PR2026-1
SO021288-1,PR2026-1
SO021289-1,PR2026-1
SO021289-2,PR2026-1
SO021289-3,PR2026-1
SO021290-4,PR2026-1
SO021291-2,PR2026-1
SO021292-1,PR2026-1
SO021292-2,PR2026-1
SO021293-1,PR2026-1
SO021294-1,PR2026-1
SO021297-1,PR2026-1
SO021297-2,PR2026-1
SO021298-1,PR2026-1
SO021298-2,PR2026-1
SO021299-1,PR2026-1
SO021300-4,PR2026-1
SO021303-1,PR2026-1
SO021303-2,PR2026-1
SO021304-1,PR2026-1
SO021305-1,PR2026-1
SO021306-2,PR2026-1
SO021311-1,PR2026-1
SO021312-4,PR2026-1
SO021313-2,PR2026-1
SO021316-1,PR2026-1
SO021316-2,PR2026-1
SO021316-3,PR2026-1
SO021318-1,PR2026-1
SO021319-1,PR2026-1
SO021321-1,PR2026-1
SO021321-3,PR2026-1
SO021322-1,PR2026-1
SO021323-2,PR2026-1
SO021324-2,PR2026-1
SO021325-2,PR2026-1
SO021326-1,PR2026-1
SO021326-2,PR2026-1
SO021326-3,PR2026-1
SO021327-1,PR2026-1
SO021328-1,PR2026-1
SO021329-1,PR2026-1
SO021331-1,PR2026-1
SO021332-1,PR2026-1
SO021332-2,PR2026-1
SO021332-3,PR2026-1
SO021333-1,PR2026-1
SO021333-2,PR2026-1
SO021336-1,PR2026-1
SO021337-1,PR2026-1
SO021338-1,PR2026-1
SO021339-2,PR2026-1
SO021340-1,PR2026-1
SO021341-2,PR2026-1
SO021342-1,PR2026-1
SO021343-1,PR2026-1
SO021343-2,PR2026-1
SO021344-1,PR2026-1
SO021345-1,PR2026-1
SO021345-2,PR2026-1
SO021346-1,PR2026-1
SO021348-2,PR2026-1
SO021348-3,PR2026-1
SO021349-1,PR2026-1
SO021349-4,PR2026-1
SO021350-1,PR2026-1
SO021351-1,PR2026-1
SO021351-3,PR2026-1
SO021351-4,PR2026-1
SO021356-2,PR2026-1
SO021356-3,PR2026-1
SO021358-1,PR2026-1
SO021364-1,PR2026-1
SO021365-1,PR2026-1
SO021366-1,PR2026-1
SO021367-1,PR2026-1
SO021369-1,PR2026-1
SO021370-1,PR2026-1
SO021374-1,PR2026-1
SO021375-1,PR2026-1
SO021376-1,PR2026-1
SO021378-1,PR2026-1
SO021378-2,PR2026-1
SO021379-1,PR2026-1
SO021379-2,PR2026-1
SO021379-3,PR2026-1
SO021379-4,PR2026-1
SO021380-1,PR2026-1
SO021381-1,PR2026-1
SO021382-1,PR2026-1
SO021383-1,PR2026-1
SO021383-3,PR2026-1
SO021383-4,PR2026-1
SO021384-2,PR2026-1
SO021385-1,PR2026-1
SO021385-2,PR2026-1
SO021385-3,PR2026-1
SO021387-1,PR2026-1
SO021388-1,PR2026-1
SO021388-2,PR2026-1
SO021389-1,PR2026-1
SO021389-2,PR2026-1
SO021389-4,PR2026-1
SO021390-2,PR2026-1
SO021391-2,PR2026-1
SO021392-1,PR2026-1
SO021392-2,PR2026-1
SO021392-3,PR2026-1
SO021393-1,PR2026-1
SO021395-1,PR2026-1
SO021396-2,PR2026-1
SO021397-1,PR2026-1
SO021399-1,PR2026-1
SO021401-3,PR2026-1
SO021402-3,PR2026-1
SO021403-1,PR2026-1
SO021406-1,PR2026-1
SO021407-1,PR2026-1
SO021407-2,PR2026-1
SO021407-3,PR2026-1
SO021408-4,PR2026-1
SO021409-1,PR2026-1
SO021411-1,PR2026-1
SO021414-1,PR2026-1
SO021416-1,PR2026-1
SO021418-1,PR2026-1
SO021418-2,PR2026-1
SO021418-3,PR2026-1
SO021419-1,PR2026-1
SO021419-2,PR2026-1
SO021419-3,PR2026-1
SO021420-1,PR2026-1
SO021422-2,PR2026-1
SO021425-2,PR2026-1
SO021425-3,PR2026-1
SO021426-1,PR2026-1
SO021427-1,PR2026-1
SO021427-2,PR2026-1
SO021428-1,PR2026-1
SO021428-2,PR2026-1
SO021429-1,PR2026-1
SO021429-2,PR2026-1
SO021432-1,PR2026-1
SO021433-1,PR2026-1
SO021433-2,PR2026-1
SO021433-4,PR2026-1
SO021435-1,PR2026-1
SO021435-2,PR2026-1
SO021439-1,PR2026-1
SO021439-2,PR2026-1
SO021442-2,PR2026-1
SO021443-1,PR2026-1
SO021444-2,PR2026-1
SO021444-3,PR2026-1
SO021448-1,PR2026-1
SO021449-1,PR2026-1
SO021449-2,PR2026-1
SO021449-3,PR2026-1
SO021449-4,PR2026-1
SO021450-1,PR2026-1
SO021454-2,PR2026-1
SO021457-1,PR2026-1
SO021457-2,PR2026-1
SO021460-1,PR2026-1
SO021461-2,PR2026-1
SO021462-2,PR2026-1
SO021462-4,PR2026-1
SO021464-1,PR2026-1
SO021465-1,PR2026-1
SO021466-1,PR2026-1
SO021467-2,PR2026-1
SO021468-1,PR2026-1
SO021468-2,PR2026-1
SO021468-3,PR2026-1
SO021470-1,PR2026-1
SO021471-3,PR2026-1
SO021471-4,PR2026-1
SO021473-1,PR2026-1
SO021473-2,PR2026-1
SO021474-1,PR2026-1
SO021475-2,PR2026-1
SO021479-1,PR2026-1
SO021480-1,PR2026-1
SO021482-2,PR2026-1
SO021483-1,PR2026-1
SO021483-2,PR2026-1
SO021483-3,PR2026-1
SO021486-1,PR2026-1
SO021489-1,PR2026-1
SO021491-2,PR2026-1
SO021492-2,PR2026-1
SO021493-1,PR2026-1
SO021495-1,PR2026-1
SO021496-1,PR2026-1
SO021498-1,PR2026-1
SO021499-1,PR2026-1
SO021501-3,PR2026-1
SO021502-1,PR2026-1
SO021502-2,PR2026-1
SO021504-1,PR2026-1
SO021506-2,PR2026-1
SO021508-2,PR2026-1
SO021508-4,PR2026-1
SO021510-3,PR2026-1
SO021510-4,PR2026-1
SO021510-5,PR2026-1
SO021511-1,PR2026-1
SO021511-3,PR2026-1
SO021511-4,PR2026-1
SO021511-5,PR2026-1
SO021512-1,PR2026-1
SO021513-2,PR2026-1
SO021514-2,PR2026-1
SO021515-2,PR2026-1
SO021516-1,PR2026-1
SO021517-1,PR2026-1
SO021519-1,PR2026-1
SO021519-2,PR2026-1
SO021520-2,PR2026-1
SO021523-3,PR2026-1
SO021524-2,PR2026-1
SO021524-3,PR2026-1
SO021524-4,PR2026-1
SO021527-2,PR2026-1
SO021527-3,PR2026-1
SO021527-4,PR2026-1
SO021528-1,PR2026-1
SO021528-3,PR2026-1
SO021530-2,PR2026-1
SO021530-3,PR2026-1
SO021531-1,PR2026-1
SO021532-2,PR2026-1
SO021532-3,PR2026-1
SO021533-2,PR2026-1
SO021533-3,PR2026-1
SO021534-1,PR2026-1
SO021535-1,PR2026-1
SO021536-1,PR2026-1
SO021537-2,PR2026-1
SO021539-2,PR2026-1
SO021540-1,PR2026-1
SO021542-1,PR2026-1
SO021542-3,PR2026-1
SO021543-1,PR2026-1
SO021543-2,PR2026-1
SO021543-3,PR2026-1
SO021543-4,PR2026-1
SO021544-1,PR2026-1
SO021544-2,PR2026-1
SO021545-1,PR2026-1
SO021547-4,PR2026-1
SO021548-1,PR2026-1
SO021548-3,PR2026-1
SO021549-1,PR2026-1
SO021549-2,PR2026-1
SO021549-4,PR2026-1
SO021550-2,PR2026-1
SO021551-3,PR2026-1
SO021557-1,PR2026-1
SO021559-1,PR2026-1
SO021560-2,PR2026-1
SO021561-1,PR2026-1
SO021562-1,PR2026-1
SO021563-2,PR2026-1
SO021563-3,PR2026-1
SO021566-2,PR2026-1
SO021568-1,PR2026-1
SO021568-2,PR2026-1
SO021569-1,PR2026-1
SO021570-2,PR2026-1
SO021571-2,PR2026-1
SO021573-1,PR2026-1
SO021573-2,PR2026-1
SO021573-3,PR2026-1
SO021575-4,PR2026-1
SO021577-1,PR2026-1
SO021578-2,PR2026-1
SO021580-2,PR2026-1
SO021581-1,PR2026-1
SO021582-2,PR2026-1
SO021583-1,PR2026-1
SO021583-2,PR2026-1
SO021583-3,PR2026-1
SO021583-4,PR2026-1
SO021586-1,PR2026-1
SO021586-2,PR2026-1
SO021588-1,PR2026-1
SO021588-2,PR2026-1
SO021588-3,PR2026-1
SO021589-1,PR2026-1
SO021592-1,PR2026-1
SO021593-2,PR2026-1
SO021594-1,PR2026-1
SO021599-2,PR2026-1
SO021599-3,PR2026-1
SO021599-4,PR2026-1
SO021600-2,PR2026-1
SO021601-1,PR2026-1
SO021603-2,PR2026-1
SO021604-1,PR2026-1
SO021604-2,PR2026-1
SO021605-1,PR2026-1
SO021605-3,PR2026-1
SO021606-1,PR2026-1
SO021606-2,PR2026-1
SO021606-3,PR2026-1
SO021606-4,PR2026-1
SO021607-2,PR2026-1
SO021608-1,PR2026-1
SO021608-2,PR2026-1
SO021609-1,PR2026-1
SO021610-1,PR2026-1
SO021610-2,PR2026-1
SO021611-1,PR2026-1
SO021611-3,PR2026-1
SO021612-2,PR2026-1
SO021613-1,PR2026-1
SO021616-3,PR2026-1
SO021617-1,PR2026-1
SO021618-1,PR2026-1
SO021621-1,PR2026-1
SO021622-1,PR2026-1
SO021622-3,PR2026-1
SO021623-1,PR2026-1
SO021625-1,PR2026-1
SO021626-1,PR2026-1
SO021627-1,PR2026-1
SO021627-2,PR2026-1
SO021628-2,PR2026-1
SO021631-1,PR2026-1
SO021632-2,PR2026-1
SO021632-3,PR2026-1
SO021637-2,PR2026-1
SO021638-2,PR2026-1
SO021638-3,PR2026-1
SO021640-2,PR2026-1
SO021641-1,PR2026-1
SO021642-1,PR2026-1
SO021642-2,PR2026-1
SO021643-1,PR2026-1
SO021644-2,PR2026-1
SO021646-1,PR2026-1
SO021646-2,PR2026-1
SO021646-3,PR2026-1
SO021647-1,PR2026-1
SO021647-2,PR2026-1
SO021648-1,PR2026-1
SO021650-1,PR2026-1
SO021651-1,PR2026-1
SO021655-1,PR2026-1
SO021656-1,PR2026-1
SO021657-2,PR2026-1
SO021660-1,PR2026-1
SO021662-2,PR2026-1
SO021662-3,PR2026-1
SO021662-4,PR2026-1
SO021664-1,PR2026-1
SO021664-2,PR2026-1
SO021664-4,PR2026-1
SO021666-1,PR2026-1
SO021666-2,PR2026-1
SO021666-3,PR2026-1
SO021666-4,PR2026-1
SO021666-5,PR2026-1
SO021667-3,PR2026-1
SO021668-1,PR2026-1
SO021669-1,PR2026-1
SO021670-1,PR2026-1
SO021671-1,PR2026-1
SO021672-1,PR2026-1
SO021672-2,PR2026-1
SO021673-1,PR2026-1
SO021673-2,PR2026-1
SO021673-4,PR2026-1
SO021674-1,PR2026-1
SO021674-2,PR2026-1
SO021674-3,PR2026-1
SO021675-1,PR2026-1
SO021676-1,PR2026-1
SO021678-1,PR2026-1
SO021679-1,PR2026-1
SO021680-3,PR2026-1
SO021680-4,PR2026-1
SO021680-5,PR2026-1
SO021681-1,PR2026-1
SO021682-1,PR2026-1
SO021683-1,PR2026-1
SO021684-1,PR2026-1
SO021684-2,PR2026-1
SO021684-3,PR2026-1
SO021685-1,PR2026-1
SO021685-2,PR2026-1
SO021686-2,PR2026-1
SO021687-2,PR2026-1
SO021688-1,PR2026-1
SO021689-1,PR2026-1
SO021689-2,PR2026-1
SO021689-3,PR2026-1
SO021689-5,PR2026-1
SO021690-1,PR2026-1
SO021692-2,PR2026-1
SO021693-2,PR2026-1
SO021693-3,PR2026-1
SO021694-1,PR2026-1
SO021695-1,PR2026-1
SO021695-2,PR2026-1
SO021696-2,PR2026-1
SO021697-1,PR2026-1
SO021697-2,PR2026-1
SO021698-1,PR2026-1
SO021699-1,PR2026-1
SO021702-1,PR2026-1
SO021703-1,PR2026-1
SO021705-1,PR2026-1
SO021707-1,PR2026-1
SO021708-1,PR2026-1
SO021708-4,PR2026-1
SO021708-5,PR2026-1
SO021710-1,PR2026-1
SO021710-2,PR2026-1
SO021711-2,PR2026-1
SO021711-3,PR2026-1
SO021712-2,PR2026-1
SO021714-2,PR2026-1
SO021715-3,PR2026-1
SO021716-1,PR2026-1
SO021717-1,PR2026-1
SO021719-1,PR2026-1
SO021719-3,PR2026-1
SO021719-4,PR2026-1
SO021720-1,PR2026-1
SO021721-2,PR2026-1
SO021722-1,PR2026-1
SO021725-3,PR2026-1
SO021725-4,PR2026-1
SO021726-1,PR2026-1
SO021728-1,PR2026-1
SO021729-2,PR2026-1
SO021729-3,PR2026-1
SO021729-4,PR2026-1
SO021731-1,PR2026-1
SO021731-2,PR2026-1
SO021731-4,PR2026-1
SO021732-1,PR2026-1
SO021732-4,PR2026-1
SO021733-3,PR2026-1
SO021734-3,PR2026-1
SO021734-5,PR2026-1
SO021736-1,PR2026-1
SO021738-2,PR2026-1
SO021741-1,PR2026-1
SO021742-1,PR2026-1
SO021744-5,PR2026-1
SO021746-2,PR2026-1
SO021746-3,PR2026-1
SO021746-4,PR2026-1
SO021748-1,PR2026-1
SO021749-2,PR2026-1
SO021750-1,PR2026-1
SO021751-1,PR2026-1
SO021752-1,PR2026-1
SO021754-1,PR2026-1
SO021755-2,PR2026-1
SO021761-1,PR2026-1
SO021764-1,PR2026-1
SO021764-2,PR2026-1
SO021764-3,PR2026-1
SO021764-5,PR2026-1
SO021765-1,PR2026-1
SO021765-2,PR2026-1
SO021768-1,PR2026-1
SO021768-2,PR2026-1
SO021768-3,PR2026-1
SO021771-1,PR2026-1
SO021772-1,PR2026-1
SO021772-2,PR2026-1
SO021773-1,PR2026-1
SO021774-1,PR2026-1
SO021776-1,PR2026-1
SO021779-2,PR2026-1
SO021781-1,PR2026-1
SO021782-1,PR2026-1
SO021782-2,PR2026-1
SO021783-1,PR2026-1
SO021783-4,PR2026-1
SO021784-1,PR2026-1
SO021784-2,PR2026-1
SO021784-3,PR2026-1
SO021784-4,PR2026-1
SO021785-1,PR2026-1
SO021787-1,PR2026-1
SO021788-2,PR2026-1
SO021788-3,PR2026-1
SO021790-1,PR2026-1
SO021790-2,PR2026-1
SO021792-1,PR2026-1
SO021792-2,PR2026-1
SO021793-1,PR2026-1
SO021794-1,PR2026-1
SO021795-1,PR2026-1
SO021796-1,PR2026-1
SO021797-1,PR2026-1
SO021798-1,PR2026-1
SO021798-2,PR2026-1
SO021801-1,PR2026-1
SO021802-2,PR2026-1
SO021803-1,PR2026-1
SO021803-3,PR2026-1
SO021805-1,PR2026-1
SO021806-1,PR2026-1
SO021807-1,PR2026-1
SO021808-2,PR2026-1
SO021809-1,PR2026-1
SO021811-2,PR2026-1
SO021815-1,PR2026-1
SO021816-1,PR2026-1
SO021816-2,PR2026-1
SO021818-1,PR2026-1
SO021819-1,PR2026-1
SO021820-2,PR2026-1
SO021820-3,PR2026-1
SO021823-1,PR2026-1
SO021824-1,PR2026-1
SO021825-2,PR2026-1
SO021826-2,PR2026-1
SO021827-1,PR2026-1
SO021827-2,PR2026-1
SO021830-1,PR2026-1
SO021832-2,PR2026-1
SO021832-3,PR2026-1
SO021833-2,PR2026-1
SO021833-3,PR2026-1
SO021834-3,PR2026-1
SO021835-1,PR2026-1
SO021837-1,PR2026-1
SO021838-1,PR2026-1
SO021838-2,PR2026-1
SO021838-3,PR2026-1
SO021839-1,PR2026-1
SO021839-2,PR2026-1
SO021840-2,PR2026-1
SO021841-1,PR2026-1
SO021841-2,PR2026-1
SO021841-3,PR2026-1
SO021842-2,PR2026-1
SO021844-1,PR2026-1
SO021845-1,PR2026-1
SO021848-3,PR2026-1
SO021848-4,PR2026-1
SO021849-1,PR2026-1
SO021850-1,PR2026-1
SO021851-1,PR2026-1
SO021851-2,PR2026-1
SO021853-1,PR2026-1
SO021853-4,PR2026-1
SO021855-1,PR2026-1
SO021855-2,PR2026-1
SO021856-1,PR2026-1
SO021857-1,PR2026-1
SO021857-2,PR2026-1
SO021857-4,PR2026-1
SO021859-3,PR2026-1
SO021861-1,PR2026-1
SO021865-1,PR2026-1
SO021865-2,PR2026-1
SO021866-1,PR2026-1
SO021867-2,PR2026-1
SO021868-1,PR2026-1
SO021869-1,PR2026-1
SO021870-3,PR2026-1
SO021871-1,PR2026-1
SO021872-1,PR2026-1
SO021873-1,PR2026-1
SO021873-2,PR2026-1
SO021877-1,PR2026-1
SO021878-1,PR2026-1
SO021878-2,PR2026-1
SO021879-1,PR2026-1
SO021879-2,PR2026-1
SO021879-4,PR2026-1
SO021880-2,PR2026-1
SO021882-1,PR2026-1
SO021883-1,PR2026-1
SO021883-2,PR2026-1
SO021883-3,PR2026-1
SO021883-4,PR2026-1
SO021884-1,PR2026-1
SO021884-2,PR2026-1
SO021885-1,PR2026-1
SO021885-3,PR2026-1
SO021885-5,PR2026-1
SO021886-1,PR2026-1
SO021886-2,PR2026-1
SO021886-3,PR2026-1
SO021887-2,PR2026-1
SO021888-1,PR2026-1
SO021888-3,PR2026-1
SO021889-1,PR2026-1
SO021890-1,PR2026-1
SO021891-1,PR2026-1
SO021893-1,PR2026-1
SO021894-1,PR2026-1
SO021895-1,PR2026-1
SO021895-2,PR2026-1
SO021895-3,PR2026-1
SO021897-1,PR2026-1
SO021898-1,PR2026-1
SO021898-2,PR2026-1
SO021900-2,PR2026-1
SO021901-1,PR2026-1
SO021902-1,PR2026-1
SO021903-1,PR2026-1
SO021904-1,PR2026-1
SO021905-1,PR2026-1
SO021905-3,PR2026-1
SO021905-4,PR2026-1
SO021907-1,PR2026-1
SO021908-2,PR2026-1
SO021909-1,PR2026-1
SO021911-1,PR2026-1
SO021911-2,PR2026-1
SO021912-3,PR2026-1
SO021916-1,PR2026-1
SO021917-1,PR2026-1
SO021918-2,PR2026-1
SO021920-2,PR2026-1
SO021921-2,PR2026-1
SO021921-3,PR2026-1
SO021922-2,PR2026-1
SO021923-1,PR2026-1
SO021925-1,PR2026-1
SO021927-1,PR2026-1
SO021928-1,PR2026-1
SO021928-2,PR2026-1
SO021929-2,PR2026-1
SO021930-1,PR2026-1
SO021931-1,PR2026-1
SO021934-1,PR2026-1
SO021935-1,PR2026-1
SO021936-1,PR2026-1
SO021936-2,PR2026-1
SO021937-2,PR2026-1
SO021937-3,PR2026-1
SO021938-1,PR2026-1
SO021939-1,PR2026-1
SO021939-2,PR2026-1
SO021939-3,PR2026-1
SO021940-1,PR2026-1
SO021940-2,PR2026-1
SO021940-3,PR2026-1
SO021941-2,PR2026-1
SO021942-2,PR2026-1
SO021942-3,PR2026-1
SO021947-1,PR2026-1
SO021947-2,PR2026-1
SO021948-1,PR2026-1
SO021949-1,PR2026-1
SO021951-1,PR2026-1
SO021951-2,PR2026-1
SO021952-2,PR2026-1
SO021952-3,PR2026-1
SO021952-5,PR2026-1
SO021953-1,PR2026-1
SO021953-2,PR2026-1
SO021956-1,PR2026-1
SO021959-1,PR2026-1
SO021960-1,PR2026-1
SO021961-1,PR2026-1
SO021963-1,PR2026-1
SO021963-2,PR2026-1
SO021964-1,PR2026-1
SO021964-2,PR2026-1
SO021966-1,PR2026-1
SO021966-2,PR2026-1
SO021969-1,PR2026-1
SO021970-1,PR2026-1
SO021971-2,PR2026-1
SO021971-3,PR2026-1
SO021973-1,PR2026-1
SO021974-2,PR2026-1
SO021975-1,PR2026-1
SO021975-4,PR2026-1
SO021976-1,PR2026-1
SO021976-2,PR2026-1
SO021976-3,PR2026-1
SO021976-4,PR2026-1
SO021977-3,PR2026-1
SO021978-1,PR2026-1
SO021978-2,PR2026-1
SO021978-3,PR2026-1
SO021979-1,PR2026-1
SO021980-1,PR2026-1
SO021981-1,PR2026-1
SO021982-1,PR2026-1
SO021982-2,PR2026-1
SO021983-1,PR2026-1
SO021984-1,PR2026-1
SO021985-1,PR2026-1
SO021986-1,PR2026-1
SO021986-2,PR2026-1
SO021986-3,PR2026-1
SO021988-1,PR2026-1
SO021988-2,PR2026-1
SO021989-1,PR2026-1
SO021993-1,PR2026-1
SO021993-2,PR2026-1
SO021994-1,PR2026-1
SO021998-1,PR2026-1
SO021998-2,PR2026-1
SO021999-1,PR2026-1
SO021999-2,PR2026-1
SO021999-4,PR2026-1
SO022002-1,PR2026-1
SO022003-1,PR2026-1
SO022004-1,PR2026-1
SO022005-1,PR2026-1
SO022006-1,PR2026-1
SO022006-2,PR2026-1
SO022006-3,PR2026-1
SO022006-4,PR2026-1
SO022006-5,PR2026-1
SO022007-1,PR2026-1
SO022007-2,PR2026-1
SO022012-2,PR2026-1
SO022012-4,PR2026-1
SO022012-5,PR2026-1
SO022013-1,PR2026-1
SO022013-3,PR2026-1
SO022015-1,PR2026-1
SO022017-1,PR2026-1
SO022019-1,PR2026-1
SO022019-3,PR2026-1
SO022021-2,PR2026-1
SO022022-1,PR2026-1
SO022024-2,PR2026-1
SO022027-1,PR2026-1
SO022030-1,PR2026-1
SO022030-2,PR2026-1
SO022031-1,PR2026-1
SO022033-3,PR2026-1
SO022033-4,PR2026-1
SO022034-1,PR2026-1
SO022036-1,PR2026-1
SO022037-1,PR2026-1
SO022037-2,PR2026-1
SO022037-3,PR2026-1
SO022039-1,PR2026-1
SO022042-3,PR2026-1
SO022044-1,PR2026-1
SO022046-1,PR2026-1
SO022047-3,PR2026-1
SO022047-4,PR2026-1
SO022049-1,PR2026-1
SO022051-1,PR2026-1
SO022053-1,PR2026-1
SO022054-1,PR2026-1
SO022055-2,PR2026-1
SO022057-1,PR2026-1
SO022057-3,PR2026-1
SO022058-1,PR2026-1
SO022060-3,PR2026-1
SO022061-4,PR2026-1
SO022062-1,PR2026-1
SO022066-1,PR2026-1
SO022067-3,PR2026-1
SO022067-4,PR2026-1
SO022068-1,PR2026-1
SO022070-2,PR2026-1
SO022070-3,PR2026-1
SO022072-1,PR2026-1
SO022073-1,PR2026-1
SO022074-1,PR2026-1
SO022075-2,PR2026-1
SO022075-3,PR2026-1
SO022075-5,PR2026-1
SO022076-1,PR2026-1
SO022077-1,PR2026-1
SO022078-1,PR2026-1
SO022078-2,PR2026-1
SO022079-1,PR2026-1
SO022080-2,PR2026-1
SO022081-1,PR2026-1
SO022084-1,PR2026-1
SO022086-2,PR2026-1
SO022086-3,PR2026-1
SO022088-1,PR2026-1
SO022088-2,PR2026-1
SO022088-3,PR2026-1
SO022088-5,PR2026-1
SO022089-1,PR2026-1
SO022093-1,PR2026-1
SO022094-1,PR2026-1
SO022095-1,PR2026-1
SO022095-2,PR2026-1
SO022096-1,PR2026-1
SO022097-1,PR2026-1
SO022097-2,PR2026-1
SO022097-3,PR2026-1
SO022100-1,PR2026-1
SO022100-2,PR2026-1
SO022100-3,PR2026-1
SO022100-5,PR2026-1
SO022104-1,PR2026-1
SO022104-2,PR2026-1
SO022105-1,PR2026-1
SO022106-1,PR2026-1
SO022107-3,PR2026-1
SO022108-1,PR2026-1
SO022108-2,PR2026-1
SO022109-2,PR2026-1
SO022110-1,PR2026-1
SO022111-1,PR2026-1
SO022112-1,PR2026-1
SO022114-1,PR2026-1
SO022114-2,PR2026-1
SO022115-1,PR2026-1
SO022116-1,PR2026-1
SO022116-2,PR2026-1
SO022116-4,PR2026-1
SO022117-1,PR2026-1
SO022117-2,PR2026-1
SO022120-1,PR2026-1
SO022120-2,PR2026-1
SO022120-3,PR2026-1
SO022122-1,PR2026-1
SO022122-2,PR2026-1
SO022122-4,PR2026-1
SO022123-1,PR2026-1
SO022124-1,PR2026-1
SO022125-1,PR2026-1
SO022125-2,PR2026-1
SO022125-3,PR2026-1
SO022126-1,PR2026-1
SO022126-2,PR2026-1
SO022127-2,PR2026-1
SO022129-1,PR2026-1
SO022130-2,PR2026-1
SO022130-3,PR2026-1
SO022131-1,PR2026-1
SO022132-1,PR2026-1
SO022132-2,PR2026-1
SO022133-1,PR2026-1
SO022135-1,PR2026-1
SO022136-1,PR2026-1
SO022136-2,PR2026-1
SO022137-1,PR2026-1
SO022138-1,PR2026-1
SO022140-2,PR2026-1
SO022141-1,PR2026-1
SO022142-3,PR2026-1
SO022142-5,PR2026-1
SO022143-1,PR2026-1
SO022145-1,PR2026-1
SO022145-3,PR2026-1
SO022147-1,PR2026-1
SO022147-2,PR2026-1
SO022148-2,PR2026-1
SO022149-1,PR2026-1
SO022150-2,PR2026-1
SO022153-2,PR2026-1
SO022154-1,PR2026-1
SO022155-1,PR2026-1
SO022156-2,PR2026-1
SO022156-3,PR2026-1
SO022157-1,PR2026-1
SO022158-2,PR2026-1
SO022161-1,PR2026-1
SO022161-2,PR2026-1
SO022163-1,PR2026-1
SO022164-1,PR2026-1
SO022165-1,PR2026-1
SO022166-1,PR2026-1
SO022168-1,PR2026-1
SO022171-1,PR2026-1
SO022171-2,PR2026-1
SO022172-1,PR2026-1
SO022172-2,PR2026-1
SO022173-3,PR2026-1
SO022174-1,PR2026-1
SO022175-1,PR2026-1
SO022178-2,PR2026-1
SO022179-1,PR2026-1
SO022179-3,PR2026-1
SO022180-1,PR2026-1
SO022180-3,PR2026-1
SO022181-1,PR2026-1
SO022181-2,PR2026-1
SO022182-1,PR2026-1
SO022183-3,PR2026-1
SO022183-5,PR2026-1
SO022186-1,PR2026-1
SO022187-1,PR2026-1
SO022188-1,PR2026-1
SO022189-1,PR2026-1
SO022190-1,PR2026-1
SO022192-2,PR2026-1
SO022194-2,PR2026-1
SO022194-3,PR2026-1
SO022196-1,PR2026-1
SO022197-2,PR2026-1
SO022198-1,PR2026-1
SO022199-1,PR2026-1
SO022199-2,PR2026-1
SO022199-3,PR2026-1
SO022200-2,PR2026-1
SO022201-1,PR2026-1
SO022201-4,PR2026-1
SO022202-1,PR2026-1
SO022204-1,PR2026-1
SO022205-1,PR2026-1
SO022206-1,PR2026-1
SO022206-2,PR2026-1
SO022206-3,PR2026-1
SO022207-1,PR2026-1
SO022207-2,PR2026-1
SO022208-1,PR2026-1
SO022208-2,PR2026-1
SO022209-1,PR2026-1
SO022210-1,PR2026-1
SO022211-4,PR2026-1
SO022212-1,PR2026-1
SO022213-1,PR2026-1
SO022213-2,PR2026-1
SO022214-1,PR2026-1
SO022215-1,PR2026-1
SO022215-2,PR2026-1
SO022215-3,PR2026-1
SO022218-2,PR2026-1
SO022219-2,PR2026-1
SO022219-4,PR2026-1
SO022220-1,PR2026-1
SO022221-1,PR2026-1
SO022221-2,PR2026-1
SO022222-1,PR2026-1
SO022222-2,PR2026-1
SO022223-1,PR2026-1
SO022223-2,PR2026-1
SO022224-2,PR2026-1
SO022226-1,PR2026-1
SO022226-2,PR2026-1
SO022226-3,PR2026-1
SO022227-1,PR2026-1
SO022227-2,PR2026-1
SO022227-3,PR2026-1
SO022228-1,PR2026-1
SO022229-1,PR2026-1
SO022230-1,PR2026-1
SO022230-2,PR2026-1
SO022231-2,PR2026-1
SO022232-2,PR2026-1
SO022232-5,PR2026-1
SO022233-1,PR2026-1
SO022233-2,PR2026-1
SO022233-3,PR2026-1
SO022233-4,PR2026-1
SO022235-1,PR2026-1
SO022235-3,PR2026-1
SO022237-1,PR2026-1
SO022238-1,PR2026-1
SO022240-3,PR2026-1
SO022241-2,PR2026-1
SO022242-1,PR2026-1
SO022243-2,PR2026-1
SO022244-1,PR2026-1
SO022245-1,PR2026-1
SO022246-4,PR2026-1
SO022247-1,PR2026-1
SO022248-3,PR2026-1
SO022248-4,PR2026-1
SO022249-1,PR2026-1
SO022250-2,PR2026-1
SO022251-1,PR2026-1
SO022253-1,PR2026-1
SO022254-1,PR2026-1
SO022255-1,PR2026-1
SO022255-4,PR2026-1
SO022258-1,PR2026-1
SO022258-2,PR2026-1
SO022260-2,PR2026-1
SO022262-2,PR2026-1
SO022262-3,PR2026-1
SO022262-5,PR2026-1
SO022263-1,PR2026-1
SO022266-1,PR2026-1
SO022267-1,PR2026-1
SO022269-1,PR2026-1
SO022271-2,PR2026-1
SO022272-2,PR2026-1
SO022272-3,PR2026-1
SO022274-1,PR2026-1
SO022274-2,PR2026-1
SO022275-1,PR2026-1
SO022275-2,PR2026-1
SO022278-1,PR2026-1
SO022279-1,PR2026-1
SO022280-1,PR2026-1
SO022281-3,PR2026-1
SO022288-1,PR2026-1
SO022289-1,PR2026-1
SO022290-1,PR2026-1
SO022290-2,PR2026-1
SO022290-3,PR2026-1
SO022291-1,PR2026-1
SO022292-3,PR2026-1
SO022294-2,PR2026-1
SO022295-1,PR2026-1
SO022297-1,PR2026-1
SO022297-2,PR2026-1
SO022301-1,PR2026-1
SO022302-1,PR2026-1
SO022304-1,PR2026-1
SO022305-1,PR2026-1
SO022306-1,PR2026-1
SO022307-1,PR2026-1
SO022308-2,PR2026-1
SO022308-3,PR2026-1
SO022309-1,PR2026-1
SO022311-2,PR2026-1
SO022313-2,PR2026-1
SO022314-1,PR2026-1
SO022314-2,PR2026-1
SO022315-2,PR2026-1
SO022315-3,PR2026-1
SO022315-4,PR2026-1
SO022316-1,PR2026-1
SO022316-2,PR2026-1
SO022318-1,PR2026-1
SO022319-1,PR2026-1
SO022320-1,PR2026-1
SO022321-1,PR2026-1
SO022321-2,PR2026-1
SO022322-1,PR2026-1
SO022322-3,PR2026-1
SO022323-2,PR2026-1
SO022324-1,PR2026-1
SO022325-1,PR2026-1
SO022326-1,PR2026-1
SO022326-3,PR2026-1
SO022327-1,PR2026-1
SO022328-1,PR2026-1
SO022328-2,PR2026-1
SO022328-4,PR2026-1
SO022328-5,PR2026-1
SO022329-1,PR2026-1
SO022329-4,PR2026-1
SO022329-5,PR2026-1
SO022331-1,PR2026-1
SO022331-2,PR2026-1
SO022332-1,PR2026-1
SO022333-1,PR2026-1
SO022335-1,PR2026-1
SO022335-3,PR2026-1
SO022336-1,PR2026-1
SO022336-3,PR2026-1
SO022337-2,PR2026-1
SO022337-3,PR2026-1
SO022338-1,PR2026-1
SO022338-2,PR2026-1
SO022338-3,PR2026-1
SO022338-4,PR2026-1
SO022339-2,PR2026-1
SO022340-1,PR2026-1
SO022341-1,PR2026-1
SO022343-1,PR2026-1
SO022344-2,PR2026-1
SO022345-1,PR2026-1
SO022345-2,PR2026-1
SO022346-1,PR2026-1
SO022347-1,PR2026-1
SO022351-1,PR2026-1
SO022352-1,PR2026-1
SO022354-2,PR2026-1
SO022357-1,PR2026-1
SO022357-2,PR2026-1
SO022359-1,PR2026-1
SO022360-1,PR2026-1
SO022362-1,PR2026-1
SO022363-1,PR2026-1
SO022364-2,PR2026-1
SO022366-1,PR2026-1
SO022366-2,PR2026-1
SO022366-3,PR2026-1
SO022366-4,PR2026-1
SO022367-1,PR2026-1
SO022373-2,PR2026-1
SO022373-3,PR2026-1
SO022374-2,PR2026-1
SO022374-3,PR2026-1
SO022375-1,PR2026-1
SO022376-1,PR2026-1
SO022377-1,PR2026-1
SO022377-2,PR2026-1
SO022378-1,PR2026-1
SO022379-1,PR2026-1
SO022382-1,PR2026-1
SO022384-1,PR2026-1
SO022385-1,PR2026-1
SO022385-2,PR2026-1
SO022386-1,PR2026-1
SO022388-1,PR2026-1
SO022389-1,PR2026-1
SO022390-2,PR2026-1
SO022392-1,PR2026-1
SO022392-3,PR2026-1
SO022392-4,PR2026-1
SO022393-1,PR2026-1
SO022393-2,PR2026-1
SO022393-3,PR2026-1
SO022393-4,PR2026-1
SO022395-1,PR2026-1
SO022398-1,PR2026-1
SO022398-2,PR2026-1
SO022398-3,PR2026-1
SO022400-2,PR2026-1
SO022400-4,PR2026-1
SO022401-2,PR2026-1
SO022401-5,PR2026-1
SO022402-3,PR2026-1
SO022403-2,PR2026-1
SO022404-2,PR2026-1
SO022405-2,PR2026-1
SO022405-3,PR2026-1
SO022406-1,PR2026-1
SO022410-1,PR2026-1
SO022410-3,PR2026-1
SO022410-4,PR2026-1
SO022411-1,PR2026-1
SO022412-1,PR2026-1
SO022412-2,PR2026-1
SO022412-3,PR2026-1
SO022413-1,PR2026-1
SO022414-1,PR2026-1
SO022414-2,PR2026-1
SO022415-2,PR2026-1
SO022415-3,PR2026-1
SO022416-2,PR2026-1
SO022417-1,PR2026-1
SO022419-2,PR2026-1
SO022420-2,PR2026-1
SO022421-2,PR2026-1
SO022423-3,PR2026-1
SO022424-1,PR2026-1
SO022424-3,PR2026-1
SO022426-1,PR2026-1
SO022426-2,PR2026-1
SO022426-3,PR2026-1
SO022427-1,PR2026-1
SO022428-1,PR2026-1
SO022429-3,PR2026-1
SO022431-1,PR2026-1
SO022431-2,PR2026-1
SO022431-3,PR2026-1
SO022431-4,PR2026-1
SO022433-1,PR2026-1
SO022435-1,PR2026-1
SO022437-1,PR2026-1
SO022439-1,PR2026-1
SO022439-2,PR2026-1
SO022439-3,PR2026-1
SO022443-1,PR2026-1
SO022443-2,PR2026-1
SO022444-1,PR2026-1
SO022444-2,PR2026-1
SO022446-1,PR2026-1
SO022447-1,PR2026-1
SO022448-1,PR2026-1
SO022449-1,PR2026-1
SO022449-2,PR2026-1
SO022450-1,PR2026-1
SO022451-2,PR2026-1
SO022452-1,PR2026-1
SO022453-1,PR2026-1
SO022453-2,PR2026-1
SO022454-1,PR2026-1
SO022455-1,PR2026-1
SO022456-1,PR2026-1
SO022457-1,PR2026-1
SO022457-2,PR2026-1
SO022457-4,PR2026-1
SO022459-1,PR2026-1
SO022460-1,PR2026-1
SO022462-1,PR2026-1
SO022462-3,PR2026-1
SO022463-1,PR2026-1
SO022463-2,PR2026-1
SO022464-2,PR2026-1
SO022465-2,PR2026-1
SO022466-1,PR2026-1
SO022466-2,PR2026-1
SO022469-2,PR2026-1
SO022470-1,PR2026-1
SO022471-1,PR2026-1
SO022471-3,PR2026-1
SO022472-1,PR2026-1
SO022473-2,PR2026-1
SO022473-4,PR2026-1
SO022476-2,PR2026-1
SO022476-3,PR2026-1
SO022477-1,PR2026-1
SO022478-1,PR2026-1
SO022478-2,PR2026-1
SO022478-3,PR2026-1
SO022479-2,PR2026-1
SO022482-1,PR2026-1
SO022483-1,PR2026-1
SO022483-3,PR2026-1
SO022483-5,PR2026-1
SO022485-1,PR2026-1
SO022486-1,PR2026-1
SO022487-3,PR2026-1
SO022487-4,PR2026-1
SO022488-1,PR2026-1
SO022489-1,PR2026-1
SO022489-3,PR2026-1
SO022490-1,PR2026-1
SO022491-3,PR2026-1
SO022494-1,PR2026-1
SO022494-2,PR2026-1
SO022494-3,PR2026-1
SO022494-4,PR2026-1
SO022495-1,PR2026-1
SO022495-2,PR2026-1
SO022496-1,PR2026-1
SO022498-1,PR2026-1
SO022499-1,PR2026-1
SO022500-2,PR2026-1
SO022500-4,PR2026-1
SO022501-2,PR2026-1
SO022501-3,PR2026-1
SO022502-1,PR2026-1
SO022502-3,PR2026-1
SO022506-1,PR2026-1
SO022506-2,PR2026-1
SO022506-3,PR2026-1
SO022510-2,PR2026-1
SO022512-1,PR2026-1
SO022513-1,PR2026-1
SO022514-1,PR2026-1
SO022515-1,PR2026-1
SO022515-2,PR2026-1
SO022516-1,PR2026-1
SO022517-1,PR2026-1
SO022517-3,PR2026-1
SO022519-2,PR2026-1
SO022519-3,PR2026-1
SO022520-1,PR2026-1
SO022527-4,PR2026-2
SO022529-2,PR2026-2
SO022536-1,PR2026-2
SO022538-1,PR2026-2
SO022548-2,PR2026-2
SO022552-2,PR2026-2
SO022558-2,PR2026-2
SO022567-1,PR2026-2
SO022569-2,PR2026-2
SO022572-5,PR2026-2
SO022578-1,PR2026-2
SO022578-2,PR2026-2
SO022580-1,PR2026-2
SO022583-2,PR2026-2
SO022587-2,PR2026-2
SO022590-2,PR2026-2
SO022594-3,PR2026-2
SO022603-2,PR2026-2
SO022620-2,PR2026-2
SO022621-1,PR2026-2
SO022622-1,PR2026-2
SO022623-2,PR2026-2
SO022627-2,PR2026-2
SO022627-3,PR2026-2
SO022629-3,PR2026-2
SO022635-1,PR2026-2
SO022635-4,PR2026-2
SO022637-3,PR2026-2
SO022640-1,PR2026-2
SO022651-1,PR2026-2
SO022655-1,PR2026-2
SO022655-2,PR2026-2
SO022662-2,PR2026-2
SO022670-2,PR2026-2
SO022674-1,PR2026-2
SO022674-2,PR2026-2
SO022678-1,PR2026-2
SO022686-1,PR2026-2
SO022689-1,PR2026-2
SO022689-2,PR2026-2
SO022694-1,PR2026-2
SO022701-4,PR2026-2
SO022710-2,PR2026-2
SO022712-1,PR2026-2
SO022728-2,PR2026-2
SO022735-1,PR2026-2
SO022736-2,PR2026-2
SO022747-2,PR2026-2
SO022751-1,PR2026-2
SO022756-2,PR2026-2
SO022757-1,PR2026-2
SO022780-1,PR2026-2
SO022782-1,PR2026-2
SO022786-1,PR2026-2
SO022787-4,PR2026-2
SO022790-1,PR2026-2
SO022792-3,PR2026-2
SO022793-1,PR2026-2
SO022793-2,PR2026-2
SO022797-2,PR2026-2
SO022799-2,PR2026-2
SO022800-1,PR2026-2
SO022801-3,PR2026-2
SO022802-1,PR2026-2
SO022805-1,PR2026-2
SO022807-3,PR2026-2
SO022810-3,PR2026-2
SO022812-3,PR2026-2
SO022813-1,PR2026-2
SO022822-1,PR2026-2
SO022829-2,PR2026-2
SO022831-1,PR2026-2
SO022831-2,PR2026-2
SO022849-3,PR2026-2
SO022859-2,PR2026-2
SO022862-2,PR2026-2
SO022863-1,PR2026-2
SO022868-1,PR2026-2
SO022873-2,PR2026-2
SO022876-1,PR2026-2
SO022878-1,PR2026-2
SO022879-1,PR2026-2
SO022880-2,PR2026-2
SO022881-1,PR2026-2
SO022881-2,PR2026-2
SO022899-2,PR2026-2
SO022899-4,PR2026-2
SO022903-2,PR2026-2
SO022917-3,PR2026-2
SO022918-2,PR2026-2
SO022921-1,PR2026-2
SO022922-1,PR2026-2
SO022922-2,PR2026-2
SO022924-5,PR2026-2
SO022925-1,PR2026-2
SO022927-4,PR2026-2
SO022932-4,PR2026-2
SO022935-1,PR2026-2
SO022936-4,PR2026-2
SO022940-3,PR2026-2
SO022952-2,PR2026-2
SO022958-1,PR2026-2
SO022966-2,PR2026-2
SO022971-1,PR2026-2
SO022974-1,PR2026-2
SO022977-1,PR2026-2
SO022980-1,PR2026-2
SO022983-1,PR2026-2
SO022986-1,PR2026-2
SO022987-1,PR2026-2
SO022992-1,PR2026-2
SO022993-2,PR2026-2
SO022997-1,PR2026-2
SO023007-1,PR2026-2
SO023008-3,PR2026-2
SO023019-1,PR2026-2
SO023020-2,PR2026-2
SO023024-1,PR2026-2
SO023024-4,PR2026-2
SO023026-1,PR2026-2
SO023034-2,PR2026-2
SO023036-3,PR2026-2
SO023041-1,PR2026-2
SO023042-2,PR2026-2
SO023046-2,PR2026-2
SO023051-1,PR2026-2
SO023062-1,PR2026-2
SO023065-1,PR2026-2
SO023066-1,PR2026-2
SO023067-2,PR2026-2
SO023076-5,PR2026-2
SO023077-2,PR2026-2
SO023077-3,PR2026-2
SO023086-4,PR2026-2
SO023087-2,PR2026-2
SO023091-2,PR2026-2
SO023093-1,PR2026-2
SO023099-2,PR2026-2
SO023102-2,PR2026-2
SO023105-1,PR2026-2
SO023110-4,PR2026-2
SO023111-1,PR2026-2
SO023116-3,PR2026-2
SO023123-1,PR2026-2
SO023125-2,PR2026-2
SO023127-1,PR2026-2
SO023129-1,PR2026-2
SO023132-1,PR2026-2
SO023137-1,PR2026-2
SO023140-2,PR2026-2
SO023150-3,PR2026-2
SO023159-2,PR2026-2
SO023164-2,PR2026-2
SO023172-3,PR2026-2
SO023173-2,PR2026-2
SO023173-3,PR2026-2
SO023177-5,PR2026-2
SO023194-1,PR2026-2
SO023199-3,PR2026-2
SO023200-2,PR2026-2
SO023209-3,PR2026-2
SO023214-2,PR2026-2
SO023229-1,PR2026-2
SO023233-1,PR2026-2
SO023233-2,PR2026-2
SO023234-4,PR2026-2
SO023237-4,PR2026-2
SO023242-1,PR2026-2
SO023246-1,PR2026-2
SO023250-1,PR2026-2
SO023251-2,PR2026-2
SO023260-1,PR2026-2
SO023262-2,PR2026-2
SO023266-2,PR2026-2
SO023270-2,PR2026-2
SO023272-1,PR2026-2
SO023274-1,PR2026-2
SO023276-3,PR2026-2
SO023278-2,PR2026-2
SO023279-1,PR2026-2
SO023292-1,PR2026-2
SO023293-4,PR2026-2
SO023297-3,PR2026-2
SO023306-2,PR2026-2
SO023310-2,PR2026-2
SO023314-1,PR2026-2
SO023318-3,PR2026-2
SO023319-2,PR2026-2
SO023322-1,PR2026-2
SO023322-2,PR2026-2
SO023341-3,PR2026-2
SO023343-3,PR2026-2
SO023353-2,PR2026-2
SO023357-2,PR2026-2
SO023358-2,PR2026-2
SO023360-1,PR2026-2
SO023366-4,PR2026-2
SO023367-3,PR2026-2
SO023371-1,PR2026-2
SO023372-1,PR2026-2
SO023378-2,PR2026-2
SO023382-1,PR2026-2
SO023385-1,PR2026-2
SO023390-1,PR2026-2
SO023397-1,PR2026-2
SO023399-1,PR2026-2
SO023403-1,PR2026-2
SO023407-1,PR2026-2
SO023409-3,PR2026-2
SO023409-4,PR2026-2
SO023413-1,PR2026-2
SO023413-2,PR2026-2
SO023433-1,PR2026-2
SO023433-4,PR2026-2
SO023436-1,PR2026-2
SO023443-2,PR2026-2
SO023446-1,PR2026-2
SO023446-2,PR2026-2
SO023447-1,PR2026-2
SO023449-1,PR2026-2
SO023450-1,PR2026-2
SO023452-1,PR2026-2
SO023454-4,PR2026-2
SO023456-1,PR2026-2
SO023463-1,PR2026-2
SO023465-2,PR2026-2
SO023475-1,PR2026-2
SO023476-1,PR2026-2
SO023485-3,PR2026-2
SO023494-3,PR2026-2
SO023498-5,PR2026-2
SO023500-3,PR2026-2
SO023506-3,PR2026-2
SO023509-2,PR2026-2
SO023515-2,PR2026-2
SO023515-3,PR2026-2
SO023517-2,PR2026-2
SO023521-3,PR2026-2
SO023523-2,PR2026-2
SO023535-3,PR2026-2
SO023538-1,PR2026-2
SO023543-3,PR2026-2
SO023546-1,PR2026-2
SO023549-2,PR2026-2
SO023559-2,PR2026-2
SO023562-2,PR2026-2
SO023563-1,PR2026-2
SO023564-2,PR2026-2
SO023566-2,PR2026-2
SO023587-1,PR2026-2
SO023590-2,PR2026-2
SO023591-1,PR2026-2
SO023601-4,PR2026-2
SO023628-1,PR2026-2
SO023632-1,PR2026-2
SO023636-1,PR2026-2
SO023639-1,PR2026-2
SO023642-1,PR2026-2
SO023643-2,PR2026-2
SO023659-1,PR2026-2
SO023662-1,PR2026-2
SO023667-2,PR2026-2
SO023681-2,PR2026-2
SO023683-2,PR2026-2
SO023687-1,PR2026-2
SO023691-1,PR2026-2
SO023692-2,PR2026-2
SO023698-2,PR2026-2
SO023698-3,PR2026-2
SO023699-2,PR2026-2
SO023700-2,PR2026-2
SO023700-4,PR2026-2
SO023701-3,PR2026-2
SO023702-1,PR2026-2
SO023704-1,PR2026-2
SO023705-1,PR2026-2
SO023708-3,PR2026-2
SO023720-1,PR2026-2
SO023726-2,PR2026-2
SO023729-1,PR2026-2
SO023743-1,PR2026-2
SO023744-4,PR2026-2
SO023745-1,PR2026-2
SO023750-2,PR2026-2
SO023751-1,PR2026-2
SO023756-1,PR2026-2
SO023758-2,PR2026-2
SO023760-1,PR2026-2
SO023765-1,PR2026-2
SO023770-3,PR2026-2
SO023771-2,PR2026-2
SO023772-2,PR2026-2
SO023779-1,PR2026-2
SO023786-1,PR2026-2
SO023791-1,PR2026-2
SO023792-1,PR2026-2
SO023798-2,PR2026-2
SO023802-2,PR2026-2
SO023803-2,PR2026-2
SO023804-2,PR2026-2
SO023805-1,PR2026-2
SO023816-1,PR2026-2
SO023817-4,PR2026-2
SO023817-5,PR2026-2
SO023821-1,PR2026-2
SO023837-1,PR2026-2
SO023845-1,PR2026-2
SO023851-3,PR2026-2
SO023856-2,PR2026-2
SO023862-1,PR2026-2
SO023872-2,PR2026-2
SO023884-2,PR2026-2
SO023897-1,PR2026-2
SO023897-2,PR2026-2
SO023900-2,PR2026-2
SO023902-1,PR2026-2
SO023903-1,PR2026-2
SO023906-3,PR2026-2
SO023915-1,PR2026-2
SO023922-1,PR2026-2
SO023930-5,PR2026-2
SO023931-1,PR2026-2
SO023943-1,PR2026-2
SO023946-1,PR2026-2
SO023957-2,PR2026-2
SO023960-2,PR2026-2
SO023962-4,PR2026-2
SO023968-2,PR2026-2
SO023972-1,PR2026-2
SO023983-2,PR2026-2
SO023986-2,PR2026-2
SO023990-1,PR2026-2
SO023996-2,PR2026-2
SO024000-3,PR2026-2
SO024004-1,PR2026-2
SO024006-1,PR2026-2
SO024009-2,PR2026-2
SO024015-2,PR2026-2
SO024024-1,PR2026-2
SO024025-2,PR2026-2
SO024026-1,PR2026-2
SO024029-1,PR2026-2
SO024035-1,PR2026-2
SO024045-1,PR2026-2
SO024056-2,PR2026-2
SO024058-1,PR2026-2
SO024060-1,PR2026-2
SO024063-1,PR2026-2
SO024063-2,PR2026-2
SO024068-2,PR2026-2
SO024077-2,PR2026-2
SO024079-1,PR2026-2
SO024084-2,PR2026-2
SO024090-1,PR2026-2
SO024092-4,PR2026-2
SO024094-1,PR2026-2
SO024096-3,PR2026-2
SO024097-1,PR2026-2
SO024102-2,PR2026-2
SO024105-2,PR2026-2
SO024107-1,PR2026-2
SO024111-3,PR2026-2
SO024120-1,PR2026-2
SO024120-3,PR2026-2
SO024123-1,PR2026-2
SO024125-1,PR2026-2
SO024126-1,PR2026-2
SO024128-1,PR2026-2
SO024128-2,PR2026-2
SO024130-4,PR2026-2
SO024145-1,PR2026-2
SO024145-2,PR2026-2
SO024145-3,PR2026-2
SO024147-2,PR2026-2
SO024148-1,PR2026-2
SO024158-1,PR2026-2
SO024170-2,PR2026-2
SO024175-2,PR2026-2
SO024176-1,PR2026-2
SO024181-1,PR2026-2
SO024182-1,PR2026-2
SO024183-1,PR2026-2
SO024189-1,PR2026-2
SO024193-4,PR2026-2
SO024195-1,PR2026-2
SO024211-3,PR2026-2
SO024217-1,PR2026-2
SO024219-2,PR2026-2
SO024221-3,PR2026-2
SO024225-4,PR2026-2
SO024226-1,PR2026-2
SO024246-1,PR2026-2
SO024249-3,PR2026-2
SO024254-2,PR2026-2
SO024255-1,PR2026-2
SO024259-1,PR2026-2
SO024259-2,PR2026-2
SO024262-2,PR2026-2
SO024262-3,PR2026-2
SO024272-1,PR2026-2
SO024274-3,PR2026-2
SO024280-1,PR2026-2
SO024281-1,PR2026-2
SO024282-2,PR2026-2
SO024292-3,PR2026-2
SO024293-2,PR2026-2
SO024296-2,PR2026-2
SO024303-1,PR2026-2
SO024307-3,PR2026-2
SO024314-1,PR2026-2
SO024320-1,PR2026-2
SO024321-2,PR2026-2
SO024325-2,PR2026-2
SO024336-1,PR2026-2
SO024343-1,PR2026-2
SO024346-1,PR2026-2
SO024350-2,PR2026-2
SO024351-1,PR2026-2
SO024353-1,PR2026-2
SO024369-2,PR2026-2
SO024370-2,PR2026-2
SO024371-5,PR2026-2
SO024382-2,PR2026-2
SO024389-2,PR2026-2
SO024389-4,PR2026-2
SO024392-1,PR2026-2
SO024394-2,PR2026-2
SO024395-1,PR2026-2
SO024395-3,PR2026-2
SO024397-4,PR2026-2
SO024407-1,PR2026-2
SO024411-2,PR2026-2
SO024414-1,PR2026-2
SO024418-1,PR2026-2
SO024423-1,PR2026-2
SO024428-3,PR2026-2
SO024431-1,PR2026-2
SO024448-1,PR2026-2
SO024451-1,PR2026-2
SO024457-1,PR2026-2
SO024461-1,PR2026-2
SO024471-1,PR2026-2
SO024482-5,PR2026-2
SO024483-1,PR2026-2
SO024484-1,PR2026-2
SO024493-2,PR2026-2
SO024497-2,PR2026-2
SO024500-2,PR2026-2
SO024503-1,PR2026-2
SO024508-2,PR2026-2
SO024510-2,PR2026-2
SO024515-2,PR2026-2
SO024517-1,PR2026-2
SO024526-3,PR2026-2
SO024527-3,PR2026-2
SO024528-5,PR2026-2
SO024529-4,PR2026-2
SO024530-4,PR2026-2
SO024530-5,PR2026-2
SO024531-1,PR2026-2
SO024539-1,PR2026-2
SO024552-2,PR2026-2
SO024553-2,PR2026-2
SO024553-3,PR2026-2
SO024555-1,PR2026-2
SO024562-2,PR2026-2
SO024566-2,PR2026-2
SO024579-1,PR2026-2
SO024585-1,PR2026-2
SO024591-1,PR2026-2
SO024592-2,PR2026-2
SO024593-1,PR2026-2
SO024595-1,PR2026-2
SO024599-1,PR2026-2
SO024605-1,PR2026-2
SO024607-2,PR2026-2
SO024609-3,PR2026-2
SO024612-1,PR2026-2
SO024618-1,PR2026-2
SO024619-2,PR2026-2
SO024621-2,PR2026-2
SO024622-1,PR2026-2
SO024625-3,PR2026-2
SO024626-1,PR2026-2
SO024631-1,PR2026-2
SO024636-1,PR2026-2
SO024655-2,PR2026-2
SO024656-2,PR2026-2
SO024661-1,PR2026-2
SO024664-1,PR2026-2
SO024664-3,PR2026-2
SO024667-1,PR2026-2
SO024670-1,PR2026-2
SO024673-1,PR2026-2
SO024678-1,PR2026-2
SO024679-1,PR2026-2
SO024687-1,PR2026-2
SO024694-3,PR2026-2
SO024697-2,PR2026-2
SO024699-3,PR2026-2
SO024706-2,PR2026-2
SO024708-1,PR2026-2
SO024708-2,PR2026-2
SO024714-2,PR2026-2
SO024716-1,PR2026-2
SO024723-3,PR2026-2
SO024731-1,PR2026-2
SO024738-3,PR2026-2
SO024740-3,PR2026-2
SO024744-2,PR2026-2
SO024751-1,PR2026-2
SO024755-1,PR2026-2
SO024759-1,PR2026-2
SO024759-3,PR2026-2
SO024764-3,PR2026-2
SO024765-2,PR2026-2
SO024766-1,PR2026-2
SO024768-1,PR2026-2
SO024770-1,PR2026-2
SO024782-2,PR2026-2
SO024782-3,PR2026-2
SO024789-1,PR2026-2
SO024795-2,PR2026-2
SO024796-2,PR2026-2
SO024805-2,PR2026-2
SO024806-1,PR2026-2
SO024807-1,PR2026-2
SO024809-1,PR2026-2
SO024811-1,PR2026-2
SO024814-3,PR2026-2
SO024816-2,PR2026-2
SO024819-3,PR2026-2
SO024824-3,PR2026-2
SO024830-1,PR2026-2
SO024834-1,PR2026-2
SO024834-2,PR2026-2
SO024845-1,PR2026-2
SO024845-2,PR2026-2
SO024852-1,PR2026-2
SO024860-1,PR2026-2
SO024863-1,PR2026-2
SO024864-4,PR2026-2
SO024865-3,PR2026-2
SO024866-2,PR2026-2
SO024867-2,PR2026-2
SO024868-1,PR2026-2
SO024873-1,PR2026-2
SO024877-3,PR2026-2
SO024885-1,PR2026-2
SO024886-1,PR2026-2
SO024886-4,PR2026-2
SO024888-3,PR2026-2
SO024911-1,PR2026-2
SO024916-1,PR2026-2
SO024926-1,PR2026-2
SO024931-5,PR2026-2
SO024932-1,PR2026-2
SO024933-3,PR2026-2
SO024935-3,PR2026-2
SO024942-1,PR2026-2
SO024953-2,PR2026-2
SO024955-1,PR2026-2
SO024955-2,PR2026-2
SO024961-1,PR2026-2
SO024962-1,PR2026-2
SO024962-2,PR2026-2
SO024968-2,PR2026-2
SO024970-2,PR2026-2
SO024972-2,PR2026-2
SO024972-3,PR2026-2
SO024982-3,PR2026-2
SO024984-2,PR2026-2
SO024989-1,PR2026-2
SO024993-2,PR2026-2
SO024999-1,PR2026-2
SO025009-1,PR2026-2
SO025009-2,PR2026-2
SO025015-1,PR2026-2
SO025026-1,PR2026-2
SO025028-2,PR2026-2
SO025040-1,PR2026-2
SO025042-2,PR2026-2
SO025044-3,PR2026-2
SO025052-1,PR2026-2
SO025054-2,PR2026-2
SO025055-1,PR2026-2
SO025063-1,PR2026-2
SO025064-2,PR2026-2
SO025065-3,PR2026-2
SO025067-1,PR2026-2
SO025072-1,PR2026-2
SO025078-3,PR2026-2
SO025078-5,PR2026-2
SO025079-3,PR2026-2
SO025084-2,PR2026-2
SO025084-3,PR2026-2
SO025090-1,PR2026-2
SO025091-4,PR2026-2
SO025116-1,PR2026-2
SO025128-2,PR2026-2
SO025130-1,PR2026-2
SO025139-1,PR2026-2
SO025140-1,PR2026-2
SO025142-1,PR2026-2
SO025142-2,PR2026-2
SO025142-3,PR2026-2
SO025144-3,PR2026-2
SO025150-5,PR2026-2
SO025151-1,PR2026-2
SO025153-1,PR2026-2
SO025160-1,PR2026-2
SO025164-1,PR2026-2
SO025170-1,PR2026-2
SO025178-1,PR2026-2
SO025178-2,PR2026-2
SO025180-1,PR2026-2
SO025184-2,PR2026-2
SO025186-1,PR2026-2
SO025194-1,PR2026-2
SO025196-4,PR2026-2
SO025201-1,PR2026-2
SO025204-1,PR2026-2
SO025213-1,PR2026-2
SO025231-2,PR2026-2
SO025234-1,PR2026-2
SO025234-3,PR2026-2
SO025251-1,PR2026-2
SO025258-2,PR2026-2
SO025263-1,PR2026-2
SO025265-1,PR2026-2
SO025270-3,PR2026-2
SO025277-1,PR2026-2
SO025282-1,PR2026-2
SO025290-1,PR2026-2
SO025290-2,PR2026-2
SO025292-2,PR2026-2
SO025293-2,PR2026-2
SO025295-2,PR2026-2
SO025299-2,PR2026-2
SO025300-2,PR2026-2
SO025302-5,PR2026-2
SO025305-1,PR2026-2
SO025308-3,PR2026-2
SO025311-1,PR2026-2
SO025312-1,PR2026-2
SO025313-1,PR2026-2
SO025315-1,PR2026-2
SO025318-2,PR2026-2
SO025328-2,PR2026-2
SO025338-3,PR2026-2
SO025340-3,PR2026-2
SO025343-1,PR2026-2
SO025347-4,PR2026-2
SO025352-1,PR2026-2
SO025353-3,PR2026-2
SO025369-2,PR2026-2
SO025373-1,PR2026-2
SO025377-4,PR2026-2
SO025381-1,PR2026-2
SO025383-2,PR2026-2
SO025383-3,PR2026-2
SO025389-1,PR2026-2
SO025390-2,PR2026-2
SO025391-1,PR2026-2
SO025393-3,PR2026-2
SO025397-3,PR2026-2
SO025398-2,PR2026-2
SO025404-1,PR2026-2
SO025407-1,PR2026-2
SO025408-1,PR2026-2
SO025410-2,PR2026-2
SO025411-1,PR2026-2
SO025414-4,PR2026-2
SO025421-5,PR2026-2
SO025434-1,PR2026-2
SO025440-1,PR2026-2
SO025447-2,PR2026-2
SO025452-1,PR2026-2
SO025453-1,PR2026-2
SO025454-5,PR2026-2
SO025463-1,PR2026-2
SO025467-1,PR2026-2
SO025475-1,PR2026-2
SO025480-1,PR2026-2
SO025481-2,PR2026-2
SO025482-1,PR2026-2
SO025483-2,PR2026-2
SO025490-1,PR2026-2
SO025497-3,PR2026-2
SO025498-1,PR2026-2
SO025501-1,PR2026-2
SO025501-2,PR2026-2
SO025506-1,PR2026-2
SO025508-2,PR2026-2
SO025510-1,PR2026-2
SO025511-1,PR2026-2
SO025515-4,PR2026-2
SO025518-1,PR2026-2
SO025532-1,PR2026-2
SO025539-2,PR2026-2
SO025543-3,PR2026-2
SO025550-1,PR2026-2
SO025560-2,PR2026-2
SO025565-1,PR2026-2
SO025570-2,PR2026-2
SO025572-2,PR2026-2
SO025574-1,PR2026-2
SO025579-1,PR2026-2
SO025579-2,PR2026-2
SO025582-1,PR2026-2
SO025586-1,PR2026-2
SO025587-2,PR2026-2
SO025595-2,PR2026-2
SO025603-1,PR2026-2
SO025605-1,PR2026-2
SO025606-1,PR2026-2
SO025609-1,PR2026-2
SO025614-2,PR2026-2
SO025619-4,PR2026-2
SO025622-1,PR2026-2
SO025636-1,PR2026-2
SO025640-2,PR2026-2
SO025643-2,PR2026-2
SO025644-1,PR2026-2
SO025648-3,PR2026-2
SO025649-1,PR2026-2
SO025650-1,PR2026-2
SO025658-3,PR2026-2
SO025658-5,PR2026-2
SO025668-3,PR2026-2
SO025668-4,PR2026-2
SO025668-5,PR2026-2
SO025672-1,PR2026-2
SO025681-2,PR2026-2
SO025686-4,PR2026-2
SO025694-1,PR2026-2
SO025694-2,PR2026-2
SO025697-1,PR2026-2
SO025713-1,PR2026-2
SO025715-1,PR2026-2
SO025715-3,PR2026-2
SO025717-1,PR2026-2
SO025722-1,PR2026-2
SO025722-2,PR2026-2
SO025728-1,PR2026-2
SO025730-1,PR2026-2
SO025730-3,PR2026-2
SO025732-1,PR2026-2
SO025735-1,PR2026-2
SO025737-1,PR2026-2
SO025746-1,PR2026-2
SO025747-1,PR2026-2
SO025753-1,PR2026-2
SO025756-2,PR2026-2
SO025759-4,PR2026-2
SO025768-4,PR2026-2
SO025769-1,PR2026-2
SO025769-2,PR2026-2
SO025772-1,PR2026-2
SO025772-3,PR2026-2
SO025777-2,PR2026-2
SO025778-1,PR2026-2
SO025788-1,PR2026-2
SO025790-5,PR2026-2
SO025795-1,PR2026-2
SO025800-1,PR2026-2
SO025801-3,PR2026-2
SO025813-1,PR2026-2
SO025821-2,PR2026-2
SO025823-5,PR2026-2
SO025826-1,PR2026-2
SO025830-2,PR2026-2
SO025848-1,PR2026-2
SO025851-1,PR2026-2
SO025872-1,PR2026-2
SO025876-1,PR2026-2
SO025877-2,PR2026-2
SO025880-1,PR2026-2
SO025892-3,PR2026-2
SO025911-1,PR2026-2
SO025912-2,PR2026-2
SO025916-3,PR2026-2
SO025917-2,PR2026-2
SO025918-1,PR2026-2
SO025919-1,PR2026-2
SO025921-1,PR2026-2
SO025921-2,PR2026-2
SO025922-1,PR2026-2
SO025942-2,PR2026-2
SO025946-2,PR2026-2
SO025947-2,PR2026-2
SO025961-2,PR2026-2
SO025964-2,PR2026-2
SO025966-1,PR2026-2
SO025967-1,PR2026-2
SO025969-1,PR2026-2
SO025970-2,PR2026-2
SO025973-1,PR2026-2
SO025980-1,PR2026-2
SO025981-2,PR2026-2
SO025991-1,PR2026-2
SO025994-1,PR2026-2
SO025996-2,PR2026-2
SO025999-1,PR2026-2
SO025999-2,PR2026-2
SO026001-2,PR2026-2
SO026009-1,PR2026-2
SO026017-5,PR2026-2
SO026018-2,PR2026-2
SO026019-1,PR2026-2
SO026028-2,PR2026-2
SO026040-1,PR2026-2
SO026051-2,PR2026-2
SO026052-4,PR2026-2
SO026064-2,PR2026-2
SO026065-2,PR2026-2
SO026075-2,PR2026-2
SO026079-1,PR2026-2
SO026091-1,PR2026-2
SO026096-4,PR2026-2
SO026097-3,PR2026-2
SO026098-1,PR2026-2
SO026101-1,PR2026-2
SO026102-1,PR2026-2
SO026103-2,PR2026-2
SO026109-1,PR2026-2
SO026116-1,PR2026-2
SO026119-1,PR2026-2
SO026120-2,PR2026-2
SO026124-2,PR2026-2
SO026129-1,PR2026-2
SO026136-3,PR2026-2
SO026147-1,PR2026-2
SO026151-1,PR2026-2
SO026154-1,PR2026-2
SO026159-2,PR2026-2
SO026162-2,PR2026-2
SO026170-4,PR2026-2
SO026182-3,PR2026-2
SO026183-1,PR2026-2
SO026184-2,PR2026-2
SO026184-4,PR2026-2
SO026187-1,PR2026-2
SO026188-2,PR2026-2
SO026189-2,PR2026-2
SO026199-1,PR2026-2
SO026208-4,PR2026-2
SO026208-5,PR2026-2
SO026209-3,PR2026-2
SO026209-4,PR2026-2
SO026213-1,PR2026-2
SO026215-1,PR2026-2
SO026216-3,PR2026-2
SO026226-1,PR2026-2
SO026226-2,PR2026-2
SO026229-3,PR2026-2
SO026233-2,PR2026-2
SO026234-3,PR2026-2
SO026235-2,PR2026-2
SO026242-2,PR2026-2
SO026248-1,PR2026-2
SO026255-2,PR2026-2
SO026259-1,PR2026-2
SO026261-1,PR2026-2
SO026264-2,PR2026-2
SO026265-2,PR2026-2
SO026269-1,PR2026-2
SO026272-1,PR2026-2
SO026284-2,PR2026-2
SO026295-3,PR2026-2
SO026298-3,PR2026-2
SO026306-4,PR2026-2
SO026313-2,PR2026-2
SO026320-2,PR2026-2
SO026323-3,PR2026-2
SO026335-1,PR2026-2
SO026339-1,PR2026-2
SO026343-3,PR2026-2
SO026346-3,PR2026-2
SO026354-1,PR2026-2
SO026356-2,PR2026-2
SO026361-2,PR2026-2
SO026361-3,PR2026-2
SO026366-1,PR2026-2
SO026370-3,PR2026-2
SO026374-1,PR2026-2
SO026377-1,PR2026-2
SO026386-1,PR2026-2
SO026389-1,PR2026-2
SO026390-1,PR2026-2
SO026395-3,PR2026-2
SO026405-1,PR2026-2
SO026406-1,PR2026-2
SO026412-5,PR2026-2
SO026413-1,PR2026-2
SO026425-1,PR2026-2
SO026428-1,PR2026-2
SO026430-1,PR2026-2
SO026433-1,PR2026-2
SO026441-1,PR2026-2
SO026445-1,PR2026-2
SO026456-2,PR2026-2
SO026457-1,PR2026-2
SO026464-1,PR2026-2
SO026475-2,PR2026-2
SO026479-1,PR2026-2
SO026483-1,PR2026-2
SO026491-1,PR2026-2
SO026493-2,PR2026-2
SO026497-1,PR2026-2
SO026498-1,PR2026-2
SO026500-3,PR2026-2
SO026503-1,PR2026-2
SO026505-3,PR2026-2
SO026512-2,PR2026-2
SO026513-4,PR2026-2
SO026514-1,PR2026-2
SO026515-3,PR2026-2
SO026517-1,PR2026-2
SO026518-1,PR2026-2
SO026522-1,PR2026-2
SO026525-3,PR2026-2
SO026527-3,PR2026-2
SO026528-2,PR2026-2
SO026537-1,PR2026-2
SO026538-2,PR2026-2
SO026552-3,PR2026-2
SO026554-2,PR2026-2
SO026554-3,PR2026-2
SO026556-4,PR2026-2
SO026559-1,PR2026-2
SO026564-2,PR2026-2
SO026574-2,PR2026-2
SO026575-1,PR2026-2
SO026592-4,PR2026-2
SO026597-1,PR2026-2
SO026605-1,PR2026-2
SO026606-2,PR2026-2
SO026611-2,PR2026-2
SO026619-3,PR2026-2
SO026620-1,PR2026-2
SO026621-3,PR2026-2
SO026622-1,PR2026-2
SO026636-1,PR2026-2
SO026640-4,PR2026-2
SO026642-2,PR2026-2
SO026646-2,PR2026-2
SO026649-1,PR2026-2
SO026650-4,PR2026-2
SO026655-1,PR2026-2
SO026656-3,PR2026-2
SO026659-2,PR2026-2
SO026662-1,PR2026-2
SO026664-5,PR2026-2
SO026666-1,PR2026-2
SO026668-1,PR2026-2
SO026671-5,PR2026-2
SO026673-3,PR2026-2
SO026681-2,PR2026-2
SO026682-1,PR2026-2
SO026684-1,PR2026-2
SO026701-2,PR2026-2
SO026702-2,PR2026-2
SO026704-4,PR2026-2
SO026706-3,PR2026-2
SO026712-2,PR2026-2
SO026716-2,PR2026-2
SO026719-3,PR2026-2
SO026724-2,PR2026-2
SO026726-1,PR2026-2
SO026727-1,PR2026-2
SO026728-1,PR2026-2
SO026729-2,PR2026-2
SO026730-1,PR2026-2
SO026731-1,PR2026-2
SO026732-1,PR2026-2
SO026735-1,PR2026-2
SO026744-1,PR2026-2
SO026746-2,PR2026-2
SO026764-1,PR2026-2
SO026770-1,PR2026-2
SO026776-2,PR2026-2
SO026779-1,PR2026-2
SO026781-4,PR2026-2
SO026783-1,PR2026-2
SO026784-1,PR2026-2
SO026786-1,PR2026-2
SO026789-1,PR2026-2
SO026797-1,PR2026-2
SO026801-1,PR2026-2
SO026814-4,PR2026-2
SO026817-2,PR2026-2
SO026820-2,PR2026-2
SO026832-2,PR2026-2
SO026838-3,PR2026-2
SO026846-2,PR2026-2
SO026849-3,PR2026-2
SO026850-1,PR2026-2
SO026850-4,PR2026-2
SO026851-1,PR2026-2
SO026857-2,PR2026-2
SO026857-3,PR2026-2
SO026868-2,PR2026-2
SO026872-2,PR2026-2
SO026874-1,PR2026-2
SO026875-2,PR2026-2
SO026878-3,PR2026-2
SO026882-1,PR2026-2
SO026885-1,PR2026-2
SO026889-1,PR2026-2
SO026896-4,PR2026-2
SO026899-1,PR2026-2
SO026902-1,PR2026-2
SO026905-2,PR2026-2
SO026905-3,PR2026-2
SO026906-1,PR2026-2
SO026909-1,PR2026-2
SO026914-2,PR2026-2
SO026915-1,PR2026-2
SO026917-1,PR2026-2
SO026919-2,PR2026-2
SO026928-3,PR2026-2
SO026929-2,PR2026-2
SO026930-1,PR2026-2
SO026934-2,PR2026-2
SO026936-1,PR2026-2
SO026939-2,PR2026-2
SO026943-1,PR2026-2
SO026945-3,PR2026-2
SO026948-2,PR2026-2
SO026949-1,PR2026-2
SO026954-3,PR2026-2
SO026954-5,PR2026-2
SO026960-1,PR2026-2
SO026961-4,PR2026-2
SO026963-1,PR2026-2
SO026967-4,PR2026-2
SO026970-1,PR2026-2
SO026975-4,PR2026-2
SO026978-1,PR2026-2
SO026982-5,PR2026-2
SO026983-1,PR2026-2
SO026986-2,PR2026-2
SO026991-1,PR2026-2
SO026993-1,PR2026-2
SO026994-1,PR2026-2
SO027004-4,PR2026-2
SO027009-2,PR2026-2
SO027014-3,PR2026-2
SO027024-1,PR2026-2
SO027026-1,PR2026-2
SO027027-2,PR2026-2
SO027030-3,PR2026-2
SO027049-2,PR2026-2
SO027049-3,PR2026-2
SO027053-1,PR2026-2
SO027054-3,PR2026-2
SO027063-1,PR2026-2
SO027068-1,PR2026-2
SO027070-2,PR2026-2
SO027080-1,PR2026-2
SO027082-1,PR2026-2
SO027084-1,PR2026-2
SO027095-1,PR2026-2
SO027095-3,PR2026-2
SO027096-1,PR2026-2
SO027105-1,PR2026-2
SO027108-1,PR2026-2
SO027109-2,PR2026-2
SO027114-1,PR2026-2
SO027115-1,PR2026-2
SO027124-1,PR2026-2
SO027129-1,PR2026-2
SO027132-3,PR2026-2
SO027135-1,PR2026-2
SO027149-3,PR2026-2
SO027160-1,PR2026-2
SO027182-2,PR2026-2
SO027182-3,PR2026-2
SO027183-2,PR2026-2
SO027204-2,PR2026-2
SO027207-1,PR2026-2
SO027208-1,PR2026-2
SO027215-1,PR2026-2
SO027218-1,PR2026-2
SO027220-1,PR2026-2
SO027225-1,PR2026-2
SO027236-3,PR2026-2
SO027243-1,PR2026-2
SO027244-2,PR2026-2
SO027246-1,PR2026-2
SO027246-4,PR2026-2
SO027252-1,PR2026-2
SO027257-1,PR2026-2
SO027258-1,PR2026-2
SO027258-3,PR2026-2
SO027260-1,PR2026-2
SO027270-2,PR2026-2
SO027274-1,PR2026-2
SO027287-1,PR2026-2
SO027291-2,PR2026-2
SO027292-2,PR2026-2
SO027293-3,PR2026-2
SO027295-1,PR2026-2
SO027300-1,PR2026-2
SO027303-1,PR2026-2
SO027307-2,PR2026-2
SO027311-1,PR2026-2
SO027327-1,PR2026-2
SO027334-4,PR2026-2
SO027341-2,PR2026-2
SO027349-1,PR2026-2
SO027350-2,PR2026-2
SO027358-1,PR2026-2
SO027364-2,PR2026-2
SO027365-1,PR2026-2
SO027367-1,PR2026-2
SO027384-5,PR2026-2
SO027385-3,PR2026-2
SO027390-1,PR2026-2
SO027406-1,PR2026-2
SO027407-1,PR2026-2
SO027417-1,PR2026-2
SO027418-1,PR2026-2
SO027430-2,PR2026-2
SO027435-1,PR2026-2
SO027436-1,PR2026-2
SO027445-2,PR2026-2
SO027446-1,PR2026-2
SO027448-3,PR2026-2
SO027462-1,PR2026-2
SO027465-1,PR2026-2
SO027467-4,PR2026-2
SO027469-1,PR2026-2
SO027474-2,PR2026-2
SO027483-2,PR2026-2
SO027487-2,PR2026-2
SO027493-2,PR2026-2
SO027495-2,PR2026-2
SO027498-2,PR2026-2
SO027501-1,PR2026-2
SO027506-1,PR2026-2
SO027508-2,PR2026-2
SO027508-5,PR2026-2
SO027511-3,PR2026-2
SO027515-3,PR2026-2
SO027523-5,PR2026-2
SO027530-4,PR2026-2
SO027532-4,PR2026-2
SO027536-1,PR2026-2
SO027537-3,PR2026-2
SO027543-2,PR2026-2
SO027543-3,PR2026-2
SO027544-1,PR2026-2
SO027546-3,PR2026-2
SO027550-1,PR2026-2
SO027554-1,PR2026-2
SO027554-3,PR2026-2
SO027558-2,PR2026-2
SO027564-1,PR2026-2
SO027573-1,PR2026-2
SO027578-2,PR2026-2
SO027579-1,PR2026-2
SO027585-1,PR2026-2
SO027591-2,PR2026-2
SO027591-4,PR2026-2
SO027594-1,PR2026-2
SO027608-2,PR2026-2
SO027608-5,PR2026-2
SO027613-2,PR2026-2
SO027614-3,PR2026-2
SO027616-1,PR2026-2
SO027618-1,PR2026-2
SO027620-1,PR2026-2
SO027622-1,PR2026-2
SO027629-2,PR2026-2
SO027635-1,PR2026-2
SO027636-2,PR2026-2
SO027644-1,PR2026-2
SO027644-3,PR2026-2
SO027655-1,PR2026-2
SO027666-2,PR2026-2
SO027671-1,PR2026-2
SO027671-2,PR2026-2
SO027677-3,PR2026-2
SO027679-1,PR2026-2
SO027682-1,PR2026-2
SO027684-2,PR2026-2
SO027686-1,PR2026-2
SO027693-2,PR2026-2
SO027698-2,PR2026-2
SO027720-2,PR2026-2
SO027729-1,PR2026-2
SO027730-1,PR2026-2
SO027731-2,PR2026-2
SO027733-1,PR2026-2
SO027736-3,PR2026-2
SO027737-2,PR2026-2
SO027743-1,PR2026-2
SO027746-3,PR2026-2
SO027763-3,PR2026-2
SO027764-2,PR2026-2
SO027774-2,PR2026-2
SO027776-2,PR2026-2
SO027778-3,PR2026-2
SO027781-1,PR2026-2
SO027789-2,PR2026-2
SO027796-2,PR2026-2
SO027797-1,PR2026-2
SO027801-2,PR2026-2
SO027808-3,PR2026-2
SO027827-2,PR2026-2
SO027829-1,PR2026-2
SO027848-1,PR2026-2
SO027849-1,PR2026-2
SO027852-1,PR2026-2
SO027860-3,PR2026-2
SO027866-1,PR2026-2
SO027866-2,PR2026-2
SO027876-2,PR2026-2
SO027881-4,PR2026-2
SO027891-4,PR2026-2
SO027892-4,PR2026-2
SO027896-2,PR2026-2
SO027897-1,PR2026-2
SO027898-2,PR2026-2
SO027904-4,PR2026-2
SO027910-1,PR2026-2
SO027915-1,PR2026-2
SO027920-3,PR2026-2
SO027924-1,PR2026-2
SO027925-1,PR2026-2
SO027927-1,PR2026-2
SO027930-1,PR2026-2
SO027933-1,PR2026-2
SO027935-1,PR2026-2
SO027937-1,PR2026-2
SO027942-1,PR2026-2
SO027946-2,PR2026-2
SO027948-3,PR2026-2
SO027951-2,PR2026-2
SO027964-2,PR2026-2
SO027964-3,PR2026-2
SO027969-1,PR2026-2
SO027972-2,PR2026-2
SO027976-1,PR2026-2
SO027978-1,PR2026-2
SO027981-1,PR2026-2
SO027982-2,PR2026-2
SO027982-3,PR2026-2
SO027990-2,PR2026-2
SO027993-2,PR2026-2
SO028001-1,PR2026-2
SO028002-2,PR2026-2
SO028002-4,PR2026-2
SO028003-1,PR2026-2
SO028013-3,PR2026-2
SO028014-2,PR2026-2
SO028016-2,PR2026-2
SO028017-3,PR2026-2
SO028017-4,PR2026-2
SO028019-1,PR2026-2
SO028020-1,PR2026-2
SO028020-4,PR2026-2
SO028022-1,PR2026-2
SO028026-2,PR2026-2
SO028035-1,PR2026-2
SO028038-1,PR2026-2
SO028038-4,PR2026-2
SO028041-3,PR2026-2
SO028044-3,PR2026-2
SO028052-3,PR2026-2
SO028057-2,PR2026-2
SO028070-1,PR2026-2
SO028074-1,PR2026-2
SO028076-2,PR2026-2
SO028080-2,PR2026-2
SO028082-1,PR2026-2
SO028086-1,PR2026-2
SO028089-1,PR2026-2
SO028107-1,PR2026-2
SO028121-1,PR2026-2
SO028121-2,PR2026-2
SO028123-2,PR2026-2
SO028130-1,PR2026-2
SO028131-4,PR2026-2
SO028133-1,PR2026-2
SO028137-1,PR2026-2
SO028138-1,PR2026-2
SO028142-1,PR2026-2
SO028143-1,PR2026-2
SO028147-1,PR2026-2
SO028170-2,PR2026-2
SO028171-1,PR2026-2
SO028174-3,PR2026-2
SO028179-3,PR2026-2
SO028183-1,PR2026-2
SO028185-2,PR2026-2
SO028190-1,PR2026-2
SO028195-1,PR2026-2
SO028198-1,PR2026-2
SO028199-2,PR2026-2
SO028200-4,PR2026-2
SO028209-2,PR2026-2
SO028214-1,PR2026-2
SO028215-2,PR2026-2
SO028226-1,PR2026-2
SO028227-1,PR2026-2
SO028236-1,PR2026-2
SO028238-1,PR2026-2
SO028240-2,PR2026-2
SO028241-1,PR2026-2
SO028244-2,PR2026-2
SO028251-2,PR2026-2
SO028252-1,PR2026-2
SO028255-4,PR2026-2
SO028260-2,PR2026-2
SO028261-1,PR2026-2
SO028266-1,PR2026-2
SO028272-3,PR2026-2
SO028277-3,PR2026-2
SO028279-2,PR2026-2
SO028291-1,PR2026-2
SO028294-1,PR2026-2
SO028294-2,PR2026-2
SO028303-4,PR2026-2
SO028304-1,PR2026-2
SO028304-2,PR2026-2
SO028318-2,PR2026-2
SO028319-1,PR2026-2
SO028322-1,PR2026-2
SO028324-1,PR2026-2
SO028324-2,PR2026-2
SO028331-3,PR2026-2
SO028336-1,PR2026-2
SO028340-1,PR2026-2
SO028348-2,PR2026-2
SO028348-3,PR2026-2
SO028349-3,PR2026-2
SO028349-4,PR2026-2
SO028350-1,PR2026-2
SO028354-2,PR2026-2
SO028365-1,PR2026-2
SO028366-2,PR2026-2
SO028367-3,PR2026-2
SO028368-3,PR2026-2
SO028372-1,PR2026-2
SO028374-1,PR2026-2
SO028378-2,PR2026-2
SO028387-1,PR2026-2
SO028395-1,PR2026-2
SO028397-3,PR2026-2
SO028399-3,PR2026-2
SO028405-1,PR2026-2
SO028407-1,PR2026-2
SO028408-1,PR2026-2
SO028412-5,PR2026-2
SO028413-1,PR2026-2
SO028417-2,PR2026-2
SO028419-5,PR2026-2
SO028428-1,PR2026-2
SO028429-2,PR2026-2
SO028434-1,PR2026-2
SO028440-1,PR2026-2
SO028445-1,PR2026-2
SO028452-2,PR2026-2
SO028458-1,PR2026-2
SO028459-1,PR2026-2
SO028464-1,PR2026-2
SO028477-2,PR2026-2
SO028478-1,PR2026-2
SO028481-1,PR2026-2
SO028485-5,PR2026-2
SO028489-2,PR2026-2
SO028491-2,PR2026-2
SO028493-1,PR2026-2
SO028496-1,PR2026-2
SO028501-1,PR2026-2
SO028503-5,PR2026-2
SO028507-1,PR2026-2
SO028509-3,PR2026-2
SO028510-1,PR2026-2
SO028511-2,PR2026-2
SO028519-1,PR2026-2
SO028521-1,PR2026-2
SO028521-2,PR2026-2
SO028526-2,PR2026-2
SO028526-5,PR2026-2
SO028530-1,PR2026-2
SO028533-1,PR2026-2
SO028545-1,PR2026-2
SO028548-5,PR2026-2
SO028553-1,PR2026-2
SO028553-2,PR2026-2
SO028553-4,PR2026-2
SO028558-1,PR2026-2
SO028574-2,PR2026-2
SO028579-1,PR2026-2
SO028579-2,PR2026-2
SO028587-2,PR2026-2
SO028595-2,PR2026-2
SO028606-1,PR2026-2
SO028607-3,PR2026-2
SO028612-2,PR2026-2
SO028614-2,PR2026-2
SO028627-1,PR2026-2
SO028630-2,PR2026-2
SO028637-1,PR2026-2
SO028640-1,PR2026-2
SO028642-1,PR2026-2
SO028644-3,PR2026-2
SO028656-1,PR2026-2
SO028662-3,PR2026-2
SO028665-1,PR2026-2
SO028667-1,PR2026-2
SO028668-2,PR2026-2
SO028670-4,PR2026-2
SO028673-1,PR2026-2
SO028676-3,PR2026-2
SO028677-2,PR2026-2
SO028677-4,PR2026-2
SO028679-2,PR2026-2
SO028681-4,PR2026-2
SO028684-1,PR2026-2
SO028684-2,PR2026-2
SO028686-1,PR2026-2
SO028693-1,PR2026-2
SO028695-1,PR2026-2
SO028696-3,PR2026-2
SO028697-2,PR2026-2
SO028697-3,PR2026-2
SO028699-1,PR2026-2
SO028707-1,PR2026-2
SO028728-1,PR2026-2
SO028740-1,PR2026-2
SO028744-1,PR2026-2
SO028744-2,PR2026-2
SO028749-1,PR2026-2
SO028750-2,PR2026-2
SO028757-1,PR2026-2
SO028760-3,PR2026-2
SO028760-4,PR2026-2
SO028766-3,PR2026-2
SO028775-1,PR2026-2
SO028777-1,PR2026-2
SO028778-2,PR2026-2
SO028780-1,PR2026-2
SO028786-2,PR2026-2
SO028791-3,PR2026-2
SO028803-1,PR2026-2
SO028815-1,PR2026-2
SO028824-3,PR2026-2
SO028824-4,PR2026-2
SO028830-3,PR2026-2
SO028830-5,PR2026-2
SO028832-4,PR2026-2
SO028845-1,PR2026-2
SO028852-1,PR2026-2
SO028853-2,PR2026-2
SO028879-5,PR2026-2
SO028881-1,PR2026-2
SO028881-4,PR2026-2
SO028882-1,PR2026-2
SO028883-2,PR2026-2
SO028889-2,PR2026-2
SO028894-1,PR2026-2
SO028897-1,PR2026-2
SO028899-1,PR2026-2
SO028909-1,PR2026-2
SO028910-2,PR2026-2
SO028912-2,PR2026-2
SO028931-4,PR2026-2
SO028937-3,PR2026-2
SO028939-2,PR2026-2
SO028942-2,PR2026-2
SO028943-2,PR2026-2
SO028951-1,PR2026-2
SO028952-2,PR2026-2
SO028955-1,PR2026-2
SO028956-1,PR2026-2
SO028956-2,PR2026-2
SO028956-3,PR2026-2
SO028963-2,PR2026-2
SO028967-1,PR2026-2
SO028974-2,PR2026-2
SO028976-3,PR2026-2
SO028981-4,PR2026-2
SO028984-3,PR2026-2
SO028994-1,PR2026-2
SO029002-1,PR2026-2
SO029002-2,PR2026-2
SO029016-2,PR2026-2
SO029022-1,PR2026-2
SO029029-1,PR2026-2
SO029053-1,PR2026-2
SO029058-1,PR2026-2
SO029062-2,PR2026-2
SO029075-2,PR2026-2
SO029075-4,PR2026-2
SO029076-1,PR2026-2
SO029076-2,PR2026-2
SO029076-3,PR2026-2
SO029077-2,PR2026-2
SO029078-2,PR2026-2
SO029079-3,PR2026-2
SO029079-4,PR2026-2
SO029080-1,PR2026-2
SO029093-2,PR2026-2
SO029095-2,PR2026-2
SO029098-3,PR2026-2
SO029106-3,PR2026-2
SO029109-1,PR2026-2
SO029112-1,PR2026-2
SO029114-1,PR2026-2
SO029123-1,PR2026-2
SO029132-2,PR2026-2
SO029132-4,PR2026-2
SO029137-1,PR2026-2
SO029138-1,PR2026-2
SO029138-3,PR2026-2
SO029140-1,PR2026-2
SO029145-1,PR2026-2
SO029157-1,PR2026-2
SO029159-2,PR2026-2
SO029163-1,PR2026-2
SO029171-1,PR2026-2
SO029172-1,PR2026-2
SO029185-2,PR2026-2
SO029189-1,PR2026-2
SO029201-1,PR2026-2
SO029213-2,PR2026-2
SO029216-1,PR2026-2
SO029216-2,PR2026-2
SO029227-1,PR2026-2
SO029231-1,PR2026-2
SO029231-3,PR2026-2
SO029233-1,PR2026-2
SO029243-2,PR2026-2
SO029245-1,PR2026-2
SO029248-2,PR2026-2
SO029255-4,PR2026-2
SO029257-1,PR2026-2
SO029260-1,PR2026-2
SO029261-1,PR2026-2
SO029262-1,PR2026-2
SO029269-2,PR2026-2
SO029270-1,PR2026-2
SO029271-2,PR2026-2
SO029274-1,PR2026-2
SO029285-1,PR2026-2
SO029296-1,PR2026-2
SO029298-1,PR2026-2
SO029299-2,PR2026-2
SO029303-1,PR2026-2
SO029306-4,PR2026-2
SO029311-3,PR2026-2
SO029312-2,PR2026-2
SO029322-1,PR2026-2
SO029327-2,PR2026-2
SO029330-1,PR2026-2
SO029339-1,PR2026-2
SO029340-1,PR2026-2
SO029343-2,PR2026-2
SO029356-4,PR2026-2
SO029359-2,PR2026-2
SO029360-1,PR2026-2
SO029361-1,PR2026-2
SO029379-2,PR2026-2
SO029386-1,PR2026-2
SO029398-1,PR2026-2
SO029400-2,PR2026-2
SO029403-2,PR2026-2
SO029419-2,PR2026-2
SO029421-1,PR2026-2
SO029422-2,PR2026-2
SO029423-2,PR2026-2
SO029425-2,PR2026-2
SO029427-1,PR2026-2
SO029432-1,PR2026-2
SO029441-1,PR2026-2
SO029441-2,PR2026-2
SO029450-1,PR2026-2
SO029452-1,PR2026-2
SO029466-1,PR2026-2
SO029482-1,PR2026-2
SO029485-1,PR2026-2
SO029498-1,PR2026-2
SO029499-1,PR2026-2
SO029507-2,PR2026-2
SO029508-3,PR2026-2
SO029515-4,PR2026-2
SO029519-1,PR2026-2
SO029522-1,PR2026-2
SO029533-1,PR2026-2
SO029535-2,PR2026-2
SO029538-2,PR2026-2
SO029548-4,PR2026-2
SO029549-1,PR2026-2
SO029549-2,PR2026-2
SO029563-2,PR2026-2
SO029568-2,PR2026-2
SO029572-2,PR2026-2
SO029582-1,PR2026-2
SO029593-2,PR2026-2
SO029598-2,PR2026-2
SO029598-3,PR2026-2
SO029632-1,PR2026-2
SO029634-2,PR2026-2
SO029646-1,PR2026-2
SO029647-2,PR2026-2
SO029660-1,PR2026-2
SO029666-1,PR2026-2
SO029667-4,PR2026-2
SO029676-2,PR2026-2
SO029683-1,PR2026-2
SO029684-3,PR2026-2
SO029685-3,PR2026-2
SO029689-2,PR2026-2
SO029692-1,PR2026-2
SO029702-1,PR2026-2
SO029706-1,PR2026-2
SO029710-2,PR2026-2
SO029718-1,PR2026-2
SO029719-1,PR2026-2
SO029724-1,PR2026-2
SO029727-2,PR2026-2
SO029731-1,PR2026-2
SO029735-2,PR2026-2
SO029749-2,PR2026-2
SO029758-2,PR2026-2
SO029759-4,PR2026-2
SO029762-2,PR2026-2
SO029773-1,PR2026-2
SO029775-1,PR2026-2
SO029778-2,PR2026-2
SO029783-1,PR2026-2
SO029787-1,PR2026-2
SO029788-1,PR2026-2
SO029790-1,PR2026-2
SO029790-2,PR2026-2
SO029796-1,PR2026-2
SO029796-2,PR2026-2
SO029800-1,PR2026-2
SO029801-3,PR2026-2
SO029806-2,PR2026-2
SO029811-1,PR2026-2
SO029812-1,PR2026-2
SO029813-3,PR2026-2
SO029820-3,PR2026-2
SO029821-1,PR2026-2
SO029823-2,PR2026-2
SO029829-1,PR2026-2
SO029835-2,PR2026-2
SO029841-2,PR2026-2
SO029857-1,PR2026-2
SO029859-1,PR2026-2
SO029866-1,PR2026-2
SO029868-1,PR2026-2
SO029871-1,PR2026-2
SO029871-2,PR2026-2
SO029873-1,PR2026-2
SO029875-1,PR2026-3
SO029876-1,PR2026-3
SO029876-2,PR2026-3
SO029877-1,PR2026-3
SO029877-2,PR2026-3
SO029877-3,PR2026-3
SO029880-2,PR2026-3
SO029881-1,PR2026-3
SO029881-2,PR2026-3
SO029882-1,PR2026-3
SO029883-1,PR2026-3
SO029883-2,PR2026-3
SO029885-1,PR2026-3
SO029887-2,PR2026-3
SO029887-3,PR2026-3
SO029889-1,PR2026-3
SO029891-1,PR2026-3
SO029893-1,PR2026-3
SO029894-1,PR2026-3
SO029895-1,PR2026-3
SO029895-2,PR2026-3
SO029896-2,PR2026-3
SO029898-3,PR2026-3
SO029898-4,PR2026-3
SO029899-1,PR2026-3
SO029900-2,PR2026-3
SO029901-1,PR2026-3
SO029906-1,PR2026-3
SO029906-2,PR2026-3
SO029906-3,PR2026-3
SO029907-2,PR2026-3
SO029908-1,PR2026-3
SO029908-3,PR2026-3
SO029909-1,PR2026-3
SO029911-1,PR2026-3
SO029912-2,PR2026-3
SO029912-3,PR2026-3
SO029912-5,PR2026-3
SO029914-1,PR2026-3
SO029915-1,PR2026-3
SO029919-1,PR2026-3
SO029920-1,PR2026-3
SO029921-1,PR2026-3
SO029921-3,PR2026-3
SO029923-1,PR2026-3
SO029926-1,PR2026-3
SO029927-2,PR2026-3
SO029927-3,PR2026-3
SO029927-5,PR2026-3
SO029929-2,PR2026-3
SO029929-3,PR2026-3
SO029930-3,PR2026-3
SO029930-5,PR2026-3
SO029931-2,PR2026-3
SO029931-4,PR2026-3
SO029932-1,PR2026-3
SO029935-3,PR2026-3
SO029937-1,PR2026-3
SO029937-2,PR2026-3
SO029937-3,PR2026-3
SO029938-1,PR2026-3
SO029938-3,PR2026-3
SO029939-1,PR2026-3
SO029940-1,PR2026-3
SO029941-2,PR2026-3
SO029942-2,PR2026-3
SO029942-4,PR2026-3
SO029942-5,PR2026-3
SO029943-2,PR2026-3
SO029944-2,PR2026-3
SO029945-1,PR2026-3
SO029945-2,PR2026-3
SO029946-1,PR2026-3
SO029946-2,PR2026-3
SO029948-1,PR2026-3
SO029949-1,PR2026-3
SO029949-2,PR2026-3
SO029951-1,PR2026-3
SO029952-1,PR2026-3
SO029952-2,PR2026-3
SO029952-3,PR2026-3
SO029953-2,PR2026-3
SO029955-1,PR2026-3
SO029956-3,PR2026-3
SO029956-4,PR2026-3
SO029956-5,PR2026-3
SO029957-1,PR2026-3
SO029958-1,PR2026-3
SO029960-1,PR2026-3
SO029965-1,PR2026-3
SO029965-2,PR2026-3
SO029966-1,PR2026-3
SO029969-2,PR2026-3
SO029971-1,PR2026-3
SO029973-3,PR2026-3
SO029974-2,PR2026-3
SO029974-3,PR2026-3
SO029974-4,PR2026-3
SO029974-5,PR2026-3
SO029975-2,PR2026-3
SO029976-2,PR2026-3
SO029976-3,PR2026-3
SO029978-1,PR2026-3
SO029978-4,PR2026-3
SO029978-5,PR2026-3
SO029979-2,PR2026-3
SO029979-3,PR2026-3
SO029981-1,PR2026-3
SO029981-2,PR2026-3
SO029982-1,PR2026-3
SO029983-1,PR2026-3
SO029983-4,PR2026-3
SO029983-5,PR2026-3
SO029985-1,PR2026-3
SO029986-4,PR2026-3
SO029987-2,PR2026-3
SO029987-3,PR2026-3
SO029988-1,PR2026-3
SO029989-2,PR2026-3
SO029990-1,PR2026-3
SO029990-2,PR2026-3
SO029992-1,PR2026-3
SO029992-2,PR2026-3
SO029993-1,PR2026-3
SO029994-1,PR2026-3
SO029996-1,PR2026-3
SO029996-2,PR2026-3
SO029996-3,PR2026-3
SO029997-1,PR2026-3
SO029998-2,PR2026-3
SO029998-3,PR2026-3
SO029999-2,PR2026-3
SO029999-3,PR2026-3
SO030004-1,PR2026-3
SO030006-1,PR2026-3
SO030007-1,PR2026-3
SO030007-2,PR2026-3
SO030008-1,PR2026-3
SO030008-2,PR2026-3
SO030008-3,PR2026-3
SO030009-1,PR2026-3
SO030010-1,PR2026-3
SO030010-2,PR2026-3
SO030011-2,PR2026-3
SO030012-1,PR2026-3
SO030012-2,PR2026-3
SO030013-1,PR2026-3
SO030013-2,PR2026-3
SO030016-1,PR2026-3
SO030017-2,PR2026-3
SO030017-3,PR2026-3
SO030019-3,PR2026-3
SO030020-1,PR2026-3
SO030022-1,PR2026-3
SO030022-2,PR2026-3
SO030023-2,PR2026-3
SO030023-3,PR2026-3
SO030024-1,PR2026-3
SO030024-3,PR2026-3
SO030025-1,PR2026-3
SO030025-3,PR2026-3
SO030028-1,PR2026-3
SO030028-2,PR2026-3
SO030029-1,PR2026-3
SO030029-2,PR2026-3
SO030030-2,PR2026-3
SO030030-3,PR2026-3
SO030032-1,PR2026-3
SO030033-2,PR2026-3
SO030034-1,PR2026-3
SO030035-1,PR2026-3
SO030036-1,PR2026-3
SO030036-2,PR2026-3
SO030037-2,PR2026-3
SO030039-1,PR2026-3
SO030041-1,PR2026-3
SO030043-1,PR2026-3
SO030045-2,PR2026-3
SO030045-3,PR2026-3
SO030046-1,PR2026-3
SO030047-1,PR2026-3
SO030048-2,PR2026-3
SO030049-1,PR2026-3
SO030052-1,PR2026-3
SO030052-2,PR2026-3
SO030053-2,PR2026-3
SO030054-1,PR2026-3
SO030055-3,PR2026-3
SO030056-1,PR2026-3
SO030056-2,PR2026-3
SO030056-3,PR2026-3
SO030057-1,PR2026-3
SO030058-1,PR2026-3
SO030058-2,PR2026-3
SO030060-2,PR2026-3
SO030060-3,PR2026-3
SO030062-1,PR2026-3
SO030064-1,PR2026-3
SO030064-3,PR2026-3
SO030065-3,PR2026-3
SO030066-1,PR2026-3
SO030066-2,PR2026-3
SO030067-1,PR2026-3
SO030069-1,PR2026-3
SO030069-2,PR2026-3
SO030070-1,PR2026-3
SO030072-1,PR2026-3
SO030072-2,PR2026-3
SO030072-3,PR2026-3
SO030073-1,PR2026-3
SO030073-3,PR2026-3
SO030075-1,PR2026-3
SO030075-2,PR2026-3
SO030075-3,PR2026-3
SO030076-1,PR2026-3
SO030076-3,PR2026-3
SO030077-1,PR2026-3
SO030077-4,PR2026-3
SO030079-2,PR2026-3
SO030080-2,PR2026-3
SO030081-1,PR2026-3
SO030082-1,PR2026-3
SO030083-2,PR2026-3
SO030083-3,PR2026-3
SO030085-1,PR2026-3
SO030085-2,PR2026-3
SO030085-3,PR2026-3
SO030086-1,PR2026-3
SO030087-3,PR2026-3
SO030088-1,PR2026-3
SO030089-1,PR2026-3
SO030091-1,PR2026-3
SO030092-1,PR2026-3
SO030094-1,PR2026-3
SO030095-3,PR2026-3
SO030097-1,PR2026-3
SO030099-1,PR2026-3
SO030099-2,PR2026-3
SO030101-1,PR2026-3
SO030102-1,PR2026-3
SO030103-1,PR2026-3
SO030105-1,PR2026-3
SO030107-1,PR2026-3
SO030108-1,PR2026-3
SO030111-2,PR2026-3
SO030113-1,PR2026-3
SO030117-1,PR2026-3
SO030117-2,PR2026-3
SO030119-1,PR2026-3
SO030119-2,PR2026-3
SO030120-2,PR2026-3
SO030121-3,PR2026-3
SO030123-1,PR2026-3
SO030124-1,PR2026-3
SO030126-3,PR2026-3
SO030129-1,PR2026-3
SO030129-2,PR2026-3
SO030131-2,PR2026-3
SO030132-1,PR2026-3
SO030132-5,PR2026-3
SO030133-2,PR2026-3
SO030134-2,PR2026-3
SO030135-1,PR2026-3
SO030135-3,PR2026-3
SO030136-1,PR2026-3
SO030136-2,PR2026-3
SO030139-2,PR2026-3
SO030139-3,PR2026-3
SO030140-1,PR2026-3
SO030143-2,PR2026-3
SO030144-2,PR2026-3
SO030147-1,PR2026-3
SO030148-1,PR2026-3
SO030148-2,PR2026-3
SO030149-1,PR2026-3
SO030149-3,PR2026-3
SO030152-1,PR2026-3
SO030152-2,PR2026-3
SO030152-3,PR2026-3
SO030153-1,PR2026-3
SO030154-4,PR2026-3
SO030155-1,PR2026-3
SO030159-1,PR2026-3
SO030159-2,PR2026-3
SO030162-1,PR2026-3
SO030164-2,PR2026-3
SO030165-1,PR2026-3
SO030167-1,PR2026-3
SO030167-2,PR2026-3
SO030168-1,PR2026-3
SO030169-1,PR2026-3
SO030169-3,PR2026-3
SO030170-1,PR2026-3
SO030171-1,PR2026-3
SO030171-2,PR2026-3
SO030171-4,PR2026-3
SO030172-1,PR2026-3
SO030174-1,PR2026-3
SO030174-2,PR2026-3
SO030175-1,PR2026-3
SO030177-1,PR2026-3
SO030178-1,PR2026-3
SO030180-2,PR2026-3
SO030185-1,PR2026-3
SO030185-2,PR2026-3
SO030185-3,PR2026-3
SO030187-1,PR2026-3
SO030187-2,PR2026-3
SO030188-1,PR2026-3
SO030189-1,PR2026-3
SO030191-2,PR2026-3
SO030192-2,PR2026-3
SO030193-2,PR2026-3
SO030195-2,PR2026-3
SO030199-1,PR2026-3
SO030199-2,PR2026-3
SO030199-3,PR2026-3
SO030200-1,PR2026-3
SO030201-1,PR2026-3
SO030204-1,PR2026-3
SO030205-4,PR2026-3
SO030206-4,PR2026-3
SO030207-2,PR2026-3
SO030209-1,PR2026-3
SO030209-2,PR2026-3
SO030211-1,PR2026-3
SO030214-1,PR2026-3
SO030214-3,PR2026-3
SO030215-2,PR2026-3
SO030216-1,PR2026-3
SO030216-3,PR2026-3
SO030216-4,PR2026-3
SO030216-5,PR2026-3
SO030217-1,PR2026-3
SO030217-2,PR2026-3
SO030217-3,PR2026-3
SO030218-1,PR2026-3
SO030218-3,PR2026-3
SO030218-4,PR2026-3
SO030219-1,PR2026-3
SO030219-2,PR2026-3
SO030220-2,PR2026-3
SO030220-4,PR2026-3
SO030221-1,PR2026-3
SO030222-1,PR2026-3
SO030225-1,PR2026-3
SO030226-1,PR2026-3
SO030227-1,PR2026-3
SO030227-3,PR2026-3
SO030228-1,PR2026-3
SO030228-2,PR2026-3
SO030228-3,PR2026-3
SO030229-1,PR2026-3
SO030232-1,PR2026-3
SO030233-2,PR2026-3
SO030240-1,PR2026-3
SO030242-2,PR2026-3
SO030243-2,PR2026-3
SO030244-1,PR2026-3
SO030245-1,PR2026-3
SO030245-2,PR2026-3
SO030248-1,PR2026-3
SO030248-4,PR2026-3
SO030251-2,PR2026-3
SO030251-3,PR2026-3
SO030252-1,PR2026-3
SO030252-2,PR2026-3
SO030253-1,PR2026-3
SO030253-2,PR2026-3
SO030253-3,PR2026-3
SO030254-1,PR2026-3
SO030254-2,PR2026-3
SO030255-1,PR2026-3
SO030255-3,PR2026-3
SO030256-1,PR2026-3
SO030256-3,PR2026-3
SO030257-1,PR2026-3
SO030257-3,PR2026-3
SO030258-2,PR2026-3
SO030258-3,PR2026-3
SO030262-1,PR2026-3
SO030266-1,PR2026-3
SO030267-2,PR2026-3
SO030268-1,PR2026-3
SO030268-3,PR2026-3
SO030269-1,PR2026-3
SO030269-2,PR2026-3
SO030270-1,PR2026-3
SO030271-1,PR2026-3
SO030273-1,PR2026-3
SO030274-1,PR2026-3
SO030274-3,PR2026-3
SO030275-2,PR2026-3
SO030276-2,PR2026-3
SO030278-2,PR2026-3
SO030279-1,PR2026-3
SO030279-3,PR2026-3
SO030283-1,PR2026-3
SO030284-1,PR2026-3
SO030285-1,PR2026-3
SO030287-1,PR2026-3
SO030287-2,PR2026-3
SO030287-3,PR2026-3
SO030288-1,PR2026-3
SO030288-2,PR2026-3
SO030290-1,PR2026-3
SO030291-1,PR2026-3
SO030291-2,PR2026-3
SO030292-2,PR2026-3
SO030293-1,PR2026-3
SO030294-1,PR2026-3
SO030295-1,PR2026-3
SO030296-1,PR2026-3
SO030299-2,PR2026-3
SO030300-2,PR2026-3
SO030300-4,PR2026-3
SO030300-5,PR2026-3
SO030301-1,PR2026-3
SO030301-2,PR2026-3
SO030302-2,PR2026-3
SO030303-1,PR2026-3
SO030304-1,PR2026-3
SO030306-1,PR2026-3
SO030307-1,PR2026-3
SO030308-1,PR2026-3
SO030308-2,PR2026-3
SO030309-2,PR2026-3
SO030310-1,PR2026-3
SO030310-2,PR2026-3
SO030311-3,PR2026-3
SO030312-1,PR2026-3
SO030312-2,PR2026-3
SO030314-1,PR2026-3
SO030314-2,PR2026-3
SO030316-1,PR2026-3
SO030317-1,PR2026-3
SO030318-1,PR2026-3
SO030318-2,PR2026-3
SO030320-2,PR2026-3
SO030320-4,PR2026-3
SO030321-1,PR2026-3
SO030321-2,PR2026-3
SO030324-3,PR2026-3
SO030326-1,PR2026-3
SO030327-1,PR2026-3
SO030327-2,PR2026-3
SO030330-1,PR2026-3
SO030330-2,PR2026-3
SO030331-1,PR2026-3
SO030332-1,PR2026-3
SO030333-2,PR2026-3
SO030334-1,PR2026-3
SO030334-5,PR2026-3
SO030335-1,PR2026-3
SO030335-2,PR2026-3
SO030337-1,PR2026-3
SO030337-2,PR2026-3
SO030338-1,PR2026-3
SO030338-2,PR2026-3
SO030338-3,PR2026-3
SO030339-1,PR2026-3
SO030340-2,PR2026-3
SO030342-1,PR2026-3
SO030344-1,PR2026-3
SO030347-1,PR2026-3
SO030348-1,PR2026-3
SO030349-1,PR2026-3
SO030351-1,PR2026-3
SO030352-3,PR2026-3
SO030353-1,PR2026-3
SO030355-1,PR2026-3
SO030358-2,PR2026-3
SO030359-2,PR2026-3
SO030362-1,PR2026-3
SO030364-3,PR2026-3
SO030366-1,PR2026-3
SO030366-2,PR2026-3
SO030367-1,PR2026-3
SO030369-2,PR2026-3
SO030371-1,PR2026-3
SO030371-2,PR2026-3
SO030372-2,PR2026-3
SO030373-1,PR2026-3
SO030374-1,PR2026-3
SO030375-1,PR2026-3
SO030376-1,PR2026-3
SO030377-1,PR2026-3
SO030380-2,PR2026-3
SO030381-1,PR2026-3
SO030382-2,PR2026-3
SO030384-1,PR2026-3
SO030385-1,PR2026-3
SO030385-2,PR2026-3
SO030387-1,PR2026-3
SO030387-2,PR2026-3
SO030387-3,PR2026-3
SO030388-2,PR2026-3
SO030390-1,PR2026-3
SO030391-1,PR2026-3
SO030392-1,PR2026-3
SO030393-3,PR2026-3
SO030394-2,PR2026-3
SO030396-1,PR2026-3
SO030398-1,PR2026-3
SO030398-3,PR2026-3
SO030399-1,PR2026-3
SO030399-2,PR2026-3
SO030404-1,PR2026-3
SO030405-2,PR2026-3
SO030407-1,PR2026-3
SO030407-2,PR2026-3
SO030407-3,PR2026-3
SO030408-2,PR2026-3
SO030408-3,PR2026-3
SO030409-1,PR2026-3
SO030409-2,PR2026-3
SO030410-2,PR2026-3
SO030411-2,PR2026-3
SO030412-1,PR2026-3
SO030413-1,PR2026-3
SO030414-1,PR2026-3
SO030415-1,PR2026-3
SO030415-2,PR2026-3
SO030416-2,PR2026-3
SO030416-3,PR2026-3
SO030416-4,PR2026-3
SO030420-1,PR2026-3
SO030420-2,PR2026-3
SO030420-4,PR2026-3
SO030422-2,PR2026-3
SO030424-1,PR2026-3
SO030424-3,PR2026-3
SO030426-1,PR2026-3
SO030426-3,PR2026-3
SO030428-1,PR2026-3
SO030428-2,PR2026-3
SO030428-3,PR2026-3
SO030428-4,PR2026-3
SO030429-1,PR2026-3
SO030429-3,PR2026-3
SO030431-1,PR2026-3
SO030431-2,PR2026-3
SO030432-1,PR2026-3
SO030433-1,PR2026-3
SO030434-2,PR2026-3
SO030436-1,PR2026-3
SO030436-3,PR2026-3
SO030437-1,PR2026-3
SO030441-1,PR2026-3
SO030442-1,PR2026-3
SO030443-1,PR2026-3
SO030444-1,PR2026-3
SO030445-1,PR2026-3
SO030446-1,PR2026-3
SO030448-1,PR2026-3
SO030448-2,PR2026-3
SO030449-1,PR2026-3
SO030449-3,PR2026-3
SO030450-2,PR2026-3
SO030451-1,PR2026-3
SO030453-1,PR2026-3
SO030453-2,PR2026-3
SO030455-2,PR2026-3
SO030458-1,PR2026-3
SO030458-2,PR2026-3
SO030459-2,PR2026-3
SO030462-1,PR2026-3
SO030464-2,PR2026-3
SO030465-2,PR2026-3
SO030467-2,PR2026-3
SO030468-1,PR2026-3
SO030469-1,PR2026-3
SO030470-1,PR2026-3
SO030470-2,PR2026-3
SO030472-3,PR2026-3
SO030472-5,PR2026-3
SO030473-1,PR2026-3
SO030474-1,PR2026-3
SO030474-2,PR2026-3
SO030475-1,PR2026-3
SO030477-2,PR2026-3
SO030478-1,PR2026-3
SO030478-2,PR2026-3
SO030478-3,PR2026-3
SO030478-4,PR2026-3
SO030480-1,PR2026-3
SO030481-1,PR2026-3
SO030481-2,PR2026-3
SO030481-3,PR2026-3
SO030482-1,PR2026-3
SO030483-2,PR2026-3
SO030484-2,PR2026-3
SO030485-1,PR2026-3
SO030486-2,PR2026-3
SO030486-3,PR2026-3
SO030487-2,PR2026-3
SO030487-3,PR2026-3
SO030488-1,PR2026-3
SO030491-2,PR2026-3
SO030493-1,PR2026-3
SO030494-3,PR2026-3
SO030494-4,PR2026-3
SO030495-1,PR2026-3
SO030497-1,PR2026-3
SO030498-1,PR2026-3
SO030498-2,PR2026-3
SO030499-2,PR2026-3
SO030500-2,PR2026-3
SO030501-1,PR2026-3
SO030505-1,PR2026-3
SO030505-2,PR2026-3
SO030506-1,PR2026-3
SO030507-1,PR2026-3
SO030508-1,PR2026-3
SO030509-1,PR2026-3
SO030511-2,PR2026-3
SO030513-1,PR2026-3
SO030514-1,PR2026-3
SO030514-2,PR2026-3
SO030515-1,PR2026-3
SO030515-2,PR2026-3
SO030516-2,PR2026-3
SO030518-1,PR2026-3
SO030519-1,PR2026-3
SO030522-1,PR2026-3
SO030523-1,PR2026-3
SO030524-2,PR2026-3
SO030528-1,PR2026-3
SO030530-1,PR2026-3
SO030530-2,PR2026-3
SO030531-2,PR2026-3
SO030531-3,PR2026-3
SO030531-4,PR2026-3
SO030532-1,PR2026-3
SO030533-2,PR2026-3
SO030534-1,PR2026-3
SO030535-1,PR2026-3
SO030536-2,PR2026-3
SO030536-4,PR2026-3
SO030537-1,PR2026-3
SO030537-3,PR2026-3
SO030539-1,PR2026-3
SO030539-3,PR2026-3
SO030540-1,PR2026-3
SO030541-1,PR2026-3
SO030543-1,PR2026-3
SO030544-1,PR2026-3
SO030545-1,PR2026-3
SO030547-1,PR2026-3
SO030549-4,PR2026-3
SO030550-2,PR2026-3
SO030551-1,PR2026-3
SO030552-1,PR2026-3
SO030552-2,PR2026-3
SO030552-4,PR2026-3
SO030557-2,PR2026-3
SO030557-3,PR2026-3
SO030558-1,PR2026-3
SO030558-2,PR2026-3
SO030558-3,PR2026-3
SO030561-1,PR2026-3
SO030561-3,PR2026-3
SO030562-1,PR2026-3
SO030562-2,PR2026-3
SO030564-1,PR2026-3
SO030565-1,PR2026-3
SO030565-2,PR2026-3
SO030566-1,PR2026-3
SO030568-1,PR2026-3
SO030570-1,PR2026-3
SO030572-1,PR2026-3
SO030573-1,PR2026-3
SO030576-1,PR2026-3
SO030576-2,PR2026-3
SO030577-1,PR2026-3
SO030578-3,PR2026-3
SO030579-1,PR2026-3
SO030580-1,PR2026-3
SO030580-3,PR2026-3
SO030581-1,PR2026-3
SO030582-2,PR2026-3
SO030583-1,PR2026-3
SO030584-1,PR2026-3
SO030585-1,PR2026-3
SO030589-3,PR2026-3
SO030589-4,PR2026-3
SO030590-1,PR2026-3
SO030590-3,PR2026-3
SO030591-2,PR2026-3
SO030591-3,PR2026-3
SO030592-1,PR2026-3
SO030593-1,PR2026-3
SO030595-1,PR2026-3
SO030597-2,PR2026-3
SO030598-4,PR2026-3
SO030599-1,PR2026-3
SO030600-1,PR2026-3
SO030600-2,PR2026-3
SO030600-4,PR2026-3
SO030602-1,PR2026-3
SO030604-2,PR2026-3
SO030604-3,PR2026-3
SO030605-1,PR2026-3
SO030606-1,PR2026-3
SO030607-1,PR2026-3
SO030608-1,PR2026-3
SO030613-1,PR2026-3
SO030614-1,PR2026-3
SO030614-2,PR2026-3
SO030615-1,PR2026-3
SO030617-1,PR2026-3
SO030618-2,PR2026-3
SO030618-3,PR2026-3
SO030619-4,PR2026-3
SO030622-1,PR2026-3
SO030625-1,PR2026-3
SO030628-2,PR2026-3
SO030629-3,PR2026-3
SO030629-4,PR2026-3
SO030630-2,PR2026-3
SO030631-3,PR2026-3
SO030634-1,PR2026-3
SO030636-1,PR2026-3
SO030636-2,PR2026-3
SO030637-1,PR2026-3
SO030637-3,PR2026-3
SO030638-1,PR2026-3
SO030641-2,PR2026-3
SO030641-3,PR2026-3
SO030641-4,PR2026-3
SO030641-5,PR2026-3
SO030642-1,PR2026-3
SO030644-4,PR2026-3
SO030644-5,PR2026-3
SO030645-2,PR2026-3
SO030647-1,PR2026-3
SO030647-2,PR2026-3
SO030648-1,PR2026-3
SO030649-1,PR2026-3
SO030651-2,PR2026-3
SO030652-1,PR2026-3
SO030654-1,PR2026-3
SO030655-3,PR2026-3
SO030656-1,PR2026-3
SO030657-1,PR2026-3
SO030658-1,PR2026-3
SO030659-1,PR2026-3
SO030659-2,PR2026-3
SO030660-2,PR2026-3
SO030660-3,PR2026-3
SO030660-4,PR2026-3
SO030660-5,PR2026-3
SO030661-2,PR2026-3
SO030661-4,PR2026-3
SO030667-2,PR2026-3
SO030668-3,PR2026-3
SO030668-4,PR2026-3
SO030669-3,PR2026-3
SO030671-1,PR2026-3
SO030673-1,PR2026-3
SO030674-1,PR2026-3
SO030674-2,PR2026-3
SO030675-1,PR2026-3
SO030675-2,PR2026-3
SO030677-1,PR2026-3
SO030677-2,PR2026-3
SO030677-4,PR2026-3
SO030678-1,PR2026-3
SO030679-2,PR2026-3
SO030680-1,PR2026-3
SO030681-1,PR2026-3
SO030682-1,PR2026-3
SO030683-4,PR2026-3
SO030684-2,PR2026-3
SO030686-2,PR2026-3
SO030686-3,PR2026-3
SO030686-4,PR2026-3
SO030687-2,PR2026-3
SO030687-4,PR2026-3
SO030688-1,PR2026-3
SO030689-1,PR2026-3
SO030689-2,PR2026-3
SO030690-1,PR2026-3
SO030691-1,PR2026-3
SO030692-1,PR2026-3
SO030692-2,PR2026-3
SO030692-4,PR2026-3
SO030692-5,PR2026-3
SO030693-1,PR2026-3
SO030693-3,PR2026-3
SO030694-2,PR2026-3
SO030695-2,PR2026-3
SO030695-3,PR2026-3
SO030696-1,PR2026-3
SO030697-1,PR2026-3
SO030697-2,PR2026-3
SO030697-3,PR2026-3
SO030699-2,PR2026-3
SO030700-1,PR2026-3
SO030702-1,PR2026-3
SO030702-2,PR2026-3
SO030702-3,PR2026-3
SO030704-1,PR2026-3
SO030706-1,PR2026-3
SO030707-1,PR2026-3
SO030708-1,PR2026-3
SO030708-3,PR2026-3
SO030710-1,PR2026-3
SO030710-2,PR2026-3
SO030711-3,PR2026-3
SO030712-1,PR2026-3
SO030712-2,PR2026-3
SO030714-2,PR2026-3
SO030715-1,PR2026-3
SO030715-2,PR2026-3
SO030718-1,PR2026-3
SO030718-2,PR2026-3
SO030719-1,PR2026-3
SO030719-4,PR2026-3
SO030720-2,PR2026-3
SO030721-1,PR2026-3
SO030724-1,PR2026-3
SO030725-1,PR2026-3
SO030726-1,PR2026-3
SO030729-1,PR2026-3
SO030729-4,PR2026-3
SO030730-2,PR2026-3
SO030730-3,PR2026-3
SO030731-1,PR2026-3
SO030731-4,PR2026-3
SO030731-5,PR2026-3
SO030732-1,PR2026-3
SO030732-2,PR2026-3
SO030733-1,PR2026-3
SO030734-1,PR2026-3
SO030734-2,PR2026-3
SO030738-1,PR2026-3
SO030740-1,PR2026-3
SO030741-1,PR2026-3
SO030742-1,PR2026-3
SO030743-2,PR2026-3
SO030748-2,PR2026-3
SO030748-3,PR2026-3
SO030750-1,PR2026-3
SO030750-4,PR2026-3
SO030750-5,PR2026-3
SO030751-3,PR2026-3
SO030752-1,PR2026-3
SO030752-2,PR2026-3
SO030753-2,PR2026-3
SO030753-3,PR2026-3
SO030754-1,PR2026-3
SO030754-3,PR2026-3
SO030756-1,PR2026-3
SO030756-2,PR2026-3
SO030759-1,PR2026-3
SO030761-1,PR2026-3
SO030762-1,PR2026-3
SO030762-3,PR2026-3
SO030762-4,PR2026-3
SO030764-1,PR2026-3
SO030764-2,PR2026-3
SO030765-1,PR2026-3
SO030765-2,PR2026-3
SO030768-1,PR2026-3
SO030768-2,PR2026-3
SO030768-3,PR2026-3
SO030768-4,PR2026-3
SO030769-1,PR2026-3
SO030770-1,PR2026-3
SO030773-1,PR2026-3
SO030773-3,PR2026-3
SO030774-2,PR2026-3
SO030774-4,PR2026-3
SO030775-1,PR2026-3
SO030775-2,PR2026-3
SO030775-3,PR2026-3
SO030777-2,PR2026-3
SO030777-4,PR2026-3
SO030779-1,PR2026-3
SO030779-2,PR2026-3
SO030780-1,PR2026-3
SO030781-1,PR2026-3
SO030781-2,PR2026-3
SO030781-3,PR2026-3
SO030782-1,PR2026-3
SO030784-2,PR2026-3
SO030786-1,PR2026-3
SO030787-1,PR2026-3
SO030788-1,PR2026-3
SO030788-2,PR2026-3
SO030789-2,PR2026-3
SO030790-1,PR2026-3
SO030791-2,PR2026-3
SO030793-1,PR2026-3
SO030794-2,PR2026-3
SO030795-2,PR2026-3
SO030796-2,PR2026-3
SO030796-3,PR2026-3
SO030796-4,PR2026-3
SO030797-1,PR2026-3
SO030797-2,PR2026-3
SO030798-1,PR2026-3
SO030798-2,PR2026-3
SO030798-3,PR2026-3
SO030799-1,PR2026-3
SO030802-1,PR2026-3
SO030802-2,PR2026-3
SO030805-2,PR2026-3
SO030805-4,PR2026-3
SO030806-1,PR2026-3
SO030806-2,PR2026-3
SO030807-2,PR2026-3
SO030807-3,PR2026-3
SO030808-1,PR2026-3
SO030808-3,PR2026-3
SO030808-4,PR2026-3
SO030810-1,PR2026-3
SO030811-2,PR2026-3
SO030812-3,PR2026-3
SO030814-2,PR2026-3
SO030816-1,PR2026-3
SO030817-1,PR2026-3
SO030818-1,PR2026-3
SO030819-1,PR2026-3
SO030819-2,PR2026-3
SO030820-3,PR2026-3
SO030824-1,PR2026-3
SO030825-1,PR2026-3
SO030826-1,PR2026-3
SO030827-1,PR2026-3
SO030829-1,PR2026-3
SO030830-1,PR2026-3
SO030832-1,PR2026-3
SO030832-2,PR2026-3
SO030832-3,PR2026-3
SO030835-3,PR2026-3
SO030836-1,PR2026-3
SO030836-4,PR2026-3
SO030838-2,PR2026-3
SO030839-1,PR2026-3
SO030840-1,PR2026-3
SO030841-2,PR2026-3
SO030842-2,PR2026-3
SO030842-4,PR2026-3
SO030843-3,PR2026-3
SO030843-4,PR2026-3
SO030844-2,PR2026-3
SO030846-2,PR2026-3
SO030846-3,PR2026-3
SO030847-1,PR2026-3
SO030848-1,PR2026-3
SO030849-2,PR2026-3
SO030849-3,PR2026-3
SO030850-1,PR2026-3
SO030851-2,PR2026-3
SO030852-1,PR2026-3
SO030853-1,PR2026-3
SO030855-1,PR2026-3
SO030855-2,PR2026-3
SO030856-2,PR2026-3
SO030858-1,PR2026-3
SO030860-1,PR2026-3
SO030860-2,PR2026-3
SO030860-3,PR2026-3
SO030861-1,PR2026-3
SO030862-1,PR2026-3
SO030862-2,PR2026-3
SO030862-3,PR2026-3
SO030863-1,PR2026-3
SO030864-1,PR2026-3
SO030866-1,PR2026-3
SO030866-4,PR2026-3
SO030868-2,PR2026-3
SO030870-1,PR2026-3
SO030871-1,PR2026-3
SO030873-1,PR2026-3
SO030874-1,PR2026-3
SO030874-3,PR2026-3
SO030875-1,PR2026-3
SO030879-1,PR2026-3
SO030879-2,PR2026-3
SO030880-2,PR2026-3
SO030880-3,PR2026-3
SO030882-1,PR2026-3
SO030882-2,PR2026-3
SO030883-1,PR2026-3
SO030883-3,PR2026-3
SO030884-2,PR2026-3
SO030884-3,PR2026-3
SO030885-1,PR2026-3
SO030886-1,PR2026-3
SO030886-2,PR2026-3
SO030888-1,PR2026-3
SO030888-3,PR2026-3
SO030890-1,PR2026-3
SO030893-3,PR2026-3
SO030895-1,PR2026-3
SO030896-1,PR2026-3
SO030898-1,PR2026-3
SO030902-1,PR2026-3
SO030902-2,PR2026-3
SO030902-3,PR2026-3
SO030903-4,PR2026-3
SO030904-2,PR2026-3
SO030904-3,PR2026-3
SO030905-1,PR2026-3
SO030905-2,PR2026-3
SO030906-1,PR2026-3
SO030906-3,PR2026-3
SO030908-1,PR2026-3
SO030912-1,PR2026-3
SO030915-1,PR2026-3
SO030915-2,PR2026-3
SO030917-3,PR2026-3
SO030918-2,PR2026-3
SO030918-4,PR2026-3
SO030922-1,PR2026-3
SO030924-1,PR2026-3
SO030924-2,PR2026-3
SO030924-3,PR2026-3
SO030924-4,PR2026-3
SO030925-3,PR2026-3
SO030928-1,PR2026-3
SO030931-1,PR2026-3
SO030931-3,PR2026-3
SO030931-4,PR2026-3
SO030932-2,PR2026-3
SO030934-1,PR2026-3
SO030936-1,PR2026-3
SO030937-2,PR2026-3
SO030937-3,PR2026-3
SO030938-1,PR2026-3
SO030939-1,PR2026-3
SO030940-1,PR2026-3
SO030943-1,PR2026-3
SO030943-4,PR2026-3
SO030944-1,PR2026-3
SO030944-2,PR2026-3
SO030944-3,PR2026-3
SO030945-1,PR2026-3
SO030946-1,PR2026-3
SO030947-1,PR2026-3
SO030947-2,PR2026-3
SO030948-2,PR2026-3
SO030950-1,PR2026-3
SO030951-1,PR2026-3
SO030951-2,PR2026-3
SO030952-2,PR2026-3
SO030953-2,PR2026-3
SO030955-1,PR2026-3
SO030956-2,PR2026-3
SO030957-1,PR2026-3
SO030958-1,PR2026-3
SO030958-4,PR2026-3
SO030959-2,PR2026-3
SO030959-3,PR2026-3
SO030961-2,PR2026-3
SO030963-2,PR2026-3
SO030963-4,PR2026-3
SO030964-2,PR2026-3
SO030965-1,PR2026-3
SO030965-2,PR2026-3
SO030965-3,PR2026-3
SO030965-4,PR2026-3
SO030970-1,PR2026-3
SO030971-2,PR2026-3
SO030972-3,PR2026-3
SO030973-1,PR2026-3
SO030975-2,PR2026-3
SO030975-3,PR2026-3
SO030978-1,PR2026-3
SO030979-2,PR2026-3
SO030980-1,PR2026-3
SO030980-5,PR2026-3
SO030982-1,PR2026-3
SO030983-1,PR2026-3
SO030986-2,PR2026-3
SO030987-1,PR2026-3
SO030987-2,PR2026-3
SO030988-2,PR2026-3
SO030988-3,PR2026-3
SO030989-1,PR2026-3
SO030992-1,PR2026-3
SO030994-1,PR2026-3
SO030998-1,PR2026-3
SO030998-2,PR2026-3
SO030999-1,PR2026-3
SO030999-2,PR2026-3
SO031000-1,PR2026-3
SO031001-1,PR2026-3
SO031002-1,PR2026-3
SO031002-2,PR2026-3
SO031003-1,PR2026-3
SO031004-2,PR2026-3
SO031006-2,PR2026-3
SO031007-1,PR2026-3
SO031007-3,PR2026-3
SO031009-2,PR2026-3
SO031010-1,PR2026-3
SO031013-1,PR2026-3
SO031015-2,PR2026-3
SO031016-1,PR2026-3
SO031018-1,PR2026-3
SO031020-1,PR2026-3
SO031021-1,PR2026-3
SO031022-1,PR2026-3
SO031023-1,PR2026-3
SO031025-2,PR2026-3
SO031026-1,PR2026-3
SO031027-1,PR2026-3
SO031027-2,PR2026-3
SO031027-3,PR2026-3
SO031028-2,PR2026-3
SO031028-3,PR2026-3
SO031028-4,PR2026-3
SO031029-1,PR2026-3
SO031032-2,PR2026-3
SO031033-1,PR2026-3
SO031034-1,PR2026-3
SO031035-1,PR2026-3
SO031035-2,PR2026-3
SO031038-1,PR2026-3
SO031039-1,PR2026-3
SO031040-1,PR2026-3
SO031040-2,PR2026-3
SO031041-2,PR2026-3
SO031042-1,PR2026-3
SO031043-1,PR2026-3
SO031043-3,PR2026-3
SO031044-1,PR2026-3
SO031044-2,PR2026-3
SO031044-4,PR2026-3
SO031045-2,PR2026-3
SO031047-2,PR2026-3
SO031048-1,PR2026-3
SO031048-2,PR2026-3
SO031048-3,PR2026-3
SO031049-1,PR2026-3
SO031049-2,PR2026-3
SO031050-2,PR2026-3
SO031051-1,PR2026-3
SO031052-3,PR2026-3
SO031052-5,PR2026-3
SO031053-1,PR2026-3
SO031055-1,PR2026-3
SO031055-2,PR2026-3
SO031056-1,PR2026-3
SO031057-2,PR2026-3
SO031058-2,PR2026-3
SO031059-2,PR2026-3
SO031059-3,PR2026-3
SO031059-4,PR2026-3
SO031061-1,PR2026-3
SO031063-1,PR2026-3
SO031063-2,PR2026-3
SO031063-3,PR2026-3
SO031065-1,PR2026-3
SO031066-1,PR2026-3
SO031068-2,PR2026-3
SO031069-2,PR2026-3
SO031071-1,PR2026-3
SO031072-1,PR2026-3
SO031072-2,PR2026-3
SO031075-1,PR2026-3
SO031075-2,PR2026-3
SO031075-3,PR2026-3
SO031076-1,PR2026-3
SO031078-1,PR2026-3
SO031079-1,PR2026-3
SO031079-2,PR2026-3
SO031082-1,PR2026-3
SO031084-1,PR2026-3
SO031085-1,PR2026-3
SO031086-1,PR2026-3
SO031086-2,PR2026-3
SO031088-1,PR2026-3
SO031089-1,PR2026-3
SO031091-1,PR2026-3
SO031091-2,PR2026-3
SO031092-2,PR2026-3
SO031092-3,PR2026-3
SO031094-3,PR2026-3
SO031096-1,PR2026-3
SO031096-2,PR2026-3
SO031097-3,PR2026-3
SO031098-1,PR2026-3
SO031098-3,PR2026-3
SO031099-1,PR2026-3
SO031099-2,PR2026-3
SO031100-2,PR2026-3
SO031102-1,PR2026-3
SO031103-1,PR2026-3
SO031107-1,PR2026-3
SO031108-1,PR2026-3
SO031109-1,PR2026-3
SO031110-1,PR2026-3
SO031110-2,PR2026-3
SO031110-3,PR2026-3
SO031110-4,PR2026-3
SO031111-1,PR2026-3
SO031113-2,PR2026-3
SO031114-3,PR2026-3
SO031115-1,PR2026-3
SO031115-2,PR2026-3
SO031117-1,PR2026-3
SO031119-1,PR2026-3
SO031121-1,PR2026-3
SO031122-1,PR2026-3
SO031122-2,PR2026-3
SO031123-1,PR2026-3
SO031123-3,PR2026-3
SO031125-1,PR2026-3
SO031125-3,PR2026-3
SO031126-1,PR2026-3
SO031127-1,PR2026-3
SO031128-3,PR2026-3
SO031128-4,PR2026-3
SO031129-2,PR2026-3
SO031131-2,PR2026-3
SO031131-3,PR2026-3
SO031132-2,PR2026-3
SO031135-2,PR2026-3
SO031135-3,PR2026-3
SO031137-1,PR2026-3
SO031139-1,PR2026-3
SO031140-1,PR2026-3
SO031141-1,PR2026-3
SO031142-1,PR2026-3
SO031142-3,PR2026-3
SO031142-4,PR2026-3
SO031143-2,PR2026-3
SO031145-1,PR2026-3
SO031146-1,PR2026-3
SO031147-2,PR2026-3
SO031148-1,PR2026-3
SO031149-1,PR2026-3
SO031150-1,PR2026-3
SO031151-1,PR2026-3
SO031152-1,PR2026-3
SO031153-1,PR2026-3
SO031155-1,PR2026-3
SO031156-1,PR2026-3
SO031157-1,PR2026-3
SO031158-1,PR2026-3
SO031160-1,PR2026-3
SO031160-2,PR2026-3
SO031161-1,PR2026-3
SO031162-2,PR2026-3
SO031162-3,PR2026-3
SO031162-4,PR2026-3
SO031162-5,PR2026-3
SO031163-1,PR2026-3
SO031163-2,PR2026-3
SO031163-3,PR2026-3
SO031164-1,PR2026-3
SO031168-1,PR2026-3
SO031168-2,PR2026-3
SO031169-2,PR2026-3
SO031173-2,PR2026-3
SO031174-4,PR2026-3
SO031175-2,PR2026-3
SO031176-1,PR2026-3
SO031178-1,PR2026-3
SO031178-2,PR2026-3
SO031178-3,PR2026-3
SO031180-2,PR2026-3
SO031182-1,PR2026-3
SO031182-2,PR2026-3
SO031182-4,PR2026-3
SO031183-1,PR2026-3
SO031184-1,PR2026-3
SO031185-2,PR2026-3
SO031186-1,PR2026-3
SO031186-2,PR2026-3
SO031187-1,PR2026-3
SO031188-1,PR2026-3
SO031188-2,PR2026-3
SO031189-1,PR2026-3
SO031190-1,PR2026-3
SO031192-1,PR2026-3
SO031192-2,PR2026-3
SO031194-2,PR2026-3
SO031194-3,PR2026-3
SO031195-1,PR2026-3
SO031195-2,PR2026-3
SO031195-3,PR2026-3
SO031196-1,PR2026-3
SO031196-2,PR2026-3
SO031196-3,PR2026-3
SO031198-2,PR2026-3
SO031198-3,PR2026-3
SO031199-1,PR2026-3
SO031200-1,PR2026-3
SO031201-1,PR2026-3
SO031202-1,PR2026-3
SO031203-1,PR2026-3
SO031204-1,PR2026-3
SO031205-1,PR2026-3
SO031205-2,PR2026-3
SO031209-1,PR2026-3
SO031211-1,PR2026-3
SO031213-1,PR2026-3
SO031214-2,PR2026-3
SO031214-3,PR2026-3
SO031215-1,PR2026-3
SO031217-2,PR2026-3
SO031218-1,PR2026-3
SO031219-2,PR2026-3
SO031221-2,PR2026-3
SO031226-1,PR2026-3
SO031227-1,PR2026-3
SO031227-2,PR2026-3
SO031230-1,PR2026-3
SO031231-2,PR2026-3
SO031232-1,PR2026-3
SO031232-2,PR2026-3
SO031232-3,PR2026-3
SO031232-4,PR2026-3
SO031233-1,PR2026-3
SO031233-2,PR2026-3
SO031234-2,PR2026-3
SO031234-3,PR2026-3
SO031235-1,PR2026-3
SO031236-1,PR2026-3
SO031236-2,PR2026-3
SO031236-3,PR2026-3
SO031237-1,PR2026-3
SO031238-1,PR2026-3
SO031240-1,PR2026-3
SO031241-1,PR2026-3
SO031241-2,PR2026-3
SO031244-1,PR2026-3
SO031244-3,PR2026-3
SO031244-5,PR2026-3
SO031245-3,PR2026-3
SO031246-1,PR2026-3
SO031246-2,PR2026-3
SO031248-1,PR2026-3
SO031248-2,PR2026-3
SO031251-1,PR2026-3
SO031252-1,PR2026-3
SO031252-2,PR2026-3
SO031254-1,PR2026-3
SO031254-2,PR2026-3
SO031256-2,PR2026-3
SO031256-4,PR2026-3
SO031260-1,PR2026-3
SO031260-2,PR2026-3
SO031261-1,PR2026-3
SO031262-1,PR2026-3
SO031262-2,PR2026-3
SO031262-3,PR2026-3
SO031263-1,PR2026-3
SO031264-1,PR2026-3
SO031264-2,PR2026-3
SO031265-1,PR2026-3
SO031265-3,PR2026-3
SO031266-1,PR2026-3
SO031268-2,PR2026-3
SO031270-1,PR2026-3
SO031271-1,PR2026-3
SO031272-2,PR2026-3
SO031273-2,PR2026-3
SO031274-1,PR2026-3
SO031276-1,PR2026-3
SO031277-1,PR2026-3
SO031278-1,PR2026-3
SO031278-2,PR2026-3
SO031279-1,PR2026-3
SO031280-2,PR2026-3
SO031280-3,PR2026-3
SO031280-4,PR2026-3
SO031281-2,PR2026-3
SO031281-3,PR2026-3
SO031282-2,PR2026-3
SO031285-1,PR2026-3
SO031285-2,PR2026-3
SO031285-3,PR2026-3
SO031287-1,PR2026-3
SO031288-1,PR2026-3
SO031289-1,PR2026-3
SO031290-1,PR2026-3
SO031291-1,PR2026-3
SO031292-2,PR2026-3
SO031294-1,PR2026-3
SO031295-1,PR2026-3
SO031296-1,PR2026-3
SO031297-1,PR2026-3
SO031298-1,PR2026-3
SO031298-2,PR2026-3
SO031299-2,PR2026-3
SO031299-3,PR2026-3
SO031300-1,PR2026-3
SO031302-1,PR2026-3
SO031302-2,PR2026-3
SO031303-1,PR2026-3
SO031306-1,PR2026-3
SO031307-1,PR2026-3
SO031307-3,PR2026-3
SO031308-1,PR2026-3
SO031309-2,PR2026-3
SO031310-1,PR2026-3
SO031310-2,PR2026-3
SO031311-1,PR2026-3
SO031311-2,PR2026-3
SO031312-1,PR2026-3
SO031312-2,PR2026-3
SO031313-2,PR2026-3
SO031313-3,PR2026-3
SO031314-1,PR2026-3
SO031314-2,PR2026-3
SO031319-2,PR2026-3
SO031320-2,PR2026-3
SO031321-1,PR2026-3
SO031321-2,PR2026-3
SO031322-1,PR2026-3
SO031323-1,PR2026-3
SO031323-2,PR2026-3
SO031323-3,PR2026-3
SO031324-3,PR2026-3
SO031325-1,PR2026-3
SO031326-2,PR2026-3
SO031327-1,PR2026-3
SO031329-2,PR2026-3
SO031330-5,PR2026-3
SO031331-2,PR2026-3
SO031334-2,PR2026-3
SO031336-1,PR2026-3
SO031337-1,PR2026-3
SO031338-2,PR2026-3
SO031339-1,PR2026-3
SO031342-2,PR2026-3
SO031343-1,PR2026-3
SO031345-1,PR2026-3
SO031346-2,PR2026-3
SO031347-2,PR2026-3
SO031350-1,PR2026-3
SO031351-1,PR2026-3
SO031351-2,PR2026-3
SO031353-2,PR2026-3
SO031354-1,PR2026-3
SO031355-1,PR2026-3
SO031355-3,PR2026-3
SO031358-2,PR2026-3
SO031359-2,PR2026-3
SO031360-1,PR2026-3
SO031361-1,PR2026-3
SO031362-1,PR2026-3
SO031362-2,PR2026-3
SO031364-1,PR2026-3
SO031364-2,PR2026-3
SO031364-4,PR2026-3
SO031365-2,PR2026-3
SO031366-1,PR2026-3
SO031367-1,PR2026-3
SO031368-1,PR2026-3
SO031368-2,PR2026-3
SO031373-1,PR2026-3
SO031373-2,PR2026-3
SO031374-1,PR2026-3
SO031375-1,PR2026-3
SO031377-1,PR2026-3
SO031377-3,PR2026-3
SO031379-1,PR2026-3
SO031381-1,PR2026-3
SO031382-2,PR2026-3
SO031383-1,PR2026-3
SO031383-2,PR2026-3
SO031388-1,PR2026-3
SO031388-5,PR2026-3
SO031389-2,PR2026-3
SO031389-3,PR2026-3
SO031390-1,PR2026-3
SO031391-1,PR2026-3
SO031391-3,PR2026-3
SO031393-2,PR2026-3
SO031394-1,PR2026-3
SO031395-2,PR2026-3
SO031396-1,PR2026-3
SO031397-1,PR2026-3
SO031397-3,PR2026-3
SO031398-2,PR2026-3
SO031401-1,PR2026-3
SO031402-1,PR2026-3
SO031403-2,PR2026-3
SO031404-1,PR2026-3
SO031404-2,PR2026-3
SO031405-1,PR2026-3
SO031405-2,PR2026-3
SO031405-3,PR2026-3
SO031405-4,PR2026-3
SO031405-5,PR2026-3
SO031406-1,PR2026-3
SO031407-1,PR2026-3
SO031408-2,PR2026-3
SO031413-2,PR2026-3
SO031413-3,PR2026-3
SO031414-2,PR2026-3
SO031419-1,PR2026-3
SO031420-1,PR2026-3
SO031422-1,PR2026-3
SO031424-1,PR2026-3
SO031424-2,PR2026-3
SO031424-4,PR2026-3
SO031425-2,PR2026-3
SO031426-3,PR2026-3
SO031426-4,PR2026-3
SO031427-1,PR2026-3
SO031428-1,PR2026-3
SO031430-1,PR2026-3
SO031431-1,PR2026-3
SO031433-1,PR2026-3
SO031433-4,PR2026-3
SO031434-2,PR2026-3
SO031436-1,PR2026-3
SO031437-2,PR2026-3
SO031437-3,PR2026-3
SO031439-1,PR2026-3
SO031439-2,PR2026-3
SO031439-3,PR2026-3
SO031441-1,PR2026-3
SO031442-1,PR2026-3
SO031444-1,PR2026-3
SO031444-2,PR2026-3
SO031445-2,PR2026-3
SO031446-1,PR2026-3
SO031447-4,PR2026-3
SO031449-2,PR2026-3
SO031449-3,PR2026-3
SO031450-1,PR2026-3
SO031451-1,PR2026-3
SO031451-2,PR2026-3
SO031452-1,PR2026-3
SO031452-2,PR2026-3
SO031452-3,PR2026-3
SO031453-1,PR2026-3
SO031453-2,PR2026-3
SO031453-3,PR2026-3
SO031456-1,PR2026-3
SO031457-2,PR2026-3
SO031457-4,PR2026-3
SO031461-1,PR2026-3
SO031462-1,PR2026-3
SO031462-2,PR2026-3
SO031464-2,PR2026-3
SO031465-1,PR2026-3
SO031465-2,PR2026-3
SO031475-1,PR2026-3
SO031475-2,PR2026-3
SO031476-2,PR2026-3
SO031478-1,PR2026-3
SO031478-2,PR2026-3
SO031479-1,PR2026-3
SO031480-1,PR2026-3
SO031481-1,PR2026-3
SO031482-2,PR2026-3
SO031482-3,PR2026-3
SO031484-1,PR2026-3
SO031485-1,PR2026-3
SO031487-2,PR2026-3
SO031488-1,PR2026-3
SO031489-1,PR2026-3
SO031490-1,PR2026-3
SO031490-4,PR2026-3
SO031490-5,PR2026-3
SO031491-1,PR2026-3
SO031492-3,PR2026-3
SO031493-1,PR2026-3
SO031493-3,PR2026-3
SO031494-3,PR2026-3
SO031498-1,PR2026-3
SO031501-1,PR2026-3
SO031501-2,PR2026-3
SO031502-1,PR2026-3
SO031503-1,PR2026-3
SO031504-1,PR2026-3
SO031504-2,PR2026-3
SO031506-1,PR2026-3
SO031508-1,PR2026-3
SO031510-2,PR2026-3
SO031510-3,PR2026-3
SO031512-1,PR2026-3
SO031513-1,PR2026-3
SO031514-1,PR2026-3
SO031514-2,PR2026-3
SO031516-1,PR2026-3
SO031517-1,PR2026-3
SO031518-1,PR2026-3
SO031520-1,PR2026-3
SO031521-3,PR2026-3
SO031522-1,PR2026-3
SO031522-3,PR2026-3
SO031522-4,PR2026-3
SO031525-1,PR2026-3
SO031526-1,PR2026-3
SO031529-1,PR2026-3
SO031529-2,PR2026-3
SO031530-1,PR2026-3
SO031531-1,PR2026-3
SO031531-2,PR2026-3
SO031532-1,PR2026-3
SO031532-2,PR2026-3
SO031532-3,PR2026-3
SO031535-2,PR2026-3
SO031536-1,PR2026-3
SO031537-1,PR2026-3
SO031537-2,PR2026-3
SO031538-2,PR2026-3
SO031538-3,PR2026-3
SO031538-5,PR2026-3
SO031540-2,PR2026-3
SO031542-1,PR2026-3
SO031542-2,PR2026-3
SO031545-4,PR2026-3
SO031546-1,PR2026-3
SO031546-3,PR2026-3
SO031547-1,PR2026-3
SO031548-1,PR2026-3
SO031549-1,PR2026-3
SO031551-2,PR2026-3
SO031552-1,PR2026-3
SO031553-2,PR2026-3
SO031558-1,PR2026-3
SO031559-1,PR2026-3
SO031561-1,PR2026-3
SO031561-2,PR2026-3
SO031561-3,PR2026-3
SO031562-3,PR2026-3
SO031563-1,PR2026-3
SO031564-1,PR2026-3
SO031565-1,PR2026-3
SO031567-1,PR2026-3
SO031568-1,PR2026-3
SO031569-1,PR2026-3
SO031570-2,PR2026-3
SO031572-1,PR2026-3
SO031573-1,PR2026-3
SO031573-2,PR2026-3
SO031574-1,PR2026-3
SO031574-2,PR2026-3
SO031575-1,PR2026-3
SO031578-1,PR2026-3
SO031578-3,PR2026-3
SO031579-2,PR2026-3
SO031579-3,PR2026-3
SO031581-1,PR2026-3
SO031582-2,PR2026-3
SO031583-1,PR2026-3
SO031583-2,PR2026-3
SO031584-1,PR2026-3
SO031585-1,PR2026-3
SO031586-1,PR2026-3
SO031587-2,PR2026-3
SO031588-1,PR2026-3
SO031589-2,PR2026-3
SO031590-2,PR2026-3
SO031591-1,PR2026-3
SO031591-3,PR2026-3
SO031591-4,PR2026-3
SO031592-1,PR2026-3
SO031592-2,PR2026-3
SO031594-1,PR2026-3
SO031596-1,PR2026-3
SO031598-1,PR2026-3
SO031599-1,PR2026-3
SO031600-2,PR2026-3
SO031600-3,PR2026-3
SO031601-2,PR2026-3
SO031604-2,PR2026-3
SO031604-3,PR2026-3
SO031605-1,PR2026-3
SO031606-2,PR2026-3
SO031607-1,PR2026-3
SO031607-2,PR2026-3
SO031607-3,PR2026-3
SO031607-4,PR2026-3
SO031608-2,PR2026-3
SO031610-4,PR2026-3
SO031612-1,PR2026-3
SO031612-2,PR2026-3
SO031612-3,PR2026-3
SO031613-3,PR2026-3
SO031614-1,PR2026-3
SO031614-2,PR2026-3
SO031615-1,PR2026-3
SO031616-2,PR2026-3
SO031617-1,PR2026-3
SO031620-1,PR2026-3
SO031621-1,PR2026-3
SO031621-4,PR2026-3
SO031622-1,PR2026-3
SO031623-3,PR2026-3
SO031626-1,PR2026-3
SO031627-1,PR2026-3
SO031628-4,PR2026-3
SO031629-1,PR2026-3
SO031629-2,PR2026-3
SO031630-1,PR2026-3
SO031632-1,PR2026-3
SO031633-1,PR2026-3
SO031635-1,PR2026-3
SO031637-1,PR2026-3
SO031638-1,PR2026-3
SO031639-1,PR2026-3
SO031639-3,PR2026-3
SO031640-1,PR2026-3
SO031641-2,PR2026-3
SO031644-3,PR2026-3
SO031645-1,PR2026-3
SO031646-1,PR2026-3
SO031648-1,PR2026-3
SO031648-2,PR2026-3
SO031649-1,PR2026-3
SO031650-2,PR2026-3
SO031650-3,PR2026-3
SO031651-2,PR2026-3
SO031652-1,PR2026-3
SO031652-3,PR2026-3
SO031653-1,PR2026-3
SO031653-2,PR2026-3
SO031654-1,PR2026-3
SO031656-2,PR2026-3
SO031656-3,PR2026-3
SO031657-1,PR2026-3
SO031657-2,PR2026-3
SO031658-1,PR2026-3
SO031659-1,PR2026-3
SO031660-2,PR2026-3
SO031661-1,PR2026-3
SO031664-1,PR2026-3
SO031669-1,PR2026-3
SO031669-2,PR2026-3
SO031672-1,PR2026-3
SO031673-3,PR2026-3
SO031674-1,PR2026-3
SO031674-2,PR2026-3
SO031674-4,PR2026-3
SO031677-1,PR2026-3
SO031678-1,PR2026-3
SO031679-1,PR2026-3
SO031680-1,PR2026-3
SO031680-2,PR2026-3
SO031681-2,PR2026-3
SO031681-3,PR2026-3
SO031682-1,PR2026-3
SO031682-2,PR2026-3
SO031682-3,PR2026-3
SO031683-1,PR2026-3
SO031685-1,PR2026-3
SO031686-2,PR2026-3
SO031687-2,PR2026-3
SO031688-1,PR2026-3
SO031689-1,PR2026-3
SO031691-1,PR2026-3
SO031692-2,PR2026-3
SO031692-3,PR2026-3
SO031693-1,PR2026-3
SO031693-2,PR2026-3
SO031694-1,PR2026-3
SO031694-2,PR2026-3
SO031694-4,PR2026-3
SO031697-1,PR2026-3
SO031697-4,PR2026-3
SO031701-1,PR2026-3
SO031701-3,PR2026-3
SO031703-1,PR2026-3
SO031704-1,PR2026-3
SO031704-2,PR2026-3
SO031705-1,PR2026-3
SO031706-1,PR2026-3
SO031708-1,PR2026-3
SO031709-2,PR2026-3
SO031710-2,PR2026-3
SO031710-3,PR2026-3
SO031710-4,PR2026-3
SO031711-1,PR2026-3
SO031714-1,PR2026-3
SO031716-2,PR2026-3
SO031719-1,PR2026-3
SO031720-4,PR2026-3
SO031721-1,PR2026-3
SO031723-2,PR2026-3
SO031725-1,PR2026-3
SO031725-2,PR2026-3
SO031726-1,PR2026-3
SO031726-2,PR2026-3
SO031727-1,PR2026-3
SO031727-2,PR2026-3
SO031728-2,PR2026-3
SO031728-4,PR2026-3
SO031729-1,PR2026-3
SO031732-1,PR2026-3
SO031733-2,PR2026-3
SO031734-1,PR2026-3
SO031735-1,PR2026-3
SO031738-1,PR2026-3
SO031739-2,PR2026-3
SO031740-1,PR2026-3
SO031743-1,PR2026-3
SO031743-2,PR2026-3
SO031744-1,PR2026-3
SO031745-1,PR2026-3
SO031745-2,PR2026-3
SO031746-1,PR2026-3
SO031746-2,PR2026-3
SO031747-1,PR2026-3
SO031747-2,PR2026-3
SO031748-1,PR2026-3
SO031749-1,PR2026-3
SO031749-4,PR2026-3
SO031751-1,PR2026-3
SO031752-2,PR2026-3
SO031753-2,PR2026-3
SO031754-1,PR2026-3
SO031755-1,PR2026-3
SO031758-1,PR2026-3
SO031759-3,PR2026-3
SO031759-4,PR2026-3
SO031761-2,PR2026-3
SO031765-2,PR2026-3
SO031768-1,PR2026-3
SO031770-2,PR2026-3
SO031771-1,PR2026-3
SO031772-1,PR2026-3
SO031773-2,PR2026-3
SO031773-4,PR2026-3
SO031774-2,PR2026-3
SO031776-1,PR2026-3
SO031777-1,PR2026-3
SO031777-2,PR2026-3
SO031778-1,PR2026-3
SO031781-1,PR2026-3
SO031783-2,PR2026-3
SO031784-2,PR2026-3
SO031784-3,PR2026-3
SO031785-2,PR2026-3
SO031787-1,PR2026-3
SO031787-2,PR2026-3
SO031787-4,PR2026-3
SO031788-1,PR2026-3
SO031788-2,PR2026-3
SO031788-3,PR2026-3
SO031790-1,PR2026-3
SO031790-3,PR2026-3
SO031794-1,PR2026-3
SO031794-3,PR2026-3
SO031795-3,PR2026-3
SO031796-1,PR2026-3
SO031798-1,PR2026-3
SO031799-1,PR2026-3
SO031799-3,PR2026-3
SO031800-1,PR2026-3
SO031801-1,PR2026-3
SO031803-2,PR2026-3
SO031803-3,PR2026-3
SO031804-1,PR2026-3
SO031804-2,PR2026-3
SO031806-1,PR2026-3
SO031807-4,PR2026-3
SO031808-2,PR2026-3
SO031809-1,PR2026-3
SO031809-2,PR2026-3
SO031810-1,PR2026-3
SO031810-4,PR2026-3
SO031811-1,PR2026-3
SO031813-4,PR2026-3
SO031814-1,PR2026-3
SO031814-3,PR2026-3
SO031815-2,PR2026-3
SO031817-1,PR2026-3
SO031819-2,PR2026-3
SO031819-3,PR2026-3
SO031819-4,PR2026-3
SO031820-1,PR2026-3
SO031820-3,PR2026-3
SO031821-1,PR2026-3
SO031823-1,PR2026-3
SO031823-2,PR2026-3
SO031824-2,PR2026-3
SO031825-1,PR2026-3
SO031826-1,PR2026-3
SO031827-1,PR2026-3
SO031828-2,PR2026-3
SO031830-1,PR2026-3
SO031830-2,PR2026-3
SO031832-1,PR2026-3
SO031834-1,PR2026-3
SO031834-2,PR2026-3
SO031835-1,PR2026-3
SO031836-1,PR2026-3
SO031837-1,PR2026-3
SO031838-1,PR2026-3
SO031839-1,PR2026-3
SO031839-2,PR2026-3
SO031840-1,PR2026-3
SO031841-1,PR2026-3
SO031841-2,PR2026-3
SO031842-1,PR2026-3
SO031843-1,PR2026-3
SO031843-2,PR2026-3
SO031843-3,PR2026-3
SO031844-3,PR2026-3
SO031846-1,PR2026-3
SO031847-1,PR2026-3
SO031848-4,PR2026-3
SO031849-1,PR2026-3
SO031850-1,PR2026-3
SO031850-2,PR2026-3
SO031850-3,PR2026-3
SO031850-4,PR2026-3
SO031850-5,PR2026-3
SO031851-1,PR2026-3
SO031852-2,PR2026-3
SO031855-1,PR2026-3
SO031855-3,PR2026-3
SO031856-1,PR2026-3
SO031858-1,PR2026-3
SO031859-1,PR2026-3
SO031860-3,PR2026-3
SO031862-1,PR2026-3
SO031862-2,PR2026-3
SO031864-1,PR2026-3
SO031865-1,PR2026-3
SO031867-1,PR2026-3
SO031868-1,PR2026-3
SO031869-1,PR2026-3
SO031869-2,PR2026-3
SO031870-1,PR2026-3
SO031870-3,PR2026-3
SO031870-4,PR2026-3
SO031871-2,PR2026-3
SO031872-1,PR2026-3
SO031873-2,PR2026-3
SO031877-1,PR2026-3
SO031880-2,PR2026-3
SO031881-1,PR2026-3
SO031882-1,PR2026-3
SO031884-1,PR2026-3
SO031887-1,PR2026-3
SO031888-1,PR2026-3
SO031889-1,PR2026-3
SO031891-1,PR2026-3
SO031891-4,PR2026-3
SO031892-1,PR2026-3
SO031892-2,PR2026-3
SO031893-1,PR2026-3
SO031894-1,PR2026-3
SO031895-1,PR2026-3
SO031895-2,PR2026-3
SO031895-3,PR2026-3
SO031896-3,PR2026-3
SO031896-4,PR2026-3
SO031898-1,PR2026-3
SO031898-2,PR2026-3
SO031898-3,PR2026-3
SO031898-4,PR2026-3
SO031899-1,PR2026-3
SO031899-3,PR2026-3
SO031900-2,PR2026-3
SO031901-1,PR2026-3
SO031902-1,PR2026-3
SO031903-2,PR2026-3
SO031903-3,PR2026-3
SO031904-1,PR2026-3
SO031904-2,PR2026-3
SO031905-2,PR2026-3
SO031905-4,PR2026-3
SO031905-5,PR2026-3
SO031906-1,PR2026-3
SO031907-1,PR2026-3
SO031907-2,PR2026-3
SO031908-2,PR2026-3
SO031910-2,PR2026-3
SO031910-3,PR2026-3
SO031911-2,PR2026-3
SO031913-1,PR2026-3
SO031913-3,PR2026-3
SO031914-2,PR2026-3
SO031916-2,PR2026-3
SO031918-2,PR2026-3
SO031920-1,PR2026-3
SO031922-1,PR2026-3
SO031926-2,PR2026-3
SO031927-2,PR2026-3
SO031927-3,PR2026-3
SO031928-1,PR2026-3
SO031930-2,PR2026-3
SO031931-1,PR2026-3
SO031931-5,PR2026-3
SO031932-1,PR2026-3
SO031932-2,PR2026-3
SO031933-1,PR2026-3
SO031933-2,PR2026-3
SO031933-3,PR2026-3
SO031933-4,PR2026-3
SO031934-1,PR2026-3
SO031934-4,PR2026-3
SO031934-5,PR2026-3
SO031935-1,PR2026-3
SO031936-1,PR2026-3
SO031938-3,PR2026-3
SO031939-2,PR2026-3
SO031940-1,PR2026-3
SO031941-1,PR2026-3
SO031942-1,PR2026-3
SO031944-1,PR2026-3
SO031944-2,PR2026-3
SO031945-1,PR2026-3
SO031947-1,PR2026-3
SO031947-2,PR2026-3
SO031947-4,PR2026-3
SO031948-1,PR2026-3
SO031948-2,PR2026-3
SO031949-1,PR2026-3
SO031949-2,PR2026-3
SO031950-1,PR2026-3
SO031951-4,PR2026-3
SO031952-2,PR2026-3
SO031953-1,PR2026-3
SO031960-1,PR2026-3
SO031962-2,PR2026-3
SO031964-1,PR2026-3
SO031964-2,PR2026-3
SO031965-3,PR2026-3
SO031966-3,PR2026-3
SO031969-1,PR2026-3
SO031971-1,PR2026-3
SO031972-1,PR2026-3
SO031973-1,PR2026-3
SO031974-1,PR2026-3
SO031975-1,PR2026-3
SO031978-1,PR2026-3
SO031979-1,PR2026-3
SO031980-1,PR2026-3
SO031981-2,PR2026-3
SO031982-1,PR2026-3
SO031982-3,PR2026-3
SO031982-4,PR2026-3
SO031983-1,PR2026-3
SO031984-1,PR2026-3
SO031986-1,PR2026-3
SO031986-2,PR2026-3
SO031986-5,PR2026-3
SO031987-1,PR2026-3
SO031987-3,PR2026-3
SO031988-1,PR2026-3
SO031988-2,PR2026-3
SO031988-3,PR2026-3
SO031989-1,PR2026-3
SO031990-1,PR2026-3
SO031991-2,PR2026-3
SO031992-1,PR2026-3
SO031993-2,PR2026-3
SO031994-1,PR2026-3
SO031997-2,PR2026-3
SO031998-2,PR2026-3
SO031998-3,PR2026-3
SO031999-1,PR2026-3
SO032000-1,PR2026-3
SO032004-1,PR2026-3
SO032004-2,PR2026-3
SO032005-1,PR2026-3
SO032006-1,PR2026-3
SO032006-3,PR2026-3
SO032007-1,PR2026-3
SO032008-2,PR2026-3
SO032010-1,PR2026-3
SO032012-1,PR2026-3
SO032013-2,PR2026-3
SO032013-3,PR2026-3
SO032013-4,PR2026-3
SO032014-1,PR2026-3
SO032014-2,PR2026-3
SO032015-1,PR2026-3
SO032015-2,PR2026-3
SO032016-1,PR2026-3
SO032016-2,PR2026-3
SO032017-2,PR2026-3
SO032018-1,PR2026-3
SO032018-2,PR2026-3
SO032018-3,PR2026-3
SO032019-2,PR2026-3
SO032020-2,PR2026-3
SO032024-1,PR2026-3
SO032024-2,PR2026-3
SO032027-1,PR2026-3
SO032027-2,PR2026-3
SO032027-3,PR2026-3
SO032028-1,PR2026-3
SO032028-2,PR2026-3
SO032029-2,PR2026-3
SO032029-3,PR2026-3
SO032030-3,PR2026-3
SO032031-3,PR2026-3
SO032031-4,PR2026-3
SO032034-1,PR2026-3
SO032035-2,PR2026-3
SO032036-1,PR2026-3
SO032036-4,PR2026-3
SO032037-3,PR2026-3
SO032040-1,PR2026-3
SO032041-2,PR2026-3
SO032042-1,PR2026-3
SO032043-1,PR2026-3
SO032044-1,PR2026-3
SO032045-1,PR2026-3
SO032045-2,PR2026-3
SO032045-3,PR2026-3
SO032046-2,PR2026-3
SO032046-4,PR2026-3
SO032048-2,PR2026-3
SO032050-1,PR2026-3
SO032051-1,PR2026-3
SO032051-2,PR2026-3
SO032053-1,PR2026-3
SO032055-2,PR2026-3
SO032056-1,PR2026-3
SO032057-1,PR2026-3
SO032059-1,PR2026-3
SO032060-1,PR2026-3
SO032060-2,PR2026-3
SO032061-2,PR2026-3
SO032062-1,PR2026-3
SO032062-2,PR2026-3
SO032062-5,PR2026-3
SO032063-1,PR2026-3
SO032064-2,PR2026-3
SO032067-2,PR2026-3
SO032067-3,PR2026-3
SO032068-2,PR2026-3
SO032068-3,PR2026-3
SO032069-1,PR2026-3
SO032070-1,PR2026-3
SO032070-2,PR2026-3
SO032071-1,PR2026-3
SO032071-2,PR2026-3
SO032072-1,PR2026-3
SO032075-3,PR2026-3
SO032076-1,PR2026-3
SO032077-3,PR2026-3
SO032079-1,PR2026-3
SO032080-2,PR2026-3
SO032080-3,PR2026-3
SO032081-1,PR2026-3
SO032082-1,PR2026-3
SO032084-1,PR2026-3
SO032085-1,PR2026-3
SO032085-2,PR2026-3
SO032085-3,PR2026-3
SO032085-4,PR2026-3
SO032086-2,PR2026-3
SO032086-3,PR2026-3
SO032086-4,PR2026-3
SO032088-1,PR2026-3
SO032089-1,PR2026-3
SO032092-2,PR2026-3
SO032092-3,PR2026-3
SO032093-1,PR2026-3
SO032093-2,PR2026-3
SO032094-2,PR2026-3
SO032095-1,PR2026-3
SO032096-2,PR2026-3
SO032097-1,PR2026-3
SO032097-2,PR2026-3
SO032099-1,PR2026-3
SO032099-2,PR2026-3
SO032100-1,PR2026-3
SO032100-2,PR2026-3
SO032101-1,PR2026-3
SO032102-1,PR2026-3
SO032103-1,PR2026-3
SO032104-1,PR2026-3
SO032104-2,PR2026-3
SO032104-4,PR2026-3
SO032107-1,PR2026-3
SO032109-1,PR2026-3
SO032110-1,PR2026-3
SO032111-1,PR2026-3
SO032112-1,PR2026-3
SO032112-3,PR2026-3
SO032112-4,PR2026-3
SO032113-2,PR2026-3
SO032114-3,PR2026-3
SO032116-1,PR2026-3
SO032116-2,PR2026-3
SO032116-3,PR2026-3
SO032117-1,PR2026-3
SO032117-4,PR2026-3
SO032117-5,PR2026-3
SO032118-1,PR2026-3
SO032120-1,PR2026-3
SO032123-1,PR2026-3
SO032124-1,PR2026-3
SO032124-5,PR2026-3
SO032125-1,PR2026-3
SO032126-1,PR2026-3
SO032128-1,PR2026-3
SO032128-2,PR2026-3
SO032129-1,PR2026-3
SO032129-2,PR2026-3
SO032131-1,PR2026-3
SO032131-2,PR2026-3
SO032134-1,PR2026-3
SO032134-3,PR2026-3
SO032136-1,PR2026-3
SO032138-1,PR2026-3
SO032139-1,PR2026-3
SO032140-1,PR2026-3
SO032142-2,PR2026-3
SO032145-1,PR2026-3
SO032146-1,PR2026-3
SO032146-2,PR2026-3
SO032147-2,PR2026-3
SO032148-2,PR2026-3
SO032148-3,PR2026-3
SO032149-1,PR2026-3
SO032149-3,PR2026-3
SO032150-3,PR2026-3
SO032151-1,PR2026-3
SO032151-2,PR2026-3
SO032153-2,PR2026-3
SO032154-1,PR2026-3
SO032155-1,PR2026-3
SO032155-4,PR2026-3
SO032158-1,PR2026-3
SO032159-1,PR2026-3
SO032159-2,PR2026-3
SO032161-1,PR2026-3
SO032161-2,PR2026-3
SO032163-1,PR2026-3
SO032163-2,PR2026-3
SO032166-2,PR2026-3
SO032167-1,PR2026-3
SO032168-1,PR2026-3
SO032168-2,PR2026-3
SO032169-1,PR2026-3
SO032169-2,PR2026-3
SO032169-3,PR2026-3
SO032169-5,PR2026-3
SO032174-1,PR2026-3
SO032174-2,PR2026-3
SO032177-3,PR2026-3
SO032180-1,PR2026-3
SO032180-2,PR2026-3
SO032181-1,PR2026-3
SO032183-1,PR2026-3
SO032184-1,PR2026-3
SO032186-1,PR2026-3
SO032187-1,PR2026-3
SO032187-2,PR2026-3
SO032187-3,PR2026-3
SO032188-1,PR2026-3
SO032189-1,PR2026-3
SO032190-1,PR2026-3
SO032190-3,PR2026-3
SO032190-4,PR2026-3
SO032191-1,PR2026-3
SO032191-2,PR2026-3
SO032193-1,PR2026-3
SO032194-1,PR2026-3
SO032194-2,PR2026-3
SO032195-1,PR2026-3
SO032196-1,PR2026-3
SO032197-3,PR2026-3
SO032198-1,PR2026-3
SO032198-2,PR2026-3
SO032198-3,PR2026-3
SO032201-1,PR2026-3
SO032202-2,PR2026-3
SO032203-1,PR2026-3
SO032203-2,PR2026-3
SO032204-1,PR2026-3
SO032206-1,PR2026-3
SO032207-1,PR2026-3
SO032209-2,PR2026-3
SO032210-1,PR2026-3
SO032210-2,PR2026-3
SO032212-1,PR2026-3
SO032214-2,PR2026-3
SO032215-1,PR2026-3
SO032217-1,PR2026-3
SO032217-3,PR2026-3
SO032217-4,PR2026-3
SO032219-1,PR2026-3
SO032219-2,PR2026-3
SO032219-3,PR2026-3
SO032221-1,PR2026-3
SO032222-1,PR2026-3
SO032223-1,PR2026-3
SO032224-1,PR2026-3
SO032227-4,PR2026-3
SO032229-1,PR2026-3
SO032230-2,PR2026-3
SO032231-1,PR2026-3
SO032232-2,PR2026-3
SO032233-1,PR2026-3
SO032233-2,PR2026-3
SO032236-1,PR2026-3
SO032237-2,PR2026-3
SO032241-1,PR2026-3
SO032242-1,PR2026-3
SO032243-1,PR2026-3
SO032244-1,PR2026-3
SO032245-1,PR2026-3
SO032245-2,PR2026-3
SO032248-1,PR2026-3
SO032251-2,PR2026-3
SO032252-1,PR2026-3
SO032252-2,PR2026-3
SO032253-2,PR2026-3
SO032253-3,PR2026-3
SO032253-5,PR2026-3
SO032256-1,PR2026-3
SO032258-1,PR2026-3
SO032262-1,PR2026-3
SO032263-1,PR2026-3
SO032264-1,PR2026-3
SO032264-2,PR2026-3
SO032264-3,PR2026-3
SO032266-1,PR2026-3
SO032266-2,PR2026-3
SO032268-1,PR2026-3
SO032269-1,PR2026-3
SO032270-1,PR2026-3
SO032272-1,PR2026-3
SO032272-3,PR2026-3
SO032273-1,PR2026-3
SO032274-2,PR2026-3
SO032275-1,PR2026-3
SO032277-1,PR2026-3
SO032278-1,PR2026-3
SO032278-2,PR2026-3
SO032278-3,PR2026-3
SO032279-2,PR2026-3
SO032281-3,PR2026-3
SO032283-1,PR2026-3
SO032283-3,PR2026-3
SO032284-1,PR2026-3
SO032287-1,PR2026-3
SO032287-2,PR2026-3
SO032288-1,PR2026-3
SO032289-1,PR2026-3
SO032290-1,PR2026-3
SO032291-3,PR2026-3
SO032292-2,PR2026-3
SO032292-3,PR2026-3
SO032293-1,PR2026-3
SO032293-3,PR2026-3
SO032295-1,PR2026-3
SO032295-2,PR2026-3
SO032296-1,PR2026-3
SO032298-1,PR2026-3
SO032299-2,PR2026-3
SO032299-3,PR2026-3
SO032302-1,PR2026-3
SO032303-1,PR2026-3
SO032307-2,PR2026-3
SO032307-3,PR2026-3
SO032308-1,PR2026-3
SO032310-1,PR2026-3
SO032311-2,PR2026-3
SO032311-3,PR2026-3
SO032311-4,PR2026-3
SO032312-1,PR2026-3
SO032314-1,PR2026-3
SO032316-2,PR2026-3
SO032317-2,PR2026-3
SO032318-1,PR2026-3
SO032319-1,PR2026-3
SO032320-1,PR2026-3
SO032321-2,PR2026-3
SO032321-3,PR2026-3
SO032322-1,PR2026-3
SO032322-3,PR2026-3
SO032323-1,PR2026-3
SO032326-1,PR2026-3
SO032326-2,PR2026-3
SO032327-1,PR2026-3
SO032328-1,PR2026-3
SO032329-1,PR2026-3
SO032330-1,PR2026-3
SO032331-1,PR2026-3
SO032331-2,PR2026-3
SO032331-3,PR2026-3
SO032332-1,PR2026-3
SO032333-1,PR2026-3
SO032334-1,PR2026-3
SO032334-2,PR2026-3
SO032334-3,PR2026-3
SO032335-1,PR2026-3
SO032336-4,PR2026-3
SO032336-5,PR2026-3
SO032338-1,PR2026-3
SO032339-1,PR2026-3
SO032340-2,PR2026-3
SO032342-1,PR2026-3
SO032344-1,PR2026-3
SO032346-1,PR2026-3
SO032351-1,PR2026-3
SO032351-2,PR2026-3
SO032352-2,PR2026-3
SO032355-1,PR2026-3
SO032357-1,PR2026-3
SO032358-2,PR2026-3
SO032360-1,PR2026-3
SO032363-1,PR2026-3
SO032364-1,PR2026-3
SO032364-2,PR2026-3
SO032366-2,PR2026-3
SO032368-1,PR2026-3
SO032368-2,PR2026-3
SO032370-1,PR2026-3
SO032373-1,PR2026-3
SO032375-1,PR2026-3
SO032376-1,PR2026-3
SO032378-1,PR2026-3
SO032381-2,PR2026-3
SO032383-2,PR2026-3
SO032385-1,PR2026-3
SO032387-1,PR2026-3
SO032389-1,PR2026-3
SO032390-1,PR2026-3
SO032390-2,PR2026-3
SO032391-1,PR2026-3
SO032391-2,PR2026-3
SO032393-1,PR2026-3
SO032394-1,PR2026-3
SO032395-1,PR2026-3
SO032397-2,PR2026-3
SO032397-3,PR2026-3
SO032398-1,PR2026-3
SO032399-2,PR2026-3
SO032399-3,PR2026-3
SO032400-1,PR2026-3
SO032401-1,PR2026-3
SO032401-2,PR2026-3
SO032402-1,PR2026-3
SO032402-2,PR2026-3
SO032402-3,PR2026-3
SO032402-4,PR2026-3
SO032404-2,PR2026-3
SO032405-1,PR2026-3
SO032406-2,PR2026-3
SO032408-2,PR2026-3
SO032408-3,PR2026-3
SO032409-1,PR2026-3
SO032411-1,PR2026-3
SO032412-2,PR2026-3
SO032417-2,PR2026-3
SO032417-3,PR2026-3
SO032418-1,PR2026-3
SO032418-2,PR2026-3
SO032421-1,PR2026-3
SO032422-1,PR2026-3
SO032423-2,PR2026-3
SO032423-4,PR2026-3
SO032423-5,PR2026-3
SO032424-1,PR2026-3
SO032424-2,PR2026-3
SO032424-3,PR2026-3
SO032425-2,PR2026-3
SO032425-4,PR2026-3
SO032426-2,PR2026-3
SO032426-3,PR2026-3
SO032427-1,PR2026-3
SO032428-1,PR2026-3
SO032429-1,PR2026-3
SO032430-2,PR2026-3
SO032431-1,PR2026-3
SO032432-1,PR2026-3
SO032433-1,PR2026-3
SO032433-2,PR2026-3
SO032433-3,PR2026-3
SO032435-1,PR2026-3
SO032436-2,PR2026-3
SO032437-1,PR2026-3
SO032438-4,PR2026-3
SO032438-5,PR2026-3
SO032440-2,PR2026-3
SO032441-1,PR2026-3
SO032441-2,PR2026-3
SO032444-2,PR2026-3
SO032445-1,PR2026-3
SO032445-2,PR2026-3
SO032446-1,PR2026-3
SO032449-1,PR2026-3
SO032451-1,PR2026-3
SO032454-1,PR2026-3
SO032455-1,PR2026-3
SO032456-1,PR2026-3
SO032457-2,PR2026-3
SO032458-1,PR2026-3
SO032459-1,PR2026-3
SO032460-3,PR2026-3
SO032461-3,PR2026-3
SO032462-1,PR2026-3
SO032463-1,PR2026-3
SO032463-2,PR2026-3
SO032463-3,PR2026-3
SO032463-4,PR2026-3
SO032464-2,PR2026-3
SO032466-1,PR2026-3
SO032467-1,PR2026-3
SO032469-1,PR2026-3
SO032470-1,PR2026-3
SO032471-1,PR2026-3
SO032471-2,PR2026-3
SO032472-1,PR2026-3
SO032472-2,PR2026-3
SO032474-1,PR2026-3
SO032474-2,PR2026-3
SO032474-3,PR2026-3
SO032475-1,PR2026-3
SO032476-1,PR2026-3
SO032477-4,PR2026-3
SO032478-1,PR2026-3
SO032478-2,PR2026-3
SO032479-2,PR2026-3
SO032479-4,PR2026-3
SO032480-4,PR2026-3
SO032481-1,PR2026-3
SO032482-3,PR2026-3
SO032483-1,PR2026-3
SO032483-2,PR2026-3
SO032484-4,PR2026-3
SO032485-1,PR2026-3
SO032488-1,PR2026-3
SO032489-1,PR2026-3
SO032490-1,PR2026-3
SO032490-2,PR2026-3
SO032492-1,PR2026-3
SO032493-1,PR2026-3
SO032493-2,PR2026-3
SO032494-2,PR2026-3
SO032495-2,PR2026-3
SO032498-1,PR2026-3
SO032499-1,PR2026-3
SO032499-2,PR2026-3
SO032500-2,PR2026-3
SO032500-3,PR2026-3
SO032503-2,PR2026-3
SO032503-3,PR2026-3
SO032504-1,PR2026-3
SO032506-1,PR2026-3
SO032506-2,PR2026-3
SO032507-1,PR2026-3
SO032508-1,PR2026-3
SO032509-1,PR2026-3
SO032512-2,PR2026-3
SO032513-1,PR2026-3
SO032514-1,PR2026-3
SO032515-2,PR2026-3
SO032517-1,PR2026-3
SO032517-2,PR2026-3
SO032517-4,PR2026-3
SO032518-1,PR2026-3
SO032520-1,PR2026-3
SO032521-2,PR2026-3
SO032522-1,PR2026-3
SO032523-3,PR2026-3
SO032524-2,PR2026-3
SO032525-1,PR2026-3
SO032526-2,PR2026-3
SO032526-3,PR2026-3
SO032527-1,PR2026-3
SO032527-2,PR2026-3
SO032527-3,PR2026-3
SO032528-1,PR2026-3
SO032529-1,PR2026-3
SO032531-1,PR2026-3
SO032531-2,PR2026-3
SO032531-3,PR2026-3
SO032532-2,PR2026-3
SO032533-1,PR2026-3
SO032534-1,PR2026-3
SO032535-1,PR2026-3
SO032536-1,PR2026-3
SO032536-2,PR2026-3
SO032537-1,PR2026-3
SO032537-3,PR2026-3
SO032538-1,PR2026-3
SO032539-1,PR2026-3
SO032539-2,PR2026-3
SO032540-1,PR2026-3
SO032540-2,PR2026-3
SO032541-1,PR2026-3
SO032544-1,PR2026-3
SO032547-1,PR2026-3
SO032550-1,PR2026-3
SO032551-2,PR2026-3
SO032553-2,PR2026-3
SO032553-3,PR2026-3
SO032555-1,PR2026-3
SO032556-2,PR2026-3
SO032556-3,PR2026-3
SO032559-1,PR2026-3
SO032559-2,PR2026-3
SO032559-3,PR2026-3
SO032560-1,PR2026-3
SO032561-1,PR2026-3
SO032563-1,PR2026-3
SO032564-1,PR2026-3
SO032566-2,PR2026-3
SO032567-1,PR2026-3
SO032567-2,PR2026-3
SO032568-1,PR2026-3
SO032569-1,PR2026-3
SO032570-1,PR2026-3
SO032571-3,PR2026-3
SO032572-1,PR2026-3
SO032572-3,PR2026-3
SO032574-2,PR2026-3
SO032575-1,PR2026-3
SO032578-1,PR2026-3
SO032578-2,PR2026-3
SO032578-3,PR2026-3
SO032579-1,PR2026-3
SO032580-1,PR2026-3
SO032580-3,PR2026-3
SO032581-1,PR2026-3
SO032581-2,PR2026-3
SO032582-1,PR2026-3
SO032584-1,PR2026-3
SO032586-1,PR2026-3
SO032588-1,PR2026-3
SO032589-1,PR2026-3
SO032589-3,PR2026-3
SO032590-1,PR2026-3
SO032592-2,PR2026-3
SO032593-5,PR2026-3
SO032594-1,PR2026-3
SO032594-2,PR2026-3
SO032595-2,PR2026-3
SO032596-5,PR2026-3
SO032597-3,PR2026-3
SO032598-1,PR2026-3
SO032599-2,PR2026-3
SO032601-1,PR2026-3
SO032601-2,PR2026-3
SO032602-2,PR2026-3
SO032603-2,PR2026-3
SO032605-1,PR2026-3
SO032606-1,PR2026-3
SO032607-5,PR2026-3
SO032608-1,PR2026-3
SO032608-2,PR2026-3
SO032608-3,PR2026-3
SO032608-4,PR2026-3
SO032609-1,PR2026-3
SO032610-1,PR2026-3
SO032611-2,PR2026-3
SO032611-5,PR2026-3
SO032612-1,PR2026-3
SO032612-2,PR2026-3
SO032612-3,PR2026-3
SO032613-1,PR2026-3
SO032613-2,PR2026-3
SO032613-3,PR2026-3
SO032613-4,PR2026-3
SO032614-1,PR2026-3
SO032615-1,PR2026-3
SO032615-2,PR2026-3
SO032615-3,PR2026-3
SO032615-4,PR2026-3
SO032617-1,PR2026-3
SO032618-1,PR2026-3
SO032620-2,PR2026-3
SO032621-1,PR2026-3
SO032622-1,PR2026-3
SO032623-1,PR2026-3
SO032625-1,PR2026-3
SO032626-1,PR2026-3
SO032628-3,PR2026-3
SO032629-1,PR2026-3
SO032630-1,PR2026-3
SO032632-1,PR2026-3
SO032633-1,PR2026-3
SO032635-1,PR2026-3
SO032636-1,PR2026-3
SO032637-2,PR2026-3
SO032637-3,PR2026-3
SO032637-4,PR2026-3
SO032642-1,PR2026-3
SO032643-1,PR2026-3
SO032645-2,PR2026-3
SO032646-1,PR2026-3
SO032646-2,PR2026-3
SO032647-2,PR2026-3
SO032647-3,PR2026-3
SO032650-1,PR2026-3
SO032652-1,PR2026-3
SO032653-3,PR2026-3
SO032655-1,PR2026-3
SO032656-1,PR2026-3
SO032657-2,PR2026-3
SO032658-1,PR2026-3
SO032659-1,PR2026-3
SO032659-2,PR2026-3
SO032659-4,PR2026-3
SO032660-1,PR2026-3
SO032661-1,PR2026-3
SO032661-2,PR2026-3
SO032662-2,PR2026-3
SO032663-1,PR2026-3
SO032663-3,PR2026-3
SO032664-1,PR2026-3
SO032665-3,PR2026-3
SO032667-1,PR2026-3
SO032667-3,PR2026-3
SO032668-1,PR2026-3
SO032668-2,PR2026-3
SO032668-3,PR2026-3
SO032669-1,PR2026-3
SO032670-2,PR2026-3
SO032671-2,PR2026-3
SO032673-4,PR2026-3
SO032673-5,PR2026-3
SO032674-2,PR2026-3
SO032675-1,PR2026-3
SO032676-2,PR2026-3
SO032676-3,PR2026-3
SO032679-1,PR2026-3
SO032681-1,PR2026-3
SO032681-2,PR2026-3
SO032682-1,PR2026-3
SO032682-3,PR2026-3
SO032683-1,PR2026-3
SO032683-2,PR2026-3
SO032683-3,PR2026-3
SO032684-1,PR2026-3
SO032685-1,PR2026-3
SO032686-1,PR2026-3
SO032687-1,PR2026-3
SO032688-1,PR2026-3
SO032688-2,PR2026-3
SO032689-1,PR2026-3
SO032690-1,PR2026-3
SO032695-3,PR2026-3
SO032695-4,PR2026-3
SO032695-5,PR2026-3
SO032696-1,PR2026-3
SO032696-2,PR2026-3
SO032697-3,PR2026-3
SO032701-2,PR2026-3
SO032703-1,PR2026-3
SO032705-1,PR2026-3
SO032705-2,PR2026-3
SO032707-1,PR2026-3
SO032710-1,PR2026-3
SO032710-3,PR2026-3
SO032711-1,PR2026-3
SO032711-2,PR2026-3
SO032712-4,PR2026-3
SO032713-2,PR2026-3
SO032714-2,PR2026-3
SO032719-1,PR2026-3
SO032720-1,PR2026-3
SO032720-2,PR2026-3
SO032721-3,PR2026-3
SO032721-4,PR2026-3
SO032721-5,PR2026-3
SO032722-3,PR2026-3
SO032722-4,PR2026-3
SO032723-2,PR2026-3
SO032724-1,PR2026-3
SO032724-2,PR2026-3
SO032726-2,PR2026-3
SO032726-3,PR2026-3
SO032729-1,PR2026-3
SO032729-2,PR2026-3
SO032731-1,PR2026-3
SO032732-1,PR2026-3
SO032732-2,PR2026-3
SO032732-3,PR2026-3
SO032732-5,PR2026-3
SO032733-2,PR2026-3
SO032735-2,PR2026-3
SO032735-3,PR2026-3
SO032737-1,PR2026-3
SO032738-1,PR2026-3
SO032740-1,PR2026-3
SO032740-3,PR2026-3
SO032742-1,PR2026-3
SO032745-1,PR2026-3
SO032745-3,PR2026-3
SO032746-2,PR2026-3
SO032746-3,PR2026-3
SO032747-1,PR2026-3
SO032747-2,PR2026-3
SO032748-1,PR2026-3
SO032748-2,PR2026-3
SO032748-3,PR2026-3
SO032751-1,PR2026-3
SO032751-2,PR2026-3
SO032751-3,PR2026-3
SO032751-4,PR2026-3
SO032751-5,PR2026-3
SO032752-2,PR2026-3
SO032755-2,PR2026-3
SO032755-3,PR2026-3
SO032756-2,PR2026-3
SO032756-4,PR2026-3
SO032758-1,PR2026-3
SO032759-2,PR2026-3
SO032760-1,PR2026-3
SO032761-1,PR2026-3
SO032762-1,PR2026-3
SO032763-1,PR2026-3
SO032764-1,PR2026-3
SO032766-2,PR2026-3
SO032766-3,PR2026-3
SO032767-1,PR2026-3
SO032767-2,PR2026-3
SO032767-4,PR2026-3
SO032770-2,PR2026-3
SO032771-1,PR2026-3
SO032771-2,PR2026-3
SO032772-1,PR2026-3
SO032773-1,PR2026-3
SO032774-3,PR2026-3
SO032774-4,PR2026-3
SO032775-2,PR2026-3
SO032776-1,PR2026-3
SO032778-1,PR2026-3
SO032779-1,PR2026-3
SO032779-2,PR2026-3
SO032779-4,PR2026-3
SO032782-1,PR2026-3
SO032782-3,PR2026-3
SO032785-1,PR2026-3
SO032789-1,PR2026-3
SO032789-2,PR2026-3
SO032791-1,PR2026-3
SO032791-2,PR2026-3
SO032792-1,PR2026-3
SO032792-2,PR2026-3
SO032793-1,PR2026-3
SO032795-1,PR2026-3
SO032796-2,PR2026-3
SO032797-4,PR2026-3
SO032798-1,PR2026-3
SO032799-1,PR2026-3
SO032799-3,PR2026-3
SO032800-2,PR2026-3
SO032801-2,PR2026-3
SO032802-1,PR2026-3
SO032805-2,PR2026-3
SO032806-1,PR2026-3
SO032807-1,PR2026-3
SO032808-2,PR2026-3
SO032809-1,PR2026-3
SO032811-1,PR2026-3
SO032812-1,PR2026-3
SO032813-1,PR2026-3
SO032813-2,PR2026-3
SO032814-1,PR2026-3
SO032815-1,PR2026-3
SO032816-3,PR2026-3
SO032818-2,PR2026-3
SO032818-3,PR2026-3
SO032820-1,PR2026-3
SO032821-1,PR2026-3
SO032823-1,PR2026-3
SO032823-2,PR2026-3
SO032823-4,PR2026-3
SO032824-1,PR2026-3
SO032825-2,PR2026-3
SO032826-1,PR2026-3
SO032826-2,PR2026-3
SO032826-4,PR2026-3
SO032826-5,PR2026-3
SO032828-1,PR2026-3
SO032829-1,PR2026-3
SO032829-2,PR2026-3
SO032829-3,PR2026-3
SO032830-1,PR2026-3
SO032831-1,PR2026-3
SO032833-1,PR2026-3
SO032834-2,PR2026-3
SO032834-3,PR2026-3
SO032835-2,PR2026-3
SO032837-1,PR2026-3
SO032838-1,PR2026-3
SO032840-3,PR2026-3
SO032841-2,PR2026-3
SO032841-3,PR2026-3
SO032841-4,PR2026-3
SO032842-2,PR2026-3
SO032844-1,PR2026-3
SO032844-2,PR2026-3
SO032845-1,PR2026-3
SO032850-1,PR2026-3
SO032852-1,PR2026-3
SO032852-2,PR2026-3
SO032854-1,PR2026-3
SO032855-2,PR2026-3
SO032855-4,PR2026-3
SO032862-2,PR2026-3
SO032864-2,PR2026-3
SO032864-3,PR2026-3
SO032864-4,PR2026-3
SO032866-1,PR2026-3
SO032866-2,PR2026-3
SO032868-1,PR2026-3
SO032868-5,PR2026-3
SO032869-1,PR2026-3
SO032869-2,PR2026-3
SO032873-1,PR2026-3
SO032874-2,PR2026-3
SO032875-2,PR2026-3
SO032875-4,PR2026-3
SO032876-2,PR2026-3
SO032876-3,PR2026-3
SO032877-1,PR2026-3
SO032879-1,PR2026-3
SO032879-3,PR2026-3
SO032881-1,PR2026-3
SO032882-1,PR2026-3
SO032883-1,PR2026-3
SO032884-1,PR2026-3
SO032884-2,PR2026-3
SO032885-1,PR2026-3
SO032886-1,PR2026-3
SO032887-1,PR2026-3
SO032887-3,PR2026-3
SO032888-1,PR2026-3
SO032888-2,PR2026-3
SO032889-3,PR2026-3
SO032890-1,PR2026-3
SO032892-2,PR2026-3
SO032892-3,PR2026-3
SO032892-4,PR2026-3
SO032897-1,PR2026-3
SO032898-1,PR2026-3
SO032899-2,PR2026-3
SO032900-2,PR2026-3
SO032901-2,PR2026-3
SO032902-1,PR2026-3
SO032902-2,PR2026-3
SO032902-4,PR2026-3
SO032903-3,PR2026-3
SO032904-1,PR2026-3
SO032904-2,PR2026-3
SO032905-2,PR2026-3
SO032906-1,PR2026-3
SO032906-2,PR2026-3
SO032908-1,PR2026-3
SO032909-1,PR2026-3
SO032910-1,PR2026-3
SO032913-2,PR2026-3
SO032914-1,PR2026-3
SO032914-2,PR2026-3
SO032916-1,PR2026-3
SO032917-2,PR2026-3
SO032920-1,PR2026-3
SO032922-1,PR2026-3
SO032924-1,PR2026-3
SO032925-1,PR2026-3
SO032927-1,PR2026-3
SO032927-2,PR2026-3
SO032928-1,PR2026-3
SO032928-2,PR2026-3
SO032929-1,PR2026-3
SO032929-2,PR2026-3
SO032930-2,PR2026-3
SO032931-1,PR2026-3
SO032932-1,PR2026-3
SO032933-1,PR2026-3
SO032934-1,PR2026-3
SO032935-1,PR2026-3
SO032936-1,PR2026-3
SO032937-2,PR2026-3
SO032938-1,PR2026-3
SO032939-2,PR2026-3
SO032940-1,PR2026-3
SO032940-3,PR2026-3
SO032941-2,PR2026-3
SO032942-2,PR2026-3
SO032942-4,PR2026-3
SO032944-2,PR2026-3
SO032945-1,PR2026-3
SO032946-2,PR2026-3
SO032947-1,PR2026-3
SO032948-1,PR2026-3
SO032948-2,PR2026-3
SO032948-3,PR2026-3
SO032949-1,PR2026-3
SO032950-2,PR2026-3
SO032950-4,PR2026-3
SO032954-3,PR2026-3
SO032954-4,PR2026-3
SO032957-1,PR2026-3
SO032960-1,PR2026-3
SO032960-2,PR2026-3
SO032961-1,PR2026-3
SO032962-1,PR2026-3
SO032962-2,PR2026-3
SO032963-1,PR2026-3
SO032964-1,PR2026-3
SO032965-1,PR2026-3
SO032965-2,PR2026-3
SO032966-1,PR2026-3
SO032967-3,PR2026-3
SO032967-4,PR2026-3
SO032968-1,PR2026-3
SO032969-2,PR2026-3
SO032972-1,PR2026-3
SO032974-1,PR2026-3
SO032976-2,PR2026-3
SO032977-1,PR2026-3
SO032978-1,PR2026-3
SO032978-3,PR2026-3
SO032979-1,PR2026-3
SO032981-2,PR2026-3
SO032983-1,PR2026-3
SO032983-2,PR2026-3
SO032983-3,PR2026-3
SO032984-2,PR2026-3
SO032984-4,PR2026-3
SO032984-5,PR2026-3
SO032985-1,PR2026-3
SO032986-1,PR2026-3
SO032987-1,PR2026-3
SO032988-2,PR2026-3
SO032989-1,PR2026-3
SO032990-1,PR2026-3
SO032990-2,PR2026-3
SO032992-2,PR2026-3
SO032993-1,PR2026-3
SO032993-4,PR2026-3
SO032993-5,PR2026-3
SO032994-2,PR2026-3
SO032995-1,PR2026-3
SO032996-2,PR2026-3
SO032998-1,PR2026-3
SO032999-1,PR2026-3
SO032999-2,PR2026-3
SO032999-3,PR2026-3
SO033000-1,PR2026-3
SO033000-2,PR2026-3
SO033002-1,PR2026-3
SO033003-1,PR2026-3
SO033003-2,PR2026-3
SO033004-1,PR2026-3
SO033004-3,PR2026-3
SO033005-1,PR2026-3
SO033006-1,PR2026-3
SO033009-2,PR2026-3
SO033010-1,PR2026-3
SO033011-1,PR2026-3
SO033013-1,PR2026-3
SO033014-1,PR2026-3
SO033015-1,PR2026-3
SO033016-2,PR2026-3
SO033017-1,PR2026-3
SO033017-2,PR2026-3
SO033019-1,PR2026-3
SO033020-1,PR2026-3
SO033023-1,PR2026-3
SO033024-1,PR2026-3
SO033024-3,PR2026-3
SO033025-1,PR2026-3
SO033025-2,PR2026-3
SO033026-1,PR2026-3
SO033027-1,PR2026-3
SO033028-2,PR2026-3
SO033028-3,PR2026-3
SO033029-1,PR2026-3
SO033029-2,PR2026-3
SO033029-3,PR2026-3
SO033030-1,PR2026-3
SO033031-1,PR2026-3
SO033032-2,PR2026-3
SO033034-1,PR2026-3
SO033035-1,PR2026-3
SO033035-3,PR2026-3
SO033038-1,PR2026-3
SO033040-1,PR2026-3
SO033040-4,PR2026-3
SO033041-1,PR2026-3
SO033041-2,PR2026-3
SO033042-1,PR2026-3
SO033042-2,PR2026-3
SO033042-5,PR2026-3
SO033047-1,PR2026-3
SO033049-1,PR2026-3
SO033050-2,PR2026-3
SO033050-3,PR2026-3
SO033051-1,PR2026-3
SO033051-3,PR2026-3
SO033052-1,PR2026-3
SO033054-1,PR2026-3
SO033054-2,PR2026-3
SO033055-1,PR2026-3
SO033056-1,PR2026-3
SO033057-1,PR2026-3
SO033057-2,PR2026-3
SO033058-1,PR2026-3
SO033059-1,PR2026-3
SO033060-1,PR2026-3
SO033061-1,PR2026-3
SO033062-1,PR2026-3
SO033062-2,PR2026-3
SO033062-3,PR2026-3
SO033062-4,PR2026-3
SO033063-1,PR2026-3
SO033063-3,PR2026-3
SO033064-1,PR2026-3
SO033065-2,PR2026-3
SO033065-3,PR2026-3
SO033066-1,PR2026-3
SO033066-4,PR2026-3
SO033066-5,PR2026-3
SO033067-1,PR2026-3
SO033067-4,PR2026-3
SO033067-5,PR2026-3
SO033068-1,PR2026-3
SO033069-1,PR2026-3
SO033070-1,PR2026-3
SO033071-2,PR2026-3
SO033072-1,PR2026-3
SO033073-2,PR2026-3
SO033075-1,PR2026-3
SO033076-3,PR2026-3
SO033077-1,PR2026-3
SO033078-2,PR2026-3
SO033078-3,PR2026-3
SO033079-1,PR2026-3
SO033079-2,PR2026-3
SO033081-1,PR2026-3
SO033081-3,PR2026-3
SO033082-2,PR2026-3
SO033084-1,PR2026-3
SO033084-2,PR2026-3
SO033085-1,PR2026-3
SO033085-2,PR2026-3
SO033086-2,PR2026-3
SO033088-1,PR2026-3
SO033089-1,PR2026-3
SO033090-3,PR2026-3
SO033091-1,PR2026-3
SO033093-2,PR2026-3
SO033093-3,PR2026-3
SO033094-2,PR2026-3
SO033095-1,PR2026-3
SO033095-2,PR2026-3
SO033100-1,PR2026-3
SO033100-2,PR2026-3
SO033100-5,PR2026-3
SO033102-1,PR2026-3
SO033102-3,PR2026-3
SO033102-5,PR2026-3
SO033103-3,PR2026-3
SO033103-4,PR2026-3
SO033104-1,PR2026-3
SO033105-3,PR2026-3
SO033107-2,PR2026-3
SO033107-3,PR2026-3
SO033109-1,PR2026-3
SO033109-3,PR2026-3
SO033110-2,PR2026-3
SO033112-1,PR2026-3
SO033113-1,PR2026-3
SO033115-1,PR2026-3
SO033115-2,PR2026-3
SO033116-2,PR2026-3
SO033116-3,PR2026-3
SO033116-5,PR2026-3
SO033117-1,PR2026-3
SO033120-1,PR2026-3
SO033121-2,PR2026-3
SO033122-1,PR2026-3
SO033126-1,PR2026-3
SO033126-3,PR2026-3
SO033127-1,PR2026-3
SO033128-2,PR2026-3
SO033129-1,PR2026-3
SO033131-1,PR2026-3
SO033131-2,PR2026-3
SO033131-3,PR2026-3
SO033132-1,PR2026-3
SO033132-3,PR2026-3
SO033132-4,PR2026-3
SO033133-2,PR2026-3
SO033134-2,PR2026-3
SO033135-2,PR2026-3
SO033135-3,PR2026-3
SO033135-4,PR2026-3
SO033138-2,PR2026-3
SO033139-1,PR2026-3
SO033139-2,PR2026-3
SO033139-5,PR2026-3
SO033140-1,PR2026-3
SO033141-1,PR2026-3
SO033141-2,PR2026-3
SO033145-1,PR2026-3
SO033148-1,PR2026-3
SO033148-2,PR2026-3
SO033149-1,PR2026-3
SO033153-1,PR2026-3
SO033153-2,PR2026-3
SO033155-1,PR2026-3
SO033156-1,PR2026-3
SO033157-1,PR2026-3
SO033158-1,PR2026-3
SO033158-2,PR2026-3
SO033159-2,PR2026-3
SO033159-3,PR2026-3
SO033160-1,PR2026-3
SO033160-2,PR2026-3
SO033161-1,PR2026-3
SO033162-1,PR2026-3
SO033163-3,PR2026-3
SO033164-1,PR2026-3
SO033166-1,PR2026-3
SO033166-2,PR2026-3
SO033167-1,PR2026-3
SO033168-2,PR2026-3
SO033168-3,PR2026-3
SO033169-1,PR2026-3
SO033171-4,PR2026-3
SO033173-2,PR2026-3
SO033174-1,PR2026-3
SO033175-1,PR2026-3
SO033175-2,PR2026-3
SO033176-1,PR2026-3
SO033177-2,PR2026-3
SO033178-1,PR2026-3
SO033179-2,PR2026-3
SO033180-1,PR2026-3
SO033180-3,PR2026-3
SO033181-1,PR2026-3
SO033182-1,PR2026-3
SO033183-1,PR2026-3
SO033186-1,PR2026-3
SO033187-2,PR2026-3
SO033188-1,PR2026-3
SO033189-1,PR2026-3
SO033190-2,PR2026-3
SO033190-3,PR2026-3
SO033190-4,PR2026-3
SO033191-1,PR2026-3
SO033192-2,PR2026-3
SO033192-3,PR2026-3
SO033193-1,PR2026-3
SO033194-2,PR2026-3
SO033195-1,PR2026-3
SO033195-3,PR2026-3
SO033196-1,PR2026-3
SO033196-2,PR2026-3
SO033196-3,PR2026-3
SO033196-4,PR2026-3
SO033197-1,PR2026-3
SO033197-2,PR2026-3
SO033198-1,PR2026-3
SO033199-1,PR2026-3
SO033199-2,PR2026-3
SO033199-3,PR2026-3
SO033200-1,PR2026-3
SO033201-1,PR2026-3
SO033203-2,PR2026-3
SO033204-2,PR2026-3
SO033205-1,PR2026-3
SO033205-3,PR2026-3
SO033206-1,PR2026-3
SO033206-2,PR2026-3
SO033209-1,PR2026-3
SO033209-2,PR2026-3
SO033209-3,PR2026-3
SO033209-4,PR2026-3
SO033213-3,PR2026-3
SO033214-1,PR2026-3
SO033214-3,PR2026-3
SO033217-1,PR2026-3
SO033218-2,PR2026-3
SO033218-3,PR2026-3
SO033219-3,PR2026-3
SO033220-1,PR2026-3
SO033222-1,PR2026-3
SO033222-3,PR2026-3
SO033222-4,PR2026-3
SO033225-1,PR2026-3
SO033226-2,PR2026-3
SO033227-1,PR2026-3
SO033228-1,PR2026-3
SO033229-2,PR2026-3
SO033230-1,PR2026-3
SO033230-2,PR2026-3
SO033230-3,PR2026-3
SO033231-2,PR2026-3
SO033234-2,PR2026-3
SO033234-4,PR2026-3
SO033237-1,PR2026-3
SO033238-1,PR2026-3
SO033239-1,PR2026-3
SO033239-3,PR2026-3
SO033242-1,PR2026-3
SO033243-1,PR2026-3
SO033245-1,PR2026-3
SO033248-1,PR2026-3
SO033248-3,PR2026-3
SO033250-1,PR2026-3
SO033251-1,PR2026-3
SO033252-2,PR2026-3
SO033252-4,PR2026-3
SO033253-1,PR2026-3
SO033253-3,PR2026-3
SO033253-4,PR2026-3
SO033254-4,PR2026-3
SO033255-3,PR2026-3
SO033256-1,PR2026-3
SO033257-1,PR2026-3
SO033258-1,PR2026-3
SO033259-1,PR2026-3
SO033260-2,PR2026-3
SO033261-1,PR2026-3
SO033261-2,PR2026-3
SO033262-1,PR2026-3
SO033262-3,PR2026-3
SO033264-1,PR2026-3
SO033265-1,PR2026-3
SO033267-1,PR2026-3
SO033268-1,PR2026-3
SO033270-1,PR2026-3
SO033271-1,PR2026-3
SO033271-2,PR2026-3
SO033277-2,PR2026-3
SO033277-3,PR2026-3
SO033279-1,PR2026-3
SO033279-2,PR2026-3
SO033280-2,PR2026-3
SO033282-1,PR2026-3
SO033283-1,PR2026-3
SO033283-2,PR2026-3
SO033283-3,PR2026-3
SO033284-1,PR2026-3
SO033286-2,PR2026-3
SO033286-3,PR2026-3
SO033287-2,PR2026-3
SO033287-3,PR2026-3
SO033289-1,PR2026-3
SO033289-2,PR2026-3
SO033290-1,PR2026-3
SO033291-1,PR2026-3
SO033291-3,PR2026-3
SO033292-1,PR2026-3
SO033293-2,PR2026-3
SO033295-1,PR2026-3
SO033297-1,PR2026-3
SO033297-3,PR2026-3
SO033298-1,PR2026-3
SO033298-2,PR2026-3
SO033298-4,PR2026-3
SO033299-2,PR2026-3
SO033301-1,PR2026-3
SO033302-4,PR2026-3
SO033303-2,PR2026-3
SO033304-1,PR2026-3
SO033304-4,PR2026-3
SO033305-2,PR2026-3
SO033306-1,PR2026-3
SO033307-1,PR2026-3
SO033310-1,PR2026-3
SO033312-1,PR2026-3
SO033312-2,PR2026-3
SO033312-3,PR2026-3
SO033314-2,PR2026-3
SO033314-3,PR2026-3
SO033315-1,PR2026-3
SO033316-1,PR2026-3
SO033317-1,PR2026-3
SO033318-1,PR2026-3
SO033320-1,PR2026-3
SO033321-1,PR2026-3
SO033322-1,PR2026-3
SO033322-2,PR2026-3
SO033322-3,PR2026-3
SO033322-4,PR2026-3
SO033322-5,PR2026-3
SO033324-3,PR2026-3
SO033326-2,PR2026-3
SO033327-1,PR2026-3
SO033328-3,PR2026-3
SO033329-2,PR2026-3
SO033331-1,PR2026-3
SO033332-1,PR2026-3
SO033332-2,PR2026-3
SO033333-2,PR2026-3
SO033333-4,PR2026-3
SO033334-1,PR2026-3
SO033335-1,PR2026-3
SO033335-2,PR2026-3
SO033337-1,PR2026-3
SO033337-2,PR2026-3
SO033338-2,PR2026-3
SO033339-2,PR2026-3
SO033341-1,PR2026-3
SO033341-3,PR2026-3
SO033343-1,PR2026-3
SO033345-1,PR2026-3
SO033347-1,PR2026-3
SO033349-2,PR2026-3
SO033354-2,PR2026-3
SO033355-1,PR2026-3
SO033358-2,PR2026-3
SO033359-1,PR2026-3
SO033359-2,PR2026-3
SO033359-3,PR2026-3
SO033360-1,PR2026-3
SO033360-2,PR2026-3
SO033361-2,PR2026-3
SO033362-1,PR2026-3
SO033363-1,PR2026-3
SO033364-3,PR2026-3
SO033364-4,PR2026-3
SO033365-1,PR2026-3
SO033366-2,PR2026-3
SO033366-3,PR2026-3
SO033367-1,PR2026-3
SO033368-1,PR2026-3
SO033369-1,PR2026-3
SO033371-2,PR2026-3
SO033372-1,PR2026-3
SO033374-1,PR2026-3
SO033375-1,PR2026-3
SO033376-1,PR2026-3
SO033377-3,PR2026-3
SO033378-1,PR2026-3
SO033379-2,PR2026-3
SO033380-1,PR2026-3
SO033381-1,PR2026-3
SO033382-1,PR2026-3
SO033382-2,PR2026-3
SO033383-1,PR2026-3
SO033384-1,PR2026-3
SO033385-2,PR2026-3
SO033385-3,PR2026-3
SO033386-2,PR2026-3
SO033387-1,PR2026-3
SO033389-1,PR2026-3
SO033389-2,PR2026-3
SO033390-2,PR2026-3
SO033390-3,PR2026-3
SO033390-4,PR2026-3
SO033392-1,PR2026-3
SO033392-3,PR2026-3
SO033392-4,PR2026-3
SO033392-5,PR2026-3
SO033393-1,PR2026-3
SO033393-2,PR2026-3
SO033393-3,PR2026-3
SO033394-1,PR2026-3
SO033398-1,PR2026-3
SO033399-1,PR2026-3
SO033400-1,PR2026-3
SO033400-2,PR2026-3
SO033404-2,PR2026-3
SO033407-1,PR2026-3
SO033407-2,PR2026-3
SO033408-1,PR2026-3
SO033408-2,PR2026-3
SO033409-1,PR2026-3
SO033410-2,PR2026-3
SO033411-1,PR2026-3
SO033412-1,PR2026-3
SO033414-1,PR2026-3
SO033415-1,PR2026-3
SO033417-2,PR2026-3
SO033418-1,PR2026-3
SO033419-2,PR2026-3
SO033419-3,PR2026-3
SO033421-2,PR2026-3
SO033422-1,PR2026-3
SO033423-1,PR2026-3
SO033424-2,PR2026-3
SO033425-1,PR2026-3
SO033425-2,PR2026-3
SO033427-1,PR2026-3
SO033428-1,PR2026-3
SO033429-1,PR2026-3
SO033430-1,PR2026-3
SO033431-1,PR2026-3
SO033431-2,PR2026-3
SO033431-3,PR2026-3
SO033433-1,PR2026-3
SO033433-2,PR2026-3
SO033434-1,PR2026-3
SO033436-3,PR2026-3
SO033436-4,PR2026-3
SO033437-1,PR2026-3
SO033437-3,PR2026-3
SO033438-1,PR2026-3
SO033440-1,PR2026-3
SO033441-2,PR2026-3
SO033442-1,PR2026-3
SO033443-2,PR2026-3
SO033443-3,PR2026-3
SO033444-4,PR2026-3
SO033446-2,PR2026-3
SO033447-2,PR2026-3
SO033447-3,PR2026-3
SO033448-1,PR2026-3
SO033449-1,PR2026-3
SO033451-1,PR2026-3
SO033452-1,PR2026-3
SO033453-1,PR2026-3
SO033453-2,PR2026-3
SO033454-2,PR2026-3
SO033454-3,PR2026-3
SO033455-1,PR2026-3
SO033456-1,PR2026-3
SO033456-2,PR2026-3
SO033457-2,PR2026-3
SO033459-1,PR2026-3
SO033462-1,PR2026-3
SO033463-1,PR2026-3
SO033463-3,PR2026-3
SO033464-2,PR2026-3
SO033466-1,PR2026-3
SO033468-4,PR2026-3
SO033469-3,PR2026-3
SO033471-3,PR2026-3
SO033472-1,PR2026-3
SO033473-1,PR2026-3
SO033474-1,PR2026-3
SO033474-3,PR2026-3
SO033475-1,PR2026-3
SO033476-1,PR2026-3
SO033477-1,PR2026-3
SO033478-1,PR2026-3
SO033480-1,PR2026-3
SO033480-3,PR2026-3
SO033481-1,PR2026-3
SO033482-1,PR2026-3
SO033483-1,PR2026-3
SO033483-2,PR2026-3
SO033483-3,PR2026-3
SO033484-1,PR2026-3
SO033485-1,PR2026-3
SO033486-1,PR2026-3
SO033487-1,PR2026-3
SO033487-2,PR2026-3
SO033488-3,PR2026-3
SO033490-1,PR2026-3
SO033490-3,PR2026-3
SO033492-2,PR2026-3
SO033493-2,PR2026-3
SO033493-3,PR2026-3
SO033499-1,PR2026-3
SO033499-3,PR2026-3
SO033499-5,PR2026-3
SO033500-2,PR2026-3
SO033501-1,PR2026-3
SO033501-2,PR2026-3
SO033501-3,PR2026-3
SO033502-1,PR2026-3
SO033502-2,PR2026-3
SO033502-4,PR2026-3
SO033502-5,PR2026-3
SO033504-2,PR2026-3
SO033504-3,PR2026-3
SO033506-2,PR2026-3
SO033506-3,PR2026-3
SO033507-1,PR2026-3
SO033507-2,PR2026-3
SO033508-1,PR2026-3
SO033508-2,PR2026-3
SO033508-4,PR2026-3
SO033509-2,PR2026-3
SO033509-3,PR2026-3
SO033510-1,PR2026-3
SO033510-4,PR2026-3
SO033511-2,PR2026-3
SO033512-1,PR2026-3
SO033513-3,PR2026-3
SO033514-3,PR2026-3
SO033514-4,PR2026-3
SO033514-5,PR2026-3
SO033515-1,PR2026-3
SO033516-1,PR2026-3
SO033517-1,PR2026-3
SO033517-2,PR2026-3
SO033517-3,PR2026-3
SO033518-1,PR2026-3
SO033519-1,PR2026-3
SO033519-2,PR2026-3
SO033521-1,PR2026-3
SO033521-4,PR2026-3
SO033522-1,PR2026-3
SO033523-1,PR2026-3
SO033524-1,PR2026-3
SO033524-2,PR2026-3
SO033525-2,PR2026-3
SO033526-1,PR2026-3
SO033526-2,PR2026-3
SO033526-3,PR2026-3
SO033528-1,PR2026-3
SO033530-2,PR2026-3
SO033531-1,PR2026-3
SO033532-1,PR2026-3
SO033532-2,PR2026-3
SO033535-1,PR2026-3
SO033537-1,PR2026-3
SO033537-5,PR2026-3
SO033540-1,PR2026-3
SO033541-1,PR2026-3
SO033541-2,PR2026-3
SO033543-1,PR2026-3
SO033545-2,PR2026-3
SO033546-2,PR2026-3
SO033546-4,PR2026-3
SO033547-2,PR2026-3
SO033548-2,PR2026-3
SO033549-2,PR2026-3
SO033553-2,PR2026-3
SO033554-2,PR2026-3
SO033555-1,PR2026-3
SO033556-1,PR2026-3
SO033556-2,PR2026-3
SO033556-4,PR2026-3
SO033558-1,PR2026-3
SO033558-2,PR2026-3
SO033558-5,PR2026-3
SO033561-2,PR2026-3
SO033563-2,PR2026-3
SO033565-1,PR2026-3
SO033565-2,PR2026-3
SO033566-1,PR2026-3
SO033567-1,PR2026-3
SO033567-2,PR2026-3
SO033568-1,PR2026-3
SO033569-2,PR2026-3
SO033570-1,PR2026-3
SO033570-2,PR2026-3
SO033570-4,PR2026-3
SO033571-3,PR2026-3
SO033571-4,PR2026-3
SO033573-1,PR2026-3
SO033573-3,PR2026-3
SO033574-1,PR2026-3
SO033575-2,PR2026-3
SO033575-3,PR2026-3
SO033576-1,PR2026-3
SO033576-4,PR2026-3
SO033577-1,PR2026-3
SO033579-1,PR2026-3
SO033581-1,PR2026-3
SO033582-1,PR2026-3
SO033583-1,PR2026-3
SO033584-1,PR2026-3
SO033584-2,PR2026-3
SO033585-3,PR2026-3
SO033586-1,PR2026-3
SO033586-2,PR2026-3
SO033586-3,PR2026-3
SO033588-1,PR2026-3
SO033589-1,PR2026-3
SO033589-2,PR2026-3
SO033592-1,PR2026-3
SO033593-3,PR2026-3
SO033594-1,PR2026-3
SO033595-2,PR2026-3
SO033595-3,PR2026-3
SO033595-4,PR2026-3
SO033596-1,PR2026-3
SO033597-1,PR2026-3
SO033597-2,PR2026-3
SO033600-1,PR2026-3
SO033601-3,PR2026-3
SO033602-1,PR2026-3
SO033603-4,PR2026-3
SO033604-1,PR2026-3
SO033604-3,PR2026-3
SO033606-1,PR2026-3
SO033606-2,PR2026-3
SO033608-3,PR2026-3
SO033609-2,PR2026-3
SO033610-1,PR2026-3
SO033612-2,PR2026-3
SO033613-2,PR2026-3
SO033613-4,PR2026-3
SO033614-1,PR2026-3
SO033614-2,PR2026-3
SO033615-1,PR2026-3
SO033616-1,PR2026-3
SO033617-1,PR2026-3
SO033617-4,PR2026-3
SO033618-1,PR2026-3
SO033619-1,PR2026-3
SO033619-3,PR2026-3
SO033619-4,PR2026-3
SO033622-1,PR2026-3
SO033622-2,PR2026-3
SO033623-1,PR2026-3
SO033624-1,PR2026-3
SO033625-2,PR2026-3
SO033625-3,PR2026-3
SO033626-1,PR2026-3
SO033626-2,PR2026-3
SO033627-2,PR2026-3
SO033627-4,PR2026-3
SO033627-5,PR2026-3
SO033628-1,PR2026-3
SO033629-1,PR2026-3
SO033632-1,PR2026-3
SO033632-3,PR2026-3
SO033634-3,PR2026-3
SO033634-4,PR2026-3
SO033635-1,PR2026-3
SO033636-1,PR2026-3
SO033636-2,PR2026-3
SO033636-3,PR2026-3
SO033636-5,PR2026-3
SO033638-1,PR2026-3
SO033638-2,PR2026-3
SO033640-1,PR2026-3
SO033641-1,PR2026-3
SO033642-3,PR2026-3
SO033644-1,PR2026-3
SO033647-1,PR2026-3
SO033647-2,PR2026-3
SO033647-3,PR2026-3
SO033648-1,PR2026-3
SO033650-1,PR2026-3
SO033651-1,PR2026-3
SO033651-3,PR2026-3
SO033651-4,PR2026-3
SO033652-1,PR2026-3
SO033652-2,PR2026-3
SO033654-1,PR2026-3
SO033654-2,PR2026-3
SO033655-1,PR2026-3
SO033657-3,PR2026-3
SO033657-4,PR2026-3
SO033657-5,PR2026-3
SO033658-1,PR2026-3
SO033660-1,PR2026-3
SO033663-1,PR2026-3
SO033663-2,PR2026-3
SO033664-2,PR2026-3
SO033665-1,PR2026-3
SO033666-1,PR2026-3
SO033668-1,PR2026-3
SO033669-1,PR2026-3
SO033669-3,PR2026-3
SO033671-1,PR2026-3
SO033674-1,PR2026-3
SO033675-1,PR2026-3
SO033676-1,PR2026-3
SO033677-1,PR2026-3
SO033678-1,PR2026-3
SO033679-1,PR2026-3
SO033679-2,PR2026-3
SO033680-1,PR2026-3
SO033681-3,PR2026-3
SO033683-2,PR2026-3
SO033685-2,PR2026-3
SO033687-1,PR2026-3
SO033688-1,PR2026-3
SO033689-1,PR2026-3
SO033691-1,PR2026-3
SO033692-2,PR2026-3
SO033693-1,PR2026-3
SO033693-2,PR2026-3
SO033695-1,PR2026-3
SO033696-1,PR2026-3
SO033696-2,PR2026-3
SO033697-2,PR2026-3
SO033699-1,PR2026-3
SO033700-2,PR2026-3
SO033701-1,PR2026-3
SO033703-1,PR2026-3
SO033704-1,PR2026-3
SO033706-1,PR2026-3
SO033706-2,PR2026-3
SO033707-1,PR2026-3
SO033707-2,PR2026-3
SO033707-3,PR2026-3
SO033710-1,PR2026-3
SO033710-2,PR2026-3
SO033711-1,PR2026-3
SO033712-1,PR2026-3
SO033714-1,PR2026-3
SO033714-2,PR2026-3
SO033715-1,PR2026-3
SO033715-2,PR2026-3
SO033716-1,PR2026-3
SO033716-2,PR2026-3
SO033720-1,PR2026-3
SO033721-1,PR2026-3
SO033721-2,PR2026-3
SO033723-1,PR2026-3
SO033724-1,PR2026-3
SO033724-2,PR2026-3
SO033726-1,PR2026-3
SO033728-2,PR2026-3
SO033728-3,PR2026-3
SO033729-1,PR2026-3
SO033730-1,PR2026-3
SO033730-2,PR2026-3
SO033731-2,PR2026-3
SO033733-1,PR2026-3
SO033734-1,PR2026-3
SO033735-1,PR2026-3
SO033736-2,PR2026-3
SO033738-1,PR2026-3
SO033740-1,PR2026-3
SO033741-1,PR2026-3
SO033744-1,PR2026-3
SO033746-1,PR2026-3
SO033747-2,PR2026-3
SO033748-1,PR2026-3
SO033748-2,PR2026-3
SO033748-3,PR2026-3
SO033750-1,PR2026-3
SO033750-2,PR2026-3
SO033752-1,PR2026-3
SO033755-1,PR2026-3
SO033756-1,PR2026-3
SO033757-1,PR2026-3
