PurchaseOrderID,SupplierID,StoreID,PurchaseOrderDate,ExpectedDeliveryDate,DeliveredDate,POStatus,POTotalCost
PO000001,SUP04,ST900,2024-10-25,2024-12-19,2025-01-06,Partially received,1432.62
PO000002,SUP04,ST001,2024-10-28,2024-12-22,2025-01-12,Received,533.54
PO000003,SUP04,ST017,2024-10-31,2024-12-25,2025-01-06,Received,676.57
PO000004,SUP06,ST004,2024-11-06,2024-12-24,2025-01-05,Received,209.62
PO000005,SUP04,ST014,2024-11-08,2025-01-02,2025-01-17,Received,541.21
PO000006,SUP04,ST900,2024-11-08,2025-01-02,2025-01-14,Partially received,1432.62
PO000007,SUP04,ST013,2024-11-10,2025-01-04,2025-01-04,Received,177.71
PO000008,SUP04,ST001,2024-11-11,2025-01-05,2025-01-20,Received,751.42
PO000009,SUP04,ST002,2024-11-12,2025-01-06,2025-01-19,Received,1528.94
PO000010,SUP04,ST015,2024-11-12,2025-01-06,2025-01-27,Received,379.67
PO000011,SUP04,ST016,2024-11-12,2025-01-06,2025-01-26,Received,134.47
PO000012,SUP04,ST005,2024-11-13,2025-01-07,2025-01-28,Received,1181.02
PO000013,SUP04,ST006,2024-11-13,2025-01-07,2025-01-07,Received,165.35
PO000014,SUP04,ST017,2024-11-14,2025-01-08,2025-01-18,Received,553.16
PO000015,SUP04,ST003,2024-11-15,2025-01-09,2025-01-18,Received,241.11
PO000016,SUP06,ST011,2024-11-15,2025-01-02,2025-01-02,Received,113.76
PO000017,SUP07,ST011,2024-11-17,2024-12-26,2025-01-04,Received,162.42
PO000018,SUP06,ST001,2024-11-18,2025-01-05,2025-01-05,Received,133.77
PO000019,SUP06,ST006,2024-11-18,2025-01-05,2025-01-05,Received,227.49
PO000020,SUP04,ST009,2024-11-18,2025-01-12,2025-01-12,Received,468.33
PO000021,SUP04,ST007,2024-11-19,2025-01-13,2025-01-13,Received,198.30
PO000022,SUP04,ST012,2024-11-19,2025-01-13,2025-01-13,Received,323.59
PO000023,SUP01,ST014,2024-11-19,2024-12-31,2025-01-08,Received,216.80
PO000024,SUP06,ST014,2024-11-19,2025-01-06,2025-01-06,Received,164.60
PO000025,SUP07,ST015,2024-11-19,2024-12-28,2025-01-05,Received,194.99
PO000026,SUP06,ST004,2024-11-20,2025-01-07,2025-01-07,Received,211.68
PO000027,SUP01,ST006,2024-11-20,2025-01-01,2025-01-08,Received,217.29
PO000028,SUP04,ST008,2024-11-20,2025-01-14,2025-01-21,Received,1067.10
PO000029,SUP04,ST010,2024-11-20,2025-01-14,2025-02-04,Received,1661.18
PO000030,SUP04,ST011,2024-11-20,2025-01-14,2025-01-14,Received,1278.17
PO000031,SUP04,ST018,2024-11-20,2025-01-14,2025-01-14,Received,835.24
PO000032,SUP06,ST900,2024-11-20,2025-01-07,2025-01-17,Received,1563.35
PO000033,SUP01,ST004,2024-11-21,2025-01-02,2025-01-02,Received,82.32
PO000034,SUP04,ST004,2024-11-21,2025-01-15,2025-01-15,Received,1057.23
PO000035,SUP06,ST018,2024-11-21,2025-01-08,2025-01-13,Received,469.98
PO000036,SUP04,ST014,2024-11-22,2025-01-16,2025-01-24,Received,387.60
PO000037,SUP01,ST015,2024-11-22,2025-01-03,2025-01-03,Received,126.05
PO000038,SUP07,ST018,2024-11-22,2024-12-31,2025-01-07,Received,158.63
PO000039,SUP04,ST900,2024-11-22,2025-01-16,2025-01-16,Partially received,1432.62
PO000040,SUP06,ST002,2024-11-23,2025-01-10,2025-01-10,Received,113.76
PO000041,SUP07,ST006,2024-11-23,2025-01-01,2025-01-04,Received,116.94
PO000042,SUP06,ST008,2024-11-23,2025-01-10,2025-01-10,Received,343.49
PO000043,SUP01,ST900,2024-11-23,2025-01-04,2025-01-04,Partially received,1519.31
PO000044,SUP06,ST010,2024-11-24,2025-01-11,2025-01-11,Received,162.72
PO000045,SUP06,ST012,2024-11-24,2025-01-11,2025-01-23,Received,1171.61
PO000046,SUP04,ST013,2024-11-24,2025-01-18,2025-01-18,Received,711.12
PO000047,SUP06,ST013,2024-11-24,2025-01-11,2025-01-22,Received,276.45
PO000048,SUP05,ST016,2024-11-24,2024-12-28,2025-01-03,Received,144.04
PO000049,SUP04,ST001,2024-11-25,2025-01-19,2025-02-09,Received,346.19
PO000050,SUP06,ST016,2024-11-25,2025-01-12,2025-01-12,Received,371.88
PO000051,SUP07,ST900,2024-11-25,2025-01-03,2025-01-10,Partially received,1194.70
PO000052,SUP06,ST003,2024-11-26,2025-01-13,2025-01-13,Received,37.91
PO000053,SUP06,ST005,2024-11-26,2025-01-13,2025-01-13,Received,64.70
PO000054,SUP01,ST009,2024-11-26,2025-01-07,2025-01-07,Received,209.83
PO000055,SUP04,ST015,2024-11-26,2025-01-20,2025-01-20,Received,1556.99
PO000056,SUP01,ST017,2024-11-26,2025-01-07,2025-01-07,Received,24.49
PO000057,SUP07,ST017,2024-11-26,2025-01-04,2025-01-04,Received,169.80
PO000058,SUP01,ST018,2024-11-26,2025-01-07,2025-01-07,Received,351.39
PO000059,SUP04,ST005,2024-11-27,2025-01-21,2025-02-11,Received,360.82
PO000060,SUP04,ST006,2024-11-27,2025-01-21,2025-01-21,Received,233.72
PO000061,SUP06,ST009,2024-11-27,2025-01-14,2025-01-14,Received,343.49
PO000062,SUP07,ST012,2024-11-27,2025-01-05,2025-01-05,Received,195.33
PO000063,SUP01,ST016,2024-11-27,2025-01-08,2025-01-08,Received,152.00
PO000064,SUP07,ST007,2024-11-28,2025-01-06,2025-01-11,Received,32.91
PO000065,SUP04,ST017,2024-11-28,2025-01-22,2025-01-31,Received,401.15
PO000066,SUP07,ST001,2024-11-29,2025-01-07,2025-01-07,Received,761.60
PO000067,SUP04,ST003,2024-11-29,2025-01-23,2025-01-23,Received,128.94
PO000068,SUP05,ST004,2024-11-29,2025-01-02,2025-01-02,Received,102.71
PO000069,SUP06,ST011,2024-11-29,2025-01-16,2025-01-16,Received,872.15
PO000070,SUP01,ST002,2024-11-30,2025-01-11,2025-01-11,Received,1249.83
PO000071,SUP07,ST005,2024-11-30,2025-01-08,2025-01-16,Received,603.53
PO000072,SUP06,ST007,2024-11-30,2025-01-17,2025-01-17,Received,228.74
PO000073,SUP07,ST010,2024-11-30,2025-01-08,2025-01-08,Received,356.19
PO000074,SUP01,ST012,2024-11-30,2025-01-11,2025-01-11,Received,43.73
PO000075,SUP07,ST013,2024-11-30,2025-01-08,2025-01-08,Received,344.84
PO000076,SUP07,ST014,2024-11-30,2025-01-08,2025-01-08,Received,381.99
PO000077,SUP06,ST017,2024-11-30,2025-01-17,2025-01-17,Received,276.38
PO000078,SUP05,ST900,2024-11-30,2025-01-03,2025-01-03,Partially received,2008.93
PO000079,SUP07,ST009,2024-12-01,2025-01-09,2025-01-09,Received,316.37
PO000080,SUP07,ST011,2024-12-01,2025-01-09,2025-01-16,Received,905.44
PO000081,SUP06,ST001,2024-12-02,2025-01-19,2025-01-31,Received,1473.02
PO000082,SUP06,ST006,2024-12-02,2025-01-19,2025-01-19,Received,117.50
PO000083,SUP05,ST007,2024-12-02,2025-01-05,2025-01-05,Received,40.99
PO000084,SUP04,ST009,2024-12-02,2025-01-26,2025-02-05,Received,1828.57
PO000085,SUP01,ST013,2024-12-02,2025-01-13,2025-01-21,Received,358.69
PO000086,SUP07,ST002,2024-12-03,2025-01-11,2025-01-11,Received,511.09
PO000087,SUP07,ST003,2024-12-03,2025-01-11,2025-01-11,Received,292.98
PO000088,SUP01,ST005,2024-12-03,2025-01-14,2025-01-14,Received,326.90
PO000089,SUP04,ST012,2024-12-03,2025-01-27,2025-02-07,Received,1192.33
PO000090,SUP01,ST014,2024-12-03,2025-01-14,2025-01-14,Received,82.32
PO000091,SUP06,ST014,2024-12-03,2025-01-20,2025-01-20,Received,114.19
PO000092,SUP07,ST015,2024-12-03,2025-01-11,2025-01-11,Received,63.21
PO000093,SUP06,ST004,2024-12-04,2025-01-21,2025-01-25,Received,597.35
PO000094,SUP01,ST006,2024-12-04,2025-01-15,2025-01-15,Received,202.90
PO000095,SUP04,ST008,2024-12-04,2025-01-28,2025-02-13,Received,1229.15
PO000096,SUP04,ST010,2024-12-04,2025-01-28,2025-01-28,Received,440.50
PO000097,SUP01,ST011,2024-12-04,2025-01-15,2025-01-15,Received,1413.39
PO000098,SUP04,ST011,2024-12-04,2025-01-28,2025-02-17,Received,627.05
PO000099,SUP06,ST015,2024-12-04,2025-01-21,2025-01-28,Received,507.99
PO000100,SUP04,ST018,2024-12-04,2025-01-28,2025-02-13,Received,66.10
PO000101,SUP06,ST900,2024-12-04,2025-01-21,2025-01-21,Received,1563.35
PO000102,SUP01,ST001,2024-12-05,2025-01-16,2025-01-22,Received,1787.45
PO000103,SUP01,ST004,2024-12-05,2025-01-16,2025-01-24,Received,1630.89
PO000104,SUP04,ST004,2024-12-05,2025-01-29,2025-02-12,Received,4428.81
PO000105,SUP05,ST005,2024-12-05,2025-01-08,2025-01-08,Received,134.92
PO000106,SUP02,ST010,2024-12-05,2025-01-02,2025-01-02,Received,49.13
PO000107,SUP05,ST014,2024-12-05,2025-01-08,2025-01-08,Received,248.60
PO000108,SUP06,ST018,2024-12-05,2025-01-22,2025-01-22,Received,240.88
PO000109,SUP02,ST001,2024-12-06,2025-01-03,2025-01-03,Received,57.40
PO000110,SUP05,ST002,2024-12-06,2025-01-09,2025-01-09,Received,232.00
PO000111,SUP07,ST004,2024-12-06,2025-01-14,2025-01-14,Received,680.31
PO000112,SUP05,ST006,2024-12-06,2025-01-09,2025-01-09,Received,290.90
PO000113,SUP01,ST008,2024-12-06,2025-01-17,2025-01-25,Received,267.97
PO000114,SUP07,ST008,2024-12-06,2025-01-14,2025-01-19,Received,328.26
PO000115,SUP01,ST010,2024-12-06,2025-01-17,2025-01-17,Received,218.99
PO000116,SUP02,ST012,2024-12-06,2025-01-03,2025-01-03,Received,175.80
PO000117,SUP04,ST014,2024-12-06,2025-01-30,2025-02-16,Received,68.37
PO000118,SUP01,ST015,2024-12-06,2025-01-17,2025-01-17,Received,546.99
PO000119,SUP07,ST016,2024-12-06,2025-01-14,2025-01-20,Received,462.84
PO000120,SUP05,ST017,2024-12-06,2025-01-09,2025-01-09,Received,84.60
PO000121,SUP07,ST018,2024-12-06,2025-01-14,2025-01-14,Received,116.94
PO000122,SUP04,ST900,2024-12-06,2025-01-30,2025-01-30,Partially received,1432.62
PO000123,SUP05,ST001,2024-12-07,2025-01-10,2025-01-10,Received,181.26
PO000124,SUP06,ST002,2024-12-07,2025-01-24,2025-01-24,Received,288.85
PO000125,SUP07,ST006,2024-12-07,2025-01-15,2025-01-15,Received,478.38
PO000126,SUP06,ST008,2024-12-07,2025-01-24,2025-01-24,Received,300.65
PO000127,SUP01,ST900,2024-12-07,2025-01-18,2025-01-18,Partially received,1519.31
PO000128,SUP01,ST003,2024-12-08,2025-01-19,2025-01-25,Received,323.99
PO000129,SUP06,ST010,2024-12-08,2025-01-25,2025-01-31,Received,402.61
PO000130,SUP06,ST012,2024-12-08,2025-01-25,2025-02-01,Received,540.97
PO000131,SUP04,ST013,2024-12-08,2025-02-01,2025-02-01,Received,1535.14
PO000132,SUP06,ST013,2024-12-08,2025-01-25,2025-01-30,Received,140.98
PO000133,SUP05,ST016,2024-12-08,2025-01-11,2025-01-11,Received,519.11
PO000134,SUP02,ST900,2024-12-08,2025-01-05,2025-01-05,Received,951.25
PO000135,SUP04,ST001,2024-12-09,2025-02-02,2025-02-02,Received,2711.87
PO000136,SUP02,ST004,2024-12-09,2025-01-06,2025-01-06,Received,79.00
PO000137,SUP02,ST005,2024-12-09,2025-01-06,2025-01-06,Received,224.93
PO000138,SUP02,ST006,2024-12-09,2025-01-06,2025-01-06,Received,352.68
PO000139,SUP05,ST008,2024-12-09,2025-01-12,2025-01-12,Received,533.54
PO000140,SUP06,ST016,2024-12-09,2025-01-26,2025-01-26,Received,217.72
PO000141,SUP07,ST900,2024-12-09,2025-01-17,2025-01-25,Received,1194.70
PO000142,SUP04,ST002,2024-12-10,2025-02-03,2025-02-03,Received,1213.37
PO000143,SUP06,ST003,2024-12-10,2025-01-27,2025-01-27,Received,362.18
PO000144,SUP06,ST005,2024-12-10,2025-01-27,2025-02-06,Received,658.87
PO000145,SUP01,ST009,2024-12-10,2025-01-21,2025-01-21,Received,145.07
PO000146,SUP05,ST012,2024-12-10,2025-01-13,2025-01-13,Received,1113.95
PO000147,SUP04,ST015,2024-12-10,2025-02-03,2025-02-03,Received,1457.05
PO000148,SUP04,ST016,2024-12-10,2025-02-03,2025-02-21,Received,96.98
PO000149,SUP01,ST017,2024-12-10,2025-01-21,2025-01-21,Received,386.54
PO000150,SUP07,ST017,2024-12-10,2025-01-18,2025-01-18,Received,167.70
PO000151,SUP01,ST018,2024-12-10,2025-01-21,2025-01-21,Received,412.49
PO000152,SUP05,ST003,2024-12-11,2025-01-14,2025-01-16,Received,332.23
PO000153,SUP04,ST005,2024-12-11,2025-02-04,2025-02-04,Received,1281.61
PO000154,SUP04,ST006,2024-12-11,2025-02-04,2025-02-18,Received,3184.98
PO000155,SUP01,ST007,2024-12-11,2025-01-22,2025-01-22,Received,211.66
PO000156,SUP02,ST008,2024-12-11,2025-01-08,2025-01-08,Received,162.43
PO000157,SUP06,ST009,2024-12-11,2025-01-28,2025-01-28,Received,106.45
PO000158,SUP05,ST011,2024-12-11,2025-01-14,2025-01-14,Received,1105.21
PO000159,SUP07,ST012,2024-12-11,2025-01-19,2025-01-19,Received,480.25
PO000160,SUP02,ST013,2024-12-11,2025-01-08,2025-01-08,Received,88.89
PO000161,SUP01,ST016,2024-12-11,2025-01-22,2025-01-22,Received,499.86
PO000162,SUP05,ST018,2024-12-11,2025-01-14,2025-01-14,Received,258.36
PO000163,SUP07,ST007,2024-12-12,2025-01-20,2025-01-28,Received,370.87
PO000164,SUP02,ST015,2024-12-12,2025-01-09,2025-01-09,Received,797.27
PO000165,SUP04,ST017,2024-12-12,2025-02-05,2025-02-05,Received,1199.47
PO000166,SUP07,ST001,2024-12-13,2025-01-21,2025-01-21,Received,1095.38
PO000167,SUP04,ST003,2024-12-13,2025-02-06,2025-02-06,Received,568.35
PO000168,SUP05,ST004,2024-12-13,2025-01-16,2025-01-16,Received,887.30
PO000169,SUP06,ST011,2024-12-13,2025-01-30,2025-01-30,Received,869.28
PO000170,SUP05,ST015,2024-12-13,2025-01-16,2025-01-16,Received,705.96
PO000171,SUP02,ST018,2024-12-13,2025-01-10,2025-01-10,Received,19.62
PO000172,SUP01,ST002,2024-12-14,2025-01-25,2025-01-29,Received,457.83
PO000173,SUP07,ST005,2024-12-14,2025-01-22,2025-01-22,Received,374.18
PO000174,SUP06,ST007,2024-12-14,2025-01-31,2025-01-31,Received,254.28
PO000175,SUP07,ST010,2024-12-14,2025-01-22,2025-01-22,Received,359.19
PO000176,SUP02,ST011,2024-12-14,2025-01-11,2025-01-11,Received,77.02
PO000177,SUP01,ST012,2024-12-14,2025-01-25,2025-01-29,Received,531.99
PO000178,SUP07,ST013,2024-12-14,2025-01-22,2025-01-22,Received,477.90
PO000179,SUP07,ST014,2024-12-14,2025-01-22,2025-01-22,Received,104.49
PO000180,SUP06,ST017,2024-12-14,2025-01-31,2025-02-07,Received,1102.20
PO000181,SUP05,ST900,2024-12-14,2025-01-17,2025-01-17,Received,2008.93
PO000182,SUP05,ST009,2024-12-15,2025-01-18,2025-01-23,Received,607.08
PO000183,SUP07,ST009,2024-12-15,2025-01-23,2025-01-23,Received,317.30
PO000184,SUP07,ST011,2024-12-15,2025-01-23,2025-01-23,Received,167.70
PO000185,SUP06,ST001,2024-12-16,2025-02-02,2025-02-02,Received,1097.83
PO000186,SUP06,ST006,2024-12-16,2025-02-02,2025-02-02,Received,956.37
PO000187,SUP05,ST007,2024-12-16,2025-01-19,2025-01-19,Received,196.36
PO000188,SUP04,ST009,2024-12-16,2025-02-09,2025-02-09,Received,68.37
PO000189,SUP05,ST010,2024-12-16,2025-01-19,2025-01-19,Received,549.19
PO000190,SUP01,ST013,2024-12-16,2025-01-27,2025-01-27,Received,159.17
PO000191,SUP02,ST017,2024-12-16,2025-01-13,2025-01-13,Received,775.32
PO000192,SUP07,ST002,2024-12-17,2025-01-25,2025-01-25,Received,562.31
PO000193,SUP07,ST003,2024-12-17,2025-01-25,2025-01-25,Received,407.41
PO000194,SUP01,ST005,2024-12-17,2025-01-28,2025-01-28,Received,129.34
PO000195,SUP04,ST007,2024-12-17,2025-02-10,2025-02-10,Received,3227.79
PO000196,SUP02,ST009,2024-12-17,2025-01-14,2025-01-14,Received,233.74
PO000197,SUP04,ST012,2024-12-17,2025-02-10,2025-03-02,Received,2552.20
PO000198,SUP01,ST014,2024-12-17,2025-01-28,2025-01-28,Received,253.56
PO000199,SUP06,ST014,2024-12-17,2025-02-03,2025-02-03,Received,839.04
PO000200,SUP07,ST015,2024-12-17,2025-01-25,2025-01-25,Received,624.99
PO000201,SUP02,ST002,2024-12-18,2025-01-15,2025-01-15,Received,204.20
PO000202,SUP06,ST004,2024-12-18,2025-02-04,2025-02-04,Received,1588.95
PO000203,SUP01,ST006,2024-12-18,2025-01-29,2025-01-29,Received,569.50
PO000204,SUP04,ST008,2024-12-18,2025-02-11,2025-02-25,Received,277.65
PO000205,SUP04,ST010,2024-12-18,2025-02-11,2025-02-11,Received,68.37
PO000206,SUP01,ST011,2024-12-18,2025-01-29,2025-01-29,Received,1095.27
PO000207,SUP04,ST011,2024-12-18,2025-02-11,2025-02-11,Received,2884.39
PO000208,SUP02,ST014,2024-12-18,2025-01-15,2025-01-15,Received,775.14
PO000209,SUP06,ST015,2024-12-18,2025-02-04,2025-02-16,Received,1515.36
PO000210,SUP03,ST016,2024-12-18,2025-01-03,2025-01-03,Received,112.21
PO000211,SUP04,ST018,2024-12-18,2025-02-11,2025-02-11,Received,2180.60
PO000212,SUP06,ST900,2024-12-18,2025-02-04,2025-02-04,Partially received,1563.35
PO000213,SUP01,ST001,2024-12-19,2025-01-30,2025-01-30,Received,568.40
PO000214,SUP02,ST003,2024-12-19,2025-01-16,2025-01-16,Received,215.56
PO000215,SUP03,ST003,2024-12-19,2025-01-04,2025-01-04,Received,73.16
PO000216,SUP01,ST004,2024-12-19,2025-01-30,2025-01-30,Received,610.65
PO000217,SUP05,ST005,2024-12-19,2025-01-22,2025-01-22,Received,184.75
PO000218,SUP02,ST010,2024-12-19,2025-01-16,2025-01-16,Received,72.41
PO000219,SUP05,ST013,2024-12-19,2025-01-22,2025-01-22,Received,337.88
PO000220,SUP05,ST014,2024-12-19,2025-01-22,2025-01-24,Received,615.23
PO000221,SUP06,ST018,2024-12-19,2025-02-05,2025-02-05,Received,833.72
PO000222,SUP02,ST001,2024-12-20,2025-01-17,2025-01-17,Received,762.16
PO000223,SUP05,ST002,2024-12-20,2025-01-23,2025-01-23,Received,216.69
PO000224,SUP07,ST004,2024-12-20,2025-01-28,2025-02-01,Received,1348.59
PO000225,SUP05,ST006,2024-12-20,2025-01-23,2025-01-23,Received,728.29
PO000226,SUP07,ST008,2024-12-20,2025-01-28,2025-01-28,Received,265.05
PO000227,SUP01,ST010,2024-12-20,2025-01-31,2025-01-31,Received,508.29
PO000228,SUP02,ST012,2024-12-20,2025-01-17,2025-01-17,Received,336.61
PO000229,SUP04,ST014,2024-12-20,2025-02-13,2025-02-13,Received,1380.01
PO000230,SUP01,ST015,2024-12-20,2025-01-31,2025-01-31,Received,1329.92
PO000231,SUP03,ST015,2024-12-20,2025-01-05,2025-01-05,Received,149.44
PO000232,SUP07,ST016,2024-12-20,2025-01-28,2025-01-28,Received,202.71
PO000233,SUP05,ST017,2024-12-20,2025-01-23,2025-01-23,Received,154.06
PO000234,SUP07,ST018,2024-12-20,2025-01-28,2025-01-28,Received,614.91
PO000235,SUP04,ST900,2024-12-20,2025-02-13,2025-02-27,Partially received,1432.62
PO000236,SUP05,ST001,2024-12-21,2025-01-24,2025-01-24,Received,609.87
PO000237,SUP06,ST002,2024-12-21,2025-02-07,2025-02-07,Received,1040.24
PO000238,SUP07,ST006,2024-12-21,2025-01-29,2025-02-02,Received,1766.95
PO000239,SUP02,ST007,2024-12-21,2025-01-18,2025-01-21,Received,738.36
PO000240,SUP06,ST008,2024-12-21,2025-02-07,2025-02-07,Received,987.56
PO000241,SUP03,ST014,2024-12-21,2025-01-06,2025-01-06,Received,87.04
PO000242,SUP01,ST900,2024-12-21,2025-02-01,2025-02-01,Received,1519.31
PO000243,SUP01,ST003,2024-12-22,2025-02-02,2025-02-02,Received,1062.37
PO000244,SUP06,ST010,2024-12-22,2025-02-08,2025-02-08,Received,584.67
PO000245,SUP06,ST012,2024-12-22,2025-02-08,2025-02-08,Received,48.96
PO000246,SUP04,ST013,2024-12-22,2025-02-15,2025-03-06,Received,135.51
PO000247,SUP06,ST013,2024-12-22,2025-02-08,2025-02-08,Received,602.43
PO000248,SUP02,ST016,2024-12-22,2025-01-19,2025-01-19,Received,470.57
PO000249,SUP05,ST016,2024-12-22,2025-01-25,2025-01-25,Received,501.88
PO000250,SUP02,ST900,2024-12-22,2025-01-19,2025-01-19,Received,951.25
PO000251,SUP04,ST001,2024-12-23,2025-02-16,2025-03-07,Received,583.69
PO000252,SUP02,ST004,2024-12-23,2025-01-20,2025-01-20,Received,314.45
PO000253,SUP02,ST005,2024-12-23,2025-01-20,2025-01-20,Received,274.06
PO000254,SUP02,ST006,2024-12-23,2025-01-20,2025-01-20,Received,597.88
PO000255,SUP05,ST008,2024-12-23,2025-01-26,2025-02-01,Received,763.66
PO000256,SUP03,ST011,2024-12-23,2025-01-08,2025-01-08,Received,662.04
PO000257,SUP06,ST016,2024-12-23,2025-02-09,2025-02-17,Received,1037.91
PO000258,SUP03,ST017,2024-12-23,2025-01-08,2025-01-08,Received,175.85
PO000259,SUP03,ST900,2024-12-23,2025-01-08,2025-01-08,Received,1930.55
PO000260,SUP07,ST900,2024-12-23,2025-01-31,2025-01-31,Partially received,1194.70
PO000261,SUP04,ST002,2024-12-24,2025-02-17,2025-02-17,Received,528.44
PO000262,SUP06,ST003,2024-12-24,2025-02-10,2025-02-10,Received,1549.02
PO000263,SUP06,ST005,2024-12-24,2025-02-10,2025-02-17,Received,48.96
PO000264,SUP01,ST009,2024-12-24,2025-02-04,2025-02-04,Received,805.56
PO000265,SUP05,ST012,2024-12-24,2025-01-27,2025-01-27,Received,223.56
PO000266,SUP04,ST015,2024-12-24,2025-02-17,2025-02-17,Received,651.44
PO000267,SUP04,ST016,2024-12-24,2025-02-17,2025-02-17,Received,1790.47
PO000268,SUP01,ST017,2024-12-24,2025-02-04,2025-02-04,Received,482.32
PO000269,SUP07,ST017,2024-12-24,2025-02-01,2025-02-01,Received,747.12
PO000270,SUP01,ST018,2024-12-24,2025-02-04,2025-02-04,Received,1027.53
PO000271,SUP03,ST001,2024-12-25,2025-01-10,2025-01-10,Received,244.88
PO000272,SUP05,ST003,2024-12-25,2025-01-28,2025-01-28,Received,175.70
PO000273,SUP04,ST005,2024-12-25,2025-02-18,2025-03-01,Received,1032.79
PO000274,SUP01,ST007,2024-12-25,2025-02-05,2025-02-05,Received,1265.75
PO000275,SUP03,ST007,2024-12-25,2025-01-10,2025-01-10,Received,56.39
PO000276,SUP02,ST008,2024-12-25,2025-01-22,2025-01-22,Received,611.22
PO000277,SUP06,ST009,2024-12-25,2025-02-11,2025-02-11,Received,772.81
PO000278,SUP05,ST011,2024-12-25,2025-01-28,2025-01-28,Received,1121.54
PO000279,SUP07,ST012,2024-12-25,2025-02-02,2025-02-02,Received,1096.79
PO000280,SUP02,ST013,2024-12-25,2025-01-22,2025-01-22,Received,113.30
PO000281,SUP01,ST016,2024-12-25,2025-02-05,2025-02-05,Received,1424.83
PO000282,SUP05,ST018,2024-12-25,2025-01-28,2025-01-28,Received,187.52
PO000283,SUP03,ST006,2024-12-26,2025-01-11,2025-01-11,Received,481.44
PO000284,SUP07,ST007,2024-12-26,2025-02-03,2025-02-07,Received,1429.82
PO000285,SUP02,ST015,2024-12-26,2025-01-23,2025-01-23,Received,317.84
PO000286,SUP04,ST017,2024-12-26,2025-02-19,2025-03-04,Received,2507.47
PO000287,SUP07,ST001,2024-12-27,2025-02-04,2025-02-04,Received,1476.48
PO000288,SUP04,ST003,2024-12-27,2025-02-20,2025-03-06,Received,2007.89
PO000289,SUP03,ST004,2024-12-27,2025-01-12,2025-01-12,Received,605.94
PO000290,SUP05,ST004,2024-12-27,2025-01-30,2025-01-30,Received,910.34
PO000291,SUP06,ST011,2024-12-27,2025-02-13,2025-02-13,Received,769.26
PO000292,SUP03,ST012,2024-12-27,2025-01-12,2025-01-12,Received,50.46
PO000293,SUP05,ST015,2024-12-27,2025-01-30,2025-01-30,Received,1490.36
PO000294,SUP02,ST018,2024-12-27,2025-01-24,2025-01-24,Received,338.23
PO000295,SUP01,ST002,2024-12-28,2025-02-08,2025-02-08,Received,741.60
PO000296,SUP07,ST005,2024-12-28,2025-02-05,2025-02-05,Received,651.36
PO000297,SUP06,ST007,2024-12-28,2025-02-14,2025-02-19,Received,1178.91
PO000298,SUP03,ST008,2024-12-28,2025-01-13,2025-01-13,Received,554.59
PO000299,SUP03,ST010,2024-12-28,2025-01-13,2025-01-13,Received,200.47
PO000300,SUP07,ST010,2024-12-28,2025-02-05,2025-02-05,Received,988.99
PO000301,SUP02,ST011,2024-12-28,2025-01-25,2025-01-25,Received,848.85
PO000302,SUP01,ST012,2024-12-28,2025-02-08,2025-02-08,Received,444.55
PO000303,SUP07,ST013,2024-12-28,2025-02-05,2025-02-11,Received,1126.80
PO000304,SUP07,ST014,2024-12-28,2025-02-05,2025-02-05,Received,835.06
PO000305,SUP06,ST017,2024-12-28,2025-02-14,2025-02-22,Received,126.23
PO000306,SUP03,ST018,2024-12-28,2025-01-13,2025-01-13,Received,454.52
PO000307,SUP05,ST900,2024-12-28,2025-01-31,2025-01-31,Partially received,2008.93
PO000308,SUP05,ST009,2024-12-29,2025-02-01,2025-02-05,Received,808.48
PO000309,SUP07,ST009,2024-12-29,2025-02-06,2025-02-16,Received,1315.12
PO000310,SUP07,ST011,2024-12-29,2025-02-06,2025-02-06,Received,1057.59
PO000311,SUP06,ST001,2024-12-30,2025-02-16,2025-02-20,Received,620.83
PO000312,SUP06,ST006,2024-12-30,2025-02-16,2025-02-16,Received,240.42
PO000313,SUP05,ST007,2024-12-30,2025-02-02,2025-02-02,Received,1644.58
PO000314,SUP03,ST009,2024-12-30,2025-01-15,2025-01-15,Received,417.87
PO000315,SUP04,ST009,2024-12-30,2025-02-23,2025-03-08,Received,1849.61
PO000316,SUP05,ST010,2024-12-30,2025-02-02,2025-02-02,Received,1501.71
PO000317,SUP01,ST013,2024-12-30,2025-02-10,2025-02-13,Received,1122.56
PO000318,SUP02,ST017,2024-12-30,2025-01-27,2025-01-27,Received,307.10
PO000319,SUP07,ST002,2024-12-31,2025-02-08,2025-02-08,Received,657.85
PO000320,SUP07,ST003,2024-12-31,2025-02-08,2025-02-13,Received,767.25
PO000321,SUP01,ST005,2024-12-31,2025-02-11,2025-02-11,Received,299.12
PO000322,SUP04,ST007,2024-12-31,2025-02-24,2025-02-24,Received,317.58
PO000323,SUP02,ST009,2024-12-31,2025-01-28,2025-01-28,Received,170.70
PO000324,SUP04,ST012,2024-12-31,2025-02-24,2025-03-13,Received,68.37
PO000325,SUP01,ST014,2024-12-31,2025-02-11,2025-02-11,Received,1128.39
PO000326,SUP06,ST014,2024-12-31,2025-02-17,2025-02-17,Received,532.44
PO000327,SUP07,ST015,2024-12-31,2025-02-08,2025-02-08,Received,596.66
PO000328,SUP02,ST002,2025-01-01,2025-01-29,2025-01-29,Received,132.92
PO000329,SUP03,ST002,2025-01-01,2025-01-17,2025-01-17,Received,319.86
PO000330,SUP06,ST004,2025-01-01,2025-02-18,2025-02-18,Received,586.89
PO000331,SUP03,ST005,2025-01-01,2025-01-17,2025-01-17,Received,297.76
PO000332,SUP01,ST006,2025-01-01,2025-02-12,2025-02-12,Received,1559.72
PO000333,SUP04,ST010,2025-01-01,2025-02-25,2025-03-16,Received,1749.78
PO000334,SUP01,ST011,2025-01-01,2025-02-12,2025-02-12,Received,1017.95
PO000335,SUP04,ST011,2025-01-01,2025-02-25,2025-03-08,Received,3851.83
PO000336,SUP02,ST014,2025-01-01,2025-01-29,2025-01-29,Received,63.04
PO000337,SUP06,ST015,2025-01-01,2025-02-18,2025-02-18,Received,228.38
PO000338,SUP03,ST016,2025-01-01,2025-01-17,2025-01-17,Received,491.53
PO000339,SUP04,ST018,2025-01-01,2025-02-25,2025-03-16,Received,437.19
PO000340,SUP06,ST900,2025-01-01,2025-02-18,2025-02-18,Partially received,1563.35
PO000341,SUP01,ST001,2025-01-02,2025-02-13,2025-02-13,Received,1733.93
PO000342,SUP02,ST003,2025-01-02,2025-01-30,2025-01-30,Received,301.95
PO000343,SUP03,ST003,2025-01-02,2025-01-18,2025-01-18,Received,73.16
PO000344,SUP01,ST004,2025-01-02,2025-02-13,2025-02-13,Received,1910.89
PO000345,SUP04,ST004,2025-01-02,2025-02-26,2025-02-26,Received,1430.13
PO000346,SUP05,ST005,2025-01-02,2025-02-05,2025-02-05,Received,1271.77
PO000347,SUP02,ST010,2025-01-02,2025-01-30,2025-01-30,Received,393.61
PO000348,SUP05,ST013,2025-01-02,2025-02-05,2025-02-05,Received,1423.46
PO000349,SUP05,ST014,2025-01-02,2025-02-05,2025-02-05,Received,578.46
PO000350,SUP06,ST018,2025-01-02,2025-02-19,2025-02-19,Received,160.56
PO000351,SUP02,ST001,2025-01-03,2025-01-31,2025-01-31,Received,1195.63
PO000352,SUP05,ST002,2025-01-03,2025-02-06,2025-02-06,Received,890.29
PO000353,SUP07,ST004,2025-01-03,2025-02-11,2025-02-11,Received,615.75
PO000354,SUP05,ST006,2025-01-03,2025-02-06,2025-02-06,Received,487.01
PO000355,SUP01,ST008,2025-01-03,2025-02-14,2025-02-14,Received,650.14
PO000356,SUP07,ST008,2025-01-03,2025-02-11,2025-02-11,Received,824.49
PO000357,SUP01,ST010,2025-01-03,2025-02-14,2025-02-14,Received,717.00
PO000358,SUP02,ST012,2025-01-03,2025-01-31,2025-01-31,Received,519.69
PO000359,SUP03,ST013,2025-01-03,2025-01-19,2025-01-19,Received,332.54
PO000360,SUP04,ST014,2025-01-03,2025-02-27,2025-03-19,Received,260.06
PO000361,SUP01,ST015,2025-01-03,2025-02-14,2025-02-21,Received,1122.22
PO000362,SUP03,ST015,2025-01-03,2025-01-19,2025-01-19,Received,619.20
PO000363,SUP07,ST016,2025-01-03,2025-02-11,2025-02-11,Received,730.11
PO000364,SUP05,ST017,2025-01-03,2025-02-06,2025-02-06,Received,210.43
PO000365,SUP07,ST018,2025-01-03,2025-02-11,2025-02-15,Received,1036.46
PO000366,SUP04,ST900,2025-01-03,2025-02-27,2025-02-27,Partially received,1432.62
PO000367,SUP05,ST001,2025-01-04,2025-02-07,2025-02-07,Received,1943.40
PO000368,SUP06,ST002,2025-01-04,2025-02-21,2025-02-21,Received,664.63
PO000369,SUP07,ST006,2025-01-04,2025-02-12,2025-02-19,Received,649.04
PO000370,SUP02,ST007,2025-01-04,2025-02-01,2025-02-01,Received,630.52
PO000371,SUP06,ST008,2025-01-04,2025-02-21,2025-02-21,Received,341.24
PO000372,SUP03,ST014,2025-01-04,2025-01-20,2025-01-20,Received,1004.85
PO000373,SUP01,ST900,2025-01-04,2025-02-15,2025-02-15,Partially received,1519.31
PO000374,SUP01,ST003,2025-01-05,2025-02-16,2025-02-16,Received,620.75
PO000375,SUP06,ST010,2025-01-05,2025-02-22,2025-02-22,Received,216.37
PO000376,SUP06,ST012,2025-01-05,2025-02-22,2025-02-22,Received,297.94
PO000377,SUP04,ST013,2025-01-05,2025-03-01,2025-03-01,Received,1761.33
PO000378,SUP06,ST013,2025-01-05,2025-02-22,2025-03-03,Received,930.75
PO000379,SUP02,ST016,2025-01-05,2025-02-02,2025-02-02,Received,989.28
PO000380,SUP05,ST016,2025-01-05,2025-02-08,2025-02-08,Received,1251.48
PO000381,SUP02,ST900,2025-01-05,2025-02-02,2025-02-02,Partially received,951.25
PO000382,SUP04,ST001,2025-01-06,2025-03-02,2025-03-02,Partially received,4751.67
PO000383,SUP02,ST004,2025-01-06,2025-02-03,2025-02-03,Received,1176.08
PO000384,SUP02,ST005,2025-01-06,2025-02-03,2025-02-03,Received,325.23
PO000385,SUP02,ST006,2025-01-06,2025-02-03,2025-02-03,Received,718.25
PO000386,SUP05,ST008,2025-01-06,2025-02-09,2025-02-09,Received,533.54
PO000387,SUP03,ST011,2025-01-06,2025-01-22,2025-01-22,Partially received,1822.96
PO000388,SUP06,ST016,2025-01-06,2025-02-23,2025-02-23,Received,205.22
PO000389,SUP03,ST017,2025-01-06,2025-01-22,2025-01-22,Received,276.77
PO000390,SUP03,ST900,2025-01-06,2025-01-22,2025-01-22,Received,1930.55
PO000391,SUP07,ST900,2025-01-06,2025-02-14,2025-02-14,Received,1194.70
PO000392,SUP04,ST002,2025-01-07,2025-03-03,2025-03-03,Partially received,1637.33
PO000393,SUP06,ST003,2025-01-07,2025-02-24,2025-02-24,Received,162.72
PO000394,SUP06,ST005,2025-01-07,2025-02-24,2025-02-24,Received,113.66
PO000395,SUP01,ST009,2025-01-07,2025-02-18,2025-02-18,Received,152.00
PO000396,SUP05,ST012,2025-01-07,2025-02-10,2025-02-10,Received,943.94
PO000397,SUP04,ST015,2025-01-07,2025-03-03,2025-03-03,Partially received,2169.12
PO000398,SUP04,ST016,2025-01-07,2025-03-03,2025-03-10,Received,910.49
PO000399,SUP01,ST017,2025-01-07,2025-02-18,2025-02-18,Received,145.05
PO000400,SUP07,ST017,2025-01-07,2025-02-15,2025-02-15,Received,680.46
PO000401,SUP01,ST018,2025-01-07,2025-02-18,2025-02-18,Received,519.21
PO000402,SUP03,ST001,2025-01-08,2025-01-24,2025-01-24,Received,1114.67
PO000403,SUP05,ST003,2025-01-08,2025-02-11,2025-02-11,Received,799.43
PO000404,SUP04,ST005,2025-01-08,2025-03-04,2025-03-16,Partially received,1490.12
PO000405,SUP04,ST006,2025-01-08,2025-03-04,2025-03-16,Partially received,2130.41
PO000406,SUP01,ST007,2025-01-08,2025-02-19,2025-02-19,Received,531.97
PO000407,SUP03,ST007,2025-01-08,2025-01-24,2025-01-24,Received,334.79
PO000408,SUP02,ST008,2025-01-08,2025-02-05,2025-02-05,Received,688.81
PO000409,SUP06,ST009,2025-01-08,2025-02-25,2025-03-08,Received,1217.73
PO000410,SUP05,ST011,2025-01-08,2025-02-11,2025-02-11,Received,1471.01
PO000411,SUP07,ST012,2025-01-08,2025-02-16,2025-02-16,Partially received,707.21
PO000412,SUP02,ST013,2025-01-08,2025-02-05,2025-02-05,Received,777.15
PO000413,SUP01,ST016,2025-01-08,2025-02-19,2025-02-23,Received,364.04
PO000414,SUP05,ST018,2025-01-08,2025-02-11,2025-02-11,Received,1488.37
PO000415,SUP03,ST006,2025-01-09,2025-01-25,2025-01-25,Received,1018.19
PO000416,SUP07,ST007,2025-01-09,2025-02-17,2025-02-17,Received,309.42
PO000417,SUP02,ST015,2025-01-09,2025-02-06,2025-02-06,Received,2014.90
PO000418,SUP04,ST017,2025-01-09,2025-03-05,2025-03-05,Partially received,636.03
PO000419,SUP07,ST001,2025-01-10,2025-02-18,2025-02-18,Received,1223.57
PO000420,SUP04,ST003,2025-01-10,2025-03-06,2025-03-06,Received,134.47
PO000421,SUP03,ST004,2025-01-10,2025-01-26,2025-01-26,Received,1303.78
PO000422,SUP05,ST004,2025-01-10,2025-02-13,2025-02-13,Received,2618.63
PO000423,SUP06,ST011,2025-01-10,2025-02-27,2025-02-27,Partially received,945.91
PO000424,SUP03,ST012,2025-01-10,2025-01-26,2025-01-26,Received,416.55
PO000425,SUP05,ST015,2025-01-10,2025-02-13,2025-02-13,Received,2087.48
PO000426,SUP02,ST018,2025-01-10,2025-02-07,2025-02-07,Received,663.11
PO000427,SUP01,ST002,2025-01-11,2025-02-22,2025-02-22,Received,1605.62
PO000428,SUP07,ST005,2025-01-11,2025-02-19,2025-02-19,Received,763.66
PO000429,SUP06,ST007,2025-01-11,2025-02-28,2025-02-28,Partially received,437.57
PO000430,SUP03,ST008,2025-01-11,2025-01-27,2025-01-27,Received,397.50
PO000431,SUP03,ST010,2025-01-11,2025-01-27,2025-01-27,Received,331.84
PO000432,SUP07,ST010,2025-01-11,2025-02-19,2025-02-19,Received,456.66
PO000433,SUP02,ST011,2025-01-11,2025-02-08,2025-02-08,Received,1141.62
PO000434,SUP01,ST012,2025-01-11,2025-02-22,2025-02-22,Received,131.19
PO000435,SUP07,ST013,2025-01-11,2025-02-19,2025-02-19,Received,483.88
PO000436,SUP07,ST014,2025-01-11,2025-02-19,2025-02-19,Received,781.86
PO000437,SUP06,ST017,2025-01-11,2025-02-28,2025-02-28,Received,566.54
PO000438,SUP03,ST018,2025-01-11,2025-01-27,2025-01-27,Received,613.40
PO000439,SUP05,ST900,2025-01-11,2025-02-14,2025-02-14,Partially received,2008.93
PO000440,SUP05,ST009,2025-01-12,2025-02-15,2025-02-15,Received,721.40
PO000441,SUP07,ST009,2025-01-12,2025-02-20,2025-02-20,Received,249.78
PO000442,SUP07,ST011,2025-01-12,2025-02-20,2025-02-20,Received,1793.34
PO000443,SUP06,ST001,2025-01-13,2025-03-02,2025-03-02,Received,1854.86
PO000444,SUP06,ST006,2025-01-13,2025-03-02,2025-03-02,Received,920.16
PO000445,SUP05,ST007,2025-01-13,2025-02-16,2025-02-16,Received,421.84
PO000446,SUP03,ST009,2025-01-13,2025-01-29,2025-01-29,Received,576.38
PO000447,SUP04,ST009,2025-01-13,2025-03-09,2025-03-29,Partially received,1234.77
PO000448,SUP05,ST010,2025-01-13,2025-02-16,2025-02-16,Received,875.13
PO000449,SUP01,ST013,2025-01-13,2025-02-24,2025-03-04,Received,1162.73
PO000450,SUP02,ST017,2025-01-13,2025-02-10,2025-02-10,Received,1151.89
PO000451,SUP07,ST002,2025-01-14,2025-02-22,2025-02-22,Received,872.73
PO000452,SUP07,ST003,2025-01-14,2025-02-22,2025-02-25,Received,615.34
PO000453,SUP01,ST005,2025-01-14,2025-02-25,2025-03-02,Received,703.25
PO000454,SUP04,ST007,2025-01-14,2025-03-10,2025-03-10,Partially received,1737.56
PO000455,SUP02,ST009,2025-01-14,2025-02-11,2025-02-11,Received,737.54
PO000456,SUP04,ST012,2025-01-14,2025-03-10,2025-03-10,Partially received,801.34
PO000457,SUP01,ST014,2025-01-14,2025-02-25,2025-02-25,Received,948.56
PO000458,SUP06,ST014,2025-01-14,2025-03-03,2025-03-03,Received,1034.71
PO000459,SUP07,ST015,2025-01-14,2025-02-22,2025-02-22,Received,850.86
PO000460,SUP02,ST002,2025-01-15,2025-02-12,2025-02-12,Received,455.55
PO000461,SUP03,ST002,2025-01-15,2025-01-31,2025-01-31,Received,908.77
PO000462,SUP06,ST004,2025-01-15,2025-03-04,2025-03-08,Received,2037.23
PO000463,SUP03,ST005,2025-01-15,2025-01-31,2025-01-31,Received,295.00
PO000464,SUP01,ST006,2025-01-15,2025-02-26,2025-02-26,Partially received,300.58
PO000465,SUP04,ST008,2025-01-15,2025-03-11,2025-03-29,Partially received,379.60
PO000466,SUP04,ST010,2025-01-15,2025-03-11,2025-03-28,Received,66.10
PO000467,SUP01,ST011,2025-01-15,2025-02-26,2025-02-26,Partially received,1199.03
PO000468,SUP04,ST011,2025-01-15,2025-03-11,2025-03-11,Partially received,835.03
PO000469,SUP02,ST014,2025-01-15,2025-02-12,2025-02-12,Partially received,1713.32
PO000470,SUP06,ST015,2025-01-15,2025-03-04,2025-03-13,Received,1153.07
PO000471,SUP03,ST016,2025-01-15,2025-01-31,2025-01-31,Partially received,615.80
PO000472,SUP04,ST018,2025-01-15,2025-03-11,2025-03-11,Partially received,2563.48
PO000473,SUP06,ST900,2025-01-15,2025-03-04,2025-03-10,Partially received,1563.35
PO000474,SUP01,ST001,2025-01-16,2025-02-27,2025-02-27,Received,1575.43
PO000475,SUP02,ST003,2025-01-16,2025-02-13,2025-02-13,Received,644.18
PO000476,SUP03,ST003,2025-01-16,2025-02-01,2025-02-01,Received,1363.11
PO000477,SUP01,ST004,2025-01-16,2025-02-27,2025-02-27,Received,1367.95
PO000478,SUP04,ST004,2025-01-16,2025-03-12,2025-03-12,Partially received,3242.68
PO000479,SUP05,ST005,2025-01-16,2025-02-19,2025-02-25,Received,423.90
PO000480,SUP02,ST010,2025-01-16,2025-02-13,2025-02-13,Received,848.09
PO000481,SUP05,ST013,2025-01-16,2025-02-19,2025-02-19,Received,274.64
PO000482,SUP05,ST014,2025-01-16,2025-02-19,2025-02-19,Received,1315.72
PO000483,SUP06,ST018,2025-01-16,2025-03-05,2025-03-05,Partially received,851.83
PO000484,SUP02,ST001,2025-01-17,2025-02-14,2025-02-14,Received,1981.88
PO000485,SUP05,ST002,2025-01-17,2025-02-20,2025-02-20,Received,895.45
PO000486,SUP07,ST004,2025-01-17,2025-02-25,2025-03-07,Received,1759.56
PO000487,SUP05,ST006,2025-01-17,2025-02-20,2025-02-20,Received,1994.45
PO000488,SUP01,ST008,2025-01-17,2025-02-28,2025-02-28,Received,398.99
PO000489,SUP07,ST008,2025-01-17,2025-02-25,2025-02-25,Received,458.23
PO000490,SUP01,ST010,2025-01-17,2025-02-28,2025-02-28,Received,463.68
PO000491,SUP02,ST012,2025-01-17,2025-02-14,2025-02-14,Received,926.25
PO000492,SUP03,ST013,2025-01-17,2025-02-02,2025-02-02,Received,1198.50
PO000493,SUP04,ST014,2025-01-17,2025-03-13,2025-03-13,Partially received,3728.30
PO000494,SUP01,ST015,2025-01-17,2025-02-28,2025-02-28,Partially received,725.38
PO000495,SUP03,ST015,2025-01-17,2025-02-02,2025-02-02,Received,1944.88
PO000496,SUP07,ST016,2025-01-17,2025-02-25,2025-02-25,Partially received,1123.83
PO000497,SUP05,ST017,2025-01-17,2025-02-20,2025-02-20,Received,276.92
PO000498,SUP07,ST018,2025-01-17,2025-02-25,2025-02-25,Partially received,642.79
PO000499,SUP04,ST900,2025-01-17,2025-03-13,2025-03-21,Partially received,2002.29
PO000500,SUP05,ST001,2025-01-18,2025-02-21,2025-02-21,Received,1389.13
PO000501,SUP06,ST002,2025-01-18,2025-03-07,2025-03-07,Received,900.94
PO000502,SUP07,ST006,2025-01-18,2025-02-26,2025-03-03,Partially received,1411.06
PO000503,SUP02,ST007,2025-01-18,2025-02-15,2025-02-15,Received,852.48
PO000504,SUP06,ST008,2025-01-18,2025-03-07,2025-03-07,Received,773.08
PO000505,SUP03,ST014,2025-01-18,2025-02-03,2025-02-03,Received,1754.11
PO000506,SUP01,ST900,2025-01-18,2025-03-01,2025-03-01,Received,1629.28
PO000507,SUP01,ST003,2025-01-19,2025-03-02,2025-03-02,Received,1129.50
PO000508,SUP06,ST010,2025-01-19,2025-03-08,2025-03-08,Received,2160.84
PO000509,SUP06,ST012,2025-01-19,2025-03-08,2025-03-08,Partially received,1215.51
PO000510,SUP04,ST013,2025-01-19,2025-03-15,2025-03-25,Partially received,1782.48
PO000511,SUP06,ST013,2025-01-19,2025-03-08,2025-03-15,Partially received,607.90
PO000512,SUP02,ST016,2025-01-19,2025-02-16,2025-02-16,Received,509.81
PO000513,SUP05,ST016,2025-01-19,2025-02-22,2025-02-22,Partially received,980.00
PO000514,SUP02,ST900,2025-01-19,2025-02-16,2025-02-16,Received,1004.07
PO000515,SUP04,ST001,2025-01-20,2025-03-16,2025-03-16,Partially received,1540.89
PO000516,SUP02,ST004,2025-01-20,2025-02-17,2025-02-17,Received,741.03
PO000517,SUP02,ST005,2025-01-20,2025-02-17,2025-02-17,Received,678.81
PO000518,SUP02,ST006,2025-01-20,2025-02-17,2025-02-17,Partially received,900.32
PO000519,SUP05,ST008,2025-01-20,2025-02-23,2025-02-23,Received,765.24
PO000520,SUP03,ST011,2025-01-20,2025-02-05,2025-02-06,Received,2187.50
PO000521,SUP06,ST016,2025-01-20,2025-03-09,2025-03-09,Received,1082.55
PO000522,SUP03,ST017,2025-01-20,2025-02-05,2025-02-05,Received,973.56
PO000523,SUP03,ST900,2025-01-20,2025-02-05,2025-02-05,Partially received,1839.28
PO000524,SUP07,ST900,2025-01-20,2025-02-28,2025-02-28,Partially received,1814.48
PO000525,SUP04,ST002,2025-01-21,2025-03-17,2025-03-28,Partially received,1710.35
PO000526,SUP06,ST003,2025-01-21,2025-03-10,2025-03-10,Partially received,1565.45
PO000527,SUP06,ST005,2025-01-21,2025-03-10,2025-03-10,Received,873.29
PO000528,SUP01,ST009,2025-01-21,2025-03-04,2025-03-04,Received,692.24
PO000529,SUP05,ST012,2025-01-21,2025-02-24,2025-02-24,Received,1216.66
PO000530,SUP04,ST015,2025-01-21,2025-03-17,2025-03-17,Received,1256.81
PO000531,SUP04,ST016,2025-01-21,2025-03-17,2025-04-02,Received,2082.61
PO000532,SUP01,ST017,2025-01-21,2025-03-04,2025-03-04,Received,1164.59
PO000533,SUP07,ST017,2025-01-21,2025-03-01,2025-03-01,Received,960.54
PO000534,SUP01,ST018,2025-01-21,2025-03-04,2025-03-04,Received,1248.46
PO000535,SUP03,ST001,2025-01-22,2025-02-07,2025-02-07,Received,2196.01
PO000536,SUP05,ST003,2025-01-22,2025-02-25,2025-02-25,Received,288.43
PO000537,SUP04,ST005,2025-01-22,2025-03-18,2025-04-02,Partially received,1810.35
PO000538,SUP04,ST006,2025-01-22,2025-03-18,2025-03-18,Received,368.97
PO000539,SUP01,ST007,2025-01-22,2025-03-05,2025-03-05,Received,1458.12
PO000540,SUP03,ST007,2025-01-22,2025-02-07,2025-02-07,Partially received,1101.20
PO000541,SUP02,ST008,2025-01-22,2025-02-19,2025-02-19,Received,654.12
PO000542,SUP06,ST009,2025-01-22,2025-03-11,2025-03-11,Received,133.77
PO000543,SUP05,ST011,2025-01-22,2025-02-25,2025-02-25,Partially received,2197.78
PO000544,SUP07,ST012,2025-01-22,2025-03-02,2025-03-02,Partially received,1634.00
PO000545,SUP02,ST013,2025-01-22,2025-02-19,2025-02-19,Received,303.59
PO000546,SUP01,ST016,2025-01-22,2025-03-05,2025-03-05,Received,1691.33
PO000547,SUP05,ST018,2025-01-22,2025-02-25,2025-03-02,Received,915.69
PO000548,SUP03,ST006,2025-01-23,2025-02-08,2025-02-09,Received,2327.38
PO000549,SUP07,ST007,2025-01-23,2025-03-03,2025-03-03,Received,1129.74
PO000550,SUP02,ST015,2025-01-23,2025-02-20,2025-02-20,Received,376.70
PO000551,SUP04,ST017,2025-01-23,2025-03-19,2025-03-19,Partially received,1248.34
PO000552,SUP07,ST001,2025-01-24,2025-03-04,2025-03-04,Received,2422.74
PO000553,SUP04,ST003,2025-01-24,2025-03-20,2025-03-30,Received,2061.02
PO000554,SUP03,ST004,2025-01-24,2025-02-09,2025-02-09,Received,1433.33
PO000555,SUP05,ST004,2025-01-24,2025-02-27,2025-02-27,Received,592.70
PO000556,SUP06,ST011,2025-01-24,2025-03-13,2025-03-13,Partially received,2331.83
PO000557,SUP03,ST012,2025-01-24,2025-02-09,2025-02-09,Received,996.82
PO000558,SUP05,ST015,2025-01-24,2025-02-27,2025-02-27,Partially received,1685.50
PO000559,SUP02,ST018,2025-01-24,2025-02-21,2025-02-26,Received,573.95
PO000560,SUP01,ST002,2025-01-25,2025-03-08,2025-03-08,Received,932.06
PO000561,SUP07,ST005,2025-01-25,2025-03-05,2025-03-05,Received,1454.34
PO000562,SUP06,ST007,2025-01-25,2025-03-14,2025-03-14,Received,1210.90
PO000563,SUP03,ST008,2025-01-25,2025-02-10,2025-02-10,Received,790.30
PO000564,SUP03,ST010,2025-01-25,2025-02-10,2025-02-10,Received,522.76
PO000565,SUP07,ST010,2025-01-25,2025-03-05,2025-03-05,Received,1315.25
PO000566,SUP02,ST011,2025-01-25,2025-02-22,2025-02-22,Received,1163.21
PO000567,SUP01,ST012,2025-01-25,2025-03-08,2025-03-08,Received,596.02
PO000568,SUP07,ST013,2025-01-25,2025-03-05,2025-03-05,Received,1363.08
PO000569,SUP07,ST014,2025-01-25,2025-03-05,2025-03-14,Received,1536.66
PO000570,SUP06,ST017,2025-01-25,2025-03-14,2025-03-14,Partially received,937.73
PO000571,SUP03,ST018,2025-01-25,2025-02-10,2025-02-10,Received,1241.17
PO000572,SUP05,ST900,2025-01-25,2025-02-28,2025-02-28,Partially received,2820.45
PO000573,SUP05,ST009,2025-01-26,2025-03-01,2025-03-01,Received,482.55
PO000574,SUP07,ST009,2025-01-26,2025-03-06,2025-03-06,Received,1296.71
PO000575,SUP07,ST011,2025-01-26,2025-03-06,2025-03-06,Received,1505.64
PO000576,SUP06,ST001,2025-01-27,2025-03-16,2025-03-16,Received,1705.76
PO000577,SUP06,ST006,2025-01-27,2025-03-16,2025-03-16,Received,862.63
PO000578,SUP05,ST007,2025-01-27,2025-03-02,2025-03-02,Received,2021.08
PO000579,SUP03,ST009,2025-01-27,2025-02-12,2025-02-12,Partially received,856.45
PO000580,SUP04,ST009,2025-01-27,2025-03-23,2025-03-31,Partially received,764.10
PO000581,SUP05,ST010,2025-01-27,2025-03-02,2025-03-02,Received,1239.58
PO000582,SUP01,ST013,2025-01-27,2025-03-10,2025-03-10,Received,923.16
PO000583,SUP02,ST017,2025-01-27,2025-02-24,2025-02-24,Received,523.82
PO000584,SUP07,ST002,2025-01-28,2025-03-08,2025-03-08,Received,1145.36
PO000585,SUP07,ST003,2025-01-28,2025-03-08,2025-03-08,Received,914.31
PO000586,SUP01,ST005,2025-01-28,2025-03-11,2025-03-11,Received,526.63
PO000587,SUP04,ST007,2025-01-28,2025-03-24,2025-03-24,Partially received,1833.62
PO000588,SUP02,ST009,2025-01-28,2025-02-25,2025-02-25,Received,454.70
PO000589,SUP04,ST012,2025-01-28,2025-03-24,2025-03-24,Partially received,879.54
PO000590,SUP01,ST014,2025-01-28,2025-03-11,2025-03-11,Received,1265.51
PO000591,SUP06,ST014,2025-01-28,2025-03-17,2025-03-17,Received,720.76
PO000592,SUP07,ST015,2025-01-28,2025-03-08,2025-03-12,Received,1257.24
PO000593,SUP02,ST002,2025-01-29,2025-02-26,2025-02-26,Received,308.72
PO000594,SUP03,ST002,2025-01-29,2025-02-14,2025-02-14,Received,1911.19
PO000595,SUP06,ST004,2025-01-29,2025-03-18,2025-03-18,Partially received,552.65
PO000596,SUP03,ST005,2025-01-29,2025-02-14,2025-02-14,Received,1848.81
PO000597,SUP01,ST006,2025-01-29,2025-03-12,2025-03-19,Received,1994.79
PO000598,SUP04,ST008,2025-01-29,2025-03-25,2025-03-25,Partially received,2563.27
PO000599,SUP04,ST010,2025-01-29,2025-03-25,2025-03-25,Partially received,643.08
PO000600,SUP01,ST011,2025-01-29,2025-03-12,2025-03-12,Partially received,1713.56
PO000601,SUP04,ST011,2025-01-29,2025-03-25,2025-03-25,Received,1988.56
PO000602,SUP02,ST014,2025-01-29,2025-02-26,2025-02-26,Received,640.11
PO000603,SUP06,ST015,2025-01-29,2025-03-18,2025-03-18,Partially received,446.00
PO000604,SUP03,ST016,2025-01-29,2025-02-14,2025-02-14,Received,1236.94
PO000605,SUP04,ST018,2025-01-29,2025-03-25,2025-04-11,Partially received,799.95
PO000606,SUP06,ST900,2025-01-29,2025-03-18,2025-03-18,Partially received,2157.76
PO000607,SUP01,ST001,2025-01-30,2025-03-13,2025-03-13,Received,2603.54
PO000608,SUP02,ST003,2025-01-30,2025-02-27,2025-02-27,Received,554.77
PO000609,SUP03,ST003,2025-01-30,2025-02-15,2025-02-15,Received,356.90
PO000610,SUP01,ST004,2025-01-30,2025-03-13,2025-03-17,Received,3080.70
PO000611,SUP04,ST004,2025-01-30,2025-03-26,2025-03-26,Partially received,2791.18
PO000612,SUP05,ST005,2025-01-30,2025-03-05,2025-03-05,Received,650.38
PO000613,SUP02,ST010,2025-01-30,2025-02-27,2025-02-27,Received,715.70
PO000614,SUP05,ST013,2025-01-30,2025-03-05,2025-03-05,Received,1434.99
PO000615,SUP05,ST014,2025-01-30,2025-03-05,2025-03-05,Received,1178.57
PO000616,SUP06,ST018,2025-01-30,2025-03-19,2025-03-19,Received,503.95
PO000617,SUP02,ST001,2025-01-31,2025-02-28,2025-02-28,Received,1414.87
PO000618,SUP05,ST002,2025-01-31,2025-03-06,2025-03-06,Received,1122.82
PO000619,SUP07,ST004,2025-01-31,2025-03-11,2025-03-11,Received,890.55
PO000620,SUP05,ST006,2025-01-31,2025-03-06,2025-03-06,Received,1189.79
PO000621,SUP01,ST008,2025-01-31,2025-03-14,2025-03-14,Received,1203.89
PO000622,SUP07,ST008,2025-01-31,2025-03-11,2025-03-11,Received,1155.89
PO000623,SUP01,ST010,2025-01-31,2025-03-14,2025-03-14,Received,1594.80
PO000624,SUP02,ST012,2025-01-31,2025-02-28,2025-02-28,Received,802.02
PO000625,SUP03,ST013,2025-01-31,2025-02-16,2025-02-16,Received,860.43
PO000626,SUP04,ST014,2025-01-31,2025-03-27,2025-04-12,Received,596.33
PO000627,SUP01,ST015,2025-01-31,2025-03-14,2025-03-14,Partially received,2212.35
PO000628,SUP03,ST015,2025-01-31,2025-02-16,2025-02-18,Received,421.71
PO000629,SUP07,ST016,2025-01-31,2025-03-11,2025-03-11,Partially received,1052.39
PO000630,SUP05,ST017,2025-01-31,2025-03-06,2025-03-06,Received,758.37
PO000631,SUP07,ST018,2025-01-31,2025-03-11,2025-03-11,Received,1222.24
PO000632,SUP04,ST900,2025-01-31,2025-03-27,2025-03-27,Partially received,1600.84
PO000633,SUP05,ST001,2025-02-01,2025-03-07,2025-03-07,Partially received,4009.17
PO000634,SUP06,ST002,2025-02-01,2025-03-21,2025-03-21,Partially received,1136.00
PO000635,SUP07,ST006,2025-02-01,2025-03-12,2025-03-12,Partially received,1756.60
PO000636,SUP02,ST007,2025-02-01,2025-03-01,2025-03-01,Received,1580.81
PO000637,SUP06,ST008,2025-02-01,2025-03-21,2025-03-21,Partially received,1248.06
PO000638,SUP03,ST014,2025-02-01,2025-02-17,2025-02-17,Received,569.25
PO000639,SUP01,ST900,2025-02-01,2025-03-15,2025-03-15,Partially received,817.19
PO000640,SUP01,ST003,2025-02-02,2025-03-16,2025-03-16,Partially received,1433.35
PO000641,SUP06,ST010,2025-02-02,2025-03-22,2025-03-29,Partially received,990.98
PO000642,SUP06,ST012,2025-02-02,2025-03-22,2025-03-29,Received,1200.89
PO000643,SUP04,ST013,2025-02-02,2025-03-29,2025-03-29,Partially received,1362.83
PO000644,SUP06,ST013,2025-02-02,2025-03-22,2025-03-22,Partially received,1074.99
PO000645,SUP02,ST016,2025-02-02,2025-03-02,2025-03-02,Received,1335.22
PO000646,SUP05,ST016,2025-02-02,2025-03-08,2025-03-08,Received,2645.90
PO000647,SUP02,ST900,2025-02-02,2025-03-02,2025-03-02,Partially received,1627.68
PO000648,SUP04,ST001,2025-02-03,2025-03-30,2025-04-11,Partially received,5245.36
PO000649,SUP02,ST004,2025-02-03,2025-03-03,2025-03-03,Received,2328.53
PO000650,SUP02,ST005,2025-02-03,2025-03-03,2025-03-03,Received,355.12
PO000651,SUP02,ST006,2025-02-03,2025-03-03,2025-03-03,Received,1333.74
PO000652,SUP05,ST008,2025-02-03,2025-03-09,2025-03-09,Partially received,2408.80
PO000653,SUP03,ST011,2025-02-03,2025-02-19,2025-02-19,Partially received,2325.07
PO000654,SUP06,ST016,2025-02-03,2025-03-23,2025-03-23,Received,1267.11
PO000655,SUP03,ST017,2025-02-03,2025-02-19,2025-02-19,Received,946.45
PO000656,SUP03,ST900,2025-02-03,2025-02-19,2025-02-19,Received,2510.10
PO000657,SUP07,ST900,2025-02-03,2025-03-14,2025-03-14,Partially received,1844.60
PO000658,SUP04,ST002,2025-02-04,2025-03-31,2025-03-31,Partially received,1943.51
PO000659,SUP06,ST003,2025-02-04,2025-03-24,2025-04-04,Partially received,2332.36
PO000660,SUP06,ST005,2025-02-04,2025-03-24,2025-03-24,Received,1275.59
PO000661,SUP01,ST009,2025-02-04,2025-03-18,2025-03-18,Received,1043.57
PO000662,SUP05,ST012,2025-02-04,2025-03-10,2025-03-10,Partially received,1912.40
PO000663,SUP04,ST015,2025-02-04,2025-03-31,2025-03-31,Partially received,2597.51
PO000664,SUP04,ST016,2025-02-04,2025-03-31,2025-04-15,Partially received,1336.28
PO000665,SUP01,ST017,2025-02-04,2025-03-18,2025-03-18,Received,1132.20
PO000666,SUP07,ST017,2025-02-04,2025-03-15,2025-03-15,Partially received,1383.25
PO000667,SUP01,ST018,2025-02-04,2025-03-18,2025-03-18,Received,1256.51
PO000668,SUP03,ST001,2025-02-05,2025-02-21,2025-02-21,Partially received,1999.86
PO000669,SUP05,ST003,2025-02-05,2025-03-11,2025-03-11,Received,1827.41
PO000670,SUP04,ST005,2025-02-05,2025-04-01,2025-04-08,Partially received,2014.19
PO000671,SUP04,ST006,2025-02-05,2025-04-01,2025-04-01,Partially received,3560.10
PO000672,SUP01,ST007,2025-02-05,2025-03-19,2025-03-19,Partially received,1717.40
PO000673,SUP03,ST007,2025-02-05,2025-02-21,2025-02-21,Received,962.74
PO000674,SUP02,ST008,2025-02-05,2025-03-05,2025-03-05,Partially received,1885.45
PO000675,SUP06,ST009,2025-02-05,2025-03-25,2025-03-25,Partially received,1018.52
PO000676,SUP05,ST011,2025-02-05,2025-03-11,2025-03-11,Received,2217.97
PO000677,SUP07,ST012,2025-02-05,2025-03-16,2025-03-16,Partially received,1160.21
PO000678,SUP02,ST013,2025-02-05,2025-03-05,2025-03-10,Received,989.86
PO000679,SUP01,ST016,2025-02-05,2025-03-19,2025-03-24,Partially received,1777.90
PO000680,SUP05,ST018,2025-02-05,2025-03-11,2025-03-11,Received,1521.25
PO000681,SUP03,ST006,2025-02-06,2025-02-22,2025-02-22,Received,2370.61
PO000682,SUP07,ST007,2025-02-06,2025-03-17,2025-03-17,Partially received,1696.37
PO000683,SUP02,ST015,2025-02-06,2025-03-06,2025-03-06,Partially received,1815.81
PO000684,SUP04,ST017,2025-02-06,2025-04-02,2025-04-02,Partially received,2500.23
PO000685,SUP07,ST001,2025-02-07,2025-03-18,2025-03-18,Partially received,1966.86
PO000686,SUP04,ST003,2025-02-07,2025-04-03,2025-04-03,Received,1511.96
PO000687,SUP03,ST004,2025-02-07,2025-02-23,2025-02-23,Received,2215.62
PO000688,SUP05,ST004,2025-02-07,2025-03-13,2025-03-13,Partially received,4133.56
PO000689,SUP06,ST011,2025-02-07,2025-03-27,2025-03-27,Partially received,2203.48
PO000690,SUP03,ST012,2025-02-07,2025-02-23,2025-02-23,Received,1255.55
PO000691,SUP05,ST015,2025-02-07,2025-03-13,2025-03-13,Partially received,3385.45
PO000692,SUP02,ST018,2025-02-07,2025-03-07,2025-03-07,Received,1079.79
PO000693,SUP01,ST002,2025-02-08,2025-03-22,2025-03-22,Partially received,1303.92
PO000694,SUP07,ST005,2025-02-08,2025-03-19,2025-03-19,Received,816.78
PO000695,SUP06,ST007,2025-02-08,2025-03-28,2025-03-28,Partially received,1653.50
PO000696,SUP03,ST008,2025-02-08,2025-02-24,2025-02-24,Received,565.40
PO000697,SUP03,ST010,2025-02-08,2025-02-24,2025-02-24,Received,578.58
PO000698,SUP07,ST010,2025-02-08,2025-03-19,2025-03-19,Received,1627.44
PO000699,SUP02,ST011,2025-02-08,2025-03-08,2025-03-08,Received,1786.94
PO000700,SUP01,ST012,2025-02-08,2025-03-22,2025-03-22,Received,973.23
PO000701,SUP07,ST013,2025-02-08,2025-03-19,2025-03-23,Received,1328.00
PO000702,SUP07,ST014,2025-02-08,2025-03-19,2025-03-19,Received,1012.39
PO000703,SUP06,ST017,2025-02-08,2025-03-28,2025-04-03,Partially received,1252.21
PO000704,SUP03,ST018,2025-02-08,2025-02-24,2025-02-24,Received,1066.80
PO000705,SUP05,ST900,2025-02-08,2025-03-14,2025-03-14,Received,1799.10
PO000706,SUP05,ST009,2025-02-09,2025-03-15,2025-03-15,Partially received,1522.44
PO000707,SUP07,ST009,2025-02-09,2025-03-20,2025-03-20,Received,1398.66
PO000708,SUP07,ST011,2025-02-09,2025-03-20,2025-03-20,Partially received,2153.76
PO000709,SUP06,ST001,2025-02-10,2025-03-30,2025-04-04,Received,2189.04
PO000710,SUP06,ST006,2025-02-10,2025-03-30,2025-03-30,Received,1455.51
PO000711,SUP05,ST007,2025-02-10,2025-03-16,2025-03-16,Received,1738.52
PO000712,SUP03,ST009,2025-02-10,2025-02-26,2025-02-26,Partially received,1083.86
PO000713,SUP04,ST009,2025-02-10,2025-04-06,2025-04-20,Partially received,2924.75
PO000714,SUP05,ST010,2025-02-10,2025-03-16,2025-03-16,Received,1748.03
PO000715,SUP01,ST013,2025-02-10,2025-03-24,2025-03-24,Received,909.04
PO000716,SUP02,ST017,2025-02-10,2025-03-10,2025-03-10,Received,1462.66
PO000717,SUP07,ST002,2025-02-11,2025-03-22,2025-03-22,Received,1370.26
PO000718,SUP07,ST003,2025-02-11,2025-03-22,2025-03-22,Received,1551.30
PO000719,SUP01,ST005,2025-02-11,2025-03-25,2025-03-25,Received,622.73
PO000720,SUP04,ST007,2025-02-11,2025-04-07,2025-04-07,Partially received,3859.12
PO000721,SUP02,ST009,2025-02-11,2025-03-11,2025-03-11,Partially received,1307.28
PO000722,SUP04,ST012,2025-02-11,2025-04-07,2025-04-07,Partially received,2642.20
PO000723,SUP01,ST014,2025-02-11,2025-03-25,2025-03-25,Received,1980.14
PO000724,SUP06,ST014,2025-02-11,2025-03-31,2025-04-09,Partially received,1283.71
PO000725,SUP07,ST015,2025-02-11,2025-03-22,2025-03-22,Received,735.03
PO000726,SUP02,ST002,2025-02-12,2025-03-12,2025-03-12,Received,1269.00
PO000727,SUP03,ST002,2025-02-12,2025-02-28,2025-02-28,Received,2310.63
PO000728,SUP06,ST004,2025-02-12,2025-04-01,2025-04-01,Partially received,2449.98
PO000729,SUP03,ST005,2025-02-12,2025-02-28,2025-02-28,Received,2048.48
PO000730,SUP01,ST006,2025-02-12,2025-03-26,2025-03-26,Received,1485.78
PO000731,SUP04,ST008,2025-02-12,2025-04-08,2025-04-23,Partially received,3081.74
PO000732,SUP04,ST010,2025-02-12,2025-04-08,2025-04-08,Partially received,2997.70
PO000733,SUP01,ST011,2025-02-12,2025-03-26,2025-03-26,Received,2658.11
PO000734,SUP04,ST011,2025-02-12,2025-04-08,2025-04-08,Partially received,3765.50
PO000735,SUP02,ST014,2025-02-12,2025-03-12,2025-03-12,Partially received,1834.14
PO000736,SUP06,ST015,2025-02-12,2025-04-01,2025-04-13,Partially received,2334.84
PO000737,SUP03,ST016,2025-02-12,2025-02-28,2025-02-28,Received,1533.93
PO000738,SUP04,ST018,2025-02-12,2025-04-08,2025-04-08,Partially received,3421.45
PO000739,SUP06,ST900,2025-02-12,2025-04-01,2025-04-01,Partially received,1524.55
PO000740,SUP01,ST001,2025-02-13,2025-03-27,2025-03-27,Partially received,2537.15
PO000741,SUP02,ST003,2025-02-13,2025-03-13,2025-03-13,Received,1551.93
PO000742,SUP03,ST003,2025-02-13,2025-03-01,2025-03-01,Received,1816.73
PO000743,SUP01,ST004,2025-02-13,2025-03-27,2025-03-27,Received,2657.45
PO000744,SUP04,ST004,2025-02-13,2025-04-09,2025-04-09,Partially received,4597.24
PO000745,SUP05,ST005,2025-02-13,2025-03-19,2025-03-19,Partially received,1216.44
PO000746,SUP02,ST010,2025-02-13,2025-03-13,2025-03-13,Received,1145.48
PO000747,SUP05,ST013,2025-02-13,2025-03-19,2025-03-19,Partially received,1646.35
PO000748,SUP05,ST014,2025-02-13,2025-03-19,2025-03-19,Partially received,669.58
PO000749,SUP06,ST018,2025-02-13,2025-04-02,2025-04-11,Received,1544.95
PO000750,SUP02,ST001,2025-02-14,2025-03-14,2025-03-14,Received,1869.13
PO000751,SUP05,ST002,2025-02-14,2025-03-20,2025-03-20,Received,1154.21
PO000752,SUP07,ST004,2025-02-14,2025-03-25,2025-03-25,Partially received,2113.83
PO000753,SUP05,ST006,2025-02-14,2025-03-20,2025-03-20,Partially received,1690.88
PO000754,SUP01,ST008,2025-02-14,2025-03-28,2025-03-28,Received,1008.46
PO000755,SUP07,ST008,2025-02-14,2025-03-25,2025-03-25,Partially received,1630.87
PO000756,SUP01,ST010,2025-02-14,2025-03-28,2025-03-28,Received,1150.56
PO000757,SUP02,ST012,2025-02-14,2025-03-14,2025-03-14,Received,1214.18
PO000758,SUP03,ST013,2025-02-14,2025-03-02,2025-03-02,Partially received,2288.30
PO000759,SUP04,ST014,2025-02-14,2025-04-10,2025-04-10,Partially received,2646.25
PO000760,SUP01,ST015,2025-02-14,2025-03-28,2025-03-28,Partially received,1306.59
PO000761,SUP03,ST015,2025-02-14,2025-03-02,2025-03-02,Received,1450.38
PO000762,SUP07,ST016,2025-02-14,2025-03-25,2025-03-25,Received,1036.06
PO000763,SUP05,ST017,2025-02-14,2025-03-20,2025-03-20,Received,1539.13
PO000764,SUP07,ST018,2025-02-14,2025-03-25,2025-03-25,Partially received,1219.63
PO000765,SUP04,ST900,2025-02-14,2025-04-10,2025-04-20,Received,2204.65
PO000766,SUP05,ST001,2025-02-15,2025-03-21,2025-03-21,Received,1706.83
PO000767,SUP06,ST002,2025-02-15,2025-04-04,2025-04-04,Partially received,1334.33
PO000768,SUP07,ST006,2025-02-15,2025-03-26,2025-03-26,Received,1165.21
PO000769,SUP02,ST007,2025-02-15,2025-03-15,2025-03-15,Received,519.75
PO000770,SUP06,ST008,2025-02-15,2025-04-04,2025-04-04,Received,1283.58
PO000771,SUP03,ST014,2025-02-15,2025-03-03,2025-03-03,Received,621.51
PO000772,SUP01,ST900,2025-02-15,2025-03-29,2025-03-29,Received,2892.83
PO000773,SUP01,ST003,2025-02-16,2025-03-30,2025-03-30,Partially received,471.97
PO000774,SUP06,ST010,2025-02-16,2025-04-05,2025-04-14,Received,1723.96
PO000775,SUP06,ST012,2025-02-16,2025-04-05,2025-04-05,Received,260.92
PO000776,SUP04,ST013,2025-02-16,2025-04-12,2025-04-12,Partially received,2130.75
PO000777,SUP06,ST013,2025-02-16,2025-04-05,2025-04-05,Received,1285.88
PO000778,SUP02,ST016,2025-02-16,2025-03-16,2025-03-16,Received,323.24
PO000779,SUP05,ST016,2025-02-16,2025-03-22,2025-03-22,Received,835.75
PO000780,SUP02,ST900,2025-02-16,2025-03-16,2025-03-16,Received,1980.69
PO000781,SUP04,ST001,2025-02-17,2025-04-13,2025-04-13,Partially received,1606.43
PO000782,SUP02,ST004,2025-02-17,2025-03-17,2025-03-17,Partially received,867.17
PO000783,SUP02,ST005,2025-02-17,2025-03-17,2025-03-19,Received,342.25
PO000784,SUP02,ST006,2025-02-17,2025-03-17,2025-03-17,Received,1278.16
PO000785,SUP05,ST008,2025-02-17,2025-03-23,2025-03-23,Received,632.48
PO000786,SUP03,ST011,2025-02-17,2025-03-05,2025-03-05,Received,2737.33
PO000787,SUP06,ST016,2025-02-17,2025-04-06,2025-04-06,Received,836.67
PO000788,SUP03,ST017,2025-02-17,2025-03-05,2025-03-05,Received,672.31
PO000789,SUP03,ST900,2025-02-17,2025-03-05,2025-03-05,Received,1761.98
PO000790,SUP07,ST900,2025-02-17,2025-03-28,2025-03-28,Received,1471.88
PO000791,SUP04,ST002,2025-02-18,2025-04-14,2025-04-14,Partially received,1626.00
PO000792,SUP06,ST003,2025-02-18,2025-04-07,2025-04-07,Partially received,400.55
PO000793,SUP06,ST005,2025-02-18,2025-04-07,2025-04-07,Received,773.01
PO000794,SUP01,ST009,2025-02-18,2025-04-01,2025-04-01,Received,947.26
PO000795,SUP05,ST012,2025-02-18,2025-03-24,2025-03-24,Received,232.34
PO000796,SUP04,ST015,2025-02-18,2025-04-14,2025-04-14,Partially received,2532.03
PO000797,SUP04,ST016,2025-02-18,2025-04-14,2025-04-14,Partially received,825.71
PO000798,SUP01,ST017,2025-02-18,2025-04-01,2025-04-01,Received,1281.62
PO000799,SUP07,ST017,2025-02-18,2025-03-29,2025-03-29,Received,209.82
PO000800,SUP01,ST018,2025-02-18,2025-04-01,2025-04-01,Received,400.33
PO000801,SUP03,ST001,2025-02-19,2025-03-07,2025-03-07,Partially received,1774.18
PO000802,SUP05,ST003,2025-02-19,2025-03-25,2025-03-25,Received,944.01
PO000803,SUP04,ST005,2025-02-19,2025-04-15,2025-05-05,Received,1550.86
PO000804,SUP04,ST006,2025-02-19,2025-04-15,2025-04-24,Partially received,2602.79
PO000805,SUP01,ST007,2025-02-19,2025-04-02,2025-04-02,Partially received,960.63
PO000806,SUP03,ST007,2025-02-19,2025-03-07,2025-03-07,Received,1006.10
PO000807,SUP02,ST008,2025-02-19,2025-03-19,2025-03-19,Received,533.66
PO000808,SUP06,ST009,2025-02-19,2025-04-08,2025-04-08,Partially received,1208.96
PO000809,SUP05,ST011,2025-02-19,2025-03-25,2025-03-25,Received,1034.29
PO000810,SUP07,ST012,2025-02-19,2025-03-30,2025-03-30,Received,1406.41
PO000811,SUP02,ST013,2025-02-19,2025-03-19,2025-03-19,Received,384.27
PO000812,SUP01,ST016,2025-02-19,2025-04-02,2025-04-02,Received,715.45
PO000813,SUP05,ST018,2025-02-19,2025-03-25,2025-03-25,Received,664.55
PO000814,SUP03,ST006,2025-02-20,2025-03-08,2025-03-08,Received,1084.04
PO000815,SUP07,ST007,2025-02-20,2025-03-31,2025-03-31,Received,678.17
PO000816,SUP02,ST015,2025-02-20,2025-03-20,2025-03-20,Received,1126.16
PO000817,SUP04,ST017,2025-02-20,2025-04-16,2025-04-16,Partially received,1436.32
PO000818,SUP07,ST001,2025-02-21,2025-04-01,2025-04-01,Received,2392.43
PO000819,SUP04,ST003,2025-02-21,2025-04-17,2025-04-17,Received,1065.94
PO000820,SUP03,ST004,2025-02-21,2025-03-09,2025-03-09,Received,1416.39
PO000821,SUP05,ST004,2025-02-21,2025-03-27,2025-03-27,Received,730.06
PO000822,SUP06,ST011,2025-02-21,2025-04-10,2025-04-17,Received,3011.96
PO000823,SUP03,ST012,2025-02-21,2025-03-09,2025-03-09,Partially received,1841.16
PO000824,SUP05,ST015,2025-02-21,2025-03-27,2025-03-27,Received,918.07
PO000825,SUP02,ST018,2025-02-21,2025-03-21,2025-03-21,Partially received,581.88
PO000826,SUP01,ST002,2025-02-22,2025-04-05,2025-04-05,Received,1281.87
PO000827,SUP07,ST005,2025-02-22,2025-04-02,2025-04-02,Partially received,1203.83
PO000828,SUP06,ST007,2025-02-22,2025-04-11,2025-04-11,Received,839.37
PO000829,SUP03,ST008,2025-02-22,2025-03-10,2025-03-13,Received,1244.28
PO000830,SUP03,ST010,2025-02-22,2025-03-10,2025-03-10,Received,904.71
PO000831,SUP07,ST010,2025-02-22,2025-04-02,2025-04-02,Received,1513.22
PO000832,SUP02,ST011,2025-02-22,2025-03-22,2025-03-22,Received,702.29
PO000833,SUP01,ST012,2025-02-22,2025-04-05,2025-04-05,Partially received,1834.48
PO000834,SUP07,ST013,2025-02-22,2025-04-02,2025-04-02,Partially received,1320.50
PO000835,SUP07,ST014,2025-02-22,2025-04-02,2025-04-07,Received,1093.50
PO000836,SUP06,ST017,2025-02-22,2025-04-11,2025-04-17,Received,1043.92
PO000837,SUP03,ST018,2025-02-22,2025-03-10,2025-03-10,Received,1358.12
PO000838,SUP05,ST900,2025-02-22,2025-03-28,2025-03-28,Partially received,1804.33
PO000839,SUP05,ST009,2025-02-23,2025-03-29,2025-03-29,Received,711.43
PO000840,SUP07,ST009,2025-02-23,2025-04-03,2025-04-03,Received,1332.67
PO000841,SUP07,ST011,2025-02-23,2025-04-03,2025-04-08,Received,1728.91
PO000842,SUP06,ST001,2025-02-24,2025-04-13,2025-04-13,Received,1563.07
PO000843,SUP06,ST006,2025-02-24,2025-04-13,2025-04-13,Received,1208.43
PO000844,SUP05,ST007,2025-02-24,2025-03-30,2025-03-30,Received,816.93
PO000845,SUP03,ST009,2025-02-24,2025-03-12,2025-03-12,Received,598.69
PO000846,SUP04,ST009,2025-02-24,2025-04-20,2025-05-06,Partially received,835.52
PO000847,SUP05,ST010,2025-02-24,2025-03-30,2025-03-30,Partially received,1136.32
PO000848,SUP01,ST013,2025-02-24,2025-04-07,2025-04-07,Received,1336.43
PO000849,SUP02,ST017,2025-02-24,2025-03-24,2025-03-24,Received,603.31
PO000850,SUP07,ST002,2025-02-25,2025-04-05,2025-04-05,Received,793.41
PO000851,SUP07,ST003,2025-02-25,2025-04-05,2025-04-11,Received,1452.82
PO000852,SUP01,ST005,2025-02-25,2025-04-08,2025-04-08,Received,1107.34
PO000853,SUP04,ST007,2025-02-25,2025-04-21,2025-05-04,Partially received,2010.47
PO000854,SUP02,ST009,2025-02-25,2025-03-25,2025-03-25,Received,550.15
PO000855,SUP04,ST012,2025-02-25,2025-04-21,2025-05-09,Received,2565.28
PO000856,SUP01,ST014,2025-02-25,2025-04-08,2025-04-16,Received,2031.53
PO000857,SUP06,ST014,2025-02-25,2025-04-14,2025-04-14,Received,578.35
PO000858,SUP07,ST015,2025-02-25,2025-04-05,2025-04-05,Received,2515.29
PO000859,SUP02,ST002,2025-02-26,2025-03-26,2025-03-26,Received,195.48
PO000860,SUP03,ST002,2025-02-26,2025-03-14,2025-03-14,Partially received,1663.24
PO000861,SUP06,ST004,2025-02-26,2025-04-15,2025-04-15,Received,1389.01
PO000862,SUP03,ST005,2025-02-26,2025-03-14,2025-03-14,Partially received,549.02
PO000863,SUP01,ST006,2025-02-26,2025-04-09,2025-04-17,Received,1227.16
PO000864,SUP04,ST008,2025-02-26,2025-04-22,2025-05-09,Partially received,421.52
PO000865,SUP04,ST010,2025-02-26,2025-04-22,2025-04-29,Partially received,1737.75
PO000866,SUP01,ST011,2025-02-26,2025-04-09,2025-04-09,Received,1411.04
PO000867,SUP04,ST011,2025-02-26,2025-04-22,2025-05-12,Partially received,7934.44
PO000868,SUP02,ST014,2025-02-26,2025-03-26,2025-03-26,Received,679.87
PO000869,SUP06,ST015,2025-02-26,2025-04-15,2025-04-15,Received,761.38
PO000870,SUP03,ST016,2025-02-26,2025-03-14,2025-03-14,Received,1504.79
PO000871,SUP04,ST018,2025-02-26,2025-04-22,2025-04-29,Partially received,1227.13
PO000872,SUP06,ST900,2025-02-26,2025-04-15,2025-04-15,Partially received,1652.00
PO000873,SUP01,ST001,2025-02-27,2025-04-10,2025-04-10,Received,1402.30
PO000874,SUP02,ST003,2025-02-27,2025-03-27,2025-03-29,Received,693.02
PO000875,SUP03,ST003,2025-02-27,2025-03-15,2025-03-15,Received,1096.24
PO000876,SUP01,ST004,2025-02-27,2025-04-10,2025-04-10,Partially received,2134.75
PO000877,SUP04,ST004,2025-02-27,2025-04-23,2025-04-23,Partially received,4017.13
PO000878,SUP05,ST005,2025-02-27,2025-04-02,2025-04-02,Received,1560.12
PO000879,SUP02,ST010,2025-02-27,2025-03-27,2025-03-27,Received,410.52
PO000880,SUP05,ST013,2025-02-27,2025-04-02,2025-04-02,Received,989.12
PO000881,SUP05,ST014,2025-02-27,2025-04-02,2025-04-02,Received,1466.32
PO000882,SUP06,ST018,2025-02-27,2025-04-16,2025-04-16,Partially received,286.33
PO000883,SUP02,ST001,2025-02-28,2025-03-28,2025-03-28,Received,833.89
PO000884,SUP05,ST002,2025-02-28,2025-04-03,2025-04-03,Received,1770.81
PO000885,SUP07,ST004,2025-02-28,2025-04-08,2025-04-08,Received,2836.95
PO000886,SUP05,ST006,2025-02-28,2025-04-03,2025-04-09,Received,3114.92
PO000887,SUP01,ST008,2025-02-28,2025-04-11,2025-04-11,Received,1500.11
PO000888,SUP07,ST008,2025-02-28,2025-04-08,2025-04-08,Received,1562.13
PO000889,SUP01,ST010,2025-02-28,2025-04-11,2025-04-11,Received,1429.76
PO000890,SUP02,ST012,2025-02-28,2025-03-28,2025-03-28,Received,301.95
PO000891,SUP03,ST013,2025-02-28,2025-03-16,2025-03-16,Received,984.16
PO000892,SUP04,ST014,2025-02-28,2025-04-24,2025-04-24,Partially received,1708.84
PO000893,SUP01,ST015,2025-02-28,2025-04-11,2025-04-11,Received,1168.31
PO000894,SUP03,ST015,2025-02-28,2025-03-16,2025-03-16,Received,1208.07
PO000895,SUP07,ST016,2025-02-28,2025-04-08,2025-04-15,Partially received,1856.44
PO000896,SUP05,ST017,2025-02-28,2025-04-03,2025-04-03,Received,1121.27
PO000897,SUP07,ST018,2025-02-28,2025-04-08,2025-04-08,Partially received,1503.08
PO000898,SUP04,ST900,2025-02-28,2025-04-24,2025-04-24,Partially received,1841.01
PO000899,SUP05,ST001,2025-03-01,2025-04-04,2025-04-04,Received,4620.65
PO000900,SUP06,ST002,2025-03-01,2025-04-18,2025-04-18,Partially received,1616.56
PO000901,SUP07,ST006,2025-03-01,2025-04-09,2025-04-09,Partially received,1287.68
PO000902,SUP02,ST007,2025-03-01,2025-03-29,2025-03-29,Received,822.58
PO000903,SUP06,ST008,2025-03-01,2025-04-18,2025-04-18,Received,1033.35
PO000904,SUP03,ST014,2025-03-01,2025-03-17,2025-03-17,Received,2127.16
PO000905,SUP01,ST900,2025-03-01,2025-04-12,2025-04-12,Received,1560.41
PO000906,SUP01,ST003,2025-03-02,2025-04-13,2025-04-13,Received,2070.95
PO000907,SUP06,ST010,2025-03-02,2025-04-19,2025-04-27,Partially received,2481.30
PO000908,SUP06,ST012,2025-03-02,2025-04-19,2025-04-30,Partially received,2120.71
PO000909,SUP04,ST013,2025-03-02,2025-04-26,2025-04-26,Received,1210.80
PO000910,SUP06,ST013,2025-03-02,2025-04-19,2025-04-19,Partially received,1300.04
PO000911,SUP02,ST016,2025-03-02,2025-03-30,2025-03-30,Received,838.73
PO000912,SUP05,ST016,2025-03-02,2025-04-05,2025-04-05,Partially received,2009.88
PO000913,SUP02,ST900,2025-03-02,2025-03-30,2025-03-30,Partially received,2583.05
PO000914,SUP04,ST001,2025-03-03,2025-04-27,2025-05-13,Partially received,3519.72
PO000915,SUP02,ST004,2025-03-03,2025-03-31,2025-03-31,Received,2075.89
PO000916,SUP02,ST005,2025-03-03,2025-03-31,2025-03-31,Received,689.08
PO000917,SUP02,ST006,2025-03-03,2025-03-31,2025-03-31,Received,1241.56
PO000918,SUP05,ST008,2025-03-03,2025-04-06,2025-04-06,Received,2006.82
PO000919,SUP03,ST011,2025-03-03,2025-03-19,2025-03-19,Partially received,2134.81
PO000920,SUP06,ST016,2025-03-03,2025-04-20,2025-04-20,Received,1038.08
PO000921,SUP03,ST017,2025-03-03,2025-03-19,2025-03-19,Received,1393.60
PO000922,SUP03,ST900,2025-03-03,2025-03-19,2025-03-19,Received,3105.90
PO000923,SUP07,ST900,2025-03-03,2025-04-11,2025-04-11,Partially received,1555.47
PO000924,SUP04,ST002,2025-03-04,2025-04-28,2025-05-17,Partially received,3699.01
PO000925,SUP06,ST003,2025-03-04,2025-04-21,2025-04-21,Received,1147.56
PO000926,SUP06,ST005,2025-03-04,2025-04-21,2025-04-28,Partially received,1362.16
PO000927,SUP01,ST009,2025-03-04,2025-04-15,2025-04-15,Received,837.62
PO000928,SUP05,ST012,2025-03-04,2025-04-07,2025-04-07,Received,2440.04
PO000929,SUP04,ST015,2025-03-04,2025-04-28,2025-05-19,Partially received,1691.60
PO000930,SUP04,ST016,2025-03-04,2025-04-28,2025-04-28,Partially received,1609.68
PO000931,SUP01,ST017,2025-03-04,2025-04-15,2025-04-15,Received,1499.59
PO000932,SUP07,ST017,2025-03-04,2025-04-12,2025-04-12,Partially received,1438.75
PO000933,SUP01,ST018,2025-03-04,2025-04-15,2025-04-15,Received,1913.95
PO000934,SUP03,ST001,2025-03-05,2025-03-21,2025-03-21,Received,3850.22
PO000935,SUP05,ST003,2025-03-05,2025-04-08,2025-04-08,Partially received,2265.95
PO000936,SUP04,ST005,2025-03-05,2025-04-29,2025-05-15,Partially received,1355.34
PO000937,SUP04,ST006,2025-03-05,2025-04-29,2025-05-19,Received,1365.46
PO000938,SUP01,ST007,2025-03-05,2025-04-16,2025-04-16,Received,1781.11
PO000939,SUP03,ST007,2025-03-05,2025-03-21,2025-03-21,Received,1601.54
PO000940,SUP02,ST008,2025-03-05,2025-04-02,2025-04-02,Partially received,1916.03
PO000941,SUP06,ST009,2025-03-05,2025-04-22,2025-04-22,Received,1506.78
PO000942,SUP05,ST011,2025-03-05,2025-04-08,2025-04-08,Received,3181.48
PO000943,SUP07,ST012,2025-03-05,2025-04-13,2025-04-20,Received,1853.33
PO000944,SUP02,ST013,2025-03-05,2025-04-02,2025-04-02,Partially received,1054.52
PO000945,SUP01,ST016,2025-03-05,2025-04-16,2025-04-16,Received,1577.83
PO000946,SUP05,ST018,2025-03-05,2025-04-08,2025-04-13,Received,1396.30
PO000947,SUP03,ST006,2025-03-06,2025-03-22,2025-03-22,Received,1674.05
PO000948,SUP07,ST007,2025-03-06,2025-04-14,2025-04-14,Partially received,1376.33
PO000949,SUP02,ST015,2025-03-06,2025-04-03,2025-04-03,Partially received,1382.68
PO000950,SUP04,ST017,2025-03-06,2025-04-30,2025-04-30,Partially received,3312.10
PO000951,SUP07,ST001,2025-03-07,2025-04-15,2025-04-15,Partially received,2797.65
PO000952,SUP04,ST003,2025-03-07,2025-05-01,2025-05-01,Partially received,2867.28
PO000953,SUP03,ST004,2025-03-07,2025-03-23,2025-03-23,Received,3201.46
PO000954,SUP05,ST004,2025-03-07,2025-04-10,2025-04-15,Received,3816.63
PO000955,SUP06,ST011,2025-03-07,2025-04-24,2025-04-24,Partially received,1943.36
PO000956,SUP03,ST012,2025-03-07,2025-03-23,2025-03-23,Received,1585.85
PO000957,SUP05,ST015,2025-03-07,2025-04-10,2025-04-10,Partially received,2839.22
PO000958,SUP02,ST018,2025-03-07,2025-04-04,2025-04-04,Partially received,1103.84
PO000959,SUP01,ST002,2025-03-08,2025-04-19,2025-04-19,Partially received,997.96
PO000960,SUP07,ST005,2025-03-08,2025-04-16,2025-04-16,Received,1228.98
PO000961,SUP06,ST007,2025-03-08,2025-04-25,2025-04-25,Partially received,1453.14
PO000962,SUP03,ST008,2025-03-08,2025-03-24,2025-03-24,Partially received,1860.13
PO000963,SUP03,ST010,2025-03-08,2025-03-24,2025-03-24,Received,1509.53
PO000964,SUP07,ST010,2025-03-08,2025-04-16,2025-04-16,Partially received,1338.98
PO000965,SUP02,ST011,2025-03-08,2025-04-05,2025-04-05,Partially received,2280.95
PO000966,SUP01,ST012,2025-03-08,2025-04-19,2025-04-19,Received,992.45
PO000967,SUP07,ST013,2025-03-08,2025-04-16,2025-04-16,Partially received,1390.04
PO000968,SUP07,ST014,2025-03-08,2025-04-16,2025-04-16,Partially received,1061.79
PO000969,SUP06,ST017,2025-03-08,2025-04-25,2025-04-25,Partially received,1311.42
PO000970,SUP03,ST018,2025-03-08,2025-03-24,2025-03-24,Received,1158.73
PO000971,SUP05,ST900,2025-03-08,2025-04-11,2025-04-11,Partially received,1080.07
PO000972,SUP05,ST009,2025-03-09,2025-04-12,2025-04-12,Received,1984.19
PO000973,SUP07,ST009,2025-03-09,2025-04-17,2025-04-17,Partially received,1464.00
PO000974,SUP07,ST011,2025-03-09,2025-04-17,2025-04-17,Received,1580.45
PO000975,SUP06,ST001,2025-03-10,2025-04-27,2025-04-27,Partially received,2184.00
PO000976,SUP06,ST006,2025-03-10,2025-04-27,2025-04-27,Received,1885.34
PO000977,SUP05,ST007,2025-03-10,2025-04-13,2025-04-19,Received,2747.00
PO000978,SUP03,ST009,2025-03-10,2025-03-26,2025-03-26,Received,946.72
PO000979,SUP04,ST009,2025-03-10,2025-05-04,2025-05-04,Partially received,1722.97
PO000980,SUP05,ST010,2025-03-10,2025-04-13,2025-04-19,Received,2661.48
PO000981,SUP01,ST013,2025-03-10,2025-04-21,2025-04-29,Received,1939.37
PO000982,SUP02,ST017,2025-03-10,2025-04-07,2025-04-07,Partially received,2242.35
PO000983,SUP07,ST002,2025-03-11,2025-04-19,2025-04-19,Received,1396.13
PO000984,SUP07,ST003,2025-03-11,2025-04-19,2025-04-19,Received,1283.37
PO000985,SUP01,ST005,2025-03-11,2025-04-22,2025-04-22,Received,993.59
PO000986,SUP04,ST007,2025-03-11,2025-05-05,2025-05-23,Partially received,3274.60
PO000987,SUP02,ST009,2025-03-11,2025-04-08,2025-04-08,Received,2201.17
PO000988,SUP04,ST012,2025-03-11,2025-05-05,2025-05-22,Partially received,3368.89
PO000989,SUP01,ST014,2025-03-11,2025-04-22,2025-04-22,Partially received,1543.94
PO000990,SUP06,ST014,2025-03-11,2025-04-28,2025-04-28,Partially received,1343.00
PO000991,SUP07,ST015,2025-03-11,2025-04-19,2025-04-19,Received,1253.91
PO000992,SUP02,ST002,2025-03-12,2025-04-09,2025-04-09,Received,1794.41
PO000993,SUP03,ST002,2025-03-12,2025-03-28,2025-03-28,Partially received,1979.71
PO000994,SUP06,ST004,2025-03-12,2025-04-29,2025-04-29,Received,2769.32
PO000995,SUP03,ST005,2025-03-12,2025-03-28,2025-03-28,Received,1069.69
PO000996,SUP01,ST006,2025-03-12,2025-04-23,2025-04-23,Received,1581.17
PO000997,SUP04,ST008,2025-03-12,2025-05-06,2025-05-06,Partially received,3281.46
PO000998,SUP04,ST010,2025-03-12,2025-05-06,2025-05-06,Partially received,3269.18
PO000999,SUP01,ST011,2025-03-12,2025-04-23,2025-04-23,Partially received,3073.74
PO001000,SUP04,ST011,2025-03-12,2025-05-06,2025-05-27,Partially received,3631.80
PO001001,SUP02,ST014,2025-03-12,2025-04-09,2025-04-09,Received,1264.82
PO001002,SUP06,ST015,2025-03-12,2025-04-29,2025-05-11,Received,2761.06
PO001003,SUP03,ST016,2025-03-12,2025-03-28,2025-03-28,Partially received,1114.96
PO001004,SUP04,ST018,2025-03-12,2025-05-06,2025-05-15,Partially received,2795.20
PO001005,SUP06,ST900,2025-03-12,2025-04-29,2025-04-29,Partially received,1736.52
PO001006,SUP01,ST001,2025-03-13,2025-04-24,2025-04-24,Received,2402.33
PO001007,SUP02,ST003,2025-03-13,2025-04-10,2025-04-10,Received,2018.53
PO001008,SUP03,ST003,2025-03-13,2025-03-29,2025-03-29,Partially received,2237.90
PO001009,SUP01,ST004,2025-03-13,2025-04-24,2025-05-01,Partially received,5015.90
PO001010,SUP04,ST004,2025-03-13,2025-05-07,2025-05-07,Partially received,4054.18
PO001011,SUP05,ST005,2025-03-13,2025-04-16,2025-04-16,Partially received,1311.35
PO001012,SUP02,ST010,2025-03-13,2025-04-10,2025-04-10,Partially received,786.57
PO001013,SUP05,ST013,2025-03-13,2025-04-16,2025-04-18,Received,2301.32
PO001014,SUP05,ST014,2025-03-13,2025-04-16,2025-04-16,Received,1823.19
PO001015,SUP06,ST018,2025-03-13,2025-04-30,2025-04-30,Received,1250.23
PO001016,SUP02,ST001,2025-03-14,2025-04-11,2025-04-11,Received,2556.51
PO001017,SUP05,ST002,2025-03-14,2025-04-17,2025-04-17,Partially received,1341.09
PO001018,SUP07,ST004,2025-03-14,2025-04-22,2025-04-22,Partially received,2821.95
PO001019,SUP05,ST006,2025-03-14,2025-04-17,2025-04-17,Partially received,1413.08
PO001020,SUP01,ST008,2025-03-14,2025-04-25,2025-04-25,Received,1829.66
PO001021,SUP07,ST008,2025-03-14,2025-04-22,2025-04-22,Received,1302.10
PO001022,SUP01,ST010,2025-03-14,2025-04-25,2025-04-25,Partially received,1828.31
PO001023,SUP02,ST012,2025-03-14,2025-04-11,2025-04-11,Partially received,1334.04
PO001024,SUP03,ST013,2025-03-14,2025-03-30,2025-03-30,Partially received,1129.53
PO001025,SUP04,ST014,2025-03-14,2025-05-08,2025-05-22,Partially received,5214.35
PO001026,SUP01,ST015,2025-03-14,2025-04-25,2025-05-01,Received,1971.80
PO001027,SUP03,ST015,2025-03-14,2025-03-30,2025-03-30,Received,1575.92
PO001028,SUP07,ST016,2025-03-14,2025-04-22,2025-04-22,Received,1386.42
PO001029,SUP05,ST017,2025-03-14,2025-04-17,2025-04-17,Received,1765.27
PO001030,SUP07,ST018,2025-03-14,2025-04-22,2025-04-22,Partially received,1666.04
PO001031,SUP04,ST900,2025-03-14,2025-05-08,2025-05-08,Partially received,2420.63
PO001032,SUP05,ST001,2025-03-15,2025-04-18,2025-04-18,Received,2642.58
PO001033,SUP06,ST002,2025-03-15,2025-05-02,2025-05-02,Received,1205.07
PO001034,SUP07,ST006,2025-03-15,2025-04-23,2025-04-23,Received,1234.07
PO001035,SUP02,ST007,2025-03-15,2025-04-12,2025-04-12,Received,793.88
PO001036,SUP06,ST008,2025-03-15,2025-05-02,2025-05-07,Received,1494.80
PO001037,SUP03,ST014,2025-03-15,2025-03-31,2025-03-31,Received,1616.54
PO001038,SUP01,ST900,2025-03-15,2025-04-26,2025-04-26,Received,1287.00
PO001039,SUP01,ST003,2025-03-16,2025-04-27,2025-04-27,Received,754.42
PO001040,SUP06,ST010,2025-03-16,2025-05-03,2025-05-03,Received,1086.06
PO001041,SUP06,ST012,2025-03-16,2025-05-03,2025-05-03,Partially received,787.54
PO001042,SUP04,ST013,2025-03-16,2025-05-10,2025-05-10,Partially received,2555.07
PO001043,SUP06,ST013,2025-03-16,2025-05-03,2025-05-03,Partially received,1466.79
PO001044,SUP02,ST016,2025-03-16,2025-04-13,2025-04-13,Received,665.19
PO001045,SUP05,ST016,2025-03-16,2025-04-19,2025-04-19,Received,1455.50
PO001046,SUP02,ST900,2025-03-16,2025-04-13,2025-04-13,Partially received,1485.44
PO001047,SUP04,ST001,2025-03-17,2025-05-11,2025-05-11,Partially received,6325.50
PO001048,SUP02,ST004,2025-03-17,2025-04-14,2025-04-14,Partially received,2172.06
PO001049,SUP02,ST005,2025-03-17,2025-04-14,2025-04-14,Received,1159.87
PO001050,SUP02,ST006,2025-03-17,2025-04-14,2025-04-14,Received,1672.37
PO001051,SUP05,ST008,2025-03-17,2025-04-20,2025-04-20,Partially received,1132.84
PO001052,SUP03,ST011,2025-03-17,2025-04-02,2025-04-02,Received,1737.58
PO001053,SUP06,ST016,2025-03-17,2025-05-04,2025-05-04,Partially received,1635.88
PO001054,SUP03,ST017,2025-03-17,2025-04-02,2025-04-02,Partially received,1608.29
PO001055,SUP03,ST900,2025-03-17,2025-04-02,2025-04-02,Received,2232.00
PO001056,SUP07,ST900,2025-03-17,2025-04-25,2025-04-30,Partially received,1794.35
PO001057,SUP04,ST002,2025-03-18,2025-05-12,2025-05-21,Partially received,1016.48
PO001058,SUP06,ST003,2025-03-18,2025-05-05,2025-05-05,Received,1665.48
PO001059,SUP06,ST005,2025-03-18,2025-05-05,2025-05-05,Received,1147.97
PO001060,SUP01,ST009,2025-03-18,2025-04-29,2025-05-06,Received,1631.32
PO001061,SUP05,ST012,2025-03-18,2025-04-21,2025-04-21,Received,596.57
PO001062,SUP04,ST015,2025-03-18,2025-05-12,2025-05-12,Partially received,3918.21
PO001063,SUP04,ST016,2025-03-18,2025-05-12,2025-05-19,Received,3130.00
PO001064,SUP01,ST017,2025-03-18,2025-04-29,2025-04-29,Received,1131.16
PO001065,SUP07,ST017,2025-03-18,2025-04-26,2025-04-26,Received,899.70
PO001066,SUP01,ST018,2025-03-18,2025-04-29,2025-04-29,Received,1179.35
PO001067,SUP03,ST001,2025-03-19,2025-04-04,2025-04-04,Partially received,3889.29
PO001068,SUP05,ST003,2025-03-19,2025-04-22,2025-04-22,Received,1680.76
PO001069,SUP04,ST005,2025-03-19,2025-05-13,2025-05-13,Partially received,1907.02
PO001070,SUP04,ST006,2025-03-19,2025-05-13,2025-05-13,Partially received,3496.56
PO001071,SUP01,ST007,2025-03-19,2025-04-30,2025-04-30,Partially received,1405.14
PO001072,SUP03,ST007,2025-03-19,2025-04-04,2025-04-04,Received,1485.96
PO001073,SUP02,ST008,2025-03-19,2025-04-16,2025-04-16,Partially received,759.72
PO001074,SUP06,ST009,2025-03-19,2025-05-06,2025-05-13,Partially received,1427.62
PO001075,SUP05,ST011,2025-03-19,2025-04-22,2025-04-22,Partially received,1795.89
PO001076,SUP07,ST012,2025-03-19,2025-04-27,2025-04-27,Received,544.10
PO001077,SUP02,ST013,2025-03-19,2025-04-16,2025-04-16,Received,1010.48
PO001078,SUP01,ST016,2025-03-19,2025-04-30,2025-04-30,Received,480.73
PO001079,SUP05,ST018,2025-03-19,2025-04-22,2025-04-22,Received,841.77
PO001080,SUP03,ST006,2025-03-20,2025-04-05,2025-04-05,Received,1584.88
PO001081,SUP07,ST007,2025-03-20,2025-04-28,2025-04-28,Received,1051.31
PO001082,SUP02,ST015,2025-03-20,2025-04-17,2025-04-17,Received,574.56
PO001083,SUP04,ST017,2025-03-20,2025-05-14,2025-05-22,Partially received,3975.86
PO001084,SUP07,ST001,2025-03-21,2025-04-29,2025-04-29,Partially received,2130.75
PO001085,SUP04,ST003,2025-03-21,2025-05-15,2025-05-15,Partially received,1923.91
PO001086,SUP03,ST004,2025-03-21,2025-04-06,2025-04-06,Received,4246.41
PO001087,SUP05,ST004,2025-03-21,2025-04-24,2025-04-24,Received,2592.87
PO001088,SUP06,ST011,2025-03-21,2025-05-08,2025-05-19,Received,2694.95
PO001089,SUP03,ST012,2025-03-21,2025-04-06,2025-04-06,Received,1399.09
PO001090,SUP05,ST015,2025-03-21,2025-04-24,2025-04-24,Received,745.62
PO001091,SUP02,ST018,2025-03-21,2025-04-18,2025-04-18,Received,966.52
PO001092,SUP01,ST002,2025-03-22,2025-05-03,2025-05-03,Received,1218.25
PO001093,SUP07,ST005,2025-03-22,2025-04-30,2025-04-30,Received,699.68
PO001094,SUP06,ST007,2025-03-22,2025-05-09,2025-05-20,Partially received,1584.25
PO001095,SUP03,ST008,2025-03-22,2025-04-07,2025-04-07,Received,2588.41
PO001096,SUP03,ST010,2025-03-22,2025-04-07,2025-04-07,Received,1917.97
PO001097,SUP07,ST010,2025-03-22,2025-04-30,2025-04-30,Received,2043.35
PO001098,SUP02,ST011,2025-03-22,2025-04-19,2025-04-19,Received,1617.47
PO001099,SUP01,ST012,2025-03-22,2025-05-03,2025-05-03,Received,1401.20
PO001100,SUP07,ST013,2025-03-22,2025-04-30,2025-04-30,Received,900.64
PO001101,SUP07,ST014,2025-03-22,2025-04-30,2025-04-30,Received,1066.91
PO001102,SUP06,ST017,2025-03-22,2025-05-09,2025-05-09,Received,1487.22
PO001103,SUP03,ST018,2025-03-22,2025-04-07,2025-04-07,Received,1494.01
PO001104,SUP05,ST900,2025-03-22,2025-04-25,2025-04-25,Received,2036.63
PO001105,SUP05,ST009,2025-03-23,2025-04-26,2025-04-26,Partially received,1454.35
PO001106,SUP07,ST009,2025-03-23,2025-05-01,2025-05-01,Received,1461.84
PO001107,SUP07,ST011,2025-03-23,2025-05-01,2025-05-01,Received,2352.75
PO001108,SUP06,ST001,2025-03-24,2025-05-11,2025-05-11,Received,2126.15
PO001109,SUP06,ST006,2025-03-24,2025-05-11,2025-05-20,Received,2825.64
PO001110,SUP05,ST007,2025-03-24,2025-04-27,2025-04-27,Received,1126.73
PO001111,SUP03,ST009,2025-03-24,2025-04-09,2025-04-09,Partially received,1153.98
PO001112,SUP04,ST009,2025-03-24,2025-05-18,2025-05-18,Partially received,2323.85
PO001113,SUP05,ST010,2025-03-24,2025-04-27,2025-04-27,Received,1037.67
PO001114,SUP01,ST013,2025-03-24,2025-05-05,2025-05-05,Received,840.60
PO001115,SUP02,ST017,2025-03-24,2025-04-21,2025-04-21,Received,837.39
PO001116,SUP07,ST002,2025-03-25,2025-05-03,2025-05-03,Received,844.54
PO001117,SUP07,ST003,2025-03-25,2025-05-03,2025-05-03,Received,1524.08
PO001118,SUP01,ST005,2025-03-25,2025-05-06,2025-05-06,Received,1047.78
PO001119,SUP04,ST007,2025-03-25,2025-05-19,2025-05-31,Partially received,1642.54
PO001120,SUP02,ST009,2025-03-25,2025-04-22,2025-04-22,Received,700.54
PO001121,SUP04,ST012,2025-03-25,2025-05-19,2025-05-29,Partially received,1638.03
PO001122,SUP01,ST014,2025-03-25,2025-05-06,2025-05-06,Partially received,2371.08
PO001123,SUP06,ST014,2025-03-25,2025-05-12,2025-05-12,Received,1533.97
PO001124,SUP07,ST015,2025-03-25,2025-05-03,2025-05-03,Received,2856.60
PO001125,SUP02,ST002,2025-03-26,2025-04-23,2025-04-23,Received,830.62
PO001126,SUP03,ST002,2025-03-26,2025-04-11,2025-04-11,Received,1124.17
PO001127,SUP06,ST004,2025-03-26,2025-05-13,2025-05-13,Partially received,1894.39
PO001128,SUP03,ST005,2025-03-26,2025-04-11,2025-04-11,Received,1161.18
PO001129,SUP01,ST006,2025-03-26,2025-05-07,2025-05-07,Received,1614.46
PO001130,SUP04,ST008,2025-03-26,2025-05-20,2025-05-20,Partially received,1086.29
PO001131,SUP04,ST010,2025-03-26,2025-05-20,2025-05-30,Partially received,2243.12
PO001132,SUP01,ST011,2025-03-26,2025-05-07,2025-05-07,Received,4275.28
PO001133,SUP04,ST011,2025-03-26,2025-05-20,2025-05-20,Partially received,4041.69
PO001134,SUP02,ST014,2025-03-26,2025-04-23,2025-04-23,Received,556.19
PO001135,SUP06,ST015,2025-03-26,2025-05-13,2025-05-18,Received,546.40
PO001136,SUP03,ST016,2025-03-26,2025-04-11,2025-04-11,Received,789.76
PO001137,SUP04,ST018,2025-03-26,2025-05-20,2025-05-20,Partially received,954.09
PO001138,SUP06,ST900,2025-03-26,2025-05-13,2025-05-13,Partially received,1668.67
PO001139,SUP01,ST001,2025-03-27,2025-05-08,2025-05-08,Received,2706.47
PO001140,SUP02,ST003,2025-03-27,2025-04-24,2025-04-24,Partially received,1084.38
PO001141,SUP03,ST003,2025-03-27,2025-04-12,2025-04-12,Received,1322.14
PO001142,SUP01,ST004,2025-03-27,2025-05-08,2025-05-08,Partially received,1387.05
PO001143,SUP04,ST004,2025-03-27,2025-05-21,2025-05-21,Partially received,4129.76
PO001144,SUP05,ST005,2025-03-27,2025-04-30,2025-04-30,Received,1088.86
PO001145,SUP02,ST010,2025-03-27,2025-04-24,2025-04-24,Received,994.42
PO001146,SUP05,ST013,2025-03-27,2025-04-30,2025-04-30,Received,931.19
PO001147,SUP05,ST014,2025-03-27,2025-04-30,2025-04-30,Received,1240.81
PO001148,SUP06,ST018,2025-03-27,2025-05-14,2025-05-23,Received,1405.95
PO001149,SUP02,ST001,2025-03-28,2025-04-25,2025-04-25,Received,1201.73
PO001150,SUP05,ST002,2025-03-28,2025-05-01,2025-05-01,Received,1768.15
PO001151,SUP07,ST004,2025-03-28,2025-05-06,2025-05-06,Received,2736.25
PO001152,SUP05,ST006,2025-03-28,2025-05-01,2025-05-01,Received,1766.57
PO001153,SUP01,ST008,2025-03-28,2025-05-09,2025-05-09,Partially received,1619.52
PO001154,SUP07,ST008,2025-03-28,2025-05-06,2025-05-06,Received,2002.39
PO001155,SUP01,ST010,2025-03-28,2025-05-09,2025-05-17,Partially received,2020.85
PO001156,SUP02,ST012,2025-03-28,2025-04-25,2025-04-25,Received,535.14
PO001157,SUP03,ST013,2025-03-28,2025-04-13,2025-04-13,Partially received,833.72
PO001158,SUP04,ST014,2025-03-28,2025-05-22,2025-05-22,Partially received,839.60
PO001159,SUP01,ST015,2025-03-28,2025-05-09,2025-05-09,Received,1117.34
PO001160,SUP03,ST015,2025-03-28,2025-04-13,2025-04-13,Partially received,1853.60
PO001161,SUP07,ST016,2025-03-28,2025-05-06,2025-05-06,Received,1491.75
PO001162,SUP05,ST017,2025-03-28,2025-05-01,2025-05-01,Received,1075.86
PO001163,SUP07,ST018,2025-03-28,2025-05-06,2025-05-06,Received,1120.46
PO001164,SUP04,ST900,2025-03-28,2025-05-22,2025-06-02,Partially received,4796.97
PO001165,SUP05,ST001,2025-03-29,2025-05-02,2025-05-02,Received,3009.10
PO001166,SUP06,ST002,2025-03-29,2025-05-16,2025-05-16,Received,594.98
PO001167,SUP07,ST006,2025-03-29,2025-05-07,2025-05-07,Partially received,1490.93
PO001168,SUP02,ST007,2025-03-29,2025-04-26,2025-04-26,Received,848.71
PO001169,SUP06,ST008,2025-03-29,2025-05-16,2025-05-16,Received,133.24
PO001170,SUP03,ST014,2025-03-29,2025-04-14,2025-04-14,Received,585.83
PO001171,SUP01,ST900,2025-03-29,2025-05-10,2025-05-10,Received,1304.73
PO001172,SUP01,ST003,2025-03-30,2025-05-11,2025-05-11,Received,1081.30
PO001173,SUP06,ST010,2025-03-30,2025-05-17,2025-05-29,Partially received,1121.00
PO001174,SUP06,ST012,2025-03-30,2025-05-17,2025-05-26,Received,1780.76
PO001175,SUP04,ST013,2025-03-30,2025-05-24,2025-05-24,Partially received,1539.32
PO001176,SUP06,ST013,2025-03-30,2025-05-17,2025-05-23,Partially received,1870.59
PO001177,SUP02,ST016,2025-03-30,2025-04-27,2025-04-27,Received,1129.27
PO001178,SUP05,ST016,2025-03-30,2025-05-03,2025-05-08,Received,1491.25
PO001179,SUP02,ST900,2025-03-30,2025-04-27,2025-05-02,Received,2040.25
PO001180,SUP04,ST001,2025-03-31,2025-05-25,2025-05-25,Partially received,3281.48
PO001181,SUP02,ST004,2025-03-31,2025-04-28,2025-04-28,Received,2489.68
PO001182,SUP02,ST005,2025-03-31,2025-04-28,2025-04-28,Received,718.70
PO001183,SUP02,ST006,2025-03-31,2025-04-28,2025-04-28,Received,1474.53
PO001184,SUP05,ST008,2025-03-31,2025-05-04,2025-05-04,Received,1100.64
PO001185,SUP03,ST011,2025-03-31,2025-04-16,2025-04-16,Partially received,2911.38
PO001186,SUP06,ST016,2025-03-31,2025-05-18,2025-05-18,Received,960.91
PO001187,SUP03,ST017,2025-03-31,2025-04-16,2025-04-16,Received,1795.19
PO001188,SUP03,ST900,2025-03-31,2025-04-16,2025-04-16,Received,2907.68
PO001189,SUP07,ST900,2025-03-31,2025-05-09,2025-05-09,Partially received,1906.62
PO001190,SUP04,ST002,2025-04-01,2025-05-26,2025-06-10,Partially received,2564.74
PO001191,SUP06,ST003,2025-04-01,2025-05-19,2025-05-19,Received,1304.18
PO001192,SUP06,ST005,2025-04-01,2025-05-19,2025-05-19,Partially received,1695.59
PO001193,SUP01,ST009,2025-04-01,2025-05-13,2025-05-13,Received,1290.07
PO001194,SUP05,ST012,2025-04-01,2025-05-05,2025-05-05,Received,1420.18
PO001195,SUP04,ST015,2025-04-01,2025-05-26,2025-05-26,Partially received,3662.98
PO001196,SUP04,ST016,2025-04-01,2025-05-26,2025-05-26,Partially received,2099.55
PO001197,SUP01,ST017,2025-04-01,2025-05-13,2025-05-13,Partially received,1745.61
PO001198,SUP07,ST017,2025-04-01,2025-05-10,2025-05-10,Received,1659.39
PO001199,SUP01,ST018,2025-04-01,2025-05-13,2025-05-13,Received,1487.31
PO001200,SUP03,ST001,2025-04-02,2025-04-18,2025-04-18,Partially received,1916.59
PO001201,SUP05,ST003,2025-04-02,2025-05-06,2025-05-06,Partially received,1884.23
PO001202,SUP04,ST005,2025-04-02,2025-05-27,2025-05-27,Partially received,2066.64
PO001203,SUP04,ST006,2025-04-02,2025-05-27,2025-05-27,Partially received,2637.00
PO001204,SUP01,ST007,2025-04-02,2025-05-14,2025-05-14,Received,1080.23
PO001205,SUP03,ST007,2025-04-02,2025-04-18,2025-04-18,Received,2212.38
PO001206,SUP02,ST008,2025-04-02,2025-04-30,2025-04-30,Received,1309.95
PO001207,SUP06,ST009,2025-04-02,2025-05-20,2025-05-29,Partially received,1969.91
PO001208,SUP05,ST011,2025-04-02,2025-05-06,2025-05-06,Received,2032.84
PO001209,SUP07,ST012,2025-04-02,2025-05-11,2025-05-11,Partially received,1929.33
PO001210,SUP02,ST013,2025-04-02,2025-04-30,2025-04-30,Received,835.04
PO001211,SUP01,ST016,2025-04-02,2025-05-14,2025-05-14,Received,1688.65
PO001212,SUP05,ST018,2025-04-02,2025-05-06,2025-05-06,Received,2019.87
PO001213,SUP03,ST006,2025-04-03,2025-04-19,2025-04-19,Received,1423.15
PO001214,SUP07,ST007,2025-04-03,2025-05-12,2025-05-12,Partially received,1495.61
PO001215,SUP02,ST015,2025-04-03,2025-05-01,2025-05-01,Received,1458.78
PO001216,SUP04,ST017,2025-04-03,2025-05-28,2025-05-28,Partially received,3047.49
PO001217,SUP07,ST001,2025-04-04,2025-05-13,2025-05-13,Partially received,3380.72
PO001218,SUP04,ST003,2025-04-04,2025-05-29,2025-06-14,Partially received,1508.99
PO001219,SUP03,ST004,2025-04-04,2025-04-20,2025-04-20,Received,2464.21
PO001220,SUP05,ST004,2025-04-04,2025-05-08,2025-05-08,Received,3445.86
PO001221,SUP06,ST011,2025-04-04,2025-05-22,2025-05-31,Partially received,2786.15
PO001222,SUP03,ST012,2025-04-04,2025-04-20,2025-04-20,Partially received,1425.44
PO001223,SUP05,ST015,2025-04-04,2025-05-08,2025-05-08,Received,1481.00
PO001224,SUP02,ST018,2025-04-04,2025-05-02,2025-05-02,Received,1212.57
PO001225,SUP01,ST002,2025-04-05,2025-05-17,2025-05-20,Partially received,1146.30
PO001226,SUP07,ST005,2025-04-05,2025-05-14,2025-05-18,Received,2672.27
PO001227,SUP06,ST007,2025-04-05,2025-05-23,2025-05-23,Received,1602.48
PO001228,SUP03,ST008,2025-04-05,2025-04-21,2025-04-21,Received,2285.06
PO001229,SUP03,ST010,2025-04-05,2025-04-21,2025-04-21,Partially received,1797.08
PO001230,SUP07,ST010,2025-04-05,2025-05-14,2025-05-14,Partially received,1234.32
PO001231,SUP02,ST011,2025-04-05,2025-05-03,2025-05-05,Partially received,3254.62
PO001232,SUP01,ST012,2025-04-05,2025-05-17,2025-05-22,Received,2094.35
PO001233,SUP07,ST013,2025-04-05,2025-05-14,2025-05-14,Partially received,2387.90
PO001234,SUP07,ST014,2025-04-05,2025-05-14,2025-05-24,Received,2027.30
PO001235,SUP06,ST017,2025-04-05,2025-05-23,2025-05-23,Partially received,1036.43
PO001236,SUP03,ST018,2025-04-05,2025-04-21,2025-04-21,Received,2187.07
PO001237,SUP05,ST900,2025-04-05,2025-05-09,2025-05-09,Partially received,2276.34
PO001238,SUP05,ST009,2025-04-06,2025-05-10,2025-05-10,Partially received,2295.06
PO001239,SUP07,ST009,2025-04-06,2025-05-15,2025-05-15,Received,814.19
PO001240,SUP07,ST011,2025-04-06,2025-05-15,2025-05-15,Received,2248.29
PO001241,SUP06,ST001,2025-04-07,2025-05-25,2025-05-25,Partially received,2597.46
PO001242,SUP06,ST006,2025-04-07,2025-05-25,2025-05-25,Partially received,1506.08
PO001243,SUP05,ST007,2025-04-07,2025-05-11,2025-05-11,Partially received,2340.30
PO001244,SUP03,ST009,2025-04-07,2025-04-23,2025-04-23,Received,2161.03
PO001245,SUP04,ST009,2025-04-07,2025-06-01,2025-06-09,Partially received,3269.17
PO001246,SUP05,ST010,2025-04-07,2025-05-11,2025-05-11,Received,2894.18
PO001247,SUP01,ST013,2025-04-07,2025-05-19,2025-05-19,Received,1445.56
PO001248,SUP02,ST017,2025-04-07,2025-05-05,2025-05-05,Partially received,1729.53
PO001249,SUP07,ST002,2025-04-08,2025-05-17,2025-05-17,Partially received,1136.84
PO001250,SUP07,ST003,2025-04-08,2025-05-17,2025-05-17,Received,1080.08
PO001251,SUP01,ST005,2025-04-08,2025-05-20,2025-05-20,Partially received,1823.83
PO001252,SUP04,ST007,2025-04-08,2025-06-02,2025-06-11,Partially received,3252.48
PO001253,SUP02,ST009,2025-04-08,2025-05-06,2025-05-06,Partially received,1728.41
PO001254,SUP04,ST012,2025-04-08,2025-06-02,2025-06-02,Partially received,2466.45
PO001255,SUP01,ST014,2025-04-08,2025-05-20,2025-05-20,Received,1801.95
PO001256,SUP06,ST014,2025-04-08,2025-05-26,2025-05-26,Partially received,1210.91
PO001257,SUP07,ST015,2025-04-08,2025-05-17,2025-05-27,Partially received,3079.66
PO001258,SUP02,ST002,2025-04-09,2025-05-07,2025-05-07,Received,1058.07
PO001259,SUP03,ST002,2025-04-09,2025-04-25,2025-04-25,Received,1232.91
PO001260,SUP06,ST004,2025-04-09,2025-05-27,2025-05-31,Partially received,1890.52
PO001261,SUP03,ST005,2025-04-09,2025-04-25,2025-04-25,Received,1702.73
PO001262,SUP01,ST006,2025-04-09,2025-05-21,2025-05-21,Received,1876.30
PO001263,SUP04,ST008,2025-04-09,2025-06-03,2025-06-03,Partially received,2596.98
PO001264,SUP04,ST010,2025-04-09,2025-06-03,2025-06-12,Partially received,2953.91
PO001265,SUP01,ST011,2025-04-09,2025-05-21,2025-05-21,Received,1858.37
PO001266,SUP04,ST011,2025-04-09,2025-06-03,2025-06-21,Partially received,2469.71
PO001267,SUP02,ST014,2025-04-09,2025-05-07,2025-05-07,Received,840.74
PO001268,SUP06,ST015,2025-04-09,2025-05-27,2025-05-27,Received,1539.88
PO001269,SUP03,ST016,2025-04-09,2025-04-25,2025-04-25,Received,1485.50
PO001270,SUP04,ST018,2025-04-09,2025-06-03,2025-06-03,Partially received,2896.38
PO001271,SUP06,ST900,2025-04-09,2025-05-27,2025-05-27,Partially received,1878.92
PO001272,SUP01,ST001,2025-04-10,2025-05-22,2025-05-25,Partially received,2893.88
PO001273,SUP02,ST003,2025-04-10,2025-05-08,2025-05-08,Received,2092.63
PO001274,SUP03,ST003,2025-04-10,2025-04-26,2025-04-26,Partially received,1403.81
PO001275,SUP01,ST004,2025-04-10,2025-05-22,2025-05-22,Received,2778.08
PO001276,SUP04,ST004,2025-04-10,2025-06-04,2025-06-04,Partially received,7127.77
PO001277,SUP05,ST005,2025-04-10,2025-05-14,2025-05-14,Received,3064.38
PO001278,SUP02,ST010,2025-04-10,2025-05-08,2025-05-08,Partially received,1389.85
PO001279,SUP05,ST013,2025-04-10,2025-05-14,2025-05-14,Partially received,2016.18
PO001280,SUP05,ST014,2025-04-10,2025-05-14,2025-05-14,Received,1737.53
PO001281,SUP06,ST018,2025-04-10,2025-05-28,2025-05-28,Partially received,1430.87
PO001282,SUP02,ST001,2025-04-11,2025-05-09,2025-05-09,Received,2394.75
PO001283,SUP05,ST002,2025-04-11,2025-05-15,2025-05-15,Partially received,1838.09
PO001284,SUP07,ST004,2025-04-11,2025-05-20,2025-05-20,Partially received,2549.34
PO001285,SUP05,ST006,2025-04-11,2025-05-15,2025-05-15,Received,3924.30
PO001286,SUP01,ST008,2025-04-11,2025-05-23,2025-05-23,Received,1823.92
PO001287,SUP07,ST008,2025-04-11,2025-05-20,2025-05-20,Partially received,1393.61
PO001288,SUP01,ST010,2025-04-11,2025-05-23,2025-05-23,Partially received,1301.29
PO001289,SUP02,ST012,2025-04-11,2025-05-09,2025-05-14,Partially received,2183.56
PO001290,SUP03,ST013,2025-04-11,2025-04-27,2025-04-27,Received,1616.21
PO001291,SUP04,ST014,2025-04-11,2025-06-05,2025-06-19,Partially received,2992.61
PO001292,SUP01,ST015,2025-04-11,2025-05-23,2025-05-23,Partially received,1968.46
PO001293,SUP03,ST015,2025-04-11,2025-04-27,2025-04-27,Partially received,1908.49
PO001294,SUP07,ST016,2025-04-11,2025-05-20,2025-05-20,Partially received,1311.02
PO001295,SUP05,ST017,2025-04-11,2025-05-15,2025-05-18,Partially received,1696.83
PO001296,SUP07,ST018,2025-04-11,2025-05-20,2025-05-20,Partially received,1863.05
PO001297,SUP04,ST900,2025-04-11,2025-06-05,2025-06-05,Partially received,3545.10
PO001298,SUP05,ST001,2025-04-12,2025-05-16,2025-05-16,Partially received,3296.48
PO001299,SUP06,ST002,2025-04-12,2025-05-30,2025-05-30,Partially received,2210.71
PO001300,SUP07,ST006,2025-04-12,2025-05-21,2025-05-21,Partially received,2103.34
PO001301,SUP02,ST007,2025-04-12,2025-05-10,2025-05-10,Received,1036.41
PO001302,SUP06,ST008,2025-04-12,2025-05-30,2025-05-30,Received,1614.99
PO001303,SUP03,ST014,2025-04-12,2025-04-28,2025-04-28,Received,1818.76
PO001304,SUP01,ST900,2025-04-12,2025-05-24,2025-05-24,Received,3597.60
PO001305,SUP01,ST003,2025-04-13,2025-05-25,2025-05-25,Received,1715.01
PO001306,SUP06,ST010,2025-04-13,2025-05-31,2025-05-31,Partially received,1737.98
PO001307,SUP06,ST012,2025-04-13,2025-05-31,2025-05-31,Received,586.54
PO001308,SUP04,ST013,2025-04-13,2025-06-07,2025-06-07,Partially received,2955.13
PO001309,SUP06,ST013,2025-04-13,2025-05-31,2025-05-31,Received,1267.92
PO001310,SUP02,ST016,2025-04-13,2025-05-11,2025-05-11,Received,959.26
PO001311,SUP05,ST016,2025-04-13,2025-05-17,2025-05-17,Received,1853.45
PO001312,SUP02,ST900,2025-04-13,2025-05-11,2025-05-11,Received,3458.81
PO001313,SUP04,ST001,2025-04-14,2025-06-08,2025-06-22,Partially received,7567.10
PO001314,SUP02,ST004,2025-04-14,2025-05-12,2025-05-12,Received,2914.14
PO001315,SUP02,ST005,2025-04-14,2025-05-12,2025-05-14,Received,1184.19
PO001316,SUP02,ST006,2025-04-14,2025-05-12,2025-05-12,Partially received,1059.57
PO001317,SUP05,ST008,2025-04-14,2025-05-18,2025-05-18,Received,727.96
PO001318,SUP03,ST011,2025-04-14,2025-04-30,2025-04-30,Partially received,3855.14
PO001319,SUP06,ST016,2025-04-14,2025-06-01,2025-06-01,Received,1099.00
PO001320,SUP03,ST017,2025-04-14,2025-04-30,2025-04-30,Partially received,2264.62
PO001321,SUP03,ST900,2025-04-14,2025-04-30,2025-04-30,Received,3127.69
PO001322,SUP07,ST900,2025-04-14,2025-05-23,2025-05-23,Received,3238.91
PO001323,SUP04,ST002,2025-04-15,2025-06-09,2025-06-09,Partially received,2463.26
PO001324,SUP06,ST003,2025-04-15,2025-06-02,2025-06-02,Received,1294.09
PO001325,SUP06,ST005,2025-04-15,2025-06-02,2025-06-02,Received,1248.83
PO001326,SUP01,ST009,2025-04-15,2025-05-27,2025-05-27,Received,591.34
PO001327,SUP05,ST012,2025-04-15,2025-05-19,2025-05-19,Received,1239.03
PO001328,SUP04,ST015,2025-04-15,2025-06-09,2025-06-28,Partially received,4458.80
PO001329,SUP04,ST016,2025-04-15,2025-06-09,2025-06-09,Received,2308.92
PO001330,SUP01,ST017,2025-04-15,2025-05-27,2025-05-27,Partially received,1425.77
PO001331,SUP07,ST017,2025-04-15,2025-05-24,2025-05-24,Received,936.55
PO001332,SUP01,ST018,2025-04-15,2025-05-27,2025-05-27,Received,1847.52
PO001333,SUP03,ST001,2025-04-16,2025-05-02,2025-05-05,Received,2646.68
PO001334,SUP05,ST003,2025-04-16,2025-05-20,2025-05-23,Partially received,2240.53
PO001335,SUP04,ST005,2025-04-16,2025-06-10,2025-06-10,Partially received,2611.71
PO001336,SUP04,ST006,2025-04-16,2025-06-10,2025-06-10,Partially received,3470.24
PO001337,SUP01,ST007,2025-04-16,2025-05-28,2025-05-28,Received,1470.63
PO001338,SUP03,ST007,2025-04-16,2025-05-02,2025-05-05,Received,1497.29
PO001339,SUP02,ST008,2025-04-16,2025-05-14,2025-05-14,Received,944.17
PO001340,SUP06,ST009,2025-04-16,2025-06-03,2025-06-11,Received,1513.24
PO001341,SUP05,ST011,2025-04-16,2025-05-20,2025-05-20,Received,2876.03
PO001342,SUP07,ST012,2025-04-16,2025-05-25,2025-05-25,Received,513.19
PO001343,SUP02,ST013,2025-04-16,2025-05-14,2025-05-14,Received,2370.51
PO001344,SUP01,ST016,2025-04-16,2025-05-28,2025-05-28,Partially received,1273.57
PO001345,SUP05,ST018,2025-04-16,2025-05-20,2025-05-20,Received,543.02
PO001346,SUP03,ST006,2025-04-17,2025-05-03,2025-05-03,Received,1243.54
PO001347,SUP07,ST007,2025-04-17,2025-05-26,2025-05-26,Received,1013.86
PO001348,SUP02,ST015,2025-04-17,2025-05-15,2025-05-15,Received,1072.50
PO001349,SUP04,ST017,2025-04-17,2025-06-11,2025-06-11,Partially received,2575.35
PO001350,SUP07,ST001,2025-04-18,2025-05-27,2025-05-27,Partially received,3862.53
PO001351,SUP04,ST003,2025-04-18,2025-06-12,2025-06-12,Partially received,2907.96
PO001352,SUP03,ST004,2025-04-18,2025-05-04,2025-05-04,Partially received,3450.96
PO001353,SUP05,ST004,2025-04-18,2025-05-22,2025-05-22,Received,3222.25
PO001354,SUP06,ST011,2025-04-18,2025-06-05,2025-06-05,Received,1498.27
PO001355,SUP03,ST012,2025-04-18,2025-05-04,2025-05-04,Received,2284.02
PO001356,SUP05,ST015,2025-04-18,2025-05-22,2025-05-22,Received,1140.29
PO001357,SUP02,ST018,2025-04-18,2025-05-16,2025-05-16,Received,1036.16
PO001358,SUP01,ST002,2025-04-19,2025-05-31,2025-05-31,Received,1057.81
PO001359,SUP07,ST005,2025-04-19,2025-05-28,2025-06-06,Received,1492.43
PO001360,SUP06,ST007,2025-04-19,2025-06-06,2025-06-06,Received,1352.72
PO001361,SUP03,ST008,2025-04-19,2025-05-05,2025-05-05,Partially received,1141.94
PO001362,SUP03,ST010,2025-04-19,2025-05-05,2025-05-05,Received,2268.53
PO001363,SUP07,ST010,2025-04-19,2025-05-28,2025-05-28,Received,1067.11
PO001364,SUP02,ST011,2025-04-19,2025-05-17,2025-05-17,Received,1919.12
PO001365,SUP01,ST012,2025-04-19,2025-05-31,2025-05-31,Received,1304.39
PO001366,SUP07,ST013,2025-04-19,2025-05-28,2025-05-28,Received,1550.25
PO001367,SUP07,ST014,2025-04-19,2025-05-28,2025-05-28,Partially received,573.00
PO001368,SUP06,ST017,2025-04-19,2025-06-06,2025-06-06,Partially received,1951.17
PO001369,SUP03,ST018,2025-04-19,2025-05-05,2025-05-05,Received,853.47
PO001370,SUP05,ST900,2025-04-19,2025-05-23,2025-05-23,Received,2621.29
PO001371,SUP05,ST009,2025-04-20,2025-05-24,2025-05-24,Received,912.90
PO001372,SUP07,ST009,2025-04-20,2025-05-29,2025-05-29,Received,732.80
PO001373,SUP07,ST011,2025-04-20,2025-05-29,2025-05-29,Received,2899.45
PO001374,SUP06,ST001,2025-04-21,2025-06-08,2025-06-08,Received,2164.49
PO001375,SUP06,ST006,2025-04-21,2025-06-08,2025-06-16,Received,1842.61
PO001376,SUP05,ST007,2025-04-21,2025-05-25,2025-05-25,Received,1135.38
PO001377,SUP03,ST009,2025-04-21,2025-05-07,2025-05-07,Partially received,2473.70
PO001378,SUP04,ST009,2025-04-21,2025-06-15,2025-06-15,Partially received,1893.36
PO001379,SUP05,ST010,2025-04-21,2025-05-25,2025-05-31,Received,1932.13
PO001380,SUP01,ST013,2025-04-21,2025-06-02,2025-06-02,Partially received,1855.62
PO001381,SUP02,ST017,2025-04-21,2025-05-19,2025-05-19,Received,970.44
PO001382,SUP07,ST002,2025-04-22,2025-05-31,2025-05-31,Received,595.64
PO001383,SUP07,ST003,2025-04-22,2025-05-31,2025-06-06,Received,1695.55
PO001384,SUP01,ST005,2025-04-22,2025-06-03,2025-06-03,Received,1187.32
PO001385,SUP04,ST007,2025-04-22,2025-06-16,2025-06-16,Partially received,768.60
PO001386,SUP02,ST009,2025-04-22,2025-05-20,2025-05-20,Received,595.07
PO001387,SUP04,ST012,2025-04-22,2025-06-16,2025-06-16,Partially received,1298.97
PO001388,SUP01,ST014,2025-04-22,2025-06-03,2025-06-03,Received,1317.10
PO001389,SUP06,ST014,2025-04-22,2025-06-09,2025-06-09,Received,1849.20
PO001390,SUP07,ST015,2025-04-22,2025-05-31,2025-05-31,Partially received,2111.86
PO001391,SUP02,ST002,2025-04-23,2025-05-21,2025-05-25,Received,981.33
PO001392,SUP03,ST002,2025-04-23,2025-05-09,2025-05-09,Received,1369.47
PO001393,SUP06,ST004,2025-04-23,2025-06-10,2025-06-10,Partially received,1370.39
PO001394,SUP03,ST005,2025-04-23,2025-05-09,2025-05-09,Received,539.61
PO001395,SUP01,ST006,2025-04-23,2025-06-04,2025-06-04,Received,1171.29
PO001396,SUP04,ST008,2025-04-23,2025-06-17,2025-06-27,Partially received,3113.18
PO001397,SUP04,ST010,2025-04-23,2025-06-17,2025-06-17,Received,1010.62
PO001398,SUP01,ST011,2025-04-23,2025-06-04,2025-06-04,Received,2482.53
PO001399,SUP04,ST011,2025-04-23,2025-06-17,2025-06-17,Partially received,4828.48
PO001400,SUP02,ST014,2025-04-23,2025-05-21,2025-05-21,Received,1354.01
PO001401,SUP06,ST015,2025-04-23,2025-06-10,2025-06-10,Partially received,1211.89
PO001402,SUP03,ST016,2025-04-23,2025-05-09,2025-05-09,Partially received,1424.81
PO001403,SUP04,ST018,2025-04-23,2025-06-17,2025-07-03,Partially received,1750.20
PO001404,SUP06,ST900,2025-04-23,2025-06-10,2025-06-10,Partially received,2256.41
PO001405,SUP01,ST001,2025-04-24,2025-06-05,2025-06-05,Received,2444.35
PO001406,SUP02,ST003,2025-04-24,2025-05-22,2025-05-22,Received,929.28
PO001407,SUP03,ST003,2025-04-24,2025-05-10,2025-05-10,Received,1793.24
PO001408,SUP01,ST004,2025-04-24,2025-06-05,2025-06-05,Partially received,3176.92
PO001409,SUP04,ST004,2025-04-24,2025-06-18,2025-06-18,Partially received,3486.03
PO001410,SUP05,ST005,2025-04-24,2025-05-28,2025-05-28,Received,1573.28
PO001411,SUP02,ST010,2025-04-24,2025-05-22,2025-05-22,Received,1025.03
PO001412,SUP05,ST013,2025-04-24,2025-05-28,2025-05-28,Received,1481.39
PO001413,SUP05,ST014,2025-04-24,2025-05-28,2025-05-28,Received,2175.21
PO001414,SUP06,ST018,2025-04-24,2025-06-11,2025-06-11,Received,1137.48
PO001415,SUP02,ST001,2025-04-25,2025-05-23,2025-05-28,Received,2634.70
PO001416,SUP05,ST002,2025-04-25,2025-05-29,2025-05-29,Received,1251.02
PO001417,SUP07,ST004,2025-04-25,2025-06-03,2025-06-03,Partially received,2858.58
PO001418,SUP05,ST006,2025-04-25,2025-05-29,2025-05-29,Received,1145.47
PO001419,SUP01,ST008,2025-04-25,2025-06-06,2025-06-09,Received,1886.32
PO001420,SUP07,ST008,2025-04-25,2025-06-03,2025-06-03,Received,982.83
PO001421,SUP01,ST010,2025-04-25,2025-06-06,2025-06-06,Received,2215.35
PO001422,SUP02,ST012,2025-04-25,2025-05-23,2025-05-23,Received,533.70
PO001423,SUP03,ST013,2025-04-25,2025-05-11,2025-05-11,Received,2767.31
PO001424,SUP04,ST014,2025-04-25,2025-06-19,2025-06-19,Partially received,1329.46
PO001425,SUP01,ST015,2025-04-25,2025-06-06,2025-06-06,Received,1590.42
PO001426,SUP03,ST015,2025-04-25,2025-05-11,2025-05-11,Partially received,2307.69
PO001427,SUP07,ST016,2025-04-25,2025-06-03,2025-06-03,Received,1016.03
PO001428,SUP05,ST017,2025-04-25,2025-05-29,2025-05-29,Partially received,909.50
PO001429,SUP07,ST018,2025-04-25,2025-06-03,2025-06-03,Partially received,944.69
PO001430,SUP04,ST900,2025-04-25,2025-06-19,2025-06-19,Partially received,3586.82
PO001431,SUP05,ST001,2025-04-26,2025-05-30,2025-05-30,Received,2371.95
PO001432,SUP06,ST002,2025-04-26,2025-06-13,2025-06-13,Received,1260.53
PO001433,SUP07,ST006,2025-04-26,2025-06-04,2025-06-04,Received,2846.80
PO001434,SUP02,ST007,2025-04-26,2025-05-24,2025-05-24,Received,1086.67
PO001435,SUP06,ST008,2025-04-26,2025-06-13,2025-06-13,Partially received,1719.30
PO001436,SUP03,ST014,2025-04-26,2025-05-12,2025-05-12,Partially received,1852.89
PO001437,SUP01,ST900,2025-04-26,2025-06-07,2025-06-07,Partially received,3777.32
PO001438,SUP01,ST003,2025-04-27,2025-06-08,2025-06-08,Partially received,1459.46
PO001439,SUP06,ST010,2025-04-27,2025-06-14,2025-06-14,Received,1220.06
PO001440,SUP06,ST012,2025-04-27,2025-06-14,2025-06-14,Received,1861.85
PO001441,SUP04,ST013,2025-04-27,2025-06-21,2025-06-21,Partially received,1727.92
PO001442,SUP06,ST013,2025-04-27,2025-06-14,2025-06-25,Received,2010.29
PO001443,SUP02,ST016,2025-04-27,2025-05-25,2025-05-25,Received,1220.66
PO001444,SUP05,ST016,2025-04-27,2025-05-31,2025-05-31,Received,800.21
PO001445,SUP02,ST900,2025-04-27,2025-05-25,2025-05-25,Received,2380.25
PO001446,SUP04,ST001,2025-04-28,2025-06-22,2025-06-22,Partially received,3547.12
PO001447,SUP02,ST004,2025-04-28,2025-05-26,2025-05-26,Received,2357.91
PO001448,SUP02,ST005,2025-04-28,2025-05-26,2025-05-26,Received,552.27
PO001449,SUP02,ST006,2025-04-28,2025-05-26,2025-05-26,Received,1590.31
PO001450,SUP05,ST008,2025-04-28,2025-06-01,2025-06-01,Received,850.45
PO001451,SUP03,ST011,2025-04-28,2025-05-14,2025-05-14,Received,1808.72
PO001452,SUP06,ST016,2025-04-28,2025-06-15,2025-06-15,Received,1009.03
PO001453,SUP03,ST017,2025-04-28,2025-05-14,2025-05-14,Received,1531.54
PO001454,SUP03,ST900,2025-04-28,2025-05-14,2025-05-14,Received,2555.26
PO001455,SUP07,ST900,2025-04-28,2025-06-06,2025-06-06,Partially received,3104.24
PO001456,SUP04,ST002,2025-04-29,2025-06-23,2025-06-23,Partially received,1750.47
PO001457,SUP06,ST003,2025-04-29,2025-06-16,2025-06-16,Received,437.54
PO001458,SUP06,ST005,2025-04-29,2025-06-16,2025-06-16,Received,1778.60
PO001459,SUP01,ST009,2025-04-29,2025-06-10,2025-06-10,Received,1728.41
PO001460,SUP05,ST012,2025-04-29,2025-06-02,2025-06-02,Received,1082.61
PO001461,SUP04,ST015,2025-04-29,2025-06-23,2025-07-11,Partially received,1747.16
PO001462,SUP04,ST016,2025-04-29,2025-06-23,2025-07-13,Partially received,3571.88
PO001463,SUP01,ST017,2025-04-29,2025-06-10,2025-06-10,Received,1408.73
PO001464,SUP07,ST017,2025-04-29,2025-06-07,2025-06-11,Received,2183.27
PO001465,SUP01,ST018,2025-04-29,2025-06-10,2025-06-10,Partially received,1480.38
PO001466,SUP03,ST001,2025-04-30,2025-05-16,2025-05-16,Received,2429.03
PO001467,SUP05,ST003,2025-04-30,2025-06-03,2025-06-03,Received,1466.05
PO001468,SUP04,ST005,2025-04-30,2025-06-24,2025-06-24,Partially received,919.37
PO001469,SUP04,ST006,2025-04-30,2025-06-24,2025-07-11,Partially received,909.01
PO001470,SUP01,ST007,2025-04-30,2025-06-11,2025-06-18,Received,2558.45
PO001471,SUP03,ST007,2025-04-30,2025-05-16,2025-05-16,Received,1637.01
PO001472,SUP02,ST008,2025-04-30,2025-05-28,2025-05-28,Received,945.82
PO001473,SUP06,ST009,2025-04-30,2025-06-17,2025-06-17,Partially received,749.04
PO001474,SUP05,ST011,2025-04-30,2025-06-03,2025-06-03,Received,2563.26
PO001475,SUP07,ST012,2025-04-30,2025-06-08,2025-06-08,Received,1302.46
PO001476,SUP02,ST013,2025-04-30,2025-05-28,2025-05-28,Received,901.22
PO001477,SUP01,ST016,2025-04-30,2025-06-11,2025-06-14,Received,1094.34
PO001478,SUP05,ST018,2025-04-30,2025-06-03,2025-06-03,Received,1549.93
PO001479,SUP03,ST006,2025-05-01,2025-05-17,2025-05-17,Received,1801.32
PO001480,SUP07,ST007,2025-05-01,2025-06-09,2025-06-09,Received,1519.72
PO001481,SUP02,ST015,2025-05-01,2025-05-29,2025-05-29,Received,997.51
PO001482,SUP04,ST017,2025-05-01,2025-06-25,2025-06-25,Partially received,3841.27
PO001483,SUP07,ST001,2025-05-02,2025-06-10,2025-06-10,Partially received,4785.80
PO001484,SUP04,ST003,2025-05-02,2025-06-26,2025-06-26,Partially received,1435.33
PO001485,SUP03,ST004,2025-05-02,2025-05-18,2025-05-18,Received,2580.52
PO001486,SUP05,ST004,2025-05-02,2025-06-05,2025-06-05,Partially received,4618.22
PO001487,SUP06,ST011,2025-05-02,2025-06-19,2025-06-19,Received,2176.00
PO001488,SUP03,ST012,2025-05-02,2025-05-18,2025-05-18,Partially received,2164.52
PO001489,SUP05,ST015,2025-05-02,2025-06-05,2025-06-05,Partially received,1859.14
PO001490,SUP02,ST018,2025-05-02,2025-05-30,2025-05-30,Partially received,819.17
PO001491,SUP01,ST002,2025-05-03,2025-06-14,2025-06-14,Partially received,1406.70
PO001492,SUP07,ST005,2025-05-03,2025-06-11,2025-06-11,Partially received,1264.90
PO001493,SUP06,ST007,2025-05-03,2025-06-20,2025-06-24,Partially received,1596.36
PO001494,SUP03,ST008,2025-05-03,2025-05-19,2025-05-19,Received,2507.74
PO001495,SUP03,ST010,2025-05-03,2025-05-19,2025-05-19,Received,1126.92
PO001496,SUP07,ST010,2025-05-03,2025-06-11,2025-06-11,Received,2075.58
PO001497,SUP02,ST011,2025-05-03,2025-05-31,2025-05-31,Received,1906.67
PO001498,SUP01,ST012,2025-05-03,2025-06-14,2025-06-14,Received,1953.52
PO001499,SUP07,ST013,2025-05-03,2025-06-11,2025-06-11,Partially received,2052.46
PO001500,SUP07,ST014,2025-05-03,2025-06-11,2025-06-17,Received,1984.99
PO001501,SUP06,ST017,2025-05-03,2025-06-20,2025-06-26,Partially received,1867.33
PO001502,SUP03,ST018,2025-05-03,2025-05-19,2025-05-19,Received,1107.42
PO001503,SUP05,ST900,2025-05-03,2025-06-06,2025-06-06,Partially received,2537.56
PO001504,SUP05,ST009,2025-05-04,2025-06-07,2025-06-07,Received,920.21
PO001505,SUP07,ST009,2025-05-04,2025-06-12,2025-06-12,Received,1435.03
PO001506,SUP07,ST011,2025-05-04,2025-06-12,2025-06-12,Partially received,4134.29
PO001507,SUP06,ST001,2025-05-05,2025-06-22,2025-06-22,Partially received,1854.08
PO001508,SUP06,ST006,2025-05-05,2025-06-22,2025-06-22,Partially received,2637.77
PO001509,SUP05,ST007,2025-05-05,2025-06-08,2025-06-08,Partially received,2479.80
PO001510,SUP03,ST009,2025-05-05,2025-05-21,2025-05-21,Received,2020.61
PO001511,SUP04,ST009,2025-05-05,2025-06-29,2025-07-14,Partially received,1765.41
PO001512,SUP05,ST010,2025-05-05,2025-06-08,2025-06-08,Received,2179.44
PO001513,SUP01,ST013,2025-05-05,2025-06-16,2025-06-16,Received,1134.37
PO001514,SUP02,ST017,2025-05-05,2025-06-02,2025-06-02,Received,1579.71
PO001515,SUP07,ST002,2025-05-06,2025-06-14,2025-06-14,Received,1265.38
PO001516,SUP07,ST003,2025-05-06,2025-06-14,2025-06-14,Partially received,1873.54
PO001517,SUP01,ST005,2025-05-06,2025-06-17,2025-06-17,Received,1654.88
PO001518,SUP04,ST007,2025-05-06,2025-06-30,2025-07-12,Partially received,3539.18
PO001519,SUP02,ST009,2025-05-06,2025-06-03,2025-06-03,Received,860.79
PO001520,SUP04,ST012,2025-05-06,2025-06-30,2025-06-30,Partially received,2156.74
PO001521,SUP01,ST014,2025-05-06,2025-06-17,2025-06-17,Received,1244.58
PO001522,SUP06,ST014,2025-05-06,2025-06-23,2025-06-23,Partially received,1746.57
PO001523,SUP07,ST015,2025-05-06,2025-06-14,2025-06-21,Partially received,3996.78
PO001524,SUP02,ST002,2025-05-07,2025-06-04,2025-06-04,Received,958.35
PO001525,SUP03,ST002,2025-05-07,2025-05-23,2025-05-23,Partially received,2242.43
PO001526,SUP06,ST004,2025-05-07,2025-06-24,2025-06-24,Received,1527.90
PO001527,SUP03,ST005,2025-05-07,2025-05-23,2025-05-23,Received,1828.08
PO001528,SUP01,ST006,2025-05-07,2025-06-18,2025-06-18,Received,2679.78
PO001529,SUP04,ST008,2025-05-07,2025-07-01,2025-07-21,Partially received,2988.32
PO001530,SUP04,ST010,2025-05-07,2025-07-01,2025-07-13,Partially received,4175.56
PO001531,SUP01,ST011,2025-05-07,2025-06-18,2025-06-24,Received,4303.15
PO001532,SUP04,ST011,2025-05-07,2025-07-01,2025-07-01,Partially received,4866.75
PO001533,SUP02,ST014,2025-05-07,2025-06-04,2025-06-04,Partially received,1263.78
PO001534,SUP06,ST015,2025-05-07,2025-06-24,2025-07-01,Partially received,2763.06
PO001535,SUP03,ST016,2025-05-07,2025-05-23,2025-05-23,Received,2229.29
PO001536,SUP04,ST018,2025-05-07,2025-07-01,2025-07-01,Partially received,3824.28
PO001537,SUP06,ST900,2025-05-07,2025-06-24,2025-07-02,Partially received,2474.95
PO001538,SUP01,ST001,2025-05-08,2025-06-19,2025-06-19,Received,2366.67
PO001539,SUP02,ST003,2025-05-08,2025-06-05,2025-06-05,Partially received,1908.70
PO001540,SUP03,ST003,2025-05-08,2025-05-24,2025-05-24,Received,1692.73
PO001541,SUP01,ST004,2025-05-08,2025-06-19,2025-06-19,Partially received,2523.45
PO001542,SUP04,ST004,2025-05-08,2025-07-02,2025-07-02,Partially received,5057.19
PO001543,SUP05,ST005,2025-05-08,2025-06-11,2025-06-11,Partially received,1861.81
PO001544,SUP02,ST010,2025-05-08,2025-06-05,2025-06-05,Received,1851.56
PO001545,SUP05,ST013,2025-05-08,2025-06-11,2025-06-11,Partially received,2613.05
PO001546,SUP05,ST014,2025-05-08,2025-06-11,2025-06-11,Partially received,1355.53
PO001547,SUP06,ST018,2025-05-08,2025-06-25,2025-07-04,Received,1538.75
PO001548,SUP02,ST001,2025-05-09,2025-06-06,2025-06-06,Received,2324.14
PO001549,SUP05,ST002,2025-05-09,2025-06-12,2025-06-12,Received,2244.44
PO001550,SUP07,ST004,2025-05-09,2025-06-17,2025-06-17,Partially received,1763.97
PO001551,SUP05,ST006,2025-05-09,2025-06-12,2025-06-12,Partially received,2997.27
PO001552,SUP01,ST008,2025-05-09,2025-06-20,2025-06-20,Received,1421.82
PO001553,SUP07,ST008,2025-05-09,2025-06-17,2025-06-17,Partially received,1686.98
PO001554,SUP01,ST010,2025-05-09,2025-06-20,2025-06-20,Partially received,1554.28
PO001555,SUP02,ST012,2025-05-09,2025-06-06,2025-06-06,Received,2430.93
PO001556,SUP03,ST013,2025-05-09,2025-05-25,2025-05-25,Received,1642.64
PO001557,SUP04,ST014,2025-05-09,2025-07-03,2025-07-03,Partially received,3582.78
PO001558,SUP01,ST015,2025-05-09,2025-06-20,2025-06-20,Received,1852.31
PO001559,SUP03,ST015,2025-05-09,2025-05-25,2025-05-25,Received,2907.17
PO001560,SUP07,ST016,2025-05-09,2025-06-17,2025-06-17,Partially received,1640.05
PO001561,SUP05,ST017,2025-05-09,2025-06-12,2025-06-12,Received,1784.15
PO001562,SUP07,ST018,2025-05-09,2025-06-17,2025-06-17,Partially received,1325.06
PO001563,SUP04,ST900,2025-05-09,2025-07-03,2025-07-13,Partially received,3750.43
PO001564,SUP05,ST001,2025-05-10,2025-06-13,2025-06-13,Partially received,2839.26
PO001565,SUP06,ST002,2025-05-10,2025-06-27,2025-06-27,Partially received,1485.43
PO001566,SUP07,ST006,2025-05-10,2025-06-18,2025-06-18,Partially received,2732.10
PO001567,SUP02,ST007,2025-05-10,2025-06-07,2025-06-07,Received,1141.50
PO001568,SUP06,ST008,2025-05-10,2025-06-27,2025-07-06,Partially received,1766.88
PO001569,SUP03,ST014,2025-05-10,2025-05-26,2025-05-26,Received,1091.62
PO001570,SUP01,ST900,2025-05-10,2025-06-21,2025-06-21,Partially received,2997.26
PO001571,SUP01,ST003,2025-05-11,2025-06-22,2025-06-22,Partially received,1633.39
PO001572,SUP06,ST010,2025-05-11,2025-06-28,2025-06-28,Partially received,1780.36
PO001573,SUP06,ST012,2025-05-11,2025-06-28,2025-06-28,Partially received,1710.74
PO001574,SUP04,ST013,2025-05-11,2025-07-05,2025-07-18,Partially received,3829.15
PO001575,SUP06,ST013,2025-05-11,2025-06-28,2025-06-28,Received,1485.68
PO001576,SUP02,ST016,2025-05-11,2025-06-08,2025-06-08,Partially received,1243.90
PO001577,SUP05,ST016,2025-05-11,2025-06-14,2025-06-14,Received,2852.83
PO001578,SUP02,ST900,2025-05-11,2025-06-08,2025-06-08,Partially received,3398.42
PO001579,SUP04,ST001,2025-05-12,2025-07-06,2025-07-15,Partially received,5530.86
PO001580,SUP02,ST004,2025-05-12,2025-06-09,2025-06-09,Received,3063.80
PO001581,SUP02,ST005,2025-05-12,2025-06-09,2025-06-09,Received,1868.34
PO001582,SUP02,ST006,2025-05-12,2025-06-09,2025-06-09,Received,1423.99
PO001583,SUP05,ST008,2025-05-12,2025-06-15,2025-06-15,Received,1335.86
PO001584,SUP03,ST011,2025-05-12,2025-05-28,2025-05-28,Partially received,3286.69
PO001585,SUP06,ST016,2025-05-12,2025-06-29,2025-06-29,Received,2270.17
PO001586,SUP03,ST017,2025-05-12,2025-05-28,2025-05-28,Received,1802.86
PO001587,SUP03,ST900,2025-05-12,2025-05-28,2025-05-28,Partially received,4351.36
PO001588,SUP07,ST900,2025-05-12,2025-06-20,2025-06-20,Partially received,2857.42
PO001589,SUP04,ST002,2025-05-13,2025-07-07,2025-07-07,Partially received,2410.62
PO001590,SUP06,ST003,2025-05-13,2025-06-30,2025-06-30,Partially received,1000.50
PO001591,SUP06,ST005,2025-05-13,2025-06-30,2025-06-30,Partially received,1504.51
PO001592,SUP01,ST009,2025-05-13,2025-06-24,2025-06-24,Received,1494.64
PO001593,SUP05,ST012,2025-05-13,2025-06-16,2025-06-16,Received,2260.25
PO001594,SUP04,ST015,2025-05-13,2025-07-07,2025-07-07,Partially received,5135.42
PO001595,SUP04,ST016,2025-05-13,2025-07-07,2025-07-18,Partially received,2723.24
PO001596,SUP01,ST017,2025-05-13,2025-06-24,2025-06-24,Received,1419.22
PO001597,SUP07,ST017,2025-05-13,2025-06-21,2025-06-21,Received,1685.34
PO001598,SUP01,ST018,2025-05-13,2025-06-24,2025-06-28,Received,1145.08
PO001599,SUP03,ST001,2025-05-14,2025-05-30,2025-05-30,Partially received,3913.06
PO001600,SUP05,ST003,2025-05-14,2025-06-17,2025-06-17,Received,2506.15
PO001601,SUP04,ST005,2025-05-14,2025-07-08,2025-07-08,Partially received,3008.10
PO001602,SUP04,ST006,2025-05-14,2025-07-08,2025-07-08,Partially received,5432.85
PO001603,SUP01,ST007,2025-05-14,2025-06-25,2025-06-25,Received,1652.50
PO001604,SUP03,ST007,2025-05-14,2025-05-30,2025-05-30,Received,2013.18
PO001605,SUP02,ST008,2025-05-14,2025-06-11,2025-06-11,Received,1265.64
PO001606,SUP06,ST009,2025-05-14,2025-07-01,2025-07-09,Partially received,2192.76
PO001607,SUP05,ST011,2025-05-14,2025-06-17,2025-06-17,Received,3856.65
PO001608,SUP07,ST012,2025-05-14,2025-06-22,2025-06-22,Partially received,1327.00
PO001609,SUP02,ST013,2025-05-14,2025-06-11,2025-06-11,Received,2889.71
PO001610,SUP01,ST016,2025-05-14,2025-06-25,2025-06-25,Received,1971.99
PO001611,SUP05,ST018,2025-05-14,2025-06-17,2025-06-17,Received,1936.40
PO001612,SUP03,ST006,2025-05-15,2025-05-31,2025-05-31,Received,1627.11
PO001613,SUP07,ST007,2025-05-15,2025-06-23,2025-06-23,Partially received,830.28
PO001614,SUP02,ST015,2025-05-15,2025-06-12,2025-06-12,Partially received,2588.89
PO001615,SUP04,ST017,2025-05-15,2025-07-09,2025-07-09,Partially received,2887.08
PO001616,SUP07,ST001,2025-05-16,2025-06-24,2025-07-03,Partially received,3780.12
PO001617,SUP04,ST003,2025-05-16,2025-07-10,2025-07-10,Partially received,2178.54
PO001618,SUP03,ST004,2025-05-16,2025-06-01,2025-06-01,Partially received,3084.03
PO001619,SUP05,ST004,2025-05-16,2025-06-19,2025-06-19,Partially received,3270.79
PO001620,SUP06,ST011,2025-05-16,2025-07-03,2025-07-03,Partially received,2011.26
PO001621,SUP03,ST012,2025-05-16,2025-06-01,2025-06-01,Received,2147.69
PO001622,SUP05,ST015,2025-05-16,2025-06-19,2025-06-23,Received,1694.92
PO001623,SUP02,ST018,2025-05-16,2025-06-13,2025-06-13,Received,1773.62
PO001624,SUP01,ST002,2025-05-17,2025-06-28,2025-06-28,Received,774.37
PO001625,SUP07,ST005,2025-05-17,2025-06-25,2025-06-25,Received,1125.62
PO001626,SUP06,ST007,2025-05-17,2025-07-04,2025-07-04,Received,1212.28
PO001627,SUP03,ST008,2025-05-17,2025-06-02,2025-06-05,Partially received,819.72
PO001628,SUP03,ST010,2025-05-17,2025-06-02,2025-06-05,Received,2307.83
PO001629,SUP07,ST010,2025-05-17,2025-06-25,2025-06-28,Partially received,827.51
PO001630,SUP02,ST011,2025-05-17,2025-06-14,2025-06-14,Received,2505.69
PO001631,SUP01,ST012,2025-05-17,2025-06-28,2025-06-28,Partially received,1613.48
PO001632,SUP07,ST013,2025-05-17,2025-06-25,2025-06-25,Received,1446.01
PO001633,SUP07,ST014,2025-05-17,2025-06-25,2025-06-28,Received,1308.13
PO001634,SUP06,ST017,2025-05-17,2025-07-04,2025-07-15,Received,1159.68
PO001635,SUP03,ST018,2025-05-17,2025-06-02,2025-06-02,Received,1235.28
PO001636,SUP05,ST900,2025-05-17,2025-06-20,2025-06-20,Received,1552.71
PO001637,SUP05,ST009,2025-05-18,2025-06-21,2025-06-21,Received,1605.39
PO001638,SUP07,ST009,2025-05-18,2025-06-26,2025-06-26,Partially received,1163.93
PO001639,SUP07,ST011,2025-05-18,2025-06-26,2025-06-26,Received,3733.14
PO001640,SUP06,ST001,2025-05-19,2025-07-06,2025-07-06,Partially received,3180.55
PO001641,SUP06,ST006,2025-05-19,2025-07-06,2025-07-06,Partially received,1476.43
PO001642,SUP05,ST007,2025-05-19,2025-06-22,2025-06-22,Received,448.12
PO001643,SUP03,ST009,2025-05-19,2025-06-04,2025-06-04,Partially received,1078.46
PO001644,SUP04,ST009,2025-05-19,2025-07-13,2025-07-25,Partially received,2411.13
PO001645,SUP05,ST010,2025-05-19,2025-06-22,2025-06-22,Received,1067.60
PO001646,SUP01,ST013,2025-05-19,2025-06-30,2025-06-30,Received,1194.83
PO001647,SUP02,ST017,2025-05-19,2025-06-16,2025-06-16,Received,1300.12
PO001648,SUP07,ST002,2025-05-20,2025-06-28,2025-06-28,Received,942.41
PO001649,SUP07,ST003,2025-05-20,2025-06-28,2025-06-28,Received,1026.86
PO001650,SUP01,ST005,2025-05-20,2025-07-01,2025-07-01,Received,2568.00
PO001651,SUP04,ST007,2025-05-20,2025-07-14,2025-07-14,Partially received,2137.89
PO001652,SUP02,ST009,2025-05-20,2025-06-17,2025-06-17,Received,824.50
PO001653,SUP04,ST012,2025-05-20,2025-07-14,2025-08-02,Partially received,4003.90
PO001654,SUP01,ST014,2025-05-20,2025-07-01,2025-07-01,Partially received,1304.36
PO001655,SUP06,ST014,2025-05-20,2025-07-07,2025-07-07,Partially received,1445.68
PO001656,SUP07,ST015,2025-05-20,2025-06-28,2025-06-28,Received,1042.45
PO001657,SUP02,ST002,2025-05-21,2025-06-18,2025-06-18,Received,1458.44
PO001658,SUP03,ST002,2025-05-21,2025-06-06,2025-06-06,Partially received,1668.92
PO001659,SUP06,ST004,2025-05-21,2025-07-08,2025-07-08,Received,2443.55
PO001660,SUP03,ST005,2025-05-21,2025-06-06,2025-06-06,Received,1672.06
PO001661,SUP01,ST006,2025-05-21,2025-07-02,2025-07-02,Received,2263.32
PO001662,SUP04,ST008,2025-05-21,2025-07-15,2025-07-15,Partially received,2619.80
PO001663,SUP04,ST010,2025-05-21,2025-07-15,2025-07-15,Partially received,1419.84
PO001664,SUP01,ST011,2025-05-21,2025-07-02,2025-07-02,Received,2268.42
PO001665,SUP04,ST011,2025-05-21,2025-07-15,2025-08-05,Partially received,4691.09
PO001666,SUP02,ST014,2025-05-21,2025-06-18,2025-06-18,Received,976.44
PO001667,SUP06,ST015,2025-05-21,2025-07-08,2025-07-08,Partially received,1199.48
PO001668,SUP03,ST016,2025-05-21,2025-06-06,2025-06-06,Received,1752.94
PO001669,SUP04,ST018,2025-05-21,2025-07-15,2025-07-15,Partially received,1528.73
PO001670,SUP06,ST900,2025-05-21,2025-07-08,2025-07-19,Partially received,2904.25
PO001671,SUP01,ST001,2025-05-22,2025-07-03,2025-07-09,Received,3212.98
PO001672,SUP02,ST003,2025-05-22,2025-06-19,2025-06-19,Received,585.98
PO001673,SUP03,ST003,2025-05-22,2025-06-07,2025-06-07,Received,2156.82
PO001674,SUP01,ST004,2025-05-22,2025-07-03,2025-07-06,Received,2960.79
PO001675,SUP04,ST004,2025-05-22,2025-07-16,2025-07-16,Partially received,3981.68
PO001676,SUP05,ST005,2025-05-22,2025-06-25,2025-06-25,Partially received,1686.87
PO001677,SUP02,ST010,2025-05-22,2025-06-19,2025-06-19,Partially received,1099.22
PO001678,SUP05,ST013,2025-05-22,2025-06-25,2025-06-25,Received,1833.68
PO001679,SUP05,ST014,2025-05-22,2025-06-25,2025-06-25,Partially received,1701.12
PO001680,SUP06,ST018,2025-05-22,2025-07-09,2025-07-14,Received,1371.15
PO001681,SUP02,ST001,2025-05-23,2025-06-20,2025-06-20,Received,1624.10
PO001682,SUP05,ST002,2025-05-23,2025-06-26,2025-06-30,Received,1764.66
PO001683,SUP07,ST004,2025-05-23,2025-07-01,2025-07-01,Received,1946.49
PO001684,SUP05,ST006,2025-05-23,2025-06-26,2025-06-26,Partially received,1373.62
PO001685,SUP01,ST008,2025-05-23,2025-07-04,2025-07-04,Received,1049.69
PO001686,SUP07,ST008,2025-05-23,2025-07-01,2025-07-06,Partially received,1506.93
PO001687,SUP01,ST010,2025-05-23,2025-07-04,2025-07-04,Received,1922.89
PO001688,SUP02,ST012,2025-05-23,2025-06-20,2025-06-20,Received,702.83
PO001689,SUP03,ST013,2025-05-23,2025-06-08,2025-06-08,Received,708.06
PO001690,SUP04,ST014,2025-05-23,2025-07-17,2025-07-31,Partially received,2738.58
PO001691,SUP01,ST015,2025-05-23,2025-07-04,2025-07-04,Received,1766.05
PO001692,SUP03,ST015,2025-05-23,2025-06-08,2025-06-08,Received,887.12
PO001693,SUP07,ST016,2025-05-23,2025-07-01,2025-07-01,Received,1905.49
PO001694,SUP05,ST017,2025-05-23,2025-06-26,2025-06-26,Received,1229.41
PO001695,SUP07,ST018,2025-05-23,2025-07-01,2025-07-01,Received,1083.29
PO001696,SUP04,ST900,2025-05-23,2025-07-17,2025-08-02,Partially received,3656.09
PO001697,SUP05,ST001,2025-05-24,2025-06-27,2025-06-27,Received,2391.76
PO001698,SUP06,ST002,2025-05-24,2025-07-11,2025-07-11,Received,873.44
PO001699,SUP07,ST006,2025-05-24,2025-07-02,2025-07-08,Received,2641.62
PO001700,SUP02,ST007,2025-05-24,2025-06-21,2025-06-21,Received,860.97
PO001701,SUP06,ST008,2025-05-24,2025-07-11,2025-07-11,Received,439.20
PO001702,SUP03,ST014,2025-05-24,2025-06-09,2025-06-09,Received,1776.83
PO001703,SUP01,ST900,2025-05-24,2025-07-05,2025-07-05,Partially received,3162.51
PO001704,SUP01,ST003,2025-05-25,2025-07-06,2025-07-06,Partially received,1539.47
PO001705,SUP06,ST010,2025-05-25,2025-07-12,2025-07-12,Received,556.18
PO001706,SUP06,ST012,2025-05-25,2025-07-12,2025-07-12,Received,1067.48
PO001707,SUP04,ST013,2025-05-25,2025-07-19,2025-07-19,Partially received,455.10
PO001708,SUP06,ST013,2025-05-25,2025-07-12,2025-07-12,Received,1524.03
PO001709,SUP02,ST016,2025-05-25,2025-06-22,2025-06-22,Received,599.21
PO001710,SUP05,ST016,2025-05-25,2025-06-28,2025-06-28,Received,1439.04
PO001711,SUP02,ST900,2025-05-25,2025-06-22,2025-06-22,Received,2629.86
PO001712,SUP04,ST001,2025-05-26,2025-07-20,2025-07-20,Partially received,3170.89
PO001713,SUP02,ST004,2025-05-26,2025-06-23,2025-06-23,Received,888.19
PO001714,SUP02,ST005,2025-05-26,2025-06-23,2025-06-23,Received,937.34
PO001715,SUP02,ST006,2025-05-26,2025-06-23,2025-06-23,Received,1146.12
PO001716,SUP05,ST008,2025-05-26,2025-06-29,2025-06-29,Received,390.17
PO001717,SUP03,ST011,2025-05-26,2025-06-11,2025-06-11,Partially received,3864.01
PO001718,SUP06,ST016,2025-05-26,2025-07-13,2025-07-13,Partially received,1130.44
PO001719,SUP03,ST017,2025-05-26,2025-06-11,2025-06-11,Received,946.85
PO001720,SUP03,ST900,2025-05-26,2025-06-11,2025-06-11,Partially received,3055.03
PO001721,SUP07,ST900,2025-05-26,2025-07-04,2025-07-13,Partially received,3206.41
PO001722,SUP04,ST002,2025-05-27,2025-07-21,2025-07-21,Partially received,3273.84
PO001723,SUP06,ST003,2025-05-27,2025-07-14,2025-07-14,Received,1606.07
PO001724,SUP06,ST005,2025-05-27,2025-07-14,2025-07-14,Received,1722.44
PO001725,SUP01,ST009,2025-05-27,2025-07-08,2025-07-08,Received,963.18
PO001726,SUP05,ST012,2025-05-27,2025-06-30,2025-06-30,Received,821.67
PO001727,SUP04,ST015,2025-05-27,2025-07-21,2025-07-29,Partially received,3856.28
PO001728,SUP04,ST016,2025-05-27,2025-07-21,2025-08-03,Partially received,3583.95
PO001729,SUP01,ST017,2025-05-27,2025-07-08,2025-07-08,Received,2611.70
PO001730,SUP07,ST017,2025-05-27,2025-07-05,2025-07-10,Partially received,1893.93
PO001731,SUP01,ST018,2025-05-27,2025-07-08,2025-07-08,Received,1498.81
PO001732,SUP03,ST001,2025-05-28,2025-06-13,2025-06-13,Partially received,1768.06
PO001733,SUP05,ST003,2025-05-28,2025-07-01,2025-07-01,Received,1290.46
PO001734,SUP04,ST005,2025-05-28,2025-07-22,2025-08-04,Partially received,2761.51
PO001735,SUP04,ST006,2025-05-28,2025-07-22,2025-07-22,Partially received,2907.95
PO001736,SUP01,ST007,2025-05-28,2025-07-09,2025-07-09,Received,1973.25
PO001737,SUP03,ST007,2025-05-28,2025-06-13,2025-06-13,Received,1590.99
PO001738,SUP02,ST008,2025-05-28,2025-06-25,2025-06-30,Received,1067.67
PO001739,SUP06,ST009,2025-05-28,2025-07-15,2025-07-15,Received,938.62
PO001740,SUP05,ST011,2025-05-28,2025-07-01,2025-07-01,Received,2182.47
PO001741,SUP07,ST012,2025-05-28,2025-07-06,2025-07-11,Received,1022.21
PO001742,SUP02,ST013,2025-05-28,2025-06-25,2025-06-25,Received,620.91
PO001743,SUP01,ST016,2025-05-28,2025-07-09,2025-07-09,Received,1195.98
PO001744,SUP05,ST018,2025-05-28,2025-07-01,2025-07-01,Received,815.50
PO001745,SUP03,ST006,2025-05-29,2025-06-14,2025-06-14,Received,3062.05
PO001746,SUP07,ST007,2025-05-29,2025-07-07,2025-07-07,Received,1233.55
PO001747,SUP02,ST015,2025-05-29,2025-06-26,2025-06-26,Received,999.73
PO001748,SUP04,ST017,2025-05-29,2025-07-23,2025-08-02,Partially received,4211.94
PO001749,SUP07,ST001,2025-05-30,2025-07-08,2025-07-08,Partially received,3446.86
PO001750,SUP04,ST003,2025-05-30,2025-07-24,2025-07-24,Partially received,2243.65
PO001751,SUP03,ST004,2025-05-30,2025-06-15,2025-06-15,Received,1677.83
PO001752,SUP05,ST004,2025-05-30,2025-07-03,2025-07-09,Received,2029.87
PO001753,SUP06,ST011,2025-05-30,2025-07-17,2025-07-17,Received,1668.00
PO001754,SUP03,ST012,2025-05-30,2025-06-15,2025-06-15,Received,1491.58
PO001755,SUP05,ST015,2025-05-30,2025-07-03,2025-07-03,Partially received,2142.65
PO001756,SUP02,ST018,2025-05-30,2025-06-27,2025-06-27,Received,689.85
PO001757,SUP01,ST002,2025-05-31,2025-07-12,2025-07-12,Received,804.15
PO001758,SUP07,ST005,2025-05-31,2025-07-09,2025-07-14,Received,1381.76
PO001759,SUP06,ST007,2025-05-31,2025-07-18,2025-07-18,Partially received,1619.94
PO001760,SUP03,ST008,2025-05-31,2025-06-16,2025-06-16,Received,727.91
PO001761,SUP03,ST010,2025-05-31,2025-06-16,2025-06-16,Received,2058.48
PO001762,SUP07,ST010,2025-05-31,2025-07-09,2025-07-09,Partially received,1870.15
PO001763,SUP02,ST011,2025-05-31,2025-06-28,2025-06-28,Received,2201.51
PO001764,SUP01,ST012,2025-05-31,2025-07-12,2025-07-12,Partially received,1605.39
PO001765,SUP07,ST013,2025-05-31,2025-07-09,2025-07-09,Received,1519.76
PO001766,SUP07,ST014,2025-05-31,2025-07-09,2025-07-09,Partially received,1514.84
PO001767,SUP06,ST017,2025-05-31,2025-07-18,2025-07-18,Received,585.98
PO001768,SUP03,ST018,2025-05-31,2025-06-16,2025-06-16,Received,829.00
PO001769,SUP05,ST900,2025-05-31,2025-07-04,2025-07-04,Received,2435.37
PO001770,SUP05,ST009,2025-06-01,2025-07-05,2025-07-05,Received,1455.38
PO001771,SUP07,ST009,2025-06-01,2025-07-10,2025-07-10,Received,1583.09
PO001772,SUP07,ST011,2025-06-01,2025-07-10,2025-07-10,Partially received,4743.91
PO001773,SUP06,ST001,2025-06-02,2025-07-20,2025-07-20,Partially received,2471.09
PO001774,SUP06,ST006,2025-06-02,2025-07-20,2025-07-20,Partially received,1857.88
PO001775,SUP05,ST007,2025-06-02,2025-07-06,2025-07-06,Received,2016.96
PO001776,SUP03,ST009,2025-06-02,2025-06-18,2025-06-18,Received,2179.78
PO001777,SUP04,ST009,2025-06-02,2025-07-27,2025-08-10,Partially received,3771.86
PO001778,SUP05,ST010,2025-06-02,2025-07-06,2025-07-06,Partially received,1840.03
PO001779,SUP01,ST013,2025-06-02,2025-07-14,2025-07-19,Partially received,1639.93
PO001780,SUP02,ST017,2025-06-02,2025-06-30,2025-06-30,Received,1148.88
PO001781,SUP07,ST002,2025-06-03,2025-07-12,2025-07-12,Received,1250.06
PO001782,SUP07,ST003,2025-06-03,2025-07-12,2025-07-12,Received,1304.09
PO001783,SUP01,ST005,2025-06-03,2025-07-15,2025-07-15,Received,899.17
PO001784,SUP04,ST007,2025-06-03,2025-07-28,2025-08-12,Partially received,4112.66
PO001785,SUP02,ST009,2025-06-03,2025-07-01,2025-07-01,Received,782.54
PO001786,SUP04,ST012,2025-06-03,2025-07-28,2025-08-11,Partially received,4223.49
PO001787,SUP01,ST014,2025-06-03,2025-07-15,2025-07-15,Partially received,2294.94
PO001788,SUP06,ST014,2025-06-03,2025-07-21,2025-07-21,Partially received,2330.85
PO001789,SUP07,ST015,2025-06-03,2025-07-12,2025-07-12,Partially received,1911.30
PO001790,SUP02,ST002,2025-06-04,2025-07-02,2025-07-02,Received,1247.41
PO001791,SUP03,ST002,2025-06-04,2025-06-20,2025-06-20,Partially received,1975.27
PO001792,SUP06,ST004,2025-06-04,2025-07-22,2025-07-22,Partially received,2702.28
PO001793,SUP03,ST005,2025-06-04,2025-06-20,2025-06-20,Received,1656.81
PO001794,SUP01,ST006,2025-06-04,2025-07-16,2025-07-16,Partially received,2241.77
PO001795,SUP04,ST008,2025-06-04,2025-07-29,2025-07-29,Partially received,2219.93
PO001796,SUP04,ST010,2025-06-04,2025-07-29,2025-08-09,Partially received,2795.50
PO001797,SUP01,ST011,2025-06-04,2025-07-16,2025-07-19,Partially received,4925.80
PO001798,SUP04,ST011,2025-06-04,2025-07-29,2025-07-29,Partially received,6198.75
PO001799,SUP02,ST014,2025-06-04,2025-07-02,2025-07-02,Received,1905.83
PO001800,SUP06,ST015,2025-06-04,2025-07-22,2025-07-22,Received,1762.79
PO001801,SUP03,ST016,2025-06-04,2025-06-20,2025-06-20,Received,1169.85
PO001802,SUP04,ST018,2025-06-04,2025-07-29,2025-07-29,Partially received,2648.68
PO001803,SUP06,ST900,2025-06-04,2025-07-22,2025-07-22,Partially received,1930.32
PO001804,SUP01,ST001,2025-06-05,2025-07-17,2025-07-17,Received,2270.65
PO001805,SUP02,ST003,2025-06-05,2025-07-03,2025-07-03,Received,1529.31
PO001806,SUP03,ST003,2025-06-05,2025-06-21,2025-06-21,Partially received,1380.07
PO001807,SUP01,ST004,2025-06-05,2025-07-17,2025-07-17,Received,1965.05
PO001808,SUP04,ST004,2025-06-05,2025-07-30,2025-08-19,Partially received,4962.08
PO001809,SUP05,ST005,2025-06-05,2025-07-09,2025-07-09,Received,813.79
PO001810,SUP02,ST010,2025-06-05,2025-07-03,2025-07-03,Received,2445.69
PO001811,SUP05,ST013,2025-06-05,2025-07-09,2025-07-09,Received,1670.89
PO001812,SUP05,ST014,2025-06-05,2025-07-09,2025-07-09,Received,1294.05
PO001813,SUP06,ST018,2025-06-05,2025-07-23,2025-07-23,Received,1656.76
PO001814,SUP02,ST001,2025-06-06,2025-07-04,2025-07-04,Partially received,2522.38
PO001815,SUP05,ST002,2025-06-06,2025-07-10,2025-07-14,Received,2386.03
PO001816,SUP07,ST004,2025-06-06,2025-07-15,2025-07-15,Partially received,3092.18
PO001817,SUP05,ST006,2025-06-06,2025-07-10,2025-07-10,Partially received,1557.86
PO001818,SUP01,ST008,2025-06-06,2025-07-18,2025-07-18,Received,1321.45
PO001819,SUP07,ST008,2025-06-06,2025-07-15,2025-07-15,Received,1310.82
PO001820,SUP01,ST010,2025-06-06,2025-07-18,2025-07-18,Received,1489.37
PO001821,SUP02,ST012,2025-06-06,2025-07-04,2025-07-04,Received,1540.45
PO001822,SUP03,ST013,2025-06-06,2025-06-22,2025-06-22,Received,1109.11
PO001823,SUP04,ST014,2025-06-06,2025-07-31,2025-07-31,Partially received,1721.95
PO001824,SUP01,ST015,2025-06-06,2025-07-18,2025-07-18,Received,1954.58
PO001825,SUP03,ST015,2025-06-06,2025-06-22,2025-06-22,Received,1458.14
PO001826,SUP07,ST016,2025-06-06,2025-07-15,2025-07-15,Partially received,2397.83
PO001827,SUP05,ST017,2025-06-06,2025-07-10,2025-07-10,Received,2372.73
PO001828,SUP07,ST018,2025-06-06,2025-07-15,2025-07-15,Partially received,1231.32
PO001829,SUP04,ST900,2025-06-06,2025-07-31,2025-07-31,Partially received,4175.26
PO001830,SUP05,ST001,2025-06-07,2025-07-11,2025-07-11,Received,3070.53
PO001831,SUP06,ST002,2025-06-07,2025-07-25,2025-08-05,Partially received,1794.73
PO001832,SUP07,ST006,2025-06-07,2025-07-16,2025-07-19,Received,3155.25
PO001833,SUP02,ST007,2025-06-07,2025-07-05,2025-07-05,Received,1869.10
PO001834,SUP06,ST008,2025-06-07,2025-07-25,2025-07-31,Partially received,1674.98
PO001835,SUP03,ST014,2025-06-07,2025-06-23,2025-06-23,Received,2284.39
PO001836,SUP01,ST900,2025-06-07,2025-07-19,2025-07-19,Partially received,4056.50
PO001837,SUP01,ST003,2025-06-08,2025-07-20,2025-07-26,Partially received,952.40
PO001838,SUP06,ST010,2025-06-08,2025-07-26,2025-07-26,Partially received,1541.36
PO001839,SUP06,ST012,2025-06-08,2025-07-26,2025-07-26,Received,927.83
PO001840,SUP04,ST013,2025-06-08,2025-08-02,2025-08-02,Received,3033.30
PO001841,SUP06,ST013,2025-06-08,2025-07-26,2025-07-26,Partially received,605.67
PO001842,SUP02,ST016,2025-06-08,2025-07-06,2025-07-06,Partially received,1602.65
PO001843,SUP05,ST016,2025-06-08,2025-07-12,2025-07-12,Received,1246.80
PO001844,SUP02,ST900,2025-06-08,2025-07-06,2025-07-06,Received,3204.29
PO001845,SUP04,ST001,2025-06-09,2025-08-03,2025-08-03,Partially received,3767.98
PO001846,SUP02,ST004,2025-06-09,2025-07-07,2025-07-07,Partially received,2699.28
PO001847,SUP02,ST005,2025-06-09,2025-07-07,2025-07-07,Received,1453.51
PO001848,SUP02,ST006,2025-06-09,2025-07-07,2025-07-07,Received,1434.41
PO001849,SUP05,ST008,2025-06-09,2025-07-13,2025-07-13,Received,807.54
PO001850,SUP03,ST011,2025-06-09,2025-06-25,2025-06-25,Received,1701.74
PO001851,SUP06,ST016,2025-06-09,2025-07-27,2025-07-27,Partially received,1592.68
PO001852,SUP03,ST017,2025-06-09,2025-06-25,2025-06-25,Partially received,1395.90
PO001853,SUP03,ST900,2025-06-09,2025-06-25,2025-06-25,Partially received,3820.63
PO001854,SUP07,ST900,2025-06-09,2025-07-18,2025-07-18,Partially received,4298.77
PO001855,SUP04,ST002,2025-06-10,2025-08-04,2025-08-04,Partially received,3021.39
PO001856,SUP06,ST003,2025-06-10,2025-07-28,2025-07-28,Partially received,1307.12
PO001857,SUP06,ST005,2025-06-10,2025-07-28,2025-07-28,Received,1353.71
PO001858,SUP01,ST009,2025-06-10,2025-07-22,2025-07-22,Received,1466.57
PO001859,SUP05,ST012,2025-06-10,2025-07-14,2025-07-14,Partially received,1999.46
PO001860,SUP04,ST015,2025-06-10,2025-08-04,2025-08-04,Partially received,2487.35
PO001861,SUP04,ST016,2025-06-10,2025-08-04,2025-08-20,Partially received,2707.29
PO001862,SUP01,ST017,2025-06-10,2025-07-22,2025-07-22,Partially received,1899.20
PO001863,SUP07,ST017,2025-06-10,2025-07-19,2025-07-19,Received,1460.71
PO001864,SUP01,ST018,2025-06-10,2025-07-22,2025-07-22,Received,1871.81
PO001865,SUP03,ST001,2025-06-11,2025-06-27,2025-06-27,Received,3520.14
PO001866,SUP05,ST003,2025-06-11,2025-07-15,2025-07-15,Partially received,2168.19
PO001867,SUP04,ST005,2025-06-11,2025-08-05,2025-08-05,Partially received,2992.50
PO001868,SUP04,ST006,2025-06-11,2025-08-05,2025-08-05,Partially received,3768.46
PO001869,SUP01,ST007,2025-06-11,2025-07-23,2025-07-23,Received,1904.06
PO001870,SUP03,ST007,2025-06-11,2025-06-27,2025-06-27,Received,2170.13
PO001871,SUP02,ST008,2025-06-11,2025-07-09,2025-07-09,Received,1065.35
PO001872,SUP06,ST009,2025-06-11,2025-07-29,2025-07-29,Partially received,1673.15
PO001873,SUP05,ST011,2025-06-11,2025-07-15,2025-07-15,Partially received,4630.87
PO001874,SUP07,ST012,2025-06-11,2025-07-20,2025-07-26,Partially received,1322.49
PO001875,SUP02,ST013,2025-06-11,2025-07-09,2025-07-09,Received,1105.05
PO001876,SUP01,ST016,2025-06-11,2025-07-23,2025-07-23,Received,1121.97
PO001877,SUP05,ST018,2025-06-11,2025-07-15,2025-07-15,Received,1439.84
PO001878,SUP03,ST006,2025-06-12,2025-06-28,2025-06-28,Received,1402.22
PO001879,SUP07,ST007,2025-06-12,2025-07-21,2025-07-21,Received,1491.89
PO001880,SUP02,ST015,2025-06-12,2025-07-10,2025-07-10,Partially received,2489.43
PO001881,SUP04,ST017,2025-06-12,2025-08-06,2025-08-19,Partially received,4568.81
PO001882,SUP07,ST001,2025-06-13,2025-07-22,2025-07-22,Partially received,3856.92
PO001883,SUP04,ST003,2025-06-13,2025-08-07,2025-08-07,Partially received,3308.04
PO001884,SUP03,ST004,2025-06-13,2025-06-29,2025-06-29,Received,2874.03
PO001885,SUP05,ST004,2025-06-13,2025-07-17,2025-07-17,Partially received,3407.78
PO001886,SUP06,ST011,2025-06-13,2025-07-31,2025-07-31,Partially received,3242.81
PO001887,SUP03,ST012,2025-06-13,2025-06-29,2025-06-29,Received,2277.24
PO001888,SUP05,ST015,2025-06-13,2025-07-17,2025-07-17,Received,1722.74
PO001889,SUP02,ST018,2025-06-13,2025-07-11,2025-07-11,Received,2235.20
PO001890,SUP01,ST002,2025-06-14,2025-07-26,2025-07-26,Received,1205.75
PO001891,SUP07,ST005,2025-06-14,2025-07-23,2025-07-27,Received,2060.64
PO001892,SUP06,ST007,2025-06-14,2025-08-01,2025-08-01,Partially received,1689.51
PO001893,SUP03,ST008,2025-06-14,2025-06-30,2025-06-30,Received,2447.49
PO001894,SUP03,ST010,2025-06-14,2025-06-30,2025-06-30,Partially received,2371.50
PO001895,SUP07,ST010,2025-06-14,2025-07-23,2025-07-23,Partially received,2743.16
PO001896,SUP02,ST011,2025-06-14,2025-07-12,2025-07-12,Received,1700.56
PO001897,SUP01,ST012,2025-06-14,2025-07-26,2025-07-26,Received,2360.42
PO001898,SUP07,ST013,2025-06-14,2025-07-23,2025-07-23,Received,1814.50
PO001899,SUP07,ST014,2025-06-14,2025-07-23,2025-07-23,Partially received,1932.82
PO001900,SUP06,ST017,2025-06-14,2025-08-01,2025-08-11,Partially received,2153.19
PO001901,SUP03,ST018,2025-06-14,2025-06-30,2025-06-30,Partially received,2203.24
PO001902,SUP05,ST900,2025-06-14,2025-07-18,2025-07-18,Partially received,3329.89
PO001903,SUP05,ST009,2025-06-15,2025-07-19,2025-07-21,Partially received,916.10
PO001904,SUP07,ST009,2025-06-15,2025-07-24,2025-07-24,Received,1010.84
PO001905,SUP07,ST011,2025-06-15,2025-07-24,2025-08-01,Partially received,1927.08
PO001906,SUP06,ST001,2025-06-16,2025-08-03,2025-08-03,Partially received,1624.33
PO001907,SUP06,ST006,2025-06-16,2025-08-03,2025-08-03,Received,1312.26
PO001908,SUP05,ST007,2025-06-16,2025-07-20,2025-07-20,Received,1194.20
PO001909,SUP03,ST009,2025-06-16,2025-07-02,2025-07-02,Received,1065.59
PO001910,SUP04,ST009,2025-06-16,2025-08-10,2025-08-18,Partially received,2266.71
PO001911,SUP05,ST010,2025-06-16,2025-07-20,2025-07-20,Partially received,633.33
PO001912,SUP01,ST013,2025-06-16,2025-07-28,2025-07-28,Received,1226.12
PO001913,SUP02,ST017,2025-06-16,2025-07-14,2025-07-14,Partially received,919.89
PO001914,SUP07,ST002,2025-06-17,2025-07-26,2025-07-26,Received,1352.20
PO001915,SUP07,ST003,2025-06-17,2025-07-26,2025-07-26,Partially received,1177.54
PO001916,SUP01,ST005,2025-06-17,2025-07-29,2025-07-29,Partially received,1544.10
PO001917,SUP04,ST007,2025-06-17,2025-08-11,2025-09-01,Partially received,2968.98
PO001918,SUP02,ST009,2025-06-17,2025-07-15,2025-07-15,Received,781.63
PO001919,SUP04,ST012,2025-06-17,2025-08-11,2025-08-11,Partially received,762.72
PO001920,SUP01,ST014,2025-06-17,2025-07-29,2025-07-29,Received,1690.37
PO001921,SUP06,ST014,2025-06-17,2025-08-04,2025-08-04,Received,1092.50
PO001922,SUP07,ST015,2025-06-17,2025-07-26,2025-07-26,Received,1429.17
PO001923,SUP02,ST002,2025-06-18,2025-07-16,2025-07-16,Received,1051.76
PO001924,SUP03,ST002,2025-06-18,2025-07-04,2025-07-04,Received,2113.51
PO001925,SUP06,ST004,2025-06-18,2025-08-05,2025-08-05,Partially received,1784.41
PO001926,SUP03,ST005,2025-06-18,2025-07-04,2025-07-04,Received,1955.60
PO001927,SUP01,ST006,2025-06-18,2025-07-30,2025-07-30,Received,1761.74
PO001928,SUP04,ST008,2025-06-18,2025-08-12,2025-08-12,Partially received,1367.46
PO001929,SUP04,ST010,2025-06-18,2025-08-12,2025-08-21,Partially received,2154.34
PO001930,SUP01,ST011,2025-06-18,2025-07-30,2025-07-30,Received,1182.99
PO001931,SUP04,ST011,2025-06-18,2025-08-12,2025-09-01,Partially received,3389.97
PO001932,SUP02,ST014,2025-06-18,2025-07-16,2025-07-16,Received,761.22
PO001933,SUP06,ST015,2025-06-18,2025-08-05,2025-08-05,Partially received,1966.41
PO001934,SUP03,ST016,2025-06-18,2025-07-04,2025-07-04,Received,2192.14
PO001935,SUP04,ST018,2025-06-18,2025-08-12,2025-08-23,Partially received,2414.75
PO001936,SUP06,ST900,2025-06-18,2025-08-05,2025-08-05,Partially received,5297.11
PO001937,SUP01,ST001,2025-06-19,2025-07-31,2025-07-31,Received,2739.50
PO001938,SUP02,ST003,2025-06-19,2025-07-17,2025-07-17,Partially received,1050.67
PO001939,SUP03,ST003,2025-06-19,2025-07-05,2025-07-05,Received,1352.28
PO001940,SUP01,ST004,2025-06-19,2025-07-31,2025-08-04,Received,4161.51
PO001941,SUP04,ST004,2025-06-19,2025-08-13,2025-08-13,Partially received,6882.83
PO001942,SUP05,ST005,2025-06-19,2025-07-23,2025-07-23,Partially received,929.67
PO001943,SUP02,ST010,2025-06-19,2025-07-17,2025-07-17,Partially received,955.19
PO001944,SUP05,ST013,2025-06-19,2025-07-23,2025-07-23,Received,935.87
PO001945,SUP05,ST014,2025-06-19,2025-07-23,2025-07-23,Received,1486.27
PO001946,SUP06,ST018,2025-06-19,2025-08-06,2025-08-06,Received,984.96
PO001947,SUP02,ST001,2025-06-20,2025-07-18,2025-07-18,Received,2671.85
PO001948,SUP05,ST002,2025-06-20,2025-07-24,2025-07-24,Received,1582.97
PO001949,SUP07,ST004,2025-06-20,2025-07-29,2025-07-29,Partially received,3383.37
PO001950,SUP05,ST006,2025-06-20,2025-07-24,2025-07-24,Received,1049.55
PO001951,SUP01,ST008,2025-06-20,2025-08-01,2025-08-01,Received,961.77
PO001952,SUP07,ST008,2025-06-20,2025-07-29,2025-07-29,Received,1283.96
PO001953,SUP01,ST010,2025-06-20,2025-08-01,2025-08-01,Partially received,2126.07
PO001954,SUP02,ST012,2025-06-20,2025-07-18,2025-07-20,Partially received,530.53
PO001955,SUP03,ST013,2025-06-20,2025-07-06,2025-07-06,Received,1979.70
PO001956,SUP04,ST014,2025-06-20,2025-08-14,2025-08-14,Partially received,2819.28
PO001957,SUP01,ST015,2025-06-20,2025-08-01,2025-08-01,Received,2209.71
PO001958,SUP03,ST015,2025-06-20,2025-07-06,2025-07-06,Received,1735.57
PO001959,SUP07,ST016,2025-06-20,2025-07-29,2025-08-07,Received,1734.16
PO001960,SUP05,ST017,2025-06-20,2025-07-24,2025-07-24,Received,1209.21
PO001961,SUP07,ST018,2025-06-20,2025-07-29,2025-07-29,Partially received,1639.65
PO001962,SUP04,ST900,2025-06-20,2025-08-14,2025-08-21,Partially received,5745.36
PO001963,SUP05,ST001,2025-06-21,2025-07-25,2025-07-25,Received,2528.95
PO001964,SUP06,ST002,2025-06-21,2025-08-08,2025-08-08,Received,644.88
PO001965,SUP07,ST006,2025-06-21,2025-07-30,2025-07-30,Received,1726.26
PO001966,SUP02,ST007,2025-06-21,2025-07-19,2025-07-19,Partially received,850.21
PO001967,SUP06,ST008,2025-06-21,2025-08-08,2025-08-19,Partially received,1460.87
PO001968,SUP03,ST014,2025-06-21,2025-07-07,2025-07-07,Received,1106.45
PO001969,SUP01,ST900,2025-06-21,2025-08-02,2025-08-02,Partially received,4371.42
PO001970,SUP01,ST003,2025-06-22,2025-08-03,2025-08-03,Received,938.54
PO001971,SUP06,ST010,2025-06-22,2025-08-09,2025-08-09,Received,931.93
PO001972,SUP06,ST012,2025-06-22,2025-08-09,2025-08-09,Partially received,862.67
PO001973,SUP04,ST013,2025-06-22,2025-08-16,2025-08-16,Partially received,1700.17
PO001974,SUP06,ST013,2025-06-22,2025-08-09,2025-08-20,Received,1275.62
PO001975,SUP02,ST016,2025-06-22,2025-07-20,2025-07-20,Received,1007.40
PO001976,SUP05,ST016,2025-06-22,2025-07-26,2025-07-26,Partially received,1782.42
PO001977,SUP02,ST900,2025-06-22,2025-07-20,2025-07-20,Received,3750.66
PO001978,SUP04,ST001,2025-06-23,2025-08-17,2025-08-17,Partially received,4865.22
PO001979,SUP02,ST004,2025-06-23,2025-07-21,2025-07-21,Received,1230.28
PO001980,SUP02,ST005,2025-06-23,2025-07-21,2025-07-21,Partially received,1190.37
PO001981,SUP02,ST006,2025-06-23,2025-07-21,2025-07-21,Received,1031.37
PO001982,SUP05,ST008,2025-06-23,2025-07-27,2025-07-27,Partially received,860.30
PO001983,SUP03,ST011,2025-06-23,2025-07-09,2025-07-09,Received,1607.56
PO001984,SUP06,ST016,2025-06-23,2025-08-10,2025-08-10,Received,1300.43
PO001985,SUP03,ST017,2025-06-23,2025-07-09,2025-07-09,Received,643.10
PO001986,SUP03,ST900,2025-06-23,2025-07-09,2025-07-09,Received,3525.27
PO001987,SUP07,ST900,2025-06-23,2025-08-01,2025-08-01,Partially received,4590.20
PO001988,SUP04,ST002,2025-06-24,2025-08-18,2025-09-03,Partially received,3107.91
PO001989,SUP06,ST003,2025-06-24,2025-08-11,2025-08-11,Partially received,1003.97
PO001990,SUP06,ST005,2025-06-24,2025-08-11,2025-08-20,Received,819.58
PO001991,SUP01,ST009,2025-06-24,2025-08-05,2025-08-10,Received,2108.06
PO001992,SUP05,ST012,2025-06-24,2025-07-28,2025-07-28,Received,1153.32
PO001993,SUP04,ST015,2025-06-24,2025-08-18,2025-08-18,Partially received,4390.61
PO001994,SUP04,ST016,2025-06-24,2025-08-18,2025-08-25,Received,919.38
PO001995,SUP01,ST017,2025-06-24,2025-08-05,2025-08-05,Received,1109.08
PO001996,SUP07,ST017,2025-06-24,2025-08-02,2025-08-02,Received,1952.57
PO001997,SUP01,ST018,2025-06-24,2025-08-05,2025-08-05,Received,961.51
PO001998,SUP03,ST001,2025-06-25,2025-07-11,2025-07-11,Partially received,2576.67
PO001999,SUP05,ST003,2025-06-25,2025-07-29,2025-07-29,Received,1517.00
PO002000,SUP04,ST005,2025-06-25,2025-08-19,2025-08-19,Partially received,998.93
PO002001,SUP04,ST006,2025-06-25,2025-08-19,2025-08-19,Partially received,3090.19
PO002002,SUP01,ST007,2025-06-25,2025-08-06,2025-08-06,Received,1278.63
PO002003,SUP03,ST007,2025-06-25,2025-07-11,2025-07-11,Received,2829.06
PO002004,SUP02,ST008,2025-06-25,2025-07-23,2025-07-23,Partially received,1752.64
PO002005,SUP06,ST009,2025-06-25,2025-08-12,2025-08-20,Received,1279.82
PO002006,SUP05,ST011,2025-06-25,2025-07-29,2025-07-29,Partially received,1324.57
PO002007,SUP07,ST012,2025-06-25,2025-08-03,2025-08-03,Received,775.32
PO002008,SUP02,ST013,2025-06-25,2025-07-23,2025-07-23,Received,985.30
PO002009,SUP01,ST016,2025-06-25,2025-08-06,2025-08-06,Received,1811.28
PO002010,SUP05,ST018,2025-06-25,2025-07-29,2025-07-29,Partially received,278.96
PO002011,SUP03,ST006,2025-06-26,2025-07-12,2025-07-12,Partially received,1399.40
PO002012,SUP07,ST007,2025-06-26,2025-08-04,2025-08-04,Received,1029.38
PO002013,SUP02,ST015,2025-06-26,2025-07-24,2025-07-24,Received,1271.25
PO002014,SUP04,ST017,2025-06-26,2025-08-20,2025-08-20,Partially received,1584.34
PO002015,SUP07,ST001,2025-06-27,2025-08-05,2025-08-05,Received,3249.21
PO002016,SUP04,ST003,2025-06-27,2025-08-21,2025-08-21,Partially received,1464.71
PO002017,SUP03,ST004,2025-06-27,2025-07-13,2025-07-13,Received,3574.65
PO002018,SUP05,ST004,2025-06-27,2025-07-31,2025-07-31,Received,2346.18
PO002019,SUP06,ST011,2025-06-27,2025-08-14,2025-08-14,Partially received,1478.85
PO002020,SUP03,ST012,2025-06-27,2025-07-13,2025-07-13,Received,721.38
PO002021,SUP05,ST015,2025-06-27,2025-07-31,2025-07-31,Received,1428.43
PO002022,SUP02,ST018,2025-06-27,2025-07-25,2025-07-25,Received,164.44
PO002023,SUP01,ST002,2025-06-28,2025-08-09,2025-08-09,Received,1086.86
PO002024,SUP07,ST005,2025-06-28,2025-08-06,2025-08-06,Received,574.17
PO002025,SUP06,ST007,2025-06-28,2025-08-15,2025-08-15,Received,1123.53
PO002026,SUP03,ST008,2025-06-28,2025-07-14,2025-07-14,Received,1378.73
PO002027,SUP03,ST010,2025-06-28,2025-07-14,2025-07-14,Received,1024.50
PO002028,SUP07,ST010,2025-06-28,2025-08-06,2025-08-06,Partially received,944.68
PO002029,SUP02,ST011,2025-06-28,2025-07-26,2025-07-26,Received,1249.45
PO002030,SUP01,ST012,2025-06-28,2025-08-09,2025-08-09,Partially received,1620.10
PO002031,SUP07,ST013,2025-06-28,2025-08-06,2025-08-06,Received,1126.12
PO002032,SUP07,ST014,2025-06-28,2025-08-06,2025-08-06,Received,2454.43
PO002033,SUP06,ST017,2025-06-28,2025-08-15,2025-08-15,Partially received,604.45
PO002034,SUP03,ST018,2025-06-28,2025-07-14,2025-07-14,Received,1130.20
PO002035,SUP05,ST900,2025-06-28,2025-08-01,2025-08-01,Received,3650.40
PO002036,SUP05,ST009,2025-06-29,2025-08-02,2025-08-02,Partially received,1089.03
PO002037,SUP07,ST009,2025-06-29,2025-08-07,2025-08-13,Partially received,1663.01
PO002038,SUP07,ST011,2025-06-29,2025-08-07,2025-08-07,Received,3221.09
PO002039,SUP06,ST001,2025-06-30,2025-08-17,2025-08-17,Received,1372.20
PO002040,SUP06,ST006,2025-06-30,2025-08-17,2025-08-17,Partially received,1348.63
PO002041,SUP05,ST007,2025-06-30,2025-08-03,2025-08-03,Received,1287.20
PO002042,SUP03,ST009,2025-06-30,2025-07-16,2025-07-16,Received,1462.25
PO002043,SUP04,ST009,2025-06-30,2025-08-24,2025-09-02,Partially received,1960.20
PO002044,SUP05,ST010,2025-06-30,2025-08-03,2025-08-03,Received,1385.26
PO002045,SUP01,ST013,2025-06-30,2025-08-11,2025-08-11,Received,981.25
PO002046,SUP02,ST017,2025-06-30,2025-07-28,2025-07-28,Received,1197.43
PO002047,SUP07,ST002,2025-07-01,2025-08-09,2025-08-09,Received,1789.42
PO002048,SUP07,ST003,2025-07-01,2025-08-09,2025-08-09,Received,1954.47
PO002049,SUP01,ST005,2025-07-01,2025-08-12,2025-08-12,Partially received,849.40
PO002050,SUP04,ST007,2025-07-01,2025-08-25,2025-08-25,Partially received,1766.44
PO002051,SUP02,ST009,2025-07-01,2025-07-29,2025-07-29,Received,1050.29
PO002052,SUP04,ST012,2025-07-01,2025-08-25,2025-09-05,Partially received,3562.74
PO002053,SUP01,ST014,2025-07-01,2025-08-12,2025-08-20,Received,1449.80
PO002054,SUP06,ST014,2025-07-01,2025-08-18,2025-08-30,Partially received,1643.63
PO002055,SUP07,ST015,2025-07-01,2025-08-09,2025-08-17,Partially received,2322.91
PO002056,SUP02,ST002,2025-07-02,2025-07-30,2025-07-30,Received,1762.75
PO002057,SUP03,ST002,2025-07-02,2025-07-18,2025-07-18,Received,2334.57
PO002058,SUP06,ST004,2025-07-02,2025-08-19,2025-08-19,Partially received,2635.35
PO002059,SUP03,ST005,2025-07-02,2025-07-18,2025-07-18,Received,2054.62
PO002060,SUP01,ST006,2025-07-02,2025-08-13,2025-08-13,Received,1962.82
PO002061,SUP04,ST008,2025-07-02,2025-08-26,2025-08-26,Partially received,2847.50
PO002062,SUP04,ST010,2025-07-02,2025-08-26,2025-08-26,Partially received,1625.49
PO002063,SUP01,ST011,2025-07-02,2025-08-13,2025-08-19,Partially received,3473.93
PO002064,SUP04,ST011,2025-07-02,2025-08-26,2025-08-26,Partially received,4067.24
PO002065,SUP02,ST014,2025-07-02,2025-07-30,2025-07-30,Received,951.12
PO002066,SUP06,ST015,2025-07-02,2025-08-19,2025-08-19,Partially received,1894.56
PO002067,SUP03,ST016,2025-07-02,2025-07-18,2025-07-18,Received,1286.45
PO002068,SUP04,ST018,2025-07-02,2025-08-26,2025-08-26,Partially received,3877.31
PO002069,SUP06,ST900,2025-07-02,2025-08-19,2025-08-19,Partially received,3296.68
PO002070,SUP01,ST001,2025-07-03,2025-08-14,2025-08-20,Received,2336.98
PO002071,SUP02,ST003,2025-07-03,2025-07-31,2025-07-31,Received,1822.34
PO002072,SUP03,ST003,2025-07-03,2025-07-19,2025-07-19,Partially received,1587.56
PO002073,SUP01,ST004,2025-07-03,2025-08-14,2025-08-14,Received,2531.88
PO002074,SUP04,ST004,2025-07-03,2025-08-27,2025-08-27,Partially received,5903.86
PO002075,SUP05,ST005,2025-07-03,2025-08-06,2025-08-10,Received,1075.84
PO002076,SUP02,ST010,2025-07-03,2025-07-31,2025-07-31,Received,987.61
PO002077,SUP05,ST013,2025-07-03,2025-08-06,2025-08-06,Received,1777.32
PO002078,SUP05,ST014,2025-07-03,2025-08-06,2025-08-06,Received,1800.16
PO002079,SUP06,ST018,2025-07-03,2025-08-20,2025-08-20,Partially received,1195.93
PO002080,SUP02,ST001,2025-07-04,2025-08-01,2025-08-01,Received,1312.19
PO002081,SUP05,ST002,2025-07-04,2025-08-07,2025-08-07,Partially received,1609.78
PO002082,SUP07,ST004,2025-07-04,2025-08-12,2025-08-12,Received,3024.41
PO002083,SUP05,ST006,2025-07-04,2025-08-07,2025-08-07,Partially received,2168.60
PO002084,SUP01,ST008,2025-07-04,2025-08-15,2025-08-15,Received,1748.47
PO002085,SUP07,ST008,2025-07-04,2025-08-12,2025-08-12,Partially received,2002.26
PO002086,SUP01,ST010,2025-07-04,2025-08-15,2025-08-15,Received,1263.86
PO002087,SUP02,ST012,2025-07-04,2025-08-01,2025-08-01,Received,1646.19
PO002088,SUP03,ST013,2025-07-04,2025-07-20,2025-07-20,Received,1557.70
PO002089,SUP04,ST014,2025-07-04,2025-08-28,2025-08-28,Partially received,3336.65
PO002090,SUP01,ST015,2025-07-04,2025-08-15,2025-08-15,Received,2391.37
PO002091,SUP03,ST015,2025-07-04,2025-07-20,2025-07-20,Partially received,2419.26
PO002092,SUP07,ST016,2025-07-04,2025-08-12,2025-08-12,Partially received,1865.18
PO002093,SUP05,ST017,2025-07-04,2025-08-07,2025-08-07,Received,1593.40
PO002094,SUP07,ST018,2025-07-04,2025-08-12,2025-08-12,Partially received,1363.39
PO002095,SUP04,ST900,2025-07-04,2025-08-28,2025-08-28,Partially received,3894.09
PO002096,SUP05,ST001,2025-07-05,2025-08-08,2025-08-08,Partially received,1839.99
PO002097,SUP06,ST002,2025-07-05,2025-08-22,2025-08-30,Received,1561.09
PO002098,SUP07,ST006,2025-07-05,2025-08-13,2025-08-13,Partially received,2021.78
PO002099,SUP02,ST007,2025-07-05,2025-08-02,2025-08-02,Received,1125.63
PO002100,SUP06,ST008,2025-07-05,2025-08-22,2025-08-22,Received,357.35
PO002101,SUP03,ST014,2025-07-05,2025-07-21,2025-07-21,Received,1140.54
PO002102,SUP01,ST900,2025-07-05,2025-08-16,2025-08-16,Received,4114.88
PO002103,SUP01,ST003,2025-07-06,2025-08-17,2025-08-17,Received,1553.97
PO002104,SUP06,ST010,2025-07-06,2025-08-23,2025-09-04,Received,3057.99
PO002105,SUP06,ST012,2025-07-06,2025-08-23,2025-08-23,Partially received,1510.30
PO002106,SUP04,ST013,2025-07-06,2025-08-30,2025-08-30,Partially received,3917.60
PO002107,SUP06,ST013,2025-07-06,2025-08-23,2025-08-23,Partially received,1632.44
PO002108,SUP02,ST016,2025-07-06,2025-08-03,2025-08-03,Received,852.54
PO002109,SUP05,ST016,2025-07-06,2025-08-09,2025-08-09,Received,1497.68
PO002110,SUP02,ST900,2025-07-06,2025-08-03,2025-08-03,Partially received,1389.56
PO002111,SUP04,ST001,2025-07-07,2025-08-31,2025-08-31,Partially received,3662.64
PO002112,SUP02,ST004,2025-07-07,2025-08-04,2025-08-04,Partially received,1738.96
PO002113,SUP02,ST005,2025-07-07,2025-08-04,2025-08-09,Received,1373.01
PO002114,SUP02,ST006,2025-07-07,2025-08-04,2025-08-04,Partially received,1452.79
PO002115,SUP05,ST008,2025-07-07,2025-08-10,2025-08-10,Received,1576.28
PO002116,SUP03,ST011,2025-07-07,2025-07-23,2025-07-23,Partially received,3557.19
PO002117,SUP06,ST016,2025-07-07,2025-08-24,2025-08-24,Partially received,1655.71
PO002118,SUP03,ST017,2025-07-07,2025-07-23,2025-07-23,Received,2143.79
PO002119,SUP03,ST900,2025-07-07,2025-07-23,2025-07-23,Received,3153.07
PO002120,SUP07,ST900,2025-07-07,2025-08-15,2025-08-24,Received,2324.23
PO002121,SUP04,ST002,2025-07-08,2025-09-01,2025-09-14,Partially received,3995.12
PO002122,SUP06,ST003,2025-07-08,2025-08-25,2025-09-03,Partially received,1603.89
PO002123,SUP06,ST005,2025-07-08,2025-08-25,2025-08-25,Partially received,1136.05
PO002124,SUP01,ST009,2025-07-08,2025-08-19,2025-08-19,Received,1247.75
PO002125,SUP05,ST012,2025-07-08,2025-08-11,2025-08-11,Received,2223.84
PO002126,SUP04,ST015,2025-07-08,2025-09-01,2025-09-01,Partially received,5322.76
PO002127,SUP04,ST016,2025-07-08,2025-09-01,2025-09-21,Partially received,2682.36
PO002128,SUP01,ST017,2025-07-08,2025-08-19,2025-08-26,Partially received,2144.70
PO002129,SUP07,ST017,2025-07-08,2025-08-16,2025-08-16,Partially received,2088.35
PO002130,SUP01,ST018,2025-07-08,2025-08-19,2025-08-23,Received,1128.37
PO002131,SUP03,ST001,2025-07-09,2025-07-25,2025-07-25,Received,3267.68
PO002132,SUP05,ST003,2025-07-09,2025-08-12,2025-08-12,Received,2846.36
PO002133,SUP04,ST005,2025-07-09,2025-09-02,2025-09-23,Partially received,2383.70
PO002134,SUP04,ST006,2025-07-09,2025-09-02,2025-09-22,Partially received,4488.06
PO002135,SUP01,ST007,2025-07-09,2025-08-20,2025-08-20,Partially received,798.42
PO002136,SUP03,ST007,2025-07-09,2025-07-25,2025-07-25,Received,1186.69
PO002137,SUP02,ST008,2025-07-09,2025-08-06,2025-08-06,Received,900.01
PO002138,SUP06,ST009,2025-07-09,2025-08-26,2025-08-26,Partially received,1983.85
PO002139,SUP05,ST011,2025-07-09,2025-08-12,2025-08-16,Received,2439.02
PO002140,SUP07,ST012,2025-07-09,2025-08-17,2025-08-24,Partially received,1349.51
PO002141,SUP02,ST013,2025-07-09,2025-08-06,2025-08-09,Received,1828.47
PO002142,SUP01,ST016,2025-07-09,2025-08-20,2025-08-20,Received,1651.57
PO002143,SUP05,ST018,2025-07-09,2025-08-12,2025-08-12,Received,1785.39
PO002144,SUP03,ST006,2025-07-10,2025-07-26,2025-07-26,Partially received,1423.05
PO002145,SUP07,ST007,2025-07-10,2025-08-18,2025-08-18,Partially received,1392.97
PO002146,SUP02,ST015,2025-07-10,2025-08-07,2025-08-07,Received,1301.43
PO002147,SUP04,ST017,2025-07-10,2025-09-03,2025-09-03,Partially received,3061.29
PO002148,SUP07,ST001,2025-07-11,2025-08-19,2025-08-19,Partially received,5549.66
PO002149,SUP04,ST003,2025-07-11,2025-09-04,2025-09-19,Partially received,2736.53
PO002150,SUP03,ST004,2025-07-11,2025-07-27,2025-07-27,Received,1365.30
PO002151,SUP05,ST004,2025-07-11,2025-08-14,2025-08-14,Partially received,2184.26
PO002152,SUP06,ST011,2025-07-11,2025-08-28,2025-08-28,Partially received,2798.80
PO002153,SUP03,ST012,2025-07-11,2025-07-27,2025-07-27,Received,1631.23
PO002154,SUP05,ST015,2025-07-11,2025-08-14,2025-08-14,Partially received,3423.49
PO002155,SUP02,ST018,2025-07-11,2025-08-08,2025-08-08,Partially received,735.41
PO002156,SUP01,ST002,2025-07-12,2025-08-23,2025-08-23,Received,970.60
PO002157,SUP07,ST005,2025-07-12,2025-08-20,2025-08-20,Partially received,2212.94
PO002158,SUP06,ST007,2025-07-12,2025-08-29,2025-09-03,Partially received,1574.23
PO002159,SUP03,ST008,2025-07-12,2025-07-28,2025-07-28,Received,2316.37
PO002160,SUP03,ST010,2025-07-12,2025-07-28,2025-07-28,Received,1495.44
PO002161,SUP07,ST010,2025-07-12,2025-08-20,2025-08-20,Received,1386.30
PO002162,SUP02,ST011,2025-07-12,2025-08-09,2025-08-09,Received,3975.27
PO002163,SUP01,ST012,2025-07-12,2025-08-23,2025-08-23,Partially received,1448.58
PO002164,SUP07,ST013,2025-07-12,2025-08-20,2025-08-20,Partially received,1488.52
PO002165,SUP07,ST014,2025-07-12,2025-08-20,2025-08-20,Partially received,2107.90
PO002166,SUP06,ST017,2025-07-12,2025-08-29,2025-09-08,Received,2181.83
PO002167,SUP03,ST018,2025-07-12,2025-07-28,2025-07-28,Received,1375.87
PO002168,SUP05,ST900,2025-07-12,2025-08-15,2025-08-15,Partially received,3498.37
PO002169,SUP05,ST009,2025-07-13,2025-08-16,2025-08-16,Received,2034.81
PO002170,SUP07,ST009,2025-07-13,2025-08-21,2025-08-21,Received,1474.58
PO002171,SUP07,ST011,2025-07-13,2025-08-21,2025-08-21,Partially received,3052.76
PO002172,SUP06,ST001,2025-07-14,2025-08-31,2025-08-31,Partially received,3073.23
PO002173,SUP06,ST006,2025-07-14,2025-08-31,2025-08-31,Received,1357.66
PO002174,SUP05,ST007,2025-07-14,2025-08-17,2025-08-17,Partially received,1249.65
PO002175,SUP03,ST009,2025-07-14,2025-07-30,2025-07-30,Received,1166.34
PO002176,SUP04,ST009,2025-07-14,2025-09-07,2025-09-07,Partially received,1221.02
PO002177,SUP05,ST010,2025-07-14,2025-08-17,2025-08-17,Received,1380.77
PO002178,SUP01,ST013,2025-07-14,2025-08-25,2025-08-25,Received,1513.28
PO002179,SUP02,ST017,2025-07-14,2025-08-11,2025-08-11,Received,1548.20
PO002180,SUP07,ST002,2025-07-15,2025-08-23,2025-08-29,Partially received,771.07
PO002181,SUP07,ST003,2025-07-15,2025-08-23,2025-08-23,Received,990.75
PO002182,SUP01,ST005,2025-07-15,2025-08-26,2025-08-26,Received,1210.18
PO002183,SUP04,ST007,2025-07-15,2025-09-08,2025-09-08,Partially received,1811.13
PO002184,SUP02,ST009,2025-07-15,2025-08-12,2025-08-12,Partially received,818.56
PO002185,SUP04,ST012,2025-07-15,2025-09-08,2025-09-08,Partially received,1236.74
PO002186,SUP01,ST014,2025-07-15,2025-08-26,2025-08-26,Received,1225.63
PO002187,SUP06,ST014,2025-07-15,2025-09-01,2025-09-01,Received,1379.68
PO002188,SUP07,ST015,2025-07-15,2025-08-23,2025-08-23,Partially received,800.75
PO002189,SUP02,ST002,2025-07-16,2025-08-13,2025-08-13,Received,915.74
PO002190,SUP03,ST002,2025-07-16,2025-08-01,2025-08-01,Received,1327.61
PO002191,SUP06,ST004,2025-07-16,2025-09-02,2025-09-07,Partially received,2369.02
PO002192,SUP03,ST005,2025-07-16,2025-08-01,2025-08-01,Received,1506.35
PO002193,SUP01,ST006,2025-07-16,2025-08-27,2025-08-27,Partially received,947.00
PO002194,SUP04,ST008,2025-07-16,2025-09-09,2025-09-18,Received,2591.43
PO002195,SUP04,ST010,2025-07-16,2025-09-09,2025-09-09,Partially received,3394.08
PO002196,SUP01,ST011,2025-07-16,2025-08-27,2025-08-27,Received,1407.00
PO002197,SUP04,ST011,2025-07-16,2025-09-09,2025-09-09,Partially received,3883.72
PO002198,SUP02,ST014,2025-07-16,2025-08-13,2025-08-13,Partially received,693.95
PO002199,SUP06,ST015,2025-07-16,2025-09-02,2025-09-02,Received,770.46
PO002200,SUP03,ST016,2025-07-16,2025-08-01,2025-08-01,Received,1020.57
PO002201,SUP04,ST018,2025-07-16,2025-09-09,2025-09-09,Partially received,2073.02
PO002202,SUP06,ST900,2025-07-16,2025-09-02,2025-09-02,Partially received,3069.13
PO002203,SUP01,ST001,2025-07-17,2025-08-28,2025-08-28,Received,942.47
PO002204,SUP02,ST003,2025-07-17,2025-08-14,2025-08-14,Partially received,1391.08
PO002205,SUP03,ST003,2025-07-17,2025-08-02,2025-08-02,Received,1461.46
PO002206,SUP01,ST004,2025-07-17,2025-08-28,2025-08-28,Received,2581.34
PO002207,SUP04,ST004,2025-07-17,2025-09-10,2025-09-20,Partially received,4203.60
PO002208,SUP05,ST005,2025-07-17,2025-08-20,2025-08-20,Received,663.05
PO002209,SUP02,ST010,2025-07-17,2025-08-14,2025-08-14,Received,1134.37
PO002210,SUP05,ST013,2025-07-17,2025-08-20,2025-08-20,Received,1051.89
PO002211,SUP05,ST014,2025-07-17,2025-08-20,2025-08-20,Received,1031.60
PO002212,SUP06,ST018,2025-07-17,2025-09-03,2025-09-03,Partially received,1043.97
PO002213,SUP02,ST001,2025-07-18,2025-08-15,2025-08-17,Partially received,2036.73
PO002214,SUP05,ST002,2025-07-18,2025-08-21,2025-08-21,Received,932.44
PO002215,SUP07,ST004,2025-07-18,2025-08-26,2025-08-26,Received,2128.24
PO002216,SUP05,ST006,2025-07-18,2025-08-21,2025-08-21,Partially received,1013.23
PO002217,SUP01,ST008,2025-07-18,2025-08-29,2025-08-29,Received,717.32
PO002218,SUP07,ST008,2025-07-18,2025-08-26,2025-08-29,Partially received,914.87
PO002219,SUP01,ST010,2025-07-18,2025-08-29,2025-08-29,Partially received,2417.49
PO002220,SUP02,ST012,2025-07-18,2025-08-15,2025-08-15,Received,425.50
PO002221,SUP03,ST013,2025-07-18,2025-08-03,2025-08-03,Received,658.50
PO002222,SUP04,ST014,2025-07-18,2025-09-11,2025-09-11,Partially received,2503.29
PO002223,SUP01,ST015,2025-07-18,2025-08-29,2025-09-03,Received,1368.40
PO002224,SUP03,ST015,2025-07-18,2025-08-03,2025-08-03,Received,3003.52
PO002225,SUP07,ST016,2025-07-18,2025-08-26,2025-09-04,Received,1121.96
PO002226,SUP05,ST017,2025-07-18,2025-08-21,2025-08-21,Received,1220.05
PO002227,SUP07,ST018,2025-07-18,2025-08-26,2025-08-26,Received,1398.94
PO002228,SUP04,ST900,2025-07-18,2025-09-11,2025-09-26,Partially received,3549.60
PO002229,SUP05,ST001,2025-07-19,2025-08-22,2025-08-22,Received,1843.72
PO002230,SUP06,ST002,2025-07-19,2025-09-05,2025-09-05,Received,611.86
PO002231,SUP07,ST006,2025-07-19,2025-08-27,2025-08-27,Received,2386.32
PO002232,SUP02,ST007,2025-07-19,2025-08-16,2025-08-16,Received,1121.37
PO002233,SUP06,ST008,2025-07-19,2025-09-05,2025-09-05,Received,1036.62
PO002234,SUP03,ST014,2025-07-19,2025-08-04,2025-08-04,Received,2331.09
PO002235,SUP01,ST900,2025-07-19,2025-08-30,2025-08-30,Partially received,3398.12
PO002236,SUP01,ST003,2025-07-20,2025-08-31,2025-08-31,Received,145.05
PO002237,SUP06,ST010,2025-07-20,2025-09-06,2025-09-06,Partially received,1235.95
PO002238,SUP06,ST012,2025-07-20,2025-09-06,2025-09-06,Received,749.22
PO002239,SUP04,ST013,2025-07-20,2025-09-13,2025-09-21,Partially received,2920.21
PO002240,SUP06,ST013,2025-07-20,2025-09-06,2025-09-06,Partially received,1316.85
PO002241,SUP02,ST016,2025-07-20,2025-08-17,2025-08-17,Received,569.47
PO002242,SUP05,ST016,2025-07-20,2025-08-23,2025-08-23,Received,1028.95
PO002243,SUP02,ST900,2025-07-20,2025-08-17,2025-08-17,Received,2641.04
PO002244,SUP04,ST001,2025-07-21,2025-09-14,2025-10-04,Partially received,6531.32
PO002245,SUP02,ST004,2025-07-21,2025-08-18,2025-08-18,Received,788.09
PO002246,SUP02,ST005,2025-07-21,2025-08-18,2025-08-18,Received,747.18
PO002247,SUP02,ST006,2025-07-21,2025-08-18,2025-08-18,Received,998.33
PO002248,SUP05,ST008,2025-07-21,2025-08-24,2025-08-24,Received,572.00
PO002249,SUP03,ST011,2025-07-21,2025-08-06,2025-08-06,Partially received,1673.12
PO002250,SUP06,ST016,2025-07-21,2025-09-07,2025-09-18,Partially received,1220.71
PO002251,SUP03,ST017,2025-07-21,2025-08-06,2025-08-06,Received,1142.41
PO002252,SUP03,ST900,2025-07-21,2025-08-06,2025-08-06,Received,3339.38
PO002253,SUP07,ST900,2025-07-21,2025-08-29,2025-09-08,Partially received,2983.90
PO002254,SUP04,ST002,2025-07-22,2025-09-15,2025-09-15,Received,1179.72
PO002255,SUP06,ST003,2025-07-22,2025-09-08,2025-09-14,Received,1121.86
PO002256,SUP06,ST005,2025-07-22,2025-09-08,2025-09-08,Received,695.79
PO002257,SUP01,ST009,2025-07-22,2025-09-02,2025-09-02,Received,1683.44
PO002258,SUP05,ST012,2025-07-22,2025-08-25,2025-08-25,Received,1026.46
PO002259,SUP04,ST015,2025-07-22,2025-09-15,2025-09-27,Partially received,2322.88
PO002260,SUP04,ST016,2025-07-22,2025-09-15,2025-09-15,Partially received,4454.79
PO002261,SUP01,ST017,2025-07-22,2025-09-02,2025-09-02,Partially received,1529.75
PO002262,SUP07,ST017,2025-07-22,2025-08-30,2025-08-30,Partially received,779.06
PO002263,SUP01,ST018,2025-07-22,2025-09-02,2025-09-02,Received,1174.04
PO002264,SUP03,ST001,2025-07-23,2025-08-08,2025-08-08,Partially received,2271.19
PO002265,SUP05,ST003,2025-07-23,2025-08-26,2025-08-26,Received,881.07
PO002266,SUP04,ST005,2025-07-23,2025-09-16,2025-09-16,Received,2979.38
PO002267,SUP04,ST006,2025-07-23,2025-09-16,2025-09-25,Partially received,2527.42
PO002268,SUP01,ST007,2025-07-23,2025-09-03,2025-09-03,Partially received,1167.11
PO002269,SUP03,ST007,2025-07-23,2025-08-08,2025-08-11,Partially received,843.96
PO002270,SUP02,ST008,2025-07-23,2025-08-20,2025-08-20,Received,524.91
PO002271,SUP06,ST009,2025-07-23,2025-09-09,2025-09-09,Received,1592.09
PO002272,SUP05,ST011,2025-07-23,2025-08-26,2025-08-26,Received,1665.30
PO002273,SUP07,ST012,2025-07-23,2025-08-31,2025-08-31,Partially received,577.70
PO002274,SUP02,ST013,2025-07-23,2025-08-20,2025-08-20,Received,1017.38
PO002275,SUP01,ST016,2025-07-23,2025-09-03,2025-09-03,Received,1073.61
PO002276,SUP05,ST018,2025-07-23,2025-08-26,2025-08-26,Received,1367.50
PO002277,SUP03,ST006,2025-07-24,2025-08-09,2025-08-09,Received,816.09
PO002278,SUP07,ST007,2025-07-24,2025-09-01,2025-09-01,Partially received,1096.45
PO002279,SUP02,ST015,2025-07-24,2025-08-21,2025-08-21,Received,1199.64
PO002280,SUP04,ST017,2025-07-24,2025-09-17,2025-09-17,Partially received,1720.73
PO002281,SUP07,ST001,2025-07-25,2025-09-02,2025-09-02,Partially received,1456.28
PO002282,SUP04,ST003,2025-07-25,2025-09-18,2025-09-18,Partially received,2955.49
PO002283,SUP03,ST004,2025-07-25,2025-08-10,2025-08-10,Received,3145.53
PO002284,SUP05,ST004,2025-07-25,2025-08-28,2025-08-28,Received,2592.58
PO002285,SUP06,ST011,2025-07-25,2025-09-11,2025-09-11,Received,2141.08
PO002286,SUP03,ST012,2025-07-25,2025-08-10,2025-08-10,Received,1438.60
PO002287,SUP05,ST015,2025-07-25,2025-08-28,2025-08-28,Partially received,1889.00
PO002288,SUP02,ST018,2025-07-25,2025-08-22,2025-08-22,Received,870.44
PO002289,SUP01,ST002,2025-07-26,2025-09-06,2025-09-06,Received,676.53
PO002290,SUP07,ST005,2025-07-26,2025-09-03,2025-09-03,Partially received,1153.00
PO002291,SUP06,ST007,2025-07-26,2025-09-12,2025-09-12,Partially received,521.53
PO002292,SUP03,ST008,2025-07-26,2025-08-11,2025-08-11,Received,1774.81
PO002293,SUP03,ST010,2025-07-26,2025-08-11,2025-08-11,Received,1579.19
PO002294,SUP07,ST010,2025-07-26,2025-09-03,2025-09-03,Received,1398.51
PO002295,SUP02,ST011,2025-07-26,2025-08-23,2025-08-23,Received,1248.02
PO002296,SUP01,ST012,2025-07-26,2025-09-06,2025-09-06,Received,986.13
PO002297,SUP07,ST013,2025-07-26,2025-09-03,2025-09-03,Partially received,2211.86
PO002298,SUP07,ST014,2025-07-26,2025-09-03,2025-09-03,Partially received,976.01
PO002299,SUP06,ST017,2025-07-26,2025-09-12,2025-09-12,Received,178.89
PO002300,SUP03,ST018,2025-07-26,2025-08-11,2025-08-11,Received,1508.08
PO002301,SUP05,ST900,2025-07-26,2025-08-29,2025-09-02,Partially received,2542.34
PO002302,SUP05,ST009,2025-07-27,2025-08-30,2025-08-30,Received,886.71
PO002303,SUP07,ST009,2025-07-27,2025-09-04,2025-09-04,Received,1042.27
PO002304,SUP07,ST011,2025-07-27,2025-09-04,2025-09-13,Partially received,2168.05
PO002305,SUP06,ST001,2025-07-28,2025-09-14,2025-09-14,Partially received,1438.30
PO002306,SUP06,ST006,2025-07-28,2025-09-14,2025-09-14,Partially received,1215.77
PO002307,SUP05,ST007,2025-07-28,2025-08-31,2025-08-31,Received,651.00
PO002308,SUP03,ST009,2025-07-28,2025-08-13,2025-08-13,Received,796.17
PO002309,SUP04,ST009,2025-07-28,2025-09-21,2025-10-04,Partially received,2493.81
PO002310,SUP05,ST010,2025-07-28,2025-08-31,2025-08-31,Partially received,383.67
PO002311,SUP01,ST013,2025-07-28,2025-09-08,2025-09-08,Received,1222.28
PO002312,SUP02,ST017,2025-07-28,2025-08-25,2025-08-25,Received,862.25
PO002313,SUP07,ST002,2025-07-29,2025-09-06,2025-09-15,Received,1469.61
PO002314,SUP07,ST003,2025-07-29,2025-09-06,2025-09-06,Partially received,1303.86
PO002315,SUP01,ST005,2025-07-29,2025-09-09,2025-09-09,Received,863.15
PO002316,SUP04,ST007,2025-07-29,2025-09-22,2025-09-22,Partially received,1074.45
PO002317,SUP02,ST009,2025-07-29,2025-08-26,2025-08-26,Received,1196.52
PO002318,SUP04,ST012,2025-07-29,2025-09-22,2025-10-02,Partially received,2710.72
PO002319,SUP01,ST014,2025-07-29,2025-09-09,2025-09-09,Received,926.78
PO002320,SUP06,ST014,2025-07-29,2025-09-15,2025-09-15,Partially received,910.21
PO002321,SUP07,ST015,2025-07-29,2025-09-06,2025-09-06,Received,1313.28
PO002322,SUP02,ST002,2025-07-30,2025-08-27,2025-08-27,Received,237.80
PO002323,SUP03,ST002,2025-07-30,2025-08-15,2025-08-15,Received,735.24
PO002324,SUP06,ST004,2025-07-30,2025-09-16,2025-09-26,Received,2428.77
PO002325,SUP03,ST005,2025-07-30,2025-08-15,2025-08-15,Received,746.65
PO002326,SUP01,ST006,2025-07-30,2025-09-10,2025-09-10,Received,1054.52
PO002327,SUP04,ST008,2025-07-30,2025-09-23,2025-10-11,Partially received,2409.17
PO002328,SUP04,ST010,2025-07-30,2025-09-23,2025-09-23,Partially received,963.46
PO002329,SUP01,ST011,2025-07-30,2025-09-10,2025-09-17,Received,2089.88
PO002330,SUP04,ST011,2025-07-30,2025-09-23,2025-10-13,Partially received,2033.27
PO002331,SUP02,ST014,2025-07-30,2025-08-27,2025-08-27,Received,576.01
PO002332,SUP06,ST015,2025-07-30,2025-09-16,2025-09-16,Received,1723.42
PO002333,SUP03,ST016,2025-07-30,2025-08-15,2025-08-15,Received,1276.08
PO002334,SUP04,ST018,2025-07-30,2025-09-23,2025-09-23,Partially received,1403.46
PO002335,SUP06,ST900,2025-07-30,2025-09-16,2025-09-16,Partially received,2066.57
PO002336,SUP01,ST001,2025-07-31,2025-09-11,2025-09-11,Partially received,4886.23
PO002337,SUP02,ST003,2025-07-31,2025-08-28,2025-08-31,Received,1397.61
PO002338,SUP03,ST003,2025-07-31,2025-08-16,2025-08-16,Received,1255.43
PO002339,SUP01,ST004,2025-07-31,2025-09-11,2025-09-11,Received,1469.82
PO002340,SUP04,ST004,2025-07-31,2025-09-24,2025-10-03,Partially received,3700.59
PO002341,SUP05,ST005,2025-07-31,2025-09-03,2025-09-05,Received,1358.62
PO002342,SUP02,ST010,2025-07-31,2025-08-28,2025-08-28,Received,348.87
PO002343,SUP05,ST013,2025-07-31,2025-09-03,2025-09-03,Received,1223.30
PO002344,SUP05,ST014,2025-07-31,2025-09-03,2025-09-03,Received,1242.67
PO002345,SUP06,ST018,2025-07-31,2025-09-17,2025-09-17,Received,771.34
PO002346,SUP02,ST001,2025-08-01,2025-08-29,2025-08-29,Received,2323.46
PO002347,SUP05,ST002,2025-08-01,2025-09-04,2025-09-04,Partially received,1703.28
PO002348,SUP07,ST004,2025-08-01,2025-09-09,2025-09-09,Partially received,2872.11
PO002349,SUP05,ST006,2025-08-01,2025-09-04,2025-09-07,Partially received,2245.34
PO002350,SUP01,ST008,2025-08-01,2025-09-12,2025-09-12,Received,1284.57
PO002351,SUP07,ST008,2025-08-01,2025-09-09,2025-09-09,Received,1453.80
PO002352,SUP01,ST010,2025-08-01,2025-09-12,2025-09-12,Partially received,1471.39
PO002353,SUP02,ST012,2025-08-01,2025-08-29,2025-08-29,Received,1197.69
PO002354,SUP03,ST013,2025-08-01,2025-08-17,2025-08-20,Received,1847.70
PO002355,SUP04,ST014,2025-08-01,2025-09-25,2025-09-25,Partially received,2715.39
PO002356,SUP01,ST015,2025-08-01,2025-09-12,2025-09-12,Received,2583.03
PO002357,SUP03,ST015,2025-08-01,2025-08-17,2025-08-17,Received,1271.04
PO002358,SUP07,ST016,2025-08-01,2025-09-09,2025-09-09,Received,1003.51
PO002359,SUP05,ST017,2025-08-01,2025-09-04,2025-09-04,Received,1780.38
PO002360,SUP07,ST018,2025-08-01,2025-09-09,2025-09-09,Partially received,2038.88
PO002361,SUP04,ST900,2025-08-01,2025-09-25,2025-09-25,Partially received,2975.73
PO002362,SUP05,ST001,2025-08-02,2025-09-05,2025-09-05,Received,3307.09
PO002363,SUP06,ST002,2025-08-02,2025-09-19,2025-09-19,Partially received,1225.44
PO002364,SUP07,ST006,2025-08-02,2025-09-10,2025-09-10,Partially received,2630.01
PO002365,SUP02,ST007,2025-08-02,2025-08-30,2025-08-30,Received,1198.67
PO002366,SUP06,ST008,2025-08-02,2025-09-19,2025-09-19,Partially received,2053.20
PO002367,SUP03,ST014,2025-08-02,2025-08-18,2025-08-18,Received,2233.14
PO002368,SUP01,ST900,2025-08-02,2025-09-13,2025-09-18,Received,1911.30
PO002369,SUP01,ST003,2025-08-03,2025-09-14,2025-09-14,Partially received,1347.13
PO002370,SUP06,ST010,2025-08-03,2025-09-20,2025-09-20,Received,1366.85
PO002371,SUP06,ST012,2025-08-03,2025-09-20,2025-09-20,Partially received,750.59
PO002372,SUP04,ST013,2025-08-03,2025-09-27,2025-10-13,Partially received,3284.65
PO002373,SUP06,ST013,2025-08-03,2025-09-20,2025-10-01,Partially received,1686.16
PO002374,SUP02,ST016,2025-08-03,2025-08-31,2025-08-31,Received,972.45
PO002375,SUP05,ST016,2025-08-03,2025-09-06,2025-09-06,Received,2661.00
PO002376,SUP02,ST900,2025-08-03,2025-08-31,2025-08-31,Partially received,3120.72
PO002377,SUP04,ST001,2025-08-04,2025-09-28,2025-10-10,Partially received,4681.55
PO002378,SUP02,ST004,2025-08-04,2025-09-01,2025-09-01,Received,1606.70
PO002379,SUP02,ST005,2025-08-04,2025-09-01,2025-09-01,Partially received,919.65
PO002380,SUP02,ST006,2025-08-04,2025-09-01,2025-09-06,Partially received,966.68
PO002381,SUP05,ST008,2025-08-04,2025-09-07,2025-09-07,Received,1897.29
PO002382,SUP03,ST011,2025-08-04,2025-08-20,2025-08-20,Received,1902.98
PO002383,SUP06,ST016,2025-08-04,2025-09-21,2025-09-21,Partially received,1418.73
PO002384,SUP03,ST017,2025-08-04,2025-08-20,2025-08-20,Partially received,1869.26
PO002385,SUP03,ST900,2025-08-04,2025-08-20,2025-08-20,Received,3008.05
PO002386,SUP07,ST900,2025-08-04,2025-09-12,2025-09-12,Partially received,3560.01
PO002387,SUP04,ST002,2025-08-05,2025-09-29,2025-09-29,Partially received,2418.65
PO002388,SUP06,ST003,2025-08-05,2025-09-22,2025-09-29,Partially received,1305.83
PO002389,SUP06,ST005,2025-08-05,2025-09-22,2025-09-27,Received,1063.21
PO002390,SUP01,ST009,2025-08-05,2025-09-16,2025-09-16,Received,973.40
PO002391,SUP05,ST012,2025-08-05,2025-09-08,2025-09-08,Partially received,1188.15
PO002392,SUP04,ST015,2025-08-05,2025-09-29,2025-10-13,Partially received,5387.99
PO002393,SUP04,ST016,2025-08-05,2025-09-29,2025-10-14,Partially received,4123.78
PO002394,SUP01,ST017,2025-08-05,2025-09-16,2025-09-16,Received,1974.54
PO002395,SUP07,ST017,2025-08-05,2025-09-13,2025-09-19,Partially received,1834.32
PO002396,SUP01,ST018,2025-08-05,2025-09-16,2025-09-16,Partially received,1131.29
PO002397,SUP03,ST001,2025-08-06,2025-08-22,2025-08-22,Partially received,3957.58
PO002398,SUP05,ST003,2025-08-06,2025-09-09,2025-09-09,Partially received,1900.14
PO002399,SUP04,ST005,2025-08-06,2025-09-30,2025-09-30,Partially received,2491.14
PO002400,SUP04,ST006,2025-08-06,2025-09-30,2025-09-30,Partially received,3531.36
PO002401,SUP01,ST007,2025-08-06,2025-09-17,2025-09-17,Received,1185.72
PO002402,SUP03,ST007,2025-08-06,2025-08-22,2025-08-22,Received,1105.78
PO002403,SUP02,ST008,2025-08-06,2025-09-03,2025-09-03,Received,911.11
PO002404,SUP06,ST009,2025-08-06,2025-09-23,2025-09-23,Partially received,1123.58
PO002405,SUP05,ST011,2025-08-06,2025-09-09,2025-09-09,Received,2256.71
PO002406,SUP07,ST012,2025-08-06,2025-09-14,2025-09-14,Partially received,2252.75
PO002407,SUP02,ST013,2025-08-06,2025-09-03,2025-09-03,Partially received,1523.46
PO002408,SUP01,ST016,2025-08-06,2025-09-17,2025-09-17,Partially received,2771.61
PO002409,SUP05,ST018,2025-08-06,2025-09-09,2025-09-09,Received,2071.88
PO002410,SUP03,ST006,2025-08-07,2025-08-23,2025-08-23,Received,3457.30
PO002411,SUP07,ST007,2025-08-07,2025-09-15,2025-09-15,Received,1484.85
PO002412,SUP02,ST015,2025-08-07,2025-09-04,2025-09-04,Partially received,1565.46
PO002413,SUP04,ST017,2025-08-07,2025-10-01,2025-10-01,Partially received,3765.12
PO002414,SUP07,ST001,2025-08-08,2025-09-16,2025-09-16,Partially received,2065.34
PO002415,SUP04,ST003,2025-08-08,2025-10-02,2025-10-11,Partially received,1959.89
PO002416,SUP03,ST004,2025-08-08,2025-08-24,2025-08-24,Received,1529.27
PO002417,SUP05,ST004,2025-08-08,2025-09-11,2025-09-11,Received,3152.97
PO002418,SUP06,ST011,2025-08-08,2025-09-25,2025-09-25,Partially received,1184.80
PO002419,SUP03,ST012,2025-08-08,2025-08-24,2025-08-24,Received,1301.15
PO002420,SUP05,ST015,2025-08-08,2025-09-11,2025-09-11,Received,2496.56
PO002421,SUP02,ST018,2025-08-08,2025-09-05,2025-09-05,Received,1371.36
PO002422,SUP01,ST002,2025-08-09,2025-09-20,2025-09-20,Received,1967.82
PO002423,SUP07,ST005,2025-08-09,2025-09-17,2025-09-17,Partially received,1811.57
PO002424,SUP06,ST007,2025-08-09,2025-09-26,2025-09-30,Received,1027.35
PO002425,SUP03,ST008,2025-08-09,2025-08-25,2025-08-25,Received,1613.94
PO002426,SUP03,ST010,2025-08-09,2025-08-25,2025-08-25,Received,743.32
PO002427,SUP07,ST010,2025-08-09,2025-09-17,2025-09-17,Received,1121.34
PO002428,SUP02,ST011,2025-08-09,2025-09-06,2025-09-06,Received,2093.18
PO002429,SUP01,ST012,2025-08-09,2025-09-20,2025-09-26,Partially received,1327.54
PO002430,SUP07,ST013,2025-08-09,2025-09-17,2025-09-25,Partially received,1628.55
PO002431,SUP07,ST014,2025-08-09,2025-09-17,2025-09-17,Partially received,2043.19
PO002432,SUP06,ST017,2025-08-09,2025-09-26,2025-09-26,Partially received,1083.47
PO002433,SUP03,ST018,2025-08-09,2025-08-25,2025-08-25,Received,934.43
PO002434,SUP05,ST900,2025-08-09,2025-09-12,2025-09-12,Partially received,1915.27
PO002435,SUP05,ST009,2025-08-10,2025-09-13,2025-09-13,Received,1495.46
PO002436,SUP07,ST009,2025-08-10,2025-09-18,2025-09-18,Partially received,1542.63
PO002437,SUP07,ST011,2025-08-10,2025-09-18,2025-09-18,Partially received,1158.98
PO002438,SUP06,ST001,2025-08-11,2025-09-28,2025-09-28,Partially received,1240.78
PO002439,SUP06,ST006,2025-08-11,2025-09-28,2025-09-28,Received,920.16
PO002440,SUP05,ST007,2025-08-11,2025-09-14,2025-09-14,Received,1770.85
PO002441,SUP03,ST009,2025-08-11,2025-08-27,2025-08-27,Received,1319.14
PO002442,SUP04,ST009,2025-08-11,2025-10-05,2025-10-05,Partially received,3027.97
PO002443,SUP05,ST010,2025-08-11,2025-09-14,2025-09-14,Received,1336.56
PO002444,SUP01,ST013,2025-08-11,2025-09-22,2025-09-22,Received,1864.78
PO002445,SUP02,ST017,2025-08-11,2025-09-08,2025-09-08,Received,666.92
PO002446,SUP07,ST002,2025-08-12,2025-09-20,2025-09-20,Received,1402.63
PO002447,SUP07,ST003,2025-08-12,2025-09-20,2025-09-23,Partially received,1070.35
PO002448,SUP01,ST005,2025-08-12,2025-09-23,2025-09-23,Received,1743.26
PO002449,SUP04,ST007,2025-08-12,2025-10-06,2025-10-06,Partially received,2961.41
PO002450,SUP02,ST009,2025-08-12,2025-09-09,2025-09-12,Received,1024.46
PO002451,SUP04,ST012,2025-08-12,2025-10-06,2025-10-06,Partially received,3974.70
PO002452,SUP01,ST014,2025-08-12,2025-09-23,2025-09-23,Received,1880.27
PO002453,SUP06,ST014,2025-08-12,2025-09-29,2025-09-29,Partially received,1597.04
PO002454,SUP07,ST015,2025-08-12,2025-09-20,2025-09-20,Partially received,823.07
PO002455,SUP02,ST002,2025-08-13,2025-09-10,2025-09-10,Received,1010.22
PO002456,SUP03,ST002,2025-08-13,2025-08-29,2025-08-29,Received,1310.56
PO002457,SUP06,ST004,2025-08-13,2025-09-30,2025-09-30,Partially received,2072.02
PO002458,SUP03,ST005,2025-08-13,2025-08-29,2025-08-29,Received,2128.30
PO002459,SUP01,ST006,2025-08-13,2025-09-24,2025-09-24,Partially received,1961.77
PO002460,SUP04,ST008,2025-08-13,2025-10-07,2025-10-07,Partially received,2010.35
PO002461,SUP04,ST010,2025-08-13,2025-10-07,2025-10-14,Partially received,2567.79
PO002462,SUP01,ST011,2025-08-13,2025-09-24,2025-09-24,Received,3261.88
PO002463,SUP04,ST011,2025-08-13,2025-10-07,2025-10-07,Partially received,5790.88
PO002464,SUP02,ST014,2025-08-13,2025-09-10,2025-09-10,Received,1062.23
PO002465,SUP06,ST015,2025-08-13,2025-09-30,2025-09-30,Partially received,2502.55
PO002466,SUP03,ST016,2025-08-13,2025-08-29,2025-08-29,Received,1446.02
PO002467,SUP04,ST018,2025-08-13,2025-10-07,2025-10-07,Partially received,1588.57
PO002468,SUP06,ST900,2025-08-13,2025-09-30,2025-09-30,Partially received,2019.57
PO002469,SUP01,ST001,2025-08-14,2025-09-25,2025-10-03,Partially received,1700.33
PO002470,SUP02,ST003,2025-08-14,2025-09-11,2025-09-11,Partially received,1489.01
PO002471,SUP03,ST003,2025-08-14,2025-08-30,2025-08-30,Partially received,1304.38
PO002472,SUP01,ST004,2025-08-14,2025-09-25,2025-09-25,Received,5055.34
PO002473,SUP04,ST004,2025-08-14,2025-10-08,2025-10-08,Partially received,3751.04
PO002474,SUP05,ST005,2025-08-14,2025-09-17,2025-09-17,Partially received,754.16
PO002475,SUP02,ST010,2025-08-14,2025-09-11,2025-09-11,Received,1025.08
PO002476,SUP05,ST013,2025-08-14,2025-09-17,2025-09-17,Received,564.29
PO002477,SUP05,ST014,2025-08-14,2025-09-17,2025-09-17,Partially received,1924.02
PO002478,SUP06,ST018,2025-08-14,2025-10-01,2025-10-01,Partially received,1423.88
PO002479,SUP02,ST001,2025-08-15,2025-09-12,2025-09-12,Received,1167.10
PO002480,SUP05,ST002,2025-08-15,2025-09-18,2025-09-18,Received,837.90
PO002481,SUP07,ST004,2025-08-15,2025-09-23,2025-09-23,Partially received,1989.59
PO002482,SUP05,ST006,2025-08-15,2025-09-18,2025-09-18,Received,1250.53
PO002483,SUP01,ST008,2025-08-15,2025-09-26,2025-09-26,Received,1189.40
PO002484,SUP07,ST008,2025-08-15,2025-09-23,2025-09-23,Received,548.70
PO002485,SUP01,ST010,2025-08-15,2025-09-26,2025-09-29,Partially received,1624.15
PO002486,SUP02,ST012,2025-08-15,2025-09-12,2025-09-12,Received,286.35
PO002487,SUP03,ST013,2025-08-15,2025-08-31,2025-08-31,Received,1522.59
PO002488,SUP04,ST014,2025-08-15,2025-10-09,2025-10-09,Partially received,3035.48
PO002489,SUP01,ST015,2025-08-15,2025-09-26,2025-09-26,Partially received,1212.19
PO002490,SUP03,ST015,2025-08-15,2025-08-31,2025-08-31,Received,906.67
PO002491,SUP07,ST016,2025-08-15,2025-09-23,2025-09-23,Partially received,1299.55
PO002492,SUP05,ST017,2025-08-15,2025-09-18,2025-09-18,Received,956.93
PO002493,SUP07,ST018,2025-08-15,2025-09-23,2025-09-23,Partially received,740.19
PO002494,SUP04,ST900,2025-08-15,2025-10-09,2025-10-09,Partially received,4351.19
PO002495,SUP05,ST001,2025-08-16,2025-09-19,2025-09-19,Partially received,1469.40
PO002496,SUP06,ST002,2025-08-16,2025-10-03,2025-10-03,Received,1060.10
PO002497,SUP07,ST006,2025-08-16,2025-09-24,2025-10-02,Partially received,1450.61
PO002498,SUP02,ST007,2025-08-16,2025-09-13,2025-09-13,Received,885.87
PO002499,SUP06,ST008,2025-08-16,2025-10-03,2025-10-03,Received,815.75
PO002500,SUP03,ST014,2025-08-16,2025-09-01,2025-09-01,Received,900.33
PO002501,SUP01,ST900,2025-08-16,2025-09-27,2025-09-27,Partially received,4346.39
PO002502,SUP01,ST003,2025-08-17,2025-09-28,2025-10-05,Partially received,2018.06
PO002503,SUP06,ST010,2025-08-17,2025-10-04,2025-10-04,Partially received,1004.29
PO002504,SUP06,ST012,2025-08-17,2025-10-04,2025-10-04,Partially received,1208.32
PO002505,SUP04,ST013,2025-08-17,2025-10-11,2025-10-11,Partially received,2471.21
PO002506,SUP06,ST013,2025-08-17,2025-10-04,2025-10-04,Partially received,827.75
PO002507,SUP02,ST016,2025-08-17,2025-09-14,2025-09-14,Partially received,1241.14
PO002508,SUP05,ST016,2025-08-17,2025-09-20,2025-09-20,Received,1402.79
PO002509,SUP02,ST900,2025-08-17,2025-09-14,2025-09-14,Received,2105.34
PO002510,SUP04,ST001,2025-08-18,2025-10-12,2025-10-12,Partially received,2871.16
PO002511,SUP02,ST004,2025-08-18,2025-09-15,2025-09-15,Received,721.98
PO002512,SUP02,ST005,2025-08-18,2025-09-15,2025-09-15,Partially received,743.34
PO002513,SUP02,ST006,2025-08-18,2025-09-15,2025-09-15,Received,323.76
PO002514,SUP05,ST008,2025-08-18,2025-09-21,2025-09-21,Partially received,612.48
PO002515,SUP03,ST011,2025-08-18,2025-09-03,2025-09-03,Received,3138.34
PO002516,SUP06,ST016,2025-08-18,2025-10-05,2025-10-05,Partially received,1416.34
PO002517,SUP03,ST017,2025-08-18,2025-09-03,2025-09-03,Received,358.64
PO002518,SUP03,ST900,2025-08-18,2025-09-03,2025-09-05,Partially received,4636.08
PO002519,SUP07,ST900,2025-08-18,2025-09-26,2025-09-26,Received,2397.24
PO002520,SUP04,ST002,2025-08-19,2025-10-13,2025-10-13,Partially received,1311.78
PO002521,SUP06,ST003,2025-08-19,2025-10-06,2025-10-06,Partially received,1113.46
PO002522,SUP06,ST005,2025-08-19,2025-10-06,2025-10-06,Partially received,1454.91
PO002523,SUP01,ST009,2025-08-19,2025-09-30,2025-09-30,Received,1842.51
PO002524,SUP05,ST012,2025-08-19,2025-09-22,2025-09-22,Received,114.32
PO002525,SUP04,ST015,2025-08-19,2025-10-13,2025-10-22,Partially received,1995.71
PO002526,SUP04,ST016,2025-08-19,2025-10-13,2025-11-02,Partially received,3029.74
PO002527,SUP01,ST017,2025-08-19,2025-09-30,2025-09-30,Received,1285.67
PO002528,SUP07,ST017,2025-08-19,2025-09-27,2025-09-27,Received,1404.21
PO002529,SUP01,ST018,2025-08-19,2025-09-30,2025-09-30,Received,676.88
PO002530,SUP03,ST001,2025-08-20,2025-09-05,2025-09-05,Partially received,1781.80
PO002531,SUP05,ST003,2025-08-20,2025-09-23,2025-09-28,Received,644.92
PO002532,SUP04,ST005,2025-08-20,2025-10-14,2025-10-28,Partially received,1835.48
PO002533,SUP04,ST006,2025-08-20,2025-10-14,2025-10-14,Partially received,1499.38
PO002534,SUP01,ST007,2025-08-20,2025-10-01,2025-10-01,Partially received,1332.19
PO002535,SUP03,ST007,2025-08-20,2025-09-05,2025-09-05,Received,390.92
PO002536,SUP02,ST008,2025-08-20,2025-09-17,2025-09-17,Received,842.72
PO002537,SUP06,ST009,2025-08-20,2025-10-07,2025-10-07,Partially received,1075.34
PO002538,SUP05,ST011,2025-08-20,2025-09-23,2025-09-23,Received,2569.12
PO002539,SUP07,ST012,2025-08-20,2025-09-28,2025-09-28,Received,774.45
PO002540,SUP02,ST013,2025-08-20,2025-09-17,2025-09-17,Received,453.32
PO002541,SUP01,ST016,2025-08-20,2025-10-01,2025-10-01,Received,1197.86
PO002542,SUP05,ST018,2025-08-20,2025-09-23,2025-09-23,Received,908.31
PO002543,SUP03,ST006,2025-08-21,2025-09-06,2025-09-06,Received,603.88
PO002544,SUP07,ST007,2025-08-21,2025-09-29,2025-10-09,Partially received,988.05
PO002545,SUP02,ST015,2025-08-21,2025-09-18,2025-09-18,Received,909.04
PO002546,SUP04,ST017,2025-08-21,2025-10-15,2025-10-23,Partially received,3476.21
PO002547,SUP07,ST001,2025-08-22,2025-09-30,2025-09-30,Received,3259.47
PO002548,SUP04,ST003,2025-08-22,2025-10-16,2025-10-16,Partially received,1646.40
PO002549,SUP03,ST004,2025-08-22,2025-09-07,2025-09-08,Partially received,1379.84
PO002550,SUP05,ST004,2025-08-22,2025-09-25,2025-09-25,Received,3547.39
PO002551,SUP06,ST011,2025-08-22,2025-10-09,2025-10-09,Partially received,2123.19
PO002552,SUP03,ST012,2025-08-22,2025-09-07,2025-09-07,Received,847.10
PO002553,SUP05,ST015,2025-08-22,2025-09-25,2025-09-25,Partially received,491.39
PO002554,SUP02,ST018,2025-08-22,2025-09-19,2025-09-19,Received,341.37
PO002555,SUP01,ST002,2025-08-23,2025-10-04,2025-10-04,Received,713.64
PO002556,SUP07,ST005,2025-08-23,2025-10-01,2025-10-01,Partially received,1434.72
PO002557,SUP06,ST007,2025-08-23,2025-10-10,2025-10-10,Partially received,660.57
PO002558,SUP03,ST008,2025-08-23,2025-09-08,2025-09-08,Received,1225.56
PO002559,SUP03,ST010,2025-08-23,2025-09-08,2025-09-08,Received,352.44
PO002560,SUP07,ST010,2025-08-23,2025-10-01,2025-10-01,Partially received,1268.52
PO002561,SUP02,ST011,2025-08-23,2025-09-20,2025-09-20,Received,596.07
PO002562,SUP01,ST012,2025-08-23,2025-10-04,2025-10-04,Received,796.87
PO002563,SUP07,ST013,2025-08-23,2025-10-01,2025-10-01,Received,1210.41
PO002564,SUP07,ST014,2025-08-23,2025-10-01,2025-10-01,Received,832.19
PO002565,SUP06,ST017,2025-08-23,2025-10-10,2025-10-10,Received,1501.77
PO002566,SUP03,ST018,2025-08-23,2025-09-08,2025-09-08,Received,1022.00
PO002567,SUP05,ST900,2025-08-23,2025-09-26,2025-09-26,Partially received,3014.42
PO002568,SUP05,ST009,2025-08-24,2025-09-27,2025-09-27,Received,987.92
PO002569,SUP07,ST009,2025-08-24,2025-10-02,2025-10-02,Partially received,1403.76
PO002570,SUP07,ST011,2025-08-24,2025-10-02,2025-10-02,Partially received,2556.64
PO002571,SUP06,ST001,2025-08-25,2025-10-12,2025-10-12,Partially received,2758.22
PO002572,SUP06,ST006,2025-08-25,2025-10-12,2025-10-21,Partially received,723.35
PO002573,SUP05,ST007,2025-08-25,2025-09-28,2025-09-30,Received,1427.08
PO002574,SUP03,ST009,2025-08-25,2025-09-10,2025-09-10,Partially received,1971.88
PO002575,SUP04,ST009,2025-08-25,2025-10-19,2025-11-08,Partially received,1718.46
PO002576,SUP05,ST010,2025-08-25,2025-09-28,2025-09-28,Partially received,544.82
PO002577,SUP01,ST013,2025-08-25,2025-10-06,2025-10-06,Received,816.65
PO002578,SUP02,ST017,2025-08-25,2025-09-22,2025-09-22,Received,741.02
PO002579,SUP07,ST002,2025-08-26,2025-10-04,2025-10-04,Received,1621.93
PO002580,SUP07,ST003,2025-08-26,2025-10-04,2025-10-04,Partially received,1023.05
PO002581,SUP01,ST005,2025-08-26,2025-10-07,2025-10-07,Received,454.28
PO002582,SUP04,ST007,2025-08-26,2025-10-20,2025-11-06,Partially received,2220.00
PO002583,SUP02,ST009,2025-08-26,2025-09-23,2025-09-23,Received,453.56
PO002584,SUP04,ST012,2025-08-26,2025-10-20,2025-10-20,Partially received,1351.81
PO002585,SUP01,ST014,2025-08-26,2025-10-07,2025-10-07,Received,683.70
PO002586,SUP06,ST014,2025-08-26,2025-10-13,2025-10-13,Received,715.03
PO002587,SUP07,ST015,2025-08-26,2025-10-04,2025-10-04,Received,1196.98
PO002588,SUP02,ST002,2025-08-27,2025-09-24,2025-09-24,Received,592.20
PO002589,SUP03,ST002,2025-08-27,2025-09-12,2025-09-12,Received,675.93
PO002590,SUP06,ST004,2025-08-27,2025-10-14,2025-10-26,Partially received,3552.57
PO002591,SUP03,ST005,2025-08-27,2025-09-12,2025-09-12,Received,1381.15
PO002592,SUP01,ST006,2025-08-27,2025-10-08,2025-10-08,Received,1848.39
PO002593,SUP04,ST008,2025-08-27,2025-10-21,2025-10-21,Partially received,950.18
PO002594,SUP04,ST010,2025-08-27,2025-10-21,2025-10-21,Partially received,1261.10
PO002595,SUP01,ST011,2025-08-27,2025-10-08,2025-10-08,Partially received,2727.53
PO002596,SUP04,ST011,2025-08-27,2025-10-21,2025-10-21,Partially received,3160.49
PO002597,SUP02,ST014,2025-08-27,2025-09-24,2025-09-24,Received,68.75
PO002598,SUP06,ST015,2025-08-27,2025-10-14,2025-10-14,Partially received,554.26
PO002599,SUP03,ST016,2025-08-27,2025-09-12,2025-09-12,Received,1618.19
PO002600,SUP04,ST018,2025-08-27,2025-10-21,2025-11-01,Partially received,4676.45
PO002601,SUP06,ST900,2025-08-27,2025-10-14,2025-10-14,Partially received,3166.51
PO002602,SUP01,ST001,2025-08-28,2025-10-09,2025-10-09,Received,1770.39
PO002603,SUP02,ST003,2025-08-28,2025-09-25,2025-09-25,Received,284.00
PO002604,SUP03,ST003,2025-08-28,2025-09-13,2025-09-13,Partially received,1273.59
PO002605,SUP01,ST004,2025-08-28,2025-10-09,2025-10-12,Received,2177.79
PO002606,SUP04,ST004,2025-08-28,2025-10-22,2025-10-22,Partially received,3325.72
PO002607,SUP05,ST005,2025-08-28,2025-10-01,2025-10-01,Received,881.41
PO002608,SUP02,ST010,2025-08-28,2025-09-25,2025-09-25,Received,987.53
PO002609,SUP05,ST013,2025-08-28,2025-10-01,2025-10-01,Received,942.78
PO002610,SUP05,ST014,2025-08-28,2025-10-01,2025-10-04,Received,1646.90
PO002611,SUP06,ST018,2025-08-28,2025-10-15,2025-10-15,Partially received,1159.98
PO002612,SUP02,ST001,2025-08-29,2025-09-26,2025-09-26,Received,2039.60
PO002613,SUP05,ST002,2025-08-29,2025-10-02,2025-10-06,Partially received,1554.19
PO002614,SUP07,ST004,2025-08-29,2025-10-07,2025-10-07,Received,3363.91
PO002615,SUP05,ST006,2025-08-29,2025-10-02,2025-10-02,Partially received,1833.54
PO002616,SUP01,ST008,2025-08-29,2025-10-10,2025-10-10,Received,1541.16
PO002617,SUP07,ST008,2025-08-29,2025-10-07,2025-10-14,Partially received,525.50
PO002618,SUP01,ST010,2025-08-29,2025-10-10,2025-10-10,Received,728.22
PO002619,SUP02,ST012,2025-08-29,2025-09-26,2025-09-26,Partially received,645.33
PO002620,SUP03,ST013,2025-08-29,2025-09-14,2025-09-14,Received,1283.92
PO002621,SUP04,ST014,2025-08-29,2025-10-23,2025-10-23,Partially received,1454.78
PO002622,SUP01,ST015,2025-08-29,2025-10-10,2025-10-10,Received,620.29
PO002623,SUP03,ST015,2025-08-29,2025-09-14,2025-09-14,Received,893.63
PO002624,SUP07,ST016,2025-08-29,2025-10-07,2025-10-07,Received,943.58
PO002625,SUP05,ST017,2025-08-29,2025-10-02,2025-10-02,Received,941.40
PO002626,SUP07,ST018,2025-08-29,2025-10-07,2025-10-07,Partially received,1049.33
PO002627,SUP04,ST900,2025-08-29,2025-10-23,2025-10-23,Partially received,3959.91
PO002628,SUP05,ST001,2025-08-30,2025-10-03,2025-10-03,Received,1661.15
PO002629,SUP06,ST002,2025-08-30,2025-10-17,2025-10-17,Received,366.99
PO002630,SUP07,ST006,2025-08-30,2025-10-08,2025-10-08,Partially received,546.72
PO002631,SUP02,ST007,2025-08-30,2025-09-27,2025-09-27,Received,226.45
PO002632,SUP06,ST008,2025-08-30,2025-10-17,2025-10-17,Partially received,904.38
PO002633,SUP03,ST014,2025-08-30,2025-09-15,2025-09-15,Received,1314.63
PO002634,SUP01,ST900,2025-08-30,2025-10-11,2025-10-11,Received,2808.21
PO002635,SUP01,ST003,2025-08-31,2025-10-12,2025-10-12,Received,899.46
PO002636,SUP06,ST010,2025-08-31,2025-10-18,2025-10-18,Received,510.70
PO002637,SUP06,ST012,2025-08-31,2025-10-18,2025-10-18,Partially received,1050.58
PO002638,SUP04,ST013,2025-08-31,2025-10-25,2025-10-25,Partially received,1409.77
PO002639,SUP06,ST013,2025-08-31,2025-10-18,2025-10-18,Received,388.51
PO002640,SUP02,ST016,2025-08-31,2025-09-28,2025-09-28,Received,922.51
PO002641,SUP05,ST016,2025-08-31,2025-10-04,2025-10-04,Received,594.10
PO002642,SUP02,ST900,2025-08-31,2025-09-28,2025-09-28,Received,2205.43
PO002643,SUP04,ST001,2025-09-01,2025-10-26,2025-11-14,Partially received,3609.21
PO002644,SUP02,ST004,2025-09-01,2025-09-29,2025-09-29,Partially received,2027.56
PO002645,SUP02,ST005,2025-09-01,2025-09-29,2025-10-04,Received,929.85
PO002646,SUP02,ST006,2025-09-01,2025-09-29,2025-09-29,Partially received,1866.66
PO002647,SUP05,ST008,2025-09-01,2025-10-05,2025-10-05,Received,707.39
PO002648,SUP03,ST011,2025-09-01,2025-09-17,2025-09-17,Received,1817.22
PO002649,SUP06,ST016,2025-09-01,2025-10-19,2025-10-19,Received,1110.17
PO002650,SUP03,ST017,2025-09-01,2025-09-17,2025-09-17,Received,2342.46
PO002651,SUP03,ST900,2025-09-01,2025-09-17,2025-09-17,Received,4082.84
PO002652,SUP07,ST900,2025-09-01,2025-10-10,2025-10-14,Partially received,2841.72
PO002653,SUP04,ST002,2025-09-02,2025-10-27,2025-11-12,Partially received,2623.75
PO002654,SUP06,ST003,2025-09-02,2025-10-20,2025-10-29,Received,1188.71
PO002655,SUP06,ST005,2025-09-02,2025-10-20,2025-10-20,Received,1814.54
PO002656,SUP01,ST009,2025-09-02,2025-10-14,2025-10-14,Received,1253.00
PO002657,SUP05,ST012,2025-09-02,2025-10-06,2025-10-06,Received,2122.90
PO002658,SUP04,ST015,2025-09-02,2025-10-27,2025-11-03,Partially received,2680.45
PO002659,SUP04,ST016,2025-09-02,2025-10-27,2025-11-12,Partially received,3065.62
PO002660,SUP01,ST017,2025-09-02,2025-10-14,2025-10-18,Received,1938.40
PO002661,SUP07,ST017,2025-09-02,2025-10-11,2025-10-11,Received,1732.40
PO002662,SUP01,ST018,2025-09-02,2025-10-14,2025-10-14,Received,1058.01
PO002663,SUP03,ST001,2025-09-03,2025-09-19,2025-09-19,Received,2327.29
PO002664,SUP05,ST003,2025-09-03,2025-10-07,2025-10-07,Received,2048.90
PO002665,SUP04,ST005,2025-09-03,2025-10-28,2025-10-28,Partially received,2017.10
PO002666,SUP04,ST006,2025-09-03,2025-10-28,2025-11-17,Partially received,2091.42
PO002667,SUP01,ST007,2025-09-03,2025-10-15,2025-10-15,Partially received,1324.47
PO002668,SUP03,ST007,2025-09-03,2025-09-19,2025-09-19,Received,1977.95
PO002669,SUP02,ST008,2025-09-03,2025-10-01,2025-10-01,Partially received,1372.09
PO002670,SUP06,ST009,2025-09-03,2025-10-21,2025-10-21,Received,1683.53
PO002671,SUP05,ST011,2025-09-03,2025-10-07,2025-10-07,Partially received,3038.75
PO002672,SUP07,ST012,2025-09-03,2025-10-12,2025-10-12,Partially received,2104.02
PO002673,SUP02,ST013,2025-09-03,2025-10-01,2025-10-01,Received,1298.37
PO002674,SUP01,ST016,2025-09-03,2025-10-15,2025-10-15,Received,1325.20
PO002675,SUP05,ST018,2025-09-03,2025-10-07,2025-10-07,Received,951.13
PO002676,SUP03,ST006,2025-09-04,2025-09-20,2025-09-20,Received,2050.32
PO002677,SUP07,ST007,2025-09-04,2025-10-13,2025-10-21,Received,1526.43
PO002678,SUP02,ST015,2025-09-04,2025-10-02,2025-10-02,Received,1657.81
PO002679,SUP04,ST017,2025-09-04,2025-10-29,2025-10-29,Partially received,2021.98
PO002680,SUP07,ST001,2025-09-05,2025-10-14,2025-10-14,Partially received,1686.47
PO002681,SUP04,ST003,2025-09-05,2025-10-30,2025-11-11,Partially received,2502.64
PO002682,SUP03,ST004,2025-09-05,2025-09-21,2025-09-21,Received,2236.25
PO002683,SUP05,ST004,2025-09-05,2025-10-09,2025-10-09,Received,3487.95
PO002684,SUP06,ST011,2025-09-05,2025-10-23,2025-11-01,Partially received,3260.13
PO002685,SUP03,ST012,2025-09-05,2025-09-21,2025-09-22,Partially received,1562.46
PO002686,SUP05,ST015,2025-09-05,2025-10-09,2025-10-09,Partially received,1832.42
PO002687,SUP02,ST018,2025-09-05,2025-10-03,2025-10-03,Received,1178.82
PO002688,SUP01,ST002,2025-09-06,2025-10-18,2025-10-18,Partially received,1100.23
PO002689,SUP07,ST005,2025-09-06,2025-10-15,2025-10-15,Partially received,1323.06
PO002690,SUP06,ST007,2025-09-06,2025-10-24,2025-10-24,Received,1105.76
PO002691,SUP03,ST008,2025-09-06,2025-09-22,2025-09-22,Received,2725.51
PO002692,SUP03,ST010,2025-09-06,2025-09-22,2025-09-22,Received,1641.96
PO002693,SUP07,ST010,2025-09-06,2025-10-15,2025-10-15,Partially received,1896.23
PO002694,SUP02,ST011,2025-09-06,2025-10-04,2025-10-04,Received,2327.70
PO002695,SUP01,ST012,2025-09-06,2025-10-18,2025-10-25,Partially received,2026.08
PO002696,SUP07,ST013,2025-09-06,2025-10-15,2025-10-15,Partially received,1510.21
PO002697,SUP07,ST014,2025-09-06,2025-10-15,2025-10-15,Partially received,1573.89
PO002698,SUP06,ST017,2025-09-06,2025-10-24,2025-10-24,Partially received,2174.57
PO002699,SUP03,ST018,2025-09-06,2025-09-22,2025-09-24,Received,1141.56
PO002700,SUP05,ST900,2025-09-06,2025-10-10,2025-10-10,Received,2950.41
PO002701,SUP05,ST009,2025-09-07,2025-10-11,2025-10-15,Received,2237.34
PO002702,SUP07,ST009,2025-09-07,2025-10-16,2025-10-16,Received,1152.24
PO002703,SUP07,ST011,2025-09-07,2025-10-16,2025-10-16,Partially received,1440.72
PO002704,SUP06,ST001,2025-09-08,2025-10-26,2025-10-31,Partially received,1886.76
PO002705,SUP06,ST006,2025-09-08,2025-10-26,2025-10-26,Partially received,1773.54
PO002706,SUP05,ST007,2025-09-08,2025-10-12,2025-10-16,Received,1635.31
PO002707,SUP03,ST009,2025-09-08,2025-09-24,2025-09-24,Received,1237.25
PO002708,SUP04,ST009,2025-09-08,2025-11-02,2025-11-02,Partially received,1614.81
PO002709,SUP05,ST010,2025-09-08,2025-10-12,2025-10-12,Partially received,1869.35
PO002710,SUP01,ST013,2025-09-08,2025-10-20,2025-10-20,Partially received,1239.23
PO002711,SUP02,ST017,2025-09-08,2025-10-06,2025-10-06,Received,998.77
PO002712,SUP07,ST002,2025-09-09,2025-10-18,2025-10-18,Partially received,1758.01
PO002713,SUP07,ST003,2025-09-09,2025-10-18,2025-10-18,Partially received,1446.14
PO002714,SUP01,ST005,2025-09-09,2025-10-21,2025-10-21,Received,1073.11
PO002715,SUP04,ST007,2025-09-09,2025-11-03,2025-11-11,Partially received,3098.02
PO002716,SUP02,ST009,2025-09-09,2025-10-07,2025-10-07,Received,1205.64
PO002717,SUP04,ST012,2025-09-09,2025-11-03,2025-11-03,Partially received,3542.51
PO002718,SUP01,ST014,2025-09-09,2025-10-21,2025-10-21,Received,863.83
PO002719,SUP06,ST014,2025-09-09,2025-10-27,2025-10-27,Received,1999.27
PO002720,SUP07,ST015,2025-09-09,2025-10-18,2025-10-18,Partially received,1784.32
PO002721,SUP02,ST002,2025-09-10,2025-10-08,2025-10-12,Received,861.01
PO002722,SUP03,ST002,2025-09-10,2025-09-26,2025-09-26,Received,1946.74
PO002723,SUP06,ST004,2025-09-10,2025-10-28,2025-10-28,Partially received,1691.48
PO002724,SUP03,ST005,2025-09-10,2025-09-26,2025-09-26,Received,1009.18
PO002725,SUP01,ST006,2025-09-10,2025-10-22,2025-10-30,Received,1120.30
PO002726,SUP04,ST008,2025-09-10,2025-11-04,2025-11-04,Received,1972.31
PO002727,SUP04,ST010,2025-09-10,2025-11-04,2025-11-13,Partially received,3432.05
PO002728,SUP01,ST011,2025-09-10,2025-10-22,2025-10-22,Partially received,1981.63
PO002729,SUP04,ST011,2025-09-10,2025-11-04,2025-11-04,Partially received,5003.39
PO002730,SUP02,ST014,2025-09-10,2025-10-08,2025-10-11,Partially received,912.30
PO002731,SUP06,ST015,2025-09-10,2025-10-28,2025-10-28,Partially received,2023.31
PO002732,SUP03,ST016,2025-09-10,2025-09-26,2025-09-26,Received,1781.27
PO002733,SUP04,ST018,2025-09-10,2025-11-04,2025-11-04,Partially received,2695.93
PO002734,SUP06,ST900,2025-09-10,2025-10-28,2025-10-28,Partially received,1848.76
PO002735,SUP01,ST001,2025-09-11,2025-10-23,2025-10-23,Received,4312.78
PO002736,SUP02,ST003,2025-09-11,2025-10-09,2025-10-09,Partially received,1138.59
PO002737,SUP03,ST003,2025-09-11,2025-09-27,2025-09-27,Received,1760.63
PO002738,SUP01,ST004,2025-09-11,2025-10-23,2025-10-23,Received,2753.68
PO002739,SUP04,ST004,2025-09-11,2025-11-05,2025-11-05,Partially received,4280.49
PO002740,SUP05,ST005,2025-09-11,2025-10-15,2025-10-15,Partially received,1794.46
PO002741,SUP02,ST010,2025-09-11,2025-10-09,2025-10-09,Partially received,1146.61
PO002742,SUP05,ST013,2025-09-11,2025-10-15,2025-10-15,Received,1271.23
PO002743,SUP05,ST014,2025-09-11,2025-10-15,2025-10-20,Received,1641.97
PO002744,SUP06,ST018,2025-09-11,2025-10-29,2025-10-29,Partially received,1688.17
PO002745,SUP02,ST001,2025-09-12,2025-10-10,2025-10-10,Partially received,2190.96
PO002746,SUP05,ST002,2025-09-12,2025-10-16,2025-10-16,Received,1390.31
PO002747,SUP07,ST004,2025-09-12,2025-10-21,2025-10-21,Received,1166.97
PO002748,SUP05,ST006,2025-09-12,2025-10-16,2025-10-21,Partially received,2329.96
PO002749,SUP01,ST008,2025-09-12,2025-10-24,2025-10-24,Partially received,786.76
PO002750,SUP07,ST008,2025-09-12,2025-10-21,2025-10-21,Partially received,1252.28
PO002751,SUP01,ST010,2025-09-12,2025-10-24,2025-10-27,Received,1132.62
PO002752,SUP02,ST012,2025-09-12,2025-10-10,2025-10-10,Received,497.35
PO002753,SUP03,ST013,2025-09-12,2025-09-28,2025-09-28,Received,1464.99
PO002754,SUP04,ST014,2025-09-12,2025-11-06,2025-11-18,Partially received,2387.05
PO002755,SUP01,ST015,2025-09-12,2025-10-24,2025-10-24,Received,1279.43
PO002756,SUP03,ST015,2025-09-12,2025-09-28,2025-09-28,Received,881.95
PO002757,SUP07,ST016,2025-09-12,2025-10-21,2025-10-21,Received,1129.79
PO002758,SUP05,ST017,2025-09-12,2025-10-16,2025-10-16,Received,1549.21
PO002759,SUP07,ST018,2025-09-12,2025-10-21,2025-10-24,Received,1510.94
PO002760,SUP04,ST900,2025-09-12,2025-11-06,2025-11-06,Partially received,2921.55
PO002761,SUP05,ST001,2025-09-13,2025-10-17,2025-10-17,Partially received,3728.11
PO002762,SUP06,ST002,2025-09-13,2025-10-31,2025-10-31,Received,1071.20
PO002763,SUP07,ST006,2025-09-13,2025-10-22,2025-10-31,Received,1355.90
PO002764,SUP02,ST007,2025-09-13,2025-10-11,2025-10-11,Received,1241.06
PO002765,SUP06,ST008,2025-09-13,2025-10-31,2025-11-09,Partially received,1946.16
PO002766,SUP03,ST014,2025-09-13,2025-09-29,2025-09-29,Received,1559.10
PO002767,SUP01,ST900,2025-09-13,2025-10-25,2025-10-25,Partially received,3568.28
PO002768,SUP01,ST003,2025-09-14,2025-10-26,2025-10-29,Partially received,1585.73
PO002769,SUP06,ST010,2025-09-14,2025-11-01,2025-11-01,Received,1774.77
PO002770,SUP06,ST012,2025-09-14,2025-11-01,2025-11-01,Partially received,1705.75
PO002771,SUP04,ST013,2025-09-14,2025-11-08,2025-11-08,Partially received,3625.04
PO002772,SUP06,ST013,2025-09-14,2025-11-01,2025-11-01,Received,1302.04
PO002773,SUP02,ST016,2025-09-14,2025-10-12,2025-10-14,Partially received,2012.63
PO002774,SUP05,ST016,2025-09-14,2025-10-18,2025-10-18,Partially received,1927.60
PO002775,SUP02,ST900,2025-09-14,2025-10-12,2025-10-12,Partially received,3063.96
PO002776,SUP04,ST001,2025-09-15,2025-11-09,2025-11-09,Partially received,2113.28
PO002777,SUP02,ST004,2025-09-15,2025-10-13,2025-10-13,Partially received,2337.63
PO002778,SUP02,ST005,2025-09-15,2025-10-13,2025-10-13,Partially received,641.87
PO002779,SUP02,ST006,2025-09-15,2025-10-13,2025-10-13,Received,851.19
PO002780,SUP05,ST008,2025-09-15,2025-10-19,2025-10-19,Received,627.17
PO002781,SUP03,ST011,2025-09-15,2025-10-01,2025-10-01,Partially received,2691.23
PO002782,SUP06,ST016,2025-09-15,2025-11-02,2025-11-02,Received,75.82
PO002783,SUP03,ST017,2025-09-15,2025-10-01,2025-10-01,Received,705.56
PO002784,SUP03,ST900,2025-09-15,2025-10-01,2025-10-01,Received,2662.25
PO002785,SUP07,ST900,2025-09-15,2025-10-24,2025-10-24,Received,2860.01
PO002786,SUP04,ST002,2025-09-16,2025-11-10,2025-11-26,Partially received,3037.15
PO002787,SUP06,ST003,2025-09-16,2025-11-03,2025-11-03,Partially received,910.02
PO002788,SUP06,ST005,2025-09-16,2025-11-03,2025-11-03,Received,704.03
PO002789,SUP01,ST009,2025-09-16,2025-10-28,2025-10-28,Received,375.97
PO002790,SUP05,ST012,2025-09-16,2025-10-20,2025-10-20,Received,723.37
PO002791,SUP04,ST015,2025-09-16,2025-11-10,2025-11-22,Partially received,1572.61
PO002792,SUP04,ST016,2025-09-16,2025-11-10,2025-11-10,Partially received,2655.79
PO002793,SUP01,ST017,2025-09-16,2025-10-28,2025-11-01,Partially received,1423.66
PO002794,SUP07,ST017,2025-09-16,2025-10-25,2025-10-25,Received,656.79
PO002795,SUP01,ST018,2025-09-16,2025-10-28,2025-10-28,Partially received,1188.37
PO002796,SUP03,ST001,2025-09-17,2025-10-03,2025-10-03,Received,2730.72
PO002797,SUP05,ST003,2025-09-17,2025-10-21,2025-10-21,Received,1650.10
PO002798,SUP04,ST005,2025-09-17,2025-11-11,2025-11-11,Partially received,1498.04
PO002799,SUP04,ST006,2025-09-17,2025-11-11,2025-11-11,Partially received,1773.93
PO002800,SUP01,ST007,2025-09-17,2025-10-29,2025-10-29,Received,1341.15
PO002801,SUP03,ST007,2025-09-17,2025-10-03,2025-10-03,Received,372.63
PO002802,SUP02,ST008,2025-09-17,2025-10-15,2025-10-15,Received,771.68
PO002803,SUP06,ST009,2025-09-17,2025-11-04,2025-11-04,Received,444.78
PO002804,SUP05,ST011,2025-09-17,2025-10-21,2025-10-21,Received,2160.18
PO002805,SUP07,ST012,2025-09-17,2025-10-26,2025-10-26,Partially received,1188.08
PO002806,SUP02,ST013,2025-09-17,2025-10-15,2025-10-15,Received,988.96
PO002807,SUP01,ST016,2025-09-17,2025-10-29,2025-10-29,Received,977.62
PO002808,SUP05,ST018,2025-09-17,2025-10-21,2025-10-21,Received,1537.70
PO002809,SUP03,ST006,2025-09-18,2025-10-04,2025-10-04,Received,2688.02
PO002810,SUP07,ST007,2025-09-18,2025-10-27,2025-11-03,Partially received,1149.86
PO002811,SUP02,ST015,2025-09-18,2025-10-16,2025-10-16,Partially received,1039.00
PO002812,SUP04,ST017,2025-09-18,2025-11-12,2025-11-12,Partially received,1698.09
PO002813,SUP07,ST001,2025-09-19,2025-10-28,2025-10-28,Partially received,2448.68
PO002814,SUP04,ST003,2025-09-19,2025-11-13,2025-11-30,Partially received,2783.10
PO002815,SUP03,ST004,2025-09-19,2025-10-05,2025-10-05,Partially received,2275.44
PO002816,SUP05,ST004,2025-09-19,2025-10-23,2025-10-23,Partially received,3196.92
PO002817,SUP06,ST011,2025-09-19,2025-11-06,2025-11-06,Received,1182.54
PO002818,SUP03,ST012,2025-09-19,2025-10-05,2025-10-05,Received,624.89
PO002819,SUP05,ST015,2025-09-19,2025-10-23,2025-10-23,Received,1210.70
PO002820,SUP02,ST018,2025-09-19,2025-10-17,2025-10-17,Partially received,1232.63
PO002821,SUP01,ST002,2025-09-20,2025-11-01,2025-11-01,Received,1592.46
PO002822,SUP07,ST005,2025-09-20,2025-10-29,2025-11-04,Partially received,1480.78
PO002823,SUP06,ST007,2025-09-20,2025-11-07,2025-11-14,Received,851.94
PO002824,SUP03,ST008,2025-09-20,2025-10-06,2025-10-06,Received,213.75
PO002825,SUP03,ST010,2025-09-20,2025-10-06,2025-10-06,Received,2080.36
PO002826,SUP07,ST010,2025-09-20,2025-10-29,2025-10-29,Received,519.59
PO002827,SUP02,ST011,2025-09-20,2025-10-18,2025-10-18,Partially received,1542.89
PO002828,SUP01,ST012,2025-09-20,2025-11-01,2025-11-01,Received,688.60
PO002829,SUP07,ST013,2025-09-20,2025-10-29,2025-10-29,Received,1030.75
PO002830,SUP07,ST014,2025-09-20,2025-10-29,2025-10-29,Partially received,1060.64
PO002831,SUP06,ST017,2025-09-20,2025-11-07,2025-11-17,Partially received,991.56
PO002832,SUP03,ST018,2025-09-20,2025-10-06,2025-10-06,Received,910.18
PO002833,SUP05,ST900,2025-09-20,2025-10-24,2025-10-24,Received,2738.93
PO002834,SUP05,ST009,2025-09-21,2025-10-25,2025-10-25,Received,466.60
PO002835,SUP07,ST009,2025-09-21,2025-10-30,2025-10-30,Received,1524.84
PO002836,SUP07,ST011,2025-09-21,2025-10-30,2025-11-03,Partially received,2841.37
PO002837,SUP06,ST001,2025-09-22,2025-11-09,2025-11-09,Partially received,1186.88
PO002838,SUP06,ST006,2025-09-22,2025-11-09,2025-11-16,Partially received,1019.00
PO002839,SUP05,ST007,2025-09-22,2025-10-26,2025-10-26,Received,787.13
PO002840,SUP03,ST009,2025-09-22,2025-10-08,2025-10-08,Partially received,1360.00
PO002841,SUP04,ST009,2025-09-22,2025-11-16,2025-11-16,Partially received,1681.76
PO002842,SUP05,ST010,2025-09-22,2025-10-26,2025-10-26,Partially received,1027.01
PO002843,SUP01,ST013,2025-09-22,2025-11-03,2025-11-03,Received,920.52
PO002844,SUP02,ST017,2025-09-22,2025-10-20,2025-10-20,Received,295.35
PO002845,SUP07,ST002,2025-09-23,2025-11-01,2025-11-01,Received,873.52
PO002846,SUP07,ST003,2025-09-23,2025-11-01,2025-11-09,Received,1143.59
PO002847,SUP01,ST005,2025-09-23,2025-11-04,2025-11-04,Received,722.37
PO002848,SUP04,ST007,2025-09-23,2025-11-17,2025-11-17,Partially received,1771.24
PO002849,SUP02,ST009,2025-09-23,2025-10-21,2025-10-21,Received,455.84
PO002850,SUP04,ST012,2025-09-23,2025-11-17,2025-11-27,Partially received,1257.81
PO002851,SUP01,ST014,2025-09-23,2025-11-04,2025-11-04,Partially received,877.53
PO002852,SUP06,ST014,2025-09-23,2025-11-10,2025-11-10,Received,1012.90
PO002853,SUP07,ST015,2025-09-23,2025-11-01,2025-11-01,Received,704.89
PO002854,SUP02,ST002,2025-09-24,2025-10-22,2025-10-22,Partially received,628.48
PO002855,SUP03,ST002,2025-09-24,2025-10-10,2025-10-13,Received,683.71
PO002856,SUP06,ST004,2025-09-24,2025-11-11,2025-11-11,Received,2334.88
PO002857,SUP03,ST005,2025-09-24,2025-10-10,2025-10-10,Received,1083.15
PO002858,SUP01,ST006,2025-09-24,2025-11-05,2025-11-05,Partially received,1417.92
PO002859,SUP04,ST008,2025-09-24,2025-11-18,2025-12-05,Received,988.44
PO002860,SUP04,ST010,2025-09-24,2025-11-18,2025-11-18,Partially received,1317.74
PO002861,SUP01,ST011,2025-09-24,2025-11-05,2025-11-05,Received,2048.73
PO002862,SUP04,ST011,2025-09-24,2025-11-18,2025-11-18,Partially received,1649.45
PO002863,SUP02,ST014,2025-09-24,2025-10-22,2025-10-22,Received,987.55
PO002864,SUP06,ST015,2025-09-24,2025-11-11,2025-11-11,Partially received,1289.09
PO002865,SUP03,ST016,2025-09-24,2025-10-10,2025-10-10,Partially received,353.60
PO002866,SUP04,ST018,2025-09-24,2025-11-18,2025-12-05,Received,1400.31
PO002867,SUP06,ST900,2025-09-24,2025-11-11,2025-11-11,Partially received,2341.04
PO002868,SUP01,ST001,2025-09-25,2025-11-06,2025-11-06,Received,2742.29
PO002869,SUP02,ST003,2025-09-25,2025-10-23,2025-10-23,Received,470.38
PO002870,SUP03,ST003,2025-09-25,2025-10-11,2025-10-11,Received,788.17
PO002871,SUP01,ST004,2025-09-25,2025-11-06,2025-11-06,Partially received,2175.63
PO002872,SUP04,ST004,2025-09-25,2025-11-19,2025-11-19,Partially received,1598.45
PO002873,SUP05,ST005,2025-09-25,2025-10-29,2025-10-29,Partially received,887.38
PO002874,SUP02,ST010,2025-09-25,2025-10-23,2025-10-23,Received,475.79
PO002875,SUP05,ST013,2025-09-25,2025-10-29,2025-10-29,Received,304.08
PO002876,SUP05,ST014,2025-09-25,2025-10-29,2025-11-04,Partially received,879.02
PO002877,SUP06,ST018,2025-09-25,2025-11-12,2025-11-20,Partially received,1115.17
PO002878,SUP02,ST001,2025-09-26,2025-10-24,2025-10-27,Received,1108.32
PO002879,SUP05,ST002,2025-09-26,2025-10-30,2025-10-30,Partially received,932.04
PO002880,SUP07,ST004,2025-09-26,2025-11-04,2025-11-04,Partially received,1945.39
PO002881,SUP05,ST006,2025-09-26,2025-10-30,2025-10-30,Partially received,1268.41
PO002882,SUP01,ST008,2025-09-26,2025-11-07,2025-11-07,Received,1518.53
PO002883,SUP07,ST008,2025-09-26,2025-11-04,2025-11-04,Received,1305.66
PO002884,SUP01,ST010,2025-09-26,2025-11-07,2025-11-07,Received,831.71
PO002885,SUP02,ST012,2025-09-26,2025-10-24,2025-10-24,Received,799.03
PO002886,SUP03,ST013,2025-09-26,2025-10-12,2025-10-12,Received,1350.58
PO002887,SUP04,ST014,2025-09-26,2025-11-20,2025-11-20,Partially received,1213.67
PO002888,SUP01,ST015,2025-09-26,2025-11-07,2025-11-12,Received,2323.87
PO002889,SUP03,ST015,2025-09-26,2025-10-12,2025-10-12,Received,992.51
PO002890,SUP07,ST016,2025-09-26,2025-11-04,2025-11-04,Partially received,1220.43
PO002891,SUP05,ST017,2025-09-26,2025-10-30,2025-10-30,Received,904.25
PO002892,SUP07,ST018,2025-09-26,2025-11-04,2025-11-04,Partially received,1436.30
PO002893,SUP04,ST900,2025-09-26,2025-11-20,2025-12-02,Partially received,4384.28
PO002894,SUP05,ST001,2025-09-27,2025-10-31,2025-11-06,Partially received,1419.76
PO002895,SUP06,ST002,2025-09-27,2025-11-14,2025-11-14,Received,913.41
PO002896,SUP07,ST006,2025-09-27,2025-11-05,2025-11-15,Partially received,1281.69
PO002897,SUP02,ST007,2025-09-27,2025-10-25,2025-10-25,Partially received,230.62
PO002898,SUP06,ST008,2025-09-27,2025-11-14,2025-11-14,Partially received,1156.21
PO002899,SUP03,ST014,2025-09-27,2025-10-13,2025-10-13,Received,1087.75
PO002900,SUP01,ST900,2025-09-27,2025-11-08,2025-11-08,Received,3275.36
PO002901,SUP01,ST003,2025-09-28,2025-11-09,2025-11-09,Received,1454.32
PO002902,SUP06,ST010,2025-09-28,2025-11-15,2025-11-15,Received,311.80
PO002903,SUP06,ST012,2025-09-28,2025-11-15,2025-11-15,Received,695.91
PO002904,SUP04,ST013,2025-09-28,2025-11-22,2025-11-22,Partially received,986.27
PO002905,SUP06,ST013,2025-09-28,2025-11-15,2025-11-15,Partially received,733.85
PO002906,SUP02,ST016,2025-09-28,2025-10-26,2025-10-26,Received,720.78
PO002907,SUP05,ST016,2025-09-28,2025-11-01,2025-11-01,Received,357.99
PO002908,SUP02,ST900,2025-09-28,2025-10-26,2025-10-26,Received,2427.19
PO002909,SUP04,ST001,2025-09-29,2025-11-23,2025-12-03,Partially received,3164.11
PO002910,SUP02,ST004,2025-09-29,2025-10-27,2025-10-27,Partially received,645.34
PO002911,SUP02,ST005,2025-09-29,2025-10-27,2025-10-27,Partially received,952.06
PO002912,SUP02,ST006,2025-09-29,2025-10-27,2025-10-27,Received,1073.34
PO002913,SUP05,ST008,2025-09-29,2025-11-02,2025-11-02,Received,660.68
PO002914,SUP03,ST011,2025-09-29,2025-10-15,2025-10-15,Received,1275.39
PO002915,SUP06,ST016,2025-09-29,2025-11-16,2025-11-16,Received,862.31
PO002916,SUP03,ST017,2025-09-29,2025-10-15,2025-10-15,Received,856.79
PO002917,SUP03,ST900,2025-09-29,2025-10-15,2025-10-15,Received,2630.12
PO002918,SUP07,ST900,2025-09-29,2025-11-07,2025-11-07,Partially received,3526.81
PO002919,SUP04,ST002,2025-09-30,2025-11-24,2025-12-11,Partially received,990.02
PO002920,SUP06,ST003,2025-09-30,2025-11-17,2025-11-17,Partially received,1380.32
PO002921,SUP06,ST005,2025-09-30,2025-11-17,2025-11-17,Received,1308.19
PO002922,SUP01,ST009,2025-09-30,2025-11-11,2025-11-11,Received,899.91
PO002923,SUP05,ST012,2025-09-30,2025-11-03,2025-11-03,Received,1393.12
PO002924,SUP04,ST015,2025-09-30,2025-11-24,2025-12-04,Partially received,2158.03
PO002925,SUP04,ST016,2025-09-30,2025-11-24,2025-11-24,Partially received,1442.29
PO002926,SUP01,ST017,2025-09-30,2025-11-11,2025-11-11,Received,429.92
PO002927,SUP07,ST017,2025-09-30,2025-11-08,2025-11-08,Partially received,1567.20
PO002928,SUP01,ST018,2025-09-30,2025-11-11,2025-11-11,Received,1400.19
PO002929,SUP03,ST001,2025-10-01,2025-10-17,2025-10-17,Received,2117.32
PO002930,SUP05,ST003,2025-10-01,2025-11-04,2025-11-04,Received,1218.73
PO002931,SUP04,ST005,2025-10-01,2025-11-25,2025-12-16,Partially received,3545.01
PO002932,SUP04,ST006,2025-10-01,2025-11-25,2025-11-25,Partially received,4248.82
PO002933,SUP01,ST007,2025-10-01,2025-11-12,2025-11-12,Received,884.31
PO002934,SUP03,ST007,2025-10-01,2025-10-17,2025-10-17,Received,714.19
PO002935,SUP02,ST008,2025-10-01,2025-10-29,2025-10-29,Partially received,1161.58
PO002936,SUP06,ST009,2025-10-01,2025-11-18,2025-11-18,Partially received,1428.38
PO002937,SUP05,ST011,2025-10-01,2025-11-04,2025-11-04,Received,2178.24
PO002938,SUP07,ST012,2025-10-01,2025-11-09,2025-11-09,Partially received,1335.04
PO002939,SUP02,ST013,2025-10-01,2025-10-29,2025-10-29,Received,1071.87
PO002940,SUP01,ST016,2025-10-01,2025-11-12,2025-11-12,Received,2634.45
PO002941,SUP05,ST018,2025-10-01,2025-11-04,2025-11-04,Partially received,706.14
PO002942,SUP03,ST006,2025-10-02,2025-10-18,2025-10-18,Received,1524.14
PO002943,SUP07,ST007,2025-10-02,2025-11-10,2025-11-10,Received,765.05
PO002944,SUP02,ST015,2025-10-02,2025-10-30,2025-10-30,Received,1882.88
PO002945,SUP04,ST017,2025-10-02,2025-11-26,2025-11-26,Partially received,3303.49
PO002946,SUP07,ST001,2025-10-03,2025-11-11,2025-11-11,Partially received,1818.20
PO002947,SUP04,ST003,2025-10-03,2025-11-27,2025-12-12,Partially received,1247.47
PO002948,SUP03,ST004,2025-10-03,2025-10-19,2025-10-19,Received,1984.42
PO002949,SUP05,ST004,2025-10-03,2025-11-06,2025-11-06,Partially received,3110.47
PO002950,SUP06,ST011,2025-10-03,2025-11-20,2025-11-20,Partially received,1329.16
PO002951,SUP03,ST012,2025-10-03,2025-10-19,2025-10-19,Received,971.40
PO002952,SUP05,ST015,2025-10-03,2025-11-06,2025-11-06,Partially received,2183.13
PO002953,SUP02,ST018,2025-10-03,2025-10-31,2025-10-31,Received,1199.78
PO002954,SUP01,ST002,2025-10-04,2025-11-15,2025-11-15,Received,987.70
PO002955,SUP07,ST005,2025-10-04,2025-11-12,2025-11-21,Partially received,1519.79
PO002956,SUP06,ST007,2025-10-04,2025-11-21,2025-11-21,Partially received,1155.63
PO002957,SUP03,ST008,2025-10-04,2025-10-20,2025-10-20,Partially received,1460.95
PO002958,SUP03,ST010,2025-10-04,2025-10-20,2025-10-20,Partially received,2044.45
PO002959,SUP07,ST010,2025-10-04,2025-11-12,2025-11-12,Received,2329.92
PO002960,SUP02,ST011,2025-10-04,2025-11-01,2025-11-01,Received,3007.28
PO002961,SUP01,ST012,2025-10-04,2025-11-15,2025-11-15,Received,1053.62
PO002962,SUP07,ST013,2025-10-04,2025-11-12,2025-11-16,Partially received,1780.71
PO002963,SUP07,ST014,2025-10-04,2025-11-12,2025-11-12,Received,1144.82
PO002964,SUP06,ST017,2025-10-04,2025-11-21,2025-11-21,Partially received,1317.03
PO002965,SUP03,ST018,2025-10-04,2025-10-20,2025-10-20,Partially received,1332.54
PO002966,SUP05,ST900,2025-10-04,2025-11-07,2025-11-07,Partially received,3066.42
PO002967,SUP05,ST009,2025-10-05,2025-11-08,2025-11-08,Partially received,2839.31
PO002968,SUP07,ST009,2025-10-05,2025-11-13,2025-11-22,Received,1155.63
PO002969,SUP07,ST011,2025-10-05,2025-11-13,2025-11-13,Received,1638.51
PO002970,SUP06,ST001,2025-10-06,2025-11-23,2025-11-23,Received,2001.27
PO002971,SUP06,ST006,2025-10-06,2025-11-23,2025-11-27,Partially received,1172.17
PO002972,SUP05,ST007,2025-10-06,2025-11-09,2025-11-09,Received,1231.12
PO002973,SUP03,ST009,2025-10-06,2025-10-22,2025-10-25,Received,1704.71
PO002974,SUP04,ST009,2025-10-06,2025-11-30,2025-11-30,Partially received,1517.70
PO002975,SUP05,ST010,2025-10-06,2025-11-09,2025-11-09,Received,1330.98
PO002976,SUP01,ST013,2025-10-06,2025-11-17,2025-11-17,Partially received,643.54
PO002977,SUP02,ST017,2025-10-06,2025-11-03,2025-11-03,Received,2011.35
PO002978,SUP07,ST002,2025-10-07,2025-11-15,2025-11-22,Partially received,739.76
PO002979,SUP07,ST003,2025-10-07,2025-11-15,2025-11-15,Partially received,783.40
PO002980,SUP01,ST005,2025-10-07,2025-11-18,2025-11-18,Received,1160.42
PO002981,SUP04,ST007,2025-10-07,2025-12-01,2025-12-10,Partially received,2483.96
PO002982,SUP02,ST009,2025-10-07,2025-11-04,2025-11-04,Received,1373.54
PO002983,SUP04,ST012,2025-10-07,2025-12-01,2025-12-16,Partially received,3984.76
PO002984,SUP01,ST014,2025-10-07,2025-11-18,2025-11-18,Received,1157.68
PO002985,SUP06,ST014,2025-10-07,2025-11-24,2025-12-03,Partially received,1688.05
PO002986,SUP07,ST015,2025-10-07,2025-11-15,2025-11-15,Received,2019.51
PO002987,SUP02,ST002,2025-10-08,2025-11-05,2025-11-05,Received,1095.72
PO002988,SUP03,ST002,2025-10-08,2025-10-24,2025-10-24,Received,1309.79
PO002989,SUP06,ST004,2025-10-08,2025-11-25,2025-11-25,Partially received,1705.70
PO002990,SUP03,ST005,2025-10-08,2025-10-24,2025-10-24,Partially received,1884.33
PO002991,SUP01,ST006,2025-10-08,2025-11-19,2025-11-19,Received,1582.78
PO002992,SUP04,ST008,2025-10-08,2025-12-02,2025-12-02,Partially received,2872.24
PO002993,SUP04,ST010,2025-10-08,2025-12-02,2025-12-18,Partially received,2170.51
PO002994,SUP01,ST011,2025-10-08,2025-11-19,2025-11-19,Partially received,2184.73
PO002995,SUP04,ST011,2025-10-08,2025-12-02,2025-12-18,Partially received,4614.76
PO002996,SUP02,ST014,2025-10-08,2025-11-05,2025-11-05,Received,1277.86
PO002997,SUP06,ST015,2025-10-08,2025-11-25,2025-12-03,Received,1180.35
PO002998,SUP03,ST016,2025-10-08,2025-10-24,2025-10-24,Received,1112.41
PO002999,SUP04,ST018,2025-10-08,2025-12-02,2025-12-02,Partially received,2926.05
PO003000,SUP06,ST900,2025-10-08,2025-11-25,2025-11-25,Partially received,1359.17
PO003001,SUP01,ST001,2025-10-09,2025-11-20,2025-11-20,Received,2148.72
PO003002,SUP02,ST003,2025-10-09,2025-11-06,2025-11-09,Partially received,1641.90
PO003003,SUP03,ST003,2025-10-09,2025-10-25,2025-10-25,Received,1456.68
PO003004,SUP01,ST004,2025-10-09,2025-11-20,2025-11-20,Received,744.81
PO003005,SUP04,ST004,2025-10-09,2025-12-03,2025-12-21,Partially received,4926.22
PO003006,SUP05,ST005,2025-10-09,2025-11-12,2025-11-12,Partially received,2046.67
PO003007,SUP02,ST010,2025-10-09,2025-11-06,2025-11-06,Partially received,791.61
PO003008,SUP05,ST013,2025-10-09,2025-11-12,2025-11-12,Received,1465.76
PO003009,SUP05,ST014,2025-10-09,2025-11-12,2025-11-12,Received,1347.95
PO003010,SUP06,ST018,2025-10-09,2025-11-26,2025-12-05,Received,1209.65
PO003011,SUP02,ST001,2025-10-10,2025-11-07,2025-11-07,Received,1818.69
PO003012,SUP05,ST002,2025-10-10,2025-11-13,2025-11-13,Received,2291.00
PO003013,SUP07,ST004,2025-10-10,2025-11-18,2025-11-18,Received,1633.00
PO003014,SUP05,ST006,2025-10-10,2025-11-13,2025-11-13,Partially received,1837.71
PO003015,SUP01,ST008,2025-10-10,2025-11-21,2025-11-27,Partially received,1333.40
PO003016,SUP07,ST008,2025-10-10,2025-11-18,2025-11-18,Partially received,848.96
PO003017,SUP01,ST010,2025-10-10,2025-11-21,2025-11-21,Received,1578.18
PO003018,SUP02,ST012,2025-10-10,2025-11-07,2025-11-07,Received,768.37
PO003019,SUP03,ST013,2025-10-10,2025-10-26,2025-10-26,Received,1859.20
PO003020,SUP04,ST014,2025-10-10,2025-12-04,2025-12-15,Partially received,3593.43
PO003021,SUP01,ST015,2025-10-10,2025-11-21,2025-11-21,Received,754.86
PO003022,SUP03,ST015,2025-10-10,2025-10-26,2025-10-26,Received,1533.91
PO003023,SUP07,ST016,2025-10-10,2025-11-18,2025-11-18,Partially received,2052.93
PO003024,SUP05,ST017,2025-10-10,2025-11-13,2025-11-13,Partially received,2064.99
PO003025,SUP07,ST018,2025-10-10,2025-11-18,2025-11-18,Received,1262.34
PO003026,SUP04,ST900,2025-10-10,2025-12-04,2025-12-04,Partially received,4147.20
PO003027,SUP05,ST001,2025-10-11,2025-11-14,2025-11-14,Partially received,3780.26
PO003028,SUP06,ST002,2025-10-11,2025-11-28,2025-11-28,Received,1252.93
PO003029,SUP07,ST006,2025-10-11,2025-11-19,2025-11-19,Received,962.88
PO003030,SUP02,ST007,2025-10-11,2025-11-08,2025-11-08,Partially received,1470.27
PO003031,SUP06,ST008,2025-10-11,2025-11-28,2025-11-28,Partially received,1153.35
PO003032,SUP03,ST014,2025-10-11,2025-10-27,2025-10-27,Partially received,1173.62
PO003033,SUP01,ST900,2025-10-11,2025-11-22,2025-11-22,Partially received,1970.34
PO003034,SUP01,ST003,2025-10-12,2025-11-23,2025-11-23,Received,1286.10
PO003035,SUP06,ST010,2025-10-12,2025-11-29,2025-12-09,Received,1454.66
PO003036,SUP06,ST012,2025-10-12,2025-11-29,2025-11-29,Partially received,1601.78
PO003037,SUP04,ST013,2025-10-12,2025-12-06,2025-12-06,Partially received,3642.42
PO003038,SUP06,ST013,2025-10-12,2025-11-29,2025-11-29,Received,853.63
PO003039,SUP02,ST016,2025-10-12,2025-11-09,2025-11-09,Received,1546.60
PO003040,SUP05,ST016,2025-10-12,2025-11-15,2025-11-15,Partially received,2204.66
PO003041,SUP02,ST900,2025-10-12,2025-11-09,2025-11-09,Received,1956.58
PO003042,SUP04,ST001,2025-10-13,2025-12-07,2025-12-07,Partially received,6198.08
PO003043,SUP02,ST004,2025-10-13,2025-11-10,2025-11-13,Received,2359.95
PO003044,SUP02,ST005,2025-10-13,2025-11-10,2025-11-10,Partially received,2157.69
PO003045,SUP02,ST006,2025-10-13,2025-11-10,2025-11-10,Received,1241.78
PO003046,SUP05,ST008,2025-10-13,2025-11-16,2025-11-16,Received,720.69
PO003047,SUP03,ST011,2025-10-13,2025-10-29,2025-10-29,Received,2208.08
PO003048,SUP06,ST016,2025-10-13,2025-11-30,2025-11-30,Received,917.47
PO003049,SUP03,ST017,2025-10-13,2025-10-29,2025-10-29,Received,1143.80
PO003050,SUP03,ST900,2025-10-13,2025-10-29,2025-10-29,Partially received,2573.67
PO003051,SUP07,ST900,2025-10-13,2025-11-21,2025-11-21,Partially received,3656.74
PO003052,SUP04,ST002,2025-10-14,2025-12-08,2025-12-08,Partially received,1742.55
PO003053,SUP06,ST003,2025-10-14,2025-12-01,2025-12-01,Partially received,1068.02
PO003054,SUP06,ST005,2025-10-14,2025-12-01,2025-12-01,Partially received,1680.99
PO003055,SUP01,ST009,2025-10-14,2025-11-25,2025-11-28,Partially received,1092.35
PO003056,SUP05,ST012,2025-10-14,2025-11-17,2025-11-17,Received,1676.08
PO003057,SUP04,ST015,2025-10-14,2025-12-08,2025-12-15,Partially received,3305.71
PO003058,SUP04,ST016,2025-10-14,2025-12-08,2025-12-25,Partially received,2228.38
PO003059,SUP01,ST017,2025-10-14,2025-11-25,2025-11-25,Received,1288.10
PO003060,SUP07,ST017,2025-10-14,2025-11-22,2025-11-22,Received,801.60
PO003061,SUP01,ST018,2025-10-14,2025-11-25,2025-11-25,Received,719.60
PO003062,SUP03,ST001,2025-10-15,2025-10-31,2025-10-31,Received,1059.06
PO003063,SUP05,ST003,2025-10-15,2025-11-18,2025-11-18,Received,902.44
PO003064,SUP04,ST005,2025-10-15,2025-12-09,2025-12-21,Received,777.22
PO003065,SUP04,ST006,2025-10-15,2025-12-09,2025-12-09,Partially received,2446.81
PO003066,SUP01,ST007,2025-10-15,2025-11-26,2025-11-26,Received,916.25
PO003067,SUP03,ST007,2025-10-15,2025-10-31,2025-11-01,Received,1212.82
PO003068,SUP02,ST008,2025-10-15,2025-11-12,2025-11-12,Received,614.90
PO003069,SUP06,ST009,2025-10-15,2025-12-02,2025-12-02,Received,665.49
PO003070,SUP05,ST011,2025-10-15,2025-11-18,2025-11-18,Partially received,2827.73
PO003071,SUP07,ST012,2025-10-15,2025-11-23,2025-11-23,Received,1126.43
PO003072,SUP02,ST013,2025-10-15,2025-11-12,2025-11-12,Received,459.55
PO003073,SUP01,ST016,2025-10-15,2025-11-26,2025-11-29,Received,739.26
PO003074,SUP05,ST018,2025-10-15,2025-11-18,2025-11-18,Received,676.16
PO003075,SUP03,ST006,2025-10-16,2025-11-01,2025-11-01,Partially received,872.17
PO003076,SUP07,ST007,2025-10-16,2025-11-24,2025-11-24,Partially received,754.33
PO003077,SUP02,ST015,2025-10-16,2025-11-13,2025-11-13,Partially received,1184.78
PO003078,SUP04,ST017,2025-10-16,2025-12-10,2025-12-18,Partially received,1026.83
PO003079,SUP07,ST001,2025-10-17,2025-11-25,2025-11-25,Received,1654.43
PO003080,SUP04,ST003,2025-10-17,2025-12-11,2025-12-11,Partially received,1285.09
PO003081,SUP03,ST004,2025-10-17,2025-11-02,2025-11-02,Received,2656.43
PO003082,SUP05,ST004,2025-10-17,2025-11-20,2025-11-20,Received,1076.88
PO003083,SUP06,ST011,2025-10-17,2025-12-04,2025-12-04,Partially received,1230.03
PO003084,SUP03,ST012,2025-10-17,2025-11-02,2025-11-02,Received,1383.46
PO003085,SUP05,ST015,2025-10-17,2025-11-20,2025-11-20,Received,1928.07
PO003086,SUP02,ST018,2025-10-17,2025-11-14,2025-11-14,Received,327.57
PO003087,SUP01,ST002,2025-10-18,2025-11-29,2025-11-29,Received,784.78
PO003088,SUP07,ST005,2025-10-18,2025-11-26,2025-12-05,Received,903.29
PO003089,SUP06,ST007,2025-10-18,2025-12-05,2025-12-05,Received,483.55
PO003090,SUP03,ST008,2025-10-18,2025-11-03,2025-11-03,Received,375.54
PO003091,SUP03,ST010,2025-10-18,2025-11-03,2025-11-05,Partially received,936.78
PO003092,SUP07,ST010,2025-10-18,2025-11-26,2025-11-26,Received,809.97
PO003093,SUP02,ST011,2025-10-18,2025-11-15,2025-11-15,Partially received,1801.29
PO003094,SUP01,ST012,2025-10-18,2025-11-29,2025-11-29,Received,1143.55
PO003095,SUP07,ST013,2025-10-18,2025-11-26,2025-11-26,Partially received,802.80
PO003096,SUP07,ST014,2025-10-18,2025-11-26,2025-11-26,Partially received,1143.41
PO003097,SUP06,ST017,2025-10-18,2025-12-05,2025-12-17,Partially received,1046.73
PO003098,SUP03,ST018,2025-10-18,2025-11-03,2025-11-03,Received,1177.49
PO003099,SUP05,ST900,2025-10-18,2025-11-21,2025-11-21,Partially received,2620.13
PO003100,SUP05,ST009,2025-10-19,2025-11-22,2025-11-22,Received,1137.29
PO003101,SUP07,ST009,2025-10-19,2025-11-27,2025-11-27,Received,804.27
PO003102,SUP07,ST011,2025-10-19,2025-11-27,2025-12-03,Partially received,1844.44
PO003103,SUP06,ST001,2025-10-20,2025-12-07,2025-12-14,Received,2194.49
PO003104,SUP06,ST006,2025-10-20,2025-12-07,2025-12-07,Received,503.85
PO003105,SUP05,ST007,2025-10-20,2025-11-23,2025-11-23,Received,1183.43
PO003106,SUP03,ST009,2025-10-20,2025-11-05,2025-11-07,Received,1039.69
PO003107,SUP04,ST009,2025-10-20,2025-12-14,2025-12-14,Partially received,887.51
PO003108,SUP05,ST010,2025-10-20,2025-11-23,2025-11-26,Partially received,1695.00
PO003109,SUP01,ST013,2025-10-20,2025-12-01,2025-12-01,Partially received,1239.21
PO003110,SUP02,ST017,2025-10-20,2025-11-17,2025-11-17,Received,466.05
PO003111,SUP07,ST002,2025-10-21,2025-11-29,2025-11-29,Received,724.73
PO003112,SUP07,ST003,2025-10-21,2025-11-29,2025-11-29,Received,493.60
PO003113,SUP01,ST005,2025-10-21,2025-12-02,2025-12-02,Received,1479.02
PO003114,SUP04,ST007,2025-10-21,2025-12-15,2026-01-04,Received,1161.98
PO003115,SUP02,ST009,2025-10-21,2025-11-18,2025-11-18,Received,630.21
PO003116,SUP04,ST012,2025-10-21,2025-12-15,2025-12-29,Partially received,1118.99
PO003117,SUP01,ST014,2025-10-21,2025-12-02,2025-12-02,Received,1439.28
PO003118,SUP06,ST014,2025-10-21,2025-12-08,2025-12-08,Partially received,633.32
PO003119,SUP07,ST015,2025-10-21,2025-11-29,2025-11-29,Partially received,1973.30
PO003120,SUP02,ST002,2025-10-22,2025-11-19,2025-11-19,Received,1142.88
PO003121,SUP03,ST002,2025-10-22,2025-11-07,2025-11-07,Received,467.18
PO003122,SUP06,ST004,2025-10-22,2025-12-09,2025-12-09,Received,1922.51
PO003123,SUP03,ST005,2025-10-22,2025-11-07,2025-11-07,Received,387.10
PO003124,SUP01,ST006,2025-10-22,2025-12-03,2025-12-03,Received,1095.78
PO003125,SUP04,ST008,2025-10-22,2025-12-16,2025-12-16,Partially received,2114.93
PO003126,SUP04,ST010,2025-10-22,2025-12-16,2026-01-01,Partially received,2236.93
PO003127,SUP01,ST011,2025-10-22,2025-12-03,2025-12-03,Partially received,1537.48
PO003128,SUP04,ST011,2025-10-22,2025-12-16,2026-01-05,Partially received,4484.67
PO003129,SUP02,ST014,2025-10-22,2025-11-19,2025-11-19,Received,831.59
PO003130,SUP06,ST015,2025-10-22,2025-12-09,2025-12-15,Received,860.05
PO003131,SUP03,ST016,2025-10-22,2025-11-07,2025-11-07,Received,1203.38
PO003132,SUP04,ST018,2025-10-22,2025-12-16,2026-01-04,Partially received,2151.22
PO003133,SUP06,ST900,2025-10-22,2025-12-09,2025-12-09,Received,2394.03
PO003134,SUP01,ST001,2025-10-23,2025-12-04,2025-12-04,Received,1382.21
PO003135,SUP02,ST003,2025-10-23,2025-11-20,2025-11-20,Received,442.62
PO003136,SUP03,ST003,2025-10-23,2025-11-08,2025-11-08,Received,1224.37
PO003137,SUP01,ST004,2025-10-23,2025-12-04,2025-12-04,Received,1769.45
PO003138,SUP04,ST004,2025-10-23,2025-12-17,2025-12-17,Partially received,4132.31
PO003139,SUP05,ST005,2025-10-23,2025-11-26,2025-12-01,Received,1650.49
PO003140,SUP02,ST010,2025-10-23,2025-11-20,2025-11-20,Received,392.88
PO003141,SUP05,ST013,2025-10-23,2025-11-26,2025-11-26,Received,761.76
PO003142,SUP05,ST014,2025-10-23,2025-11-26,2025-11-26,Received,651.26
PO003143,SUP06,ST018,2025-10-23,2025-12-10,2025-12-19,Received,247.07
PO003144,SUP02,ST001,2025-10-24,2025-11-21,2025-11-24,Received,2153.70
PO003145,SUP05,ST002,2025-10-24,2025-11-27,2025-11-27,Received,1148.56
PO003146,SUP07,ST004,2025-10-24,2025-12-02,2025-12-02,Partially received,1584.81
PO003147,SUP05,ST006,2025-10-24,2025-11-27,2025-12-01,Received,1689.15
PO003148,SUP01,ST008,2025-10-24,2025-12-05,2025-12-11,Received,597.91
PO003149,SUP07,ST008,2025-10-24,2025-12-02,2025-12-02,Received,1587.32
PO003150,SUP01,ST010,2025-10-24,2025-12-05,2025-12-05,Received,735.78
PO003151,SUP02,ST012,2025-10-24,2025-11-21,2025-11-21,Received,691.30
PO003152,SUP03,ST013,2025-10-24,2025-11-09,2025-11-09,Received,794.18
PO003153,SUP04,ST014,2025-10-24,2025-12-18,2025-12-31,Partially received,1234.02
PO003154,SUP01,ST015,2025-10-24,2025-12-05,2025-12-05,Received,814.28
PO003155,SUP03,ST015,2025-10-24,2025-11-09,2025-11-09,Received,714.61
PO003156,SUP07,ST016,2025-10-24,2025-12-02,2025-12-02,Partially received,595.58
PO003157,SUP05,ST017,2025-10-24,2025-11-27,2025-11-27,Received,731.82
PO003158,SUP07,ST018,2025-10-24,2025-12-02,2025-12-02,Partially received,1345.86
PO003159,SUP04,ST900,2025-10-24,2025-12-18,2025-12-18,Partially received,4197.04
PO003160,SUP05,ST001,2025-10-25,2025-11-28,2025-11-28,Received,1830.98
PO003161,SUP06,ST002,2025-10-25,2025-12-12,2025-12-12,Received,813.93
PO003162,SUP07,ST006,2025-10-25,2025-12-03,2025-12-03,Received,2542.66
PO003163,SUP02,ST007,2025-10-25,2025-11-22,2025-11-22,Partially received,340.26
PO003164,SUP06,ST008,2025-10-25,2025-12-12,2025-12-12,Received,1072.99
PO003165,SUP03,ST014,2025-10-25,2025-11-10,2025-11-10,Received,514.27
PO003166,SUP01,ST900,2025-10-25,2025-12-06,2025-12-06,Partially received,3697.90
PO003167,SUP01,ST003,2025-10-26,2025-12-07,2025-12-07,Partially received,830.03
PO003168,SUP06,ST010,2025-10-26,2025-12-13,2025-12-13,Partially received,324.70
PO003169,SUP06,ST012,2025-10-26,2025-12-13,2025-12-13,Received,959.42
PO003170,SUP04,ST013,2025-10-26,2025-12-20,2025-12-20,Partially received,1833.41
PO003171,SUP06,ST013,2025-10-26,2025-12-13,2025-12-13,Received,752.74
PO003172,SUP02,ST016,2025-10-26,2025-11-23,2025-11-23,Received,1484.93
PO003173,SUP05,ST016,2025-10-26,2025-11-29,2025-11-29,Partially received,716.87
PO003174,SUP02,ST900,2025-10-26,2025-11-23,2025-11-23,Received,1533.64
PO003175,SUP04,ST001,2025-10-27,2025-12-21,2026-01-05,Partially received,1264.01
PO003176,SUP02,ST004,2025-10-27,2025-11-24,2025-11-29,Received,667.72
PO003177,SUP02,ST005,2025-10-27,2025-11-24,2025-11-24,Received,771.61
PO003178,SUP02,ST006,2025-10-27,2025-11-24,2025-11-24,Received,1064.18
PO003179,SUP05,ST008,2025-10-27,2025-11-30,2025-11-30,Partially received,895.72
PO003180,SUP03,ST011,2025-10-27,2025-11-12,2025-11-12,Partially received,978.28
PO003181,SUP06,ST016,2025-10-27,2025-12-14,2025-12-14,Received,114.19
PO003182,SUP03,ST017,2025-10-27,2025-11-12,2025-11-12,Received,650.35
PO003183,SUP03,ST900,2025-10-27,2025-11-12,2025-11-12,Received,3481.55
PO003184,SUP07,ST900,2025-10-27,2025-12-05,2025-12-05,Partially received,2563.60
PO003185,SUP04,ST002,2025-10-28,2025-12-22,2026-01-06,Partially received,1724.28
PO003186,SUP06,ST003,2025-10-28,2025-12-15,2025-12-27,Received,1139.82
PO003187,SUP06,ST005,2025-10-28,2025-12-15,2025-12-15,Received,760.02
PO003188,SUP01,ST009,2025-10-28,2025-12-09,2025-12-09,Received,1072.70
PO003189,SUP05,ST012,2025-10-28,2025-12-01,2025-12-07,Received,2109.41
PO003190,SUP04,ST015,2025-10-28,2025-12-22,2026-01-03,Partially received,2144.41
PO003191,SUP04,ST016,2025-10-28,2025-12-22,2026-01-09,Partially received,2373.17
PO003192,SUP01,ST017,2025-10-28,2025-12-09,2025-12-15,Received,342.63
PO003193,SUP07,ST017,2025-10-28,2025-12-06,2025-12-06,Received,682.99
PO003194,SUP01,ST018,2025-10-28,2025-12-09,2025-12-09,Received,911.24
PO003195,SUP03,ST001,2025-10-29,2025-11-14,2025-11-14,Partially received,3909.49
PO003196,SUP05,ST003,2025-10-29,2025-12-02,2025-12-02,Received,1155.28
PO003197,SUP04,ST005,2025-10-29,2025-12-23,2025-12-23,Partially received,1209.52
PO003198,SUP04,ST006,2025-10-29,2025-12-23,2026-01-08,Partially received,1695.61
PO003199,SUP01,ST007,2025-10-29,2025-12-10,2025-12-10,Partially received,645.22
PO003200,SUP03,ST007,2025-10-29,2025-11-14,2025-11-14,Received,675.13
PO003201,SUP02,ST008,2025-10-29,2025-11-26,2025-11-28,Received,665.70
PO003202,SUP06,ST009,2025-10-29,2025-12-16,2025-12-16,Received,504.71
PO003203,SUP05,ST011,2025-10-29,2025-12-02,2025-12-02,Partially received,2624.73
PO003204,SUP07,ST012,2025-10-29,2025-12-07,2025-12-07,Partially received,650.54
PO003205,SUP02,ST013,2025-10-29,2025-11-26,2025-11-26,Received,123.58
PO003206,SUP01,ST016,2025-10-29,2025-12-10,2025-12-10,Received,1280.45
PO003207,SUP05,ST018,2025-10-29,2025-12-02,2025-12-02,Received,1347.73
PO003208,SUP03,ST006,2025-10-30,2025-11-15,2025-11-15,Received,1019.96
PO003209,SUP07,ST007,2025-10-30,2025-12-08,2025-12-08,Partially received,711.94
PO003210,SUP02,ST015,2025-10-30,2025-11-27,2025-11-27,Received,209.91
PO003211,SUP04,ST017,2025-10-30,2025-12-24,2026-01-02,Partially received,3203.29
PO003212,SUP07,ST001,2025-10-31,2025-12-09,2025-12-13,Partially received,2920.18
PO003213,SUP04,ST003,2025-10-31,2025-12-25,2026-01-01,Partially received,1907.61
PO003214,SUP03,ST004,2025-10-31,2025-11-16,2025-11-16,Partially received,1191.76
PO003215,SUP05,ST004,2025-10-31,2025-12-04,2025-12-04,Received,2799.38
PO003216,SUP06,ST011,2025-10-31,2025-12-18,2025-12-25,Partially received,1784.85
PO003217,SUP03,ST012,2025-10-31,2025-11-16,2025-11-16,Partially received,845.09
PO003218,SUP05,ST015,2025-10-31,2025-12-04,2025-12-04,Partially received,899.68
PO003219,SUP02,ST018,2025-10-31,2025-11-28,2025-12-02,Received,689.87
PO003220,SUP01,ST002,2025-11-01,2025-12-13,2025-12-13,Received,1517.06
PO003221,SUP07,ST005,2025-11-01,2025-12-10,2025-12-10,Partially received,1431.49
PO003222,SUP06,ST007,2025-11-01,2025-12-19,2025-12-19,Partially received,745.65
PO003223,SUP03,ST008,2025-11-01,2025-11-17,2025-11-17,Received,1088.39
PO003224,SUP03,ST010,2025-11-01,2025-11-17,2025-11-17,Partially received,763.01
PO003225,SUP07,ST010,2025-11-01,2025-12-10,2025-12-15,Received,2207.05
PO003226,SUP02,ST011,2025-11-01,2025-11-29,2025-11-29,Received,1693.63
PO003227,SUP01,ST012,2025-11-01,2025-12-13,2025-12-13,Received,655.50
PO003228,SUP07,ST013,2025-11-01,2025-12-10,2025-12-10,Received,1284.29
PO003229,SUP07,ST014,2025-11-01,2025-12-10,2025-12-10,Partially received,1917.91
PO003230,SUP06,ST017,2025-11-01,2025-12-19,2025-12-19,Partially received,1052.66
PO003231,SUP03,ST018,2025-11-01,2025-11-17,2025-11-17,Received,1917.25
PO003232,SUP05,ST900,2025-11-01,2025-12-05,2025-12-05,Received,2186.70
PO003233,SUP05,ST009,2025-11-02,2025-12-06,2025-12-06,Partially received,1922.73
PO003234,SUP07,ST009,2025-11-02,2025-12-11,2025-12-11,Received,902.29
PO003235,SUP07,ST011,2025-11-02,2025-12-11,2025-12-11,Received,2448.48
PO003236,SUP06,ST001,2025-11-03,2025-12-21,2025-12-21,Partially received,1860.80
PO003237,SUP06,ST006,2025-11-03,2025-12-21,2025-12-21,Partially received,1857.81
PO003238,SUP05,ST007,2025-11-03,2025-12-07,2025-12-07,Partially received,1246.86
PO003239,SUP03,ST009,2025-11-03,2025-11-19,2025-11-19,Received,1514.61
PO003240,SUP04,ST009,2025-11-03,2025-12-28,2025-12-28,Partially received,1848.73
PO003241,SUP05,ST010,2025-11-03,2025-12-07,2025-12-07,Received,1230.24
PO003242,SUP01,ST013,2025-11-03,2025-12-15,2025-12-15,Received,1189.62
PO003243,SUP02,ST017,2025-11-03,2025-12-01,2025-12-01,Received,1464.22
PO003244,SUP07,ST002,2025-11-04,2025-12-13,2025-12-13,Partially received,1077.87
PO003245,SUP07,ST003,2025-11-04,2025-12-13,2025-12-13,Partially received,1345.12
PO003246,SUP01,ST005,2025-11-04,2025-12-16,2025-12-20,Received,1474.14
PO003247,SUP04,ST007,2025-11-04,2025-12-29,2025-12-29,Partially received,2648.05
PO003248,SUP02,ST009,2025-11-04,2025-12-02,2025-12-02,Received,651.02
PO003249,SUP04,ST012,2025-11-04,2025-12-29,2026-01-08,Partially received,2728.98
PO003250,SUP01,ST014,2025-11-04,2025-12-16,2025-12-16,Received,1525.82
PO003251,SUP06,ST014,2025-11-04,2025-12-22,2025-12-22,Received,1473.06
PO003252,SUP07,ST015,2025-11-04,2025-12-13,2025-12-13,Partially received,1476.51
PO003253,SUP02,ST002,2025-11-05,2025-12-03,2025-12-03,Partially received,1172.25
PO003254,SUP03,ST002,2025-11-05,2025-11-21,2025-11-21,Received,1369.19
PO003255,SUP06,ST004,2025-11-05,2025-12-23,2025-12-23,Received,2129.51
PO003256,SUP03,ST005,2025-11-05,2025-11-21,2025-11-21,Received,884.94
PO003257,SUP01,ST006,2025-11-05,2025-12-17,2025-12-17,Received,1502.92
PO003258,SUP04,ST008,2025-11-05,2025-12-30,2026-01-14,Received,785.32
PO003259,SUP04,ST010,2025-11-05,2025-12-30,2026-01-07,Partially received,3202.84
PO003260,SUP01,ST011,2025-11-05,2025-12-17,2025-12-17,Partially received,2539.64
PO003261,SUP04,ST011,2025-11-05,2025-12-30,2026-01-09,Partially received,2916.02
PO003262,SUP02,ST014,2025-11-05,2025-12-03,2025-12-03,Partially received,610.69
PO003263,SUP06,ST015,2025-11-05,2025-12-23,2026-01-02,Received,1713.18
PO003264,SUP03,ST016,2025-11-05,2025-11-21,2025-11-21,Received,1002.56
PO003265,SUP04,ST018,2025-11-05,2025-12-30,2026-01-06,Partially received,3691.25
PO003266,SUP06,ST900,2025-11-05,2025-12-23,2025-12-23,Partially received,2570.12
PO003267,SUP01,ST001,2025-11-06,2025-12-18,2025-12-18,Partially received,2160.22
PO003268,SUP02,ST003,2025-11-06,2025-12-04,2025-12-04,Partially received,786.15
PO003269,SUP03,ST003,2025-11-06,2025-11-22,2025-11-22,Received,1169.59
PO003270,SUP01,ST004,2025-11-06,2025-12-18,2025-12-18,Received,2521.80
PO003271,SUP04,ST004,2025-11-06,2025-12-31,2026-01-18,Partially received,3372.53
PO003272,SUP05,ST005,2025-11-06,2025-12-10,2025-12-10,Received,951.53
PO003273,SUP02,ST010,2025-11-06,2025-12-04,2025-12-06,Received,956.09
PO003274,SUP05,ST013,2025-11-06,2025-12-10,2025-12-10,Received,1665.26
PO003275,SUP05,ST014,2025-11-06,2025-12-10,2025-12-10,Received,1490.08
PO003276,SUP06,ST018,2025-11-06,2025-12-24,2025-12-24,Partially received,814.44
PO003277,SUP02,ST001,2025-11-07,2025-12-05,2025-12-05,Received,1316.34
PO003278,SUP05,ST002,2025-11-07,2025-12-11,2025-12-11,Received,1660.73
PO003279,SUP07,ST004,2025-11-07,2025-12-16,2025-12-16,Received,1730.74
PO003280,SUP05,ST006,2025-11-07,2025-12-11,2025-12-11,Partially received,2025.31
PO003281,SUP01,ST008,2025-11-07,2025-12-19,2025-12-19,Received,1717.15
PO003282,SUP07,ST008,2025-11-07,2025-12-16,2025-12-16,Received,1465.43
PO003283,SUP01,ST010,2025-11-07,2025-12-19,2025-12-19,Received,1714.23
PO003284,SUP02,ST012,2025-11-07,2025-12-05,2025-12-05,Received,783.38
PO003285,SUP03,ST013,2025-11-07,2025-11-23,2025-11-23,Received,591.32
PO003286,SUP04,ST014,2025-11-07,2026-01-01,2026-01-01,Partially received,2690.06
PO003287,SUP01,ST015,2025-11-07,2025-12-19,2025-12-19,Received,2275.06
PO003288,SUP03,ST015,2025-11-07,2025-11-23,2025-11-23,Received,2766.54
PO003289,SUP07,ST016,2025-11-07,2025-12-16,2025-12-16,Received,1032.65
PO003290,SUP05,ST017,2025-11-07,2025-12-11,2025-12-11,Received,3081.26
PO003291,SUP07,ST018,2025-11-07,2025-12-16,2025-12-16,Received,1822.68
PO003292,SUP04,ST900,2025-11-07,2026-01-01,2026-01-01,Partially received,3526.81
PO003293,SUP05,ST001,2025-11-08,2025-12-12,2025-12-12,Partially received,1328.20
PO003294,SUP06,ST002,2025-11-08,2025-12-26,2026-01-05,Partially received,1637.55
PO003295,SUP07,ST006,2025-11-08,2025-12-17,2025-12-17,Partially received,778.17
PO003296,SUP02,ST007,2025-11-08,2025-12-06,2025-12-06,Received,1351.58
PO003297,SUP06,ST008,2025-11-08,2025-12-26,2025-12-26,Partially received,1402.17
PO003298,SUP03,ST014,2025-11-08,2025-11-24,2025-11-24,Partially received,1344.03
PO003299,SUP01,ST900,2025-11-08,2025-12-20,2025-12-28,Partially received,2312.13
PO003300,SUP01,ST003,2025-11-09,2025-12-21,2025-12-21,Received,1684.18
PO003301,SUP06,ST010,2025-11-09,2025-12-27,2026-01-05,Partially received,1763.14
PO003302,SUP06,ST012,2025-11-09,2025-12-27,2025-12-27,Received,1602.95
PO003303,SUP04,ST013,2025-11-09,2026-01-03,2026-01-03,Partially received,2097.62
PO003304,SUP06,ST013,2025-11-09,2025-12-27,2025-12-27,Partially received,967.62
PO003305,SUP02,ST016,2025-11-09,2025-12-07,2025-12-07,Received,1392.80
PO003306,SUP05,ST016,2025-11-09,2025-12-13,2025-12-13,Partially received,1756.80
PO003307,SUP02,ST900,2025-11-09,2025-12-07,2025-12-07,Partially received,3027.35
PO003308,SUP04,ST001,2025-11-10,2026-01-04,2026-01-04,Partially received,3776.88
PO003309,SUP02,ST004,2025-11-10,2025-12-08,2025-12-08,Received,2774.23
PO003310,SUP02,ST005,2025-11-10,2025-12-08,2025-12-08,Partially received,1645.65
PO003311,SUP02,ST006,2025-11-10,2025-12-08,2025-12-08,Received,1248.52
PO003312,SUP05,ST008,2025-11-10,2025-12-14,2025-12-14,Received,811.04
PO003313,SUP03,ST011,2025-11-10,2025-11-26,2025-11-26,Received,3352.55
PO003314,SUP06,ST016,2025-11-10,2025-12-28,2025-12-28,Partially received,1241.20
PO003315,SUP03,ST017,2025-11-10,2025-11-26,2025-11-26,Received,1496.67
PO003316,SUP03,ST900,2025-11-10,2025-11-26,2025-11-26,Partially received,3524.64
PO003317,SUP07,ST900,2025-11-10,2025-12-19,2025-12-19,Partially received,2778.09
PO003318,SUP04,ST002,2025-11-11,2026-01-05,2026-01-14,Partially received,2202.98
PO003319,SUP06,ST003,2025-11-11,2025-12-29,2025-12-29,Partially received,1296.42
PO003320,SUP06,ST005,2025-11-11,2025-12-29,2026-01-04,Partially received,1251.61
PO003321,SUP01,ST009,2025-11-11,2025-12-23,2025-12-23,Received,1136.80
PO003322,SUP05,ST012,2025-11-11,2025-12-15,2025-12-15,Received,1104.50
PO003323,SUP04,ST015,2025-11-11,2026-01-05,2026-01-05,Partially received,3280.23
PO003324,SUP04,ST016,2025-11-11,2026-01-05,2026-01-23,Partially received,2869.02
PO003325,SUP01,ST017,2025-11-11,2025-12-23,2025-12-26,Received,1807.50
PO003326,SUP07,ST017,2025-11-11,2025-12-20,2025-12-20,Received,804.52
PO003327,SUP01,ST018,2025-11-11,2025-12-23,2025-12-23,Partially received,1665.47
PO003328,SUP03,ST001,2025-11-12,2025-11-28,2025-11-28,Received,1606.62
PO003329,SUP05,ST003,2025-11-12,2025-12-16,2025-12-16,Received,2059.39
PO003330,SUP04,ST005,2025-11-12,2026-01-06,2026-01-06,Partially received,2544.11
PO003331,SUP04,ST006,2025-11-12,2026-01-06,2026-01-06,Partially received,3074.48
PO003332,SUP01,ST007,2025-11-12,2025-12-24,2025-12-24,Partially received,1910.51
PO003333,SUP03,ST007,2025-11-12,2025-11-28,2025-11-28,Received,1520.61
PO003334,SUP02,ST008,2025-11-12,2025-12-10,2025-12-10,Received,1440.72
PO003335,SUP06,ST009,2025-11-12,2025-12-30,2025-12-30,Partially received,1375.06
PO003336,SUP05,ST011,2025-11-12,2025-12-16,2025-12-16,Partially received,3619.40
PO003337,SUP07,ST012,2025-11-12,2025-12-21,2025-12-21,Received,1973.52
PO003338,SUP02,ST013,2025-11-12,2025-12-10,2025-12-10,Received,914.89
PO003339,SUP01,ST016,2025-11-12,2025-12-24,2025-12-24,Received,989.18
PO003340,SUP05,ST018,2025-11-12,2025-12-16,2025-12-16,Received,1172.47
PO003341,SUP03,ST006,2025-11-13,2025-11-29,2025-11-29,Received,1882.54
PO003342,SUP07,ST007,2025-11-13,2025-12-22,2025-12-22,Received,1461.37
PO003343,SUP02,ST015,2025-11-13,2025-12-11,2025-12-11,Received,1254.69
PO003344,SUP04,ST017,2025-11-13,2026-01-07,2026-01-07,Partially received,2571.10
PO003345,SUP07,ST001,2025-11-14,2025-12-23,2025-12-23,Received,2098.79
PO003346,SUP04,ST003,2025-11-14,2026-01-08,2026-01-08,Partially received,2651.72
PO003347,SUP03,ST004,2025-11-14,2025-11-30,2025-11-30,Received,1784.37
PO003348,SUP05,ST004,2025-11-14,2025-12-18,2025-12-18,Partially received,3601.48
PO003349,SUP06,ST011,2025-11-14,2026-01-01,2026-01-01,Received,2226.33
PO003350,SUP03,ST012,2025-11-14,2025-11-30,2025-11-30,Received,1024.20
PO003351,SUP05,ST015,2025-11-14,2025-12-18,2025-12-18,Received,1618.77
PO003352,SUP02,ST018,2025-11-14,2025-12-12,2025-12-12,Received,796.39
PO003353,SUP01,ST002,2025-11-15,2025-12-27,2025-12-27,Received,1155.89
PO003354,SUP07,ST005,2025-11-15,2025-12-24,2025-12-24,Partially received,729.39
PO003355,SUP06,ST007,2025-11-15,2026-01-02,2026-01-02,Partially received,1188.37
PO003356,SUP03,ST008,2025-11-15,2025-12-01,2025-12-01,Partially received,1646.49
PO003357,SUP03,ST010,2025-11-15,2025-12-01,2025-12-01,Received,1044.04
PO003358,SUP07,ST010,2025-11-15,2025-12-24,2025-12-24,Received,1387.28
PO003359,SUP02,ST011,2025-11-15,2025-12-13,2025-12-13,Received,2384.94
PO003360,SUP01,ST012,2025-11-15,2025-12-27,2025-12-27,Received,423.10
PO003361,SUP07,ST013,2025-11-15,2025-12-24,2025-12-24,Partially received,1077.96
PO003362,SUP07,ST014,2025-11-15,2025-12-24,2025-12-24,Received,884.54
PO003363,SUP06,ST017,2025-11-15,2026-01-02,2026-01-02,Received,841.86
PO003364,SUP03,ST018,2025-11-15,2025-12-01,2025-12-01,Received,592.51
PO003365,SUP05,ST900,2025-11-15,2025-12-19,2025-12-19,Received,3235.01
PO003366,SUP05,ST009,2025-11-16,2025-12-20,2025-12-20,Partially received,1957.77
PO003367,SUP07,ST009,2025-11-16,2025-12-25,2025-12-29,Partially received,689.31
PO003368,SUP07,ST011,2025-11-16,2025-12-25,2025-12-25,Received,1642.69
PO003369,SUP06,ST001,2025-11-17,2026-01-04,2026-01-04,Partially received,3460.84
PO003370,SUP06,ST006,2025-11-17,2026-01-04,2026-01-14,Received,770.40
PO003371,SUP05,ST007,2025-11-17,2025-12-21,2025-12-21,Received,934.78
PO003372,SUP03,ST009,2025-11-17,2025-12-03,2025-12-03,Received,1265.69
PO003373,SUP04,ST009,2025-11-17,2026-01-11,2026-01-26,Partially received,2203.69
PO003374,SUP05,ST010,2025-11-17,2025-12-21,2025-12-23,Partially received,1285.94
PO003375,SUP01,ST013,2025-11-17,2025-12-29,2025-12-29,Received,367.32
PO003376,SUP02,ST017,2025-11-17,2025-12-15,2025-12-15,Received,482.56
PO003377,SUP07,ST002,2025-11-18,2025-12-27,2025-12-27,Partially received,601.50
PO003378,SUP07,ST003,2025-11-18,2025-12-27,2026-01-01,Received,851.95
PO003379,SUP01,ST005,2025-11-18,2025-12-30,2025-12-30,Received,485.68
PO003380,SUP04,ST007,2025-11-18,2026-01-12,2026-01-23,Partially received,1800.40
PO003381,SUP02,ST009,2025-11-18,2025-12-16,2025-12-16,Received,1036.10
PO003382,SUP04,ST012,2025-11-18,2026-01-12,2026-01-12,Partially received,998.19
PO003383,SUP01,ST014,2025-11-18,2025-12-30,2025-12-30,Received,1305.76
PO003384,SUP06,ST014,2025-11-18,2026-01-05,2026-01-13,Received,1101.14
PO003385,SUP07,ST015,2025-11-18,2025-12-27,2025-12-27,Partially received,1666.49
PO003386,SUP02,ST002,2025-11-19,2025-12-17,2025-12-17,Received,1042.59
PO003387,SUP03,ST002,2025-11-19,2025-12-05,2025-12-07,Received,987.41
PO003388,SUP06,ST004,2025-11-19,2026-01-06,2026-01-06,Partially received,2334.01
PO003389,SUP03,ST005,2025-11-19,2025-12-05,2025-12-05,Received,1002.65
PO003390,SUP01,ST006,2025-11-19,2025-12-31,2025-12-31,Received,2187.77
PO003391,SUP04,ST008,2025-11-19,2026-01-13,2026-01-13,Received,1628.56
PO003392,SUP04,ST010,2025-11-19,2026-01-13,2026-01-13,Partially received,2108.41
PO003393,SUP01,ST011,2025-11-19,2025-12-31,2025-12-31,Partially received,2061.93
PO003394,SUP04,ST011,2025-11-19,2026-01-13,2026-01-13,Received,974.53
PO003395,SUP02,ST014,2025-11-19,2025-12-17,2025-12-17,Partially received,826.22
PO003396,SUP06,ST015,2025-11-19,2026-01-06,2026-01-06,Partially received,1219.94
PO003397,SUP03,ST016,2025-11-19,2025-12-05,2025-12-05,Received,1391.25
PO003398,SUP04,ST018,2025-11-19,2026-01-13,2026-01-22,Partially received,736.38
PO003399,SUP06,ST900,2025-11-19,2026-01-06,2026-01-06,Received,3977.91
PO003400,SUP01,ST001,2025-11-20,2026-01-01,2026-01-01,Partially received,2172.24
PO003401,SUP02,ST003,2025-11-20,2025-12-18,2025-12-18,Received,597.05
PO003402,SUP03,ST003,2025-11-20,2025-12-06,2025-12-06,Received,845.05
PO003403,SUP01,ST004,2025-11-20,2026-01-01,2026-01-05,Received,1880.42
PO003404,SUP04,ST004,2025-11-20,2026-01-14,2026-01-14,Partially received,5780.71
PO003405,SUP05,ST005,2025-11-20,2025-12-24,2025-12-24,Partially received,947.79
PO003406,SUP02,ST010,2025-11-20,2025-12-18,2025-12-18,Received,571.85
PO003407,SUP05,ST013,2025-11-20,2025-12-24,2025-12-24,Received,1131.63
PO003408,SUP05,ST014,2025-11-20,2025-12-24,2025-12-24,Received,988.59
PO003409,SUP06,ST018,2025-11-20,2026-01-07,2026-01-07,Partially received,1305.79
PO003410,SUP02,ST001,2025-11-21,2025-12-19,2025-12-19,Received,1807.79
PO003411,SUP05,ST002,2025-11-21,2025-12-25,2025-12-25,Received,1035.72
PO003412,SUP07,ST004,2025-11-21,2025-12-30,2025-12-30,Partially received,1909.43
PO003413,SUP05,ST006,2025-11-21,2025-12-25,2025-12-25,Partially received,2133.82
PO003414,SUP01,ST008,2025-11-21,2026-01-02,2026-01-02,Received,1029.14
PO003415,SUP07,ST008,2025-11-21,2025-12-30,2026-01-09,Partially received,1378.12
PO003416,SUP01,ST010,2025-11-21,2026-01-02,2026-01-02,Received,1828.23
PO003417,SUP02,ST012,2025-11-21,2025-12-19,2025-12-19,Received,455.94
PO003418,SUP03,ST013,2025-11-21,2025-12-07,2025-12-07,Partially received,1312.76
PO003419,SUP04,ST014,2025-11-21,2026-01-15,2026-01-15,Partially received,2665.40
PO003420,SUP01,ST015,2025-11-21,2026-01-02,2026-01-02,Partially received,2172.79
PO003421,SUP03,ST015,2025-11-21,2025-12-07,2025-12-07,Received,2034.96
PO003422,SUP07,ST016,2025-11-21,2025-12-30,2025-12-30,Received,605.18
PO003423,SUP05,ST017,2025-11-21,2025-12-25,2025-12-30,Received,1216.53
PO003424,SUP07,ST018,2025-11-21,2025-12-30,2026-01-09,Partially received,602.63
PO003425,SUP04,ST900,2025-11-21,2026-01-15,2026-02-02,Partially received,4132.13
PO003426,SUP05,ST001,2025-11-22,2025-12-26,2025-12-26,Received,2823.34
PO003427,SUP06,ST002,2025-11-22,2026-01-09,2026-01-09,Partially received,858.73
PO003428,SUP07,ST006,2025-11-22,2025-12-31,2026-01-08,Partially received,1488.71
PO003429,SUP02,ST007,2025-11-22,2025-12-20,2025-12-20,Partially received,1071.95
PO003430,SUP06,ST008,2025-11-22,2026-01-09,2026-01-09,Received,1124.18
PO003431,SUP03,ST014,2025-11-22,2025-12-08,2025-12-08,Received,576.24
PO003432,SUP01,ST900,2025-11-22,2026-01-03,2026-01-09,Partially received,2570.91
PO003433,SUP01,ST003,2025-11-23,2026-01-04,2026-01-04,Received,932.60
PO003434,SUP06,ST010,2025-11-23,2026-01-10,2026-01-10,Received,817.18
PO003435,SUP06,ST012,2025-11-23,2026-01-10,2026-01-10,Received,542.29
PO003436,SUP04,ST013,2025-11-23,2026-01-17,2026-02-06,Partially received,1587.42
PO003437,SUP06,ST013,2025-11-23,2026-01-10,2026-01-10,Received,418.98
PO003438,SUP02,ST016,2025-11-23,2025-12-21,2025-12-21,Received,887.33
PO003439,SUP05,ST016,2025-11-23,2025-12-27,2025-12-27,Received,837.68
PO003440,SUP02,ST900,2025-11-23,2025-12-21,2025-12-21,Partially received,2930.46
PO003441,SUP04,ST001,2025-11-24,2026-01-18,2026-01-26,Partially received,3908.73
PO003442,SUP02,ST004,2025-11-24,2025-12-22,2025-12-22,Received,1718.69
PO003443,SUP02,ST005,2025-11-24,2025-12-22,2025-12-22,Received,658.31
PO003444,SUP02,ST006,2025-11-24,2025-12-22,2025-12-22,Partially received,1064.23
PO003445,SUP05,ST008,2025-11-24,2025-12-28,2025-12-28,Partially received,1241.11
PO003446,SUP03,ST011,2025-11-24,2025-12-10,2025-12-10,Received,1963.10
PO003447,SUP06,ST016,2025-11-24,2026-01-11,2026-01-11,Partially received,1437.31
PO003448,SUP03,ST017,2025-11-24,2025-12-10,2025-12-10,Received,543.64
PO003449,SUP03,ST900,2025-11-24,2025-12-10,2025-12-10,Received,3023.01
PO003450,SUP07,ST900,2025-11-24,2026-01-02,2026-01-06,Partially received,3044.88
PO003451,SUP04,ST002,2025-11-25,2026-01-19,2026-01-29,Partially received,1620.47
PO003452,SUP06,ST003,2025-11-25,2026-01-12,2026-01-17,Partially received,1221.44
PO003453,SUP06,ST005,2025-11-25,2026-01-12,2026-01-12,Received,472.79
PO003454,SUP01,ST009,2025-11-25,2026-01-06,2026-01-11,Partially received,865.39
PO003455,SUP05,ST012,2025-11-25,2025-12-29,2025-12-29,Received,998.71
PO003456,SUP04,ST015,2025-11-25,2026-01-19,2026-01-19,Partially received,1154.59
PO003457,SUP04,ST016,2025-11-25,2026-01-19,2026-01-19,Partially received,2065.17
PO003458,SUP01,ST017,2025-11-25,2026-01-06,2026-01-06,Received,633.47
PO003459,SUP07,ST017,2025-11-25,2026-01-03,2026-01-03,Partially received,1233.37
PO003460,SUP01,ST018,2025-11-25,2026-01-06,2026-01-06,Received,702.63
PO003461,SUP03,ST001,2025-11-26,2025-12-12,2025-12-12,Received,4652.35
PO003462,SUP05,ST003,2025-11-26,2025-12-30,2026-01-05,Partially received,1395.95
PO003463,SUP04,ST005,2025-11-26,2026-01-20,2026-02-03,Received,826.85
PO003464,SUP04,ST006,2025-11-26,2026-01-20,2026-02-01,Partially received,4442.05
PO003465,SUP01,ST007,2025-11-26,2026-01-07,2026-01-07,Received,856.18
PO003466,SUP03,ST007,2025-11-26,2025-12-12,2025-12-12,Received,870.03
PO003467,SUP02,ST008,2025-11-26,2025-12-24,2025-12-24,Received,1113.90
PO003468,SUP06,ST009,2025-11-26,2026-01-13,2026-01-13,Partially received,934.41
PO003469,SUP05,ST011,2025-11-26,2025-12-30,2025-12-30,Received,2091.60
PO003470,SUP07,ST012,2025-11-26,2026-01-04,2026-01-04,Partially received,643.40
PO003471,SUP02,ST013,2025-11-26,2025-12-24,2025-12-24,Received,259.62
PO003472,SUP01,ST016,2025-11-26,2026-01-07,2026-01-07,Received,819.77
PO003473,SUP05,ST018,2025-11-26,2025-12-30,2025-12-30,Partially received,1044.18
PO003474,SUP03,ST006,2025-11-27,2025-12-13,2025-12-13,Received,993.90
PO003475,SUP07,ST007,2025-11-27,2026-01-05,2026-01-05,Partially received,991.30
PO003476,SUP02,ST015,2025-11-27,2025-12-25,2025-12-25,Received,699.56
PO003477,SUP04,ST017,2025-11-27,2026-01-21,2026-01-21,Partially received,1903.96
PO003478,SUP07,ST001,2025-11-28,2026-01-06,2026-01-15,Received,2150.43
PO003479,SUP04,ST003,2025-11-28,2026-01-22,2026-01-22,Partially received,2356.81
PO003480,SUP03,ST004,2025-11-28,2025-12-14,2025-12-14,Partially received,2629.24
PO003481,SUP05,ST004,2025-11-28,2026-01-01,2026-01-05,Received,3025.71
PO003482,SUP06,ST011,2025-11-28,2026-01-15,2026-01-26,Partially received,2048.95
PO003483,SUP03,ST012,2025-11-28,2025-12-14,2025-12-14,Received,614.85
PO003484,SUP05,ST015,2025-11-28,2026-01-01,2026-01-01,Partially received,2011.20
PO003485,SUP02,ST018,2025-11-28,2025-12-26,2025-12-31,Received,410.48
PO003486,SUP01,ST002,2025-11-29,2026-01-10,2026-01-10,Received,1606.14
PO003487,SUP07,ST005,2025-11-29,2026-01-07,2026-01-07,Partially received,917.69
PO003488,SUP06,ST007,2025-11-29,2026-01-16,2026-01-16,Partially received,857.47
PO003489,SUP03,ST008,2025-11-29,2025-12-15,2025-12-15,Received,744.92
PO003490,SUP03,ST010,2025-11-29,2025-12-15,2025-12-15,Received,1118.29
PO003491,SUP07,ST010,2025-11-29,2026-01-07,2026-01-07,Received,738.33
PO003492,SUP02,ST011,2025-11-29,2025-12-27,2025-12-27,Partially received,840.79
PO003493,SUP01,ST012,2025-11-29,2026-01-10,2026-01-10,Received,559.26
PO003494,SUP07,ST013,2025-11-29,2026-01-07,2026-01-11,Received,1963.43
PO003495,SUP07,ST014,2025-11-29,2026-01-07,2026-01-07,Partially received,874.07
PO003496,SUP06,ST017,2025-11-29,2026-01-16,2026-01-16,Received,1097.58
PO003497,SUP03,ST018,2025-11-29,2025-12-15,2025-12-15,Received,1694.65
PO003498,SUP05,ST900,2025-11-29,2026-01-02,2026-01-02,Received,4081.19
PO003499,SUP05,ST009,2025-11-30,2026-01-03,2026-01-03,Received,1018.40
PO003500,SUP07,ST009,2025-11-30,2026-01-08,2026-01-08,Received,365.20
PO003501,SUP07,ST011,2025-11-30,2026-01-08,2026-01-08,Partially received,1760.43
PO003502,SUP06,ST001,2025-12-01,2026-01-18,2026-01-18,Partially received,1592.85
PO003503,SUP06,ST006,2025-12-01,2026-01-18,2026-01-18,Partially received,1278.34
PO003504,SUP05,ST007,2025-12-01,2026-01-04,2026-01-04,Received,1877.43
PO003505,SUP03,ST009,2025-12-01,2025-12-17,2025-12-17,Partially received,1094.32
PO003506,SUP04,ST009,2025-12-01,2026-01-25,2026-01-25,Partially received,2091.02
PO003507,SUP05,ST010,2025-12-01,2026-01-04,2026-01-07,Received,1605.96
PO003508,SUP01,ST013,2025-12-01,2026-01-12,2026-01-12,Received,1507.82
PO003509,SUP02,ST017,2025-12-01,2025-12-29,2025-12-29,Received,1600.08
PO003510,SUP07,ST002,2025-12-02,2026-01-10,2026-01-10,Partially received,1395.47
PO003511,SUP07,ST003,2025-12-02,2026-01-10,2026-01-10,Received,1034.07
PO003512,SUP01,ST005,2025-12-02,2026-01-13,2026-01-13,Received,1410.71
PO003513,SUP04,ST007,2025-12-02,2026-01-26,2026-01-26,Partially received,1418.65
PO003514,SUP02,ST009,2025-12-02,2025-12-30,2025-12-30,Received,1108.40
PO003515,SUP04,ST012,2025-12-02,2026-01-26,2026-01-26,Partially received,1030.97
PO003516,SUP01,ST014,2025-12-02,2026-01-13,2026-01-13,Received,1216.18
PO003517,SUP06,ST014,2025-12-02,2026-01-19,2026-01-19,Partially received,1290.01
PO003518,SUP07,ST015,2025-12-02,2026-01-10,2026-01-10,Received,1124.37
PO003519,SUP02,ST002,2025-12-03,2025-12-31,2025-12-31,Received,1257.09
PO003520,SUP03,ST002,2025-12-03,2025-12-19,2025-12-19,Received,2042.02
PO003521,SUP06,ST004,2025-12-03,2026-01-20,2026-01-20,Received,2173.67
PO003522,SUP03,ST005,2025-12-03,2025-12-19,2025-12-19,Partially received,1500.54
PO003523,SUP01,ST006,2025-12-03,2026-01-14,2026-01-14,Partially received,1722.00
PO003524,SUP04,ST008,2025-12-03,2026-01-27,2026-01-27,Partially received,2413.83
PO003525,SUP04,ST010,2025-12-03,2026-01-27,2026-02-15,Partially received,2440.52
PO003526,SUP01,ST011,2025-12-03,2026-01-14,2026-01-14,Partially received,3219.46
PO003527,SUP04,ST011,2025-12-03,2026-01-27,2026-01-27,Partially received,4179.25
PO003528,SUP02,ST014,2025-12-03,2025-12-31,2025-12-31,Partially received,1707.46
PO003529,SUP06,ST015,2025-12-03,2026-01-20,2026-01-20,Received,1080.46
PO003530,SUP03,ST016,2025-12-03,2025-12-19,2025-12-19,Received,1828.63
PO003531,SUP04,ST018,2025-12-03,2026-01-27,2026-01-27,Partially received,2385.66
PO003532,SUP06,ST900,2025-12-03,2026-01-20,2026-01-20,Partially received,2555.30
PO003533,SUP01,ST001,2025-12-04,2026-01-15,2026-01-15,Received,1916.11
PO003534,SUP02,ST003,2025-12-04,2026-01-01,2026-01-01,Received,984.88
PO003535,SUP03,ST003,2025-12-04,2025-12-20,2025-12-20,Partially received,1589.06
PO003536,SUP01,ST004,2025-12-04,2026-01-15,2026-01-15,Partially received,2757.92
PO003537,SUP04,ST004,2025-12-04,2026-01-28,2026-01-28,Partially received,3874.94
PO003538,SUP05,ST005,2025-12-04,2026-01-07,2026-01-07,Received,1956.52
PO003539,SUP02,ST010,2025-12-04,2026-01-01,2026-01-01,Received,1114.28
PO003540,SUP05,ST013,2025-12-04,2026-01-07,2026-01-07,Received,1993.12
PO003541,SUP05,ST014,2025-12-04,2026-01-07,2026-01-07,Received,1883.11
PO003542,SUP06,ST018,2025-12-04,2026-01-21,2026-01-28,Received,1297.63
PO003543,SUP02,ST001,2025-12-05,2026-01-02,2026-01-02,Received,2129.87
PO003544,SUP05,ST002,2025-12-05,2026-01-08,2026-01-08,Partially received,1271.86
PO003545,SUP07,ST004,2025-12-05,2026-01-13,2026-01-13,Received,1527.43
PO003546,SUP05,ST006,2025-12-05,2026-01-08,2026-01-08,Partially received,2032.40
PO003547,SUP01,ST008,2025-12-05,2026-01-16,2026-01-16,Partially received,1060.97
PO003548,SUP07,ST008,2025-12-05,2026-01-13,2026-01-13,Partially received,1899.05
PO003549,SUP01,ST010,2025-12-05,2026-01-16,2026-01-16,Received,933.40
PO003550,SUP02,ST012,2025-12-05,2026-01-02,2026-01-02,Received,1382.65
PO003551,SUP03,ST013,2025-12-05,2025-12-21,2025-12-21,Received,521.62
PO003552,SUP04,ST014,2025-12-05,2026-01-29,2026-01-29,Partially received,1386.45
PO003553,SUP01,ST015,2025-12-05,2026-01-16,2026-01-16,Received,700.80
PO003554,SUP03,ST015,2025-12-05,2025-12-21,2025-12-21,Received,1857.31
PO003555,SUP07,ST016,2025-12-05,2026-01-13,2026-01-13,Received,1811.47
PO003556,SUP05,ST017,2025-12-05,2026-01-08,2026-01-08,Received,1943.46
PO003557,SUP07,ST018,2025-12-05,2026-01-13,2026-01-13,Partially received,2185.24
PO003558,SUP04,ST900,2025-12-05,2026-01-29,2026-02-13,Partially received,3445.44
PO003559,SUP05,ST001,2025-12-06,2026-01-09,2026-01-09,Partially received,2076.66
PO003560,SUP06,ST002,2025-12-06,2026-01-23,2026-01-27,Partially received,1640.24
PO003561,SUP07,ST006,2025-12-06,2026-01-14,2026-01-14,Received,812.48
PO003562,SUP02,ST007,2025-12-06,2026-01-03,2026-01-03,Received,1296.57
PO003563,SUP06,ST008,2025-12-06,2026-01-23,2026-01-23,Partially received,914.43
PO003564,SUP03,ST014,2025-12-06,2025-12-22,2025-12-22,Received,793.84
PO003565,SUP01,ST900,2025-12-06,2026-01-17,2026-01-17,Received,2954.12
PO003566,SUP01,ST003,2025-12-07,2026-01-18,2026-01-18,Received,1386.44
PO003567,SUP06,ST010,2025-12-07,2026-01-24,2026-02-03,Received,879.17
PO003568,SUP06,ST012,2025-12-07,2026-01-24,2026-01-24,Partially received,1358.47
PO003569,SUP04,ST013,2025-12-07,2026-01-31,2026-02-10,Partially received,2130.52
PO003570,SUP06,ST013,2025-12-07,2026-01-24,2026-01-24,Partially received,1295.50
PO003571,SUP02,ST016,2025-12-07,2026-01-04,2026-01-04,Partially received,1088.02
PO003572,SUP05,ST016,2025-12-07,2026-01-10,2026-01-10,Received,1167.55
PO003573,SUP02,ST900,2025-12-07,2026-01-04,2026-01-04,Partially received,2560.39
PO003574,SUP04,ST001,2025-12-08,2026-02-01,2026-02-01,Partially received,4203.39
PO003575,SUP02,ST004,2025-12-08,2026-01-05,2026-01-05,Received,2576.89
PO003576,SUP02,ST005,2025-12-08,2026-01-05,2026-01-05,Partially received,2006.63
PO003577,SUP02,ST006,2025-12-08,2026-01-05,2026-01-05,Partially received,697.51
PO003578,SUP05,ST008,2025-12-08,2026-01-11,2026-01-16,Received,1851.73
PO003579,SUP03,ST011,2025-12-08,2025-12-24,2025-12-24,Partially received,1914.15
PO003580,SUP06,ST016,2025-12-08,2026-01-25,2026-02-02,Received,1101.14
PO003581,SUP03,ST017,2025-12-08,2025-12-24,2025-12-27,Received,827.89
PO003582,SUP03,ST900,2025-12-08,2025-12-24,2025-12-24,Partially received,5044.42
PO003583,SUP07,ST900,2025-12-08,2026-01-16,2026-01-22,Received,1661.26
PO003584,SUP04,ST002,2025-12-09,2026-02-02,2026-02-23,Partially received,3517.94
PO003585,SUP06,ST003,2025-12-09,2026-01-26,2026-01-26,Partially received,1233.15
PO003586,SUP06,ST005,2025-12-09,2026-01-26,2026-01-26,Partially received,981.03
PO003587,SUP01,ST009,2025-12-09,2026-01-20,2026-01-20,Received,559.28
PO003588,SUP05,ST012,2025-12-09,2026-01-12,2026-01-12,Partially received,1166.85
PO003589,SUP04,ST015,2025-12-09,2026-02-02,2026-02-02,Partially received,3169.41
PO003590,SUP04,ST016,2025-12-09,2026-02-02,2026-02-09,Partially received,2272.84
PO003591,SUP01,ST017,2025-12-09,2026-01-20,2026-01-27,Received,1014.26
PO003592,SUP07,ST017,2025-12-09,2026-01-17,2026-01-17,Partially received,955.38
PO003593,SUP01,ST018,2025-12-09,2026-01-20,2026-01-20,Received,2068.92
PO003594,SUP03,ST001,2025-12-10,2025-12-26,2025-12-26,Received,1526.77
PO003595,SUP05,ST003,2025-12-10,2026-01-13,2026-01-13,Partially received,1451.28
PO003596,SUP04,ST005,2025-12-10,2026-02-03,2026-02-03,Partially received,2194.18
PO003597,SUP04,ST006,2025-12-10,2026-02-03,2026-02-03,Partially received,2623.66
PO003598,SUP01,ST007,2025-12-10,2026-01-21,2026-01-21,Partially received,1563.52
PO003599,SUP03,ST007,2025-12-10,2025-12-26,2025-12-26,Received,507.54
PO003600,SUP02,ST008,2025-12-10,2026-01-07,2026-01-07,Received,1453.52
PO003601,SUP06,ST009,2025-12-10,2026-01-27,2026-01-27,Partially received,635.98
PO003602,SUP05,ST011,2025-12-10,2026-01-13,2026-01-13,Partially received,3053.89
PO003603,SUP07,ST012,2025-12-10,2026-01-18,2026-01-18,Partially received,1782.11
PO003604,SUP02,ST013,2025-12-10,2026-01-07,2026-01-07,Partially received,1586.90
PO003605,SUP01,ST016,2025-12-10,2026-01-21,2026-01-21,Received,863.16
PO003606,SUP05,ST018,2025-12-10,2026-01-13,2026-01-13,Received,2062.52
PO003607,SUP03,ST006,2025-12-11,2025-12-27,2025-12-27,Received,1172.11
PO003608,SUP07,ST007,2025-12-11,2026-01-19,2026-01-19,Partially received,1613.60
PO003609,SUP02,ST015,2025-12-11,2026-01-08,2026-01-08,Received,1198.91
PO003610,SUP04,ST017,2025-12-11,2026-02-04,2026-02-04,Partially received,1087.99
PO003611,SUP07,ST001,2025-12-12,2026-01-20,2026-01-20,Received,1765.31
PO003612,SUP04,ST003,2025-12-12,2026-02-05,2026-02-05,Partially received,3403.21
PO003613,SUP03,ST004,2025-12-12,2025-12-28,2025-12-28,Received,2422.92
PO003614,SUP05,ST004,2025-12-12,2026-01-15,2026-01-15,Partially received,2297.99
PO003615,SUP06,ST011,2025-12-12,2026-01-29,2026-01-29,Partially received,2589.44
PO003616,SUP03,ST012,2025-12-12,2025-12-28,2025-12-28,Received,2577.59
PO003617,SUP05,ST015,2025-12-12,2026-01-15,2026-01-15,Received,1516.44
PO003618,SUP02,ST018,2025-12-12,2026-01-09,2026-01-09,Received,1436.01
PO003619,SUP01,ST002,2025-12-13,2026-01-24,2026-01-24,Received,1107.82
PO003620,SUP07,ST005,2025-12-13,2026-01-21,2026-01-30,Partially received,564.12
PO003621,SUP06,ST007,2025-12-13,2026-01-30,2026-02-04,Received,1487.25
PO003622,SUP03,ST008,2025-12-13,2025-12-29,2025-12-29,Received,938.68
PO003623,SUP03,ST010,2025-12-13,2025-12-29,2025-12-29,Received,1383.50
PO003624,SUP07,ST010,2025-12-13,2026-01-21,2026-01-31,Partially received,2125.10
PO003625,SUP02,ST011,2025-12-13,2026-01-10,2026-01-13,Partially received,1853.90
PO003626,SUP01,ST012,2025-12-13,2026-01-24,2026-01-24,Partially received,1857.48
PO003627,SUP07,ST013,2025-12-13,2026-01-21,2026-01-29,Partially received,853.92
PO003628,SUP07,ST014,2025-12-13,2026-01-21,2026-01-21,Received,1973.90
PO003629,SUP06,ST017,2025-12-13,2026-01-30,2026-01-30,Partially received,927.80
PO003630,SUP03,ST018,2025-12-13,2025-12-29,2025-12-29,Received,1181.92
PO003631,SUP05,ST900,2025-12-13,2026-01-16,2026-01-16,Partially received,5158.36
PO003632,SUP05,ST009,2025-12-14,2026-01-17,2026-01-17,Partially received,1409.40
PO003633,SUP07,ST009,2025-12-14,2026-01-22,2026-01-22,Partially received,916.57
PO003634,SUP07,ST011,2025-12-14,2026-01-22,2026-01-22,Partially received,3591.35
PO003635,SUP06,ST001,2025-12-15,2026-02-01,2026-02-01,Partially received,1550.23
PO003636,SUP06,ST006,2025-12-15,2026-02-01,2026-02-01,Partially received,1183.80
PO003637,SUP05,ST007,2025-12-15,2026-01-18,2026-01-18,Partially received,2356.70
PO003638,SUP03,ST009,2025-12-15,2025-12-31,2025-12-31,Received,849.10
PO003639,SUP04,ST009,2025-12-15,2026-02-08,2026-02-08,Partially received,1378.05
PO003640,SUP05,ST010,2025-12-15,2026-01-18,2026-01-18,Received,487.26
PO003641,SUP01,ST013,2025-12-15,2026-01-26,2026-01-26,Received,855.01
PO003642,SUP02,ST017,2025-12-15,2026-01-12,2026-01-12,Partially received,388.27
PO003643,SUP07,ST002,2025-12-16,2026-01-24,2026-01-24,Received,1591.94
PO003644,SUP07,ST003,2025-12-16,2026-01-24,2026-01-24,Partially received,850.29
PO003645,SUP01,ST005,2025-12-16,2026-01-27,2026-01-27,Received,675.18
PO003646,SUP04,ST007,2025-12-16,2026-02-09,2026-02-09,Partially received,1297.78
PO003647,SUP02,ST009,2025-12-16,2026-01-13,2026-01-13,Partially received,916.30
PO003648,SUP04,ST012,2025-12-16,2026-02-09,2026-02-27,Partially received,2494.41
PO003649,SUP01,ST014,2025-12-16,2026-01-27,2026-01-27,Received,632.95
PO003650,SUP06,ST014,2025-12-16,2026-02-02,2026-02-02,Received,1119.88
PO003651,SUP07,ST015,2025-12-16,2026-01-24,2026-01-24,Partially received,1248.71
PO003652,SUP02,ST002,2025-12-17,2026-01-14,2026-01-14,Received,1044.01
PO003653,SUP03,ST002,2025-12-17,2026-01-02,2026-01-02,Received,1042.97
PO003654,SUP06,ST004,2025-12-17,2026-02-03,2026-02-03,Received,2613.08
PO003655,SUP03,ST005,2025-12-17,2026-01-02,2026-01-02,Received,632.17
PO003656,SUP01,ST006,2025-12-17,2026-01-28,2026-01-28,Received,1762.88
PO003657,SUP04,ST008,2025-12-17,2026-02-10,2026-03-02,Partially received,2357.39
PO003658,SUP04,ST010,2025-12-17,2026-02-10,2026-02-21,Partially received,1307.90
PO003659,SUP01,ST011,2025-12-17,2026-01-28,2026-01-28,Received,732.37
PO003660,SUP04,ST011,2025-12-17,2026-02-10,2026-03-02,Partially received,3331.64
PO003661,SUP02,ST014,2025-12-17,2026-01-14,2026-01-14,Partially received,1066.23
PO003662,SUP06,ST015,2025-12-17,2026-02-03,2026-02-03,Partially received,1092.27
PO003663,SUP03,ST016,2025-12-17,2026-01-02,2026-01-02,Received,556.72
PO003664,SUP04,ST018,2025-12-17,2026-02-10,2026-02-10,Partially received,1513.56
PO003665,SUP06,ST900,2025-12-17,2026-02-03,2026-02-03,Partially received,3213.90
PO003666,SUP01,ST001,2025-12-18,2026-01-29,2026-01-29,Partially received,3136.27
PO003667,SUP02,ST003,2025-12-18,2026-01-15,2026-01-15,Partially received,676.54
PO003668,SUP03,ST003,2025-12-18,2026-01-03,2026-01-03,Received,726.85
PO003669,SUP01,ST004,2025-12-18,2026-01-29,2026-02-06,Received,2316.83
PO003670,SUP04,ST004,2025-12-18,2026-02-11,2026-02-11,Partially received,2953.22
PO003671,SUP05,ST005,2025-12-18,2026-01-21,2026-01-21,Received,1106.41
PO003672,SUP02,ST010,2025-12-18,2026-01-15,2026-01-15,Received,1071.37
PO003673,SUP05,ST013,2025-12-18,2026-01-21,2026-01-21,Received,719.88
PO003674,SUP05,ST014,2025-12-18,2026-01-21,2026-01-21,Partially received,580.92
PO003675,SUP06,ST018,2025-12-18,2026-02-04,2026-02-04,Received,830.80
PO003676,SUP02,ST001,2025-12-19,2026-01-16,2026-01-16,Partially received,1528.06
PO003677,SUP05,ST002,2025-12-19,2026-01-22,2026-01-22,Received,1134.68
PO003678,SUP07,ST004,2025-12-19,2026-01-27,2026-01-27,Received,1974.95
PO003679,SUP05,ST006,2025-12-19,2026-01-22,2026-01-22,Partially received,2041.42
PO003680,SUP01,ST008,2025-12-19,2026-01-30,2026-01-30,Received,494.50
PO003681,SUP07,ST008,2025-12-19,2026-01-27,2026-01-27,Received,977.24
PO003682,SUP01,ST010,2025-12-19,2026-01-30,2026-01-30,Received,742.94
PO003683,SUP02,ST012,2025-12-19,2026-01-16,2026-01-16,Received,613.89
PO003684,SUP03,ST013,2025-12-19,2026-01-04,2026-01-04,Received,1131.18
PO003685,SUP04,ST014,2025-12-19,2026-02-12,2026-02-12,Partially received,2867.85
PO003686,SUP01,ST015,2025-12-19,2026-01-30,2026-01-30,Received,1646.96
PO003687,SUP03,ST015,2025-12-19,2026-01-04,2026-01-04,Partially received,1243.30
PO003688,SUP07,ST016,2025-12-19,2026-01-27,2026-01-31,Partially received,356.13
PO003689,SUP05,ST017,2025-12-19,2026-01-22,2026-01-22,Received,1785.58
PO003690,SUP07,ST018,2025-12-19,2026-01-27,2026-02-05,Received,1147.40
PO003691,SUP04,ST900,2025-12-19,2026-02-12,2026-03-02,Partially received,6201.20
PO003692,SUP05,ST001,2025-12-20,2026-01-23,2026-01-23,Partially received,1816.53
PO003693,SUP06,ST002,2025-12-20,2026-02-06,2026-02-06,Received,748.48
PO003694,SUP07,ST006,2025-12-20,2026-01-28,2026-01-28,Partially received,1059.39
PO003695,SUP02,ST007,2025-12-20,2026-01-17,2026-01-19,Partially received,466.96
PO003696,SUP06,ST008,2025-12-20,2026-02-06,2026-02-06,Received,852.59
PO003697,SUP03,ST014,2025-12-20,2026-01-05,2026-01-05,Received,2201.76
PO003698,SUP01,ST900,2025-12-20,2026-01-31,2026-01-31,Partially received,3884.87
PO003699,SUP01,ST003,2025-12-21,2026-02-01,2026-02-01,Partially received,728.41
PO003700,SUP06,ST010,2025-12-21,2026-02-07,2026-02-07,Partially received,938.90
PO003701,SUP06,ST012,2025-12-21,2026-02-07,2026-02-11,Received,1479.06
PO003702,SUP04,ST013,2025-12-21,2026-02-14,2026-02-14,Partially received,1393.06
PO003703,SUP06,ST013,2025-12-21,2026-02-07,2026-02-07,Received,528.03
PO003704,SUP02,ST016,2025-12-21,2026-01-18,2026-01-18,Received,742.84
PO003705,SUP05,ST016,2025-12-21,2026-01-24,2026-01-24,Partially received,784.94
PO003706,SUP02,ST900,2025-12-21,2026-01-18,2026-01-18,Partially received,3370.96
PO003707,SUP04,ST001,2025-12-22,2026-02-15,2026-02-15,Partially received,2388.70
PO003708,SUP02,ST004,2025-12-22,2026-01-19,2026-01-19,Received,1647.31
PO003709,SUP02,ST005,2025-12-22,2026-01-19,2026-01-19,Received,1171.87
PO003710,SUP02,ST006,2025-12-22,2026-01-19,2026-01-19,Received,1312.66
PO003711,SUP05,ST008,2025-12-22,2026-01-25,2026-01-25,Partially received,1418.10
PO003712,SUP03,ST011,2025-12-22,2026-01-07,2026-01-07,Received,1478.89
PO003713,SUP06,ST016,2025-12-22,2026-02-08,2026-02-08,Partially received,696.62
PO003714,SUP03,ST017,2025-12-22,2026-01-07,2026-01-07,Received,1446.35
PO003715,SUP03,ST900,2025-12-22,2026-01-07,2026-01-07,Partially received,3115.00
PO003716,SUP07,ST900,2025-12-22,2026-01-30,2026-01-30,Partially received,4372.13
PO003717,SUP04,ST002,2025-12-23,2026-02-16,2026-03-07,Received,904.71
PO003718,SUP06,ST003,2025-12-23,2026-02-09,2026-02-18,Partially received,708.74
PO003719,SUP06,ST005,2025-12-23,2026-02-09,2026-02-09,Received,723.44
PO003720,SUP01,ST009,2025-12-23,2026-02-03,2026-02-03,Received,476.92
PO003721,SUP05,ST012,2025-12-23,2026-01-26,2026-01-26,Received,2055.40
PO003722,SUP04,ST015,2025-12-23,2026-02-16,2026-02-16,Partially received,2266.31
PO003723,SUP04,ST016,2025-12-23,2026-02-16,2026-02-28,Received,569.93
PO003724,SUP01,ST017,2025-12-23,2026-02-03,2026-02-03,Partially received,433.34
PO003725,SUP07,ST017,2025-12-23,2026-01-31,2026-02-08,Received,1110.17
PO003726,SUP01,ST018,2025-12-23,2026-02-03,2026-02-03,Received,1174.63
PO003727,SUP03,ST001,2025-12-24,2026-01-09,2026-01-09,Received,2999.86
PO003728,SUP05,ST003,2025-12-24,2026-01-27,2026-01-27,Received,350.43
PO003729,SUP04,ST005,2025-12-24,2026-02-17,2026-02-17,Partially received,3578.73
PO003730,SUP04,ST006,2025-12-24,2026-02-17,2026-02-17,Partially received,1816.82
PO003731,SUP01,ST007,2025-12-24,2026-02-04,2026-02-07,Received,1266.89
PO003732,SUP03,ST007,2025-12-24,2026-01-09,2026-01-09,Received,1220.05
PO003733,SUP02,ST008,2025-12-24,2026-01-21,2026-01-21,Partially received,1186.13
PO003734,SUP06,ST009,2025-12-24,2026-02-10,2026-02-10,Received,722.71
PO003735,SUP05,ST011,2025-12-24,2026-01-27,2026-01-27,Partially received,1718.21
PO003736,SUP07,ST012,2025-12-24,2026-02-01,2026-02-04,Partially received,1350.59
PO003737,SUP02,ST013,2025-12-24,2026-01-21,2026-01-21,Received,172.71
PO003738,SUP01,ST016,2025-12-24,2026-02-04,2026-02-04,Partially received,508.01
PO003739,SUP05,ST018,2025-12-24,2026-01-27,2026-01-27,Partially received,1410.83
PO003740,SUP03,ST006,2025-12-25,2026-01-10,2026-01-10,Received,2314.21
PO003741,SUP07,ST007,2025-12-25,2026-02-02,2026-02-02,Received,294.12
PO003742,SUP02,ST015,2025-12-25,2026-01-22,2026-01-22,Partially received,471.17
PO003743,SUP04,ST017,2025-12-25,2026-02-18,2026-02-18,Partially received,1623.55
PO003744,SUP07,ST001,2025-12-26,2026-02-03,2026-02-03,Received,2242.83
PO003745,SUP04,ST003,2025-12-26,2026-02-19,2026-03-01,Partially received,1868.24
PO003746,SUP03,ST004,2025-12-26,2026-01-11,2026-01-11,Received,3380.75
PO003747,SUP05,ST004,2025-12-26,2026-01-29,2026-01-29,Received,3403.51
PO003748,SUP06,ST011,2025-12-26,2026-02-12,2026-02-12,Partially received,2188.65
PO003749,SUP03,ST012,2025-12-26,2026-01-11,2026-01-11,Received,659.72
PO003750,SUP05,ST015,2025-12-26,2026-01-29,2026-01-29,Received,1921.98
PO003751,SUP02,ST018,2025-12-26,2026-01-23,2026-01-23,Received,901.21
PO003752,SUP01,ST002,2025-12-27,2026-02-07,2026-02-07,Received,904.70
PO003753,SUP07,ST005,2025-12-27,2026-02-04,2026-02-04,Received,1070.44
PO003754,SUP06,ST007,2025-12-27,2026-02-13,2026-02-13,Partially received,337.68
PO003755,SUP03,ST008,2025-12-27,2026-01-12,2026-01-12,Received,1112.84
PO003756,SUP03,ST010,2025-12-27,2026-01-12,2026-01-12,Received,1244.26
PO003757,SUP07,ST010,2025-12-27,2026-02-04,2026-02-04,Received,733.59
PO003758,SUP02,ST011,2025-12-27,2026-01-24,2026-01-24,Received,1379.31
PO003759,SUP01,ST012,2025-12-27,2026-02-07,2026-02-07,Received,1933.41
PO003760,SUP07,ST013,2025-12-27,2026-02-04,2026-02-04,Received,410.05
PO003761,SUP07,ST014,2025-12-27,2026-02-04,2026-02-13,Received,736.26
PO003762,SUP06,ST017,2025-12-27,2026-02-13,2026-02-13,Received,842.32
PO003763,SUP03,ST018,2025-12-27,2026-01-12,2026-01-12,Received,933.24
PO003764,SUP05,ST900,2025-12-27,2026-01-30,2026-01-30,Partially received,3780.55
PO003765,SUP05,ST009,2025-12-28,2026-01-31,2026-01-31,Received,1243.63
PO003766,SUP07,ST009,2025-12-28,2026-02-05,2026-02-15,Received,625.41
PO003767,SUP07,ST011,2025-12-28,2026-02-05,2026-02-05,Partially received,2101.58
PO003768,SUP06,ST001,2025-12-29,2026-02-15,2026-02-26,Partially received,2167.67
PO003769,SUP06,ST006,2025-12-29,2026-02-15,2026-02-15,Partially received,1742.81
PO003770,SUP05,ST007,2025-12-29,2026-02-01,2026-02-04,Received,927.06
PO003771,SUP03,ST009,2025-12-29,2026-01-14,2026-01-14,Partially received,804.87
PO003772,SUP04,ST009,2025-12-29,2026-02-22,2026-03-15,Partially received,1793.67
PO003773,SUP05,ST010,2025-12-29,2026-02-01,2026-02-01,Received,1058.25
PO003774,SUP01,ST013,2025-12-29,2026-02-09,2026-02-09,Received,1389.03
PO003775,SUP02,ST017,2025-12-29,2026-01-26,2026-01-26,Received,153.09
PO003776,SUP07,ST002,2025-12-30,2026-02-07,2026-02-07,Received,861.41
PO003777,SUP07,ST003,2025-12-30,2026-02-07,2026-02-07,Received,875.35
PO003778,SUP01,ST005,2025-12-30,2026-02-10,2026-02-10,Partially received,2501.33
PO003779,SUP04,ST007,2025-12-30,2026-02-23,2026-02-23,Partially received,2392.68
PO003780,SUP02,ST009,2025-12-30,2026-01-27,2026-01-27,Received,413.01
PO003781,SUP04,ST012,2025-12-30,2026-02-23,2026-03-15,Partially received,2371.26
PO003782,SUP01,ST014,2025-12-30,2026-02-10,2026-02-10,Received,1417.10
PO003783,SUP06,ST014,2025-12-30,2026-02-16,2026-02-22,Received,764.31
PO003784,SUP07,ST015,2025-12-30,2026-02-07,2026-02-16,Partially received,1169.25
PO003785,SUP02,ST002,2025-12-31,2026-01-28,2026-01-28,Received,747.48
PO003786,SUP03,ST002,2025-12-31,2026-01-16,2026-01-17,Partially received,768.63
PO003787,SUP06,ST004,2025-12-31,2026-02-17,2026-02-22,Partially received,580.66
PO003788,SUP03,ST005,2025-12-31,2026-01-16,2026-01-16,Received,779.26
PO003789,SUP01,ST006,2025-12-31,2026-02-11,2026-02-11,Partially received,1273.18
PO003790,SUP04,ST008,2025-12-31,2026-02-24,2026-03-10,Partially received,1508.03
PO003791,SUP04,ST010,2025-12-31,2026-02-24,2026-02-24,Partially received,935.28
PO003792,SUP01,ST011,2025-12-31,2026-02-11,2026-02-11,Received,1588.92
PO003793,SUP04,ST011,2025-12-31,2026-02-24,2026-02-24,Partially received,5170.60
PO003794,SUP02,ST014,2025-12-31,2026-01-28,2026-01-28,Partially received,620.06
PO003795,SUP06,ST015,2025-12-31,2026-02-17,2026-02-17,Partially received,1440.23
PO003796,SUP03,ST016,2025-12-31,2026-01-16,2026-01-16,Received,597.74
PO003797,SUP04,ST018,2025-12-31,2026-02-24,2026-02-24,Partially received,1422.07
PO003798,SUP06,ST900,2025-12-31,2026-02-17,2026-02-17,Partially received,1961.85
PO003799,SUP01,ST001,2026-01-01,2026-02-12,2026-02-12,Partially received,1681.35
PO003800,SUP02,ST003,2026-01-01,2026-01-29,2026-01-29,Received,1178.50
PO003801,SUP03,ST003,2026-01-01,2026-01-17,2026-01-17,Received,2276.55
PO003802,SUP01,ST004,2026-01-01,2026-02-12,2026-02-12,Partially received,3447.61
PO003803,SUP04,ST004,2026-01-01,2026-02-25,2026-03-13,Partially received,6802.49
PO003804,SUP05,ST005,2026-01-01,2026-02-04,2026-02-04,Received,1526.09
PO003805,SUP02,ST010,2026-01-01,2026-01-29,2026-01-29,Received,1299.82
PO003806,SUP05,ST013,2026-01-01,2026-02-04,2026-02-04,Partially received,1373.48
PO003807,SUP05,ST014,2026-01-01,2026-02-04,2026-02-04,Received,2204.67
PO003808,SUP06,ST018,2026-01-01,2026-02-18,2026-02-18,Received,1290.94
PO003809,SUP02,ST001,2026-01-02,2026-01-30,2026-01-30,Received,2985.81
PO003810,SUP05,ST002,2026-01-02,2026-02-05,2026-02-11,Partially received,654.51
PO003811,SUP07,ST004,2026-01-02,2026-02-10,2026-02-10,Partially received,2832.45
PO003812,SUP05,ST006,2026-01-02,2026-02-05,2026-02-05,Partially received,1440.40
PO003813,SUP01,ST008,2026-01-02,2026-02-13,2026-02-13,Received,1510.52
PO003814,SUP07,ST008,2026-01-02,2026-02-10,2026-02-10,Received,955.42
PO003815,SUP01,ST010,2026-01-02,2026-02-13,2026-02-13,Received,1993.53
PO003816,SUP02,ST012,2026-01-02,2026-01-30,2026-01-30,Received,857.27
PO003817,SUP03,ST013,2026-01-02,2026-01-18,2026-01-18,Received,1729.78
PO003818,SUP04,ST014,2026-01-02,2026-02-26,2026-02-26,Partially received,3323.28
PO003819,SUP01,ST015,2026-01-02,2026-02-13,2026-02-18,Partially received,1640.91
PO003820,SUP03,ST015,2026-01-02,2026-01-18,2026-01-18,Received,1661.10
PO003821,SUP07,ST016,2026-01-02,2026-02-10,2026-02-16,Received,933.53
PO003822,SUP05,ST017,2026-01-02,2026-02-05,2026-02-05,Received,1475.50
PO003823,SUP07,ST018,2026-01-02,2026-02-10,2026-02-10,Partially received,531.33
PO003824,SUP04,ST900,2026-01-02,2026-02-26,2026-02-26,Partially received,5308.98
PO003825,SUP05,ST001,2026-01-03,2026-02-06,2026-02-06,Partially received,3772.25
PO003826,SUP06,ST002,2026-01-03,2026-02-20,2026-02-20,Partially received,1274.24
PO003827,SUP07,ST006,2026-01-03,2026-02-11,2026-02-11,Partially received,1473.11
PO003828,SUP02,ST007,2026-01-03,2026-01-31,2026-01-31,Received,831.95
PO003829,SUP06,ST008,2026-01-03,2026-02-20,2026-02-26,Received,904.57
PO003830,SUP03,ST014,2026-01-03,2026-01-19,2026-01-19,Received,899.45
PO003831,SUP01,ST900,2026-01-03,2026-02-14,2026-02-14,Partially received,3565.69
PO003832,SUP01,ST003,2026-01-04,2026-02-15,2026-02-15,Received,1028.64
PO003833,SUP06,ST010,2026-01-04,2026-02-21,2026-02-25,Partially received,1686.70
PO003834,SUP06,ST012,2026-01-04,2026-02-21,2026-02-21,Partially received,1376.43
PO003835,SUP04,ST013,2026-01-04,2026-02-28,2026-03-11,Partially received,2071.24
PO003836,SUP06,ST013,2026-01-04,2026-02-21,2026-02-21,Partially received,1301.58
PO003837,SUP02,ST016,2026-01-04,2026-02-01,2026-02-04,Received,1468.91
PO003838,SUP05,ST016,2026-01-04,2026-02-07,2026-02-07,Received,961.06
PO003839,SUP02,ST900,2026-01-04,2026-02-01,2026-02-01,Received,1920.82
PO003840,SUP04,ST001,2026-01-05,2026-03-01,2026-03-16,Partially received,5876.56
PO003841,SUP02,ST004,2026-01-05,2026-02-02,2026-02-02,Partially received,2646.90
PO003842,SUP02,ST005,2026-01-05,2026-02-02,2026-02-02,Received,662.04
PO003843,SUP02,ST006,2026-01-05,2026-02-02,2026-02-02,Partially received,988.35
PO003844,SUP05,ST008,2026-01-05,2026-02-08,2026-02-08,Received,906.20
PO003845,SUP03,ST011,2026-01-05,2026-01-21,2026-01-21,Received,2052.84
PO003846,SUP06,ST016,2026-01-05,2026-02-22,2026-02-22,Partially received,1339.01
PO003847,SUP03,ST017,2026-01-05,2026-01-21,2026-01-21,Partially received,2058.53
PO003848,SUP03,ST900,2026-01-05,2026-01-21,2026-01-21,Received,3875.03
PO003849,SUP07,ST900,2026-01-05,2026-02-13,2026-02-23,Partially received,2210.79
PO003850,SUP04,ST002,2026-01-06,2026-03-02,2026-03-09,Partially received,669.47
PO003851,SUP06,ST003,2026-01-06,2026-02-23,2026-02-23,Partially received,1481.79
PO003852,SUP06,ST005,2026-01-06,2026-02-23,2026-03-03,Received,1051.09
PO003853,SUP01,ST009,2026-01-06,2026-02-17,2026-02-17,Received,1413.59
PO003854,SUP05,ST012,2026-01-06,2026-02-09,2026-02-09,Received,843.58
PO003855,SUP04,ST015,2026-01-06,2026-03-02,2026-03-18,Partially received,2835.69
PO003856,SUP04,ST016,2026-01-06,2026-03-02,2026-03-02,Partially received,2162.33
PO003857,SUP01,ST017,2026-01-06,2026-02-17,2026-02-17,Received,1181.09
PO003858,SUP07,ST017,2026-01-06,2026-02-14,2026-02-14,Partially received,1456.91
PO003859,SUP01,ST018,2026-01-06,2026-02-17,2026-02-22,Received,1108.04
PO003860,SUP03,ST001,2026-01-07,2026-01-23,2026-01-23,Received,2680.14
PO003861,SUP05,ST003,2026-01-07,2026-02-10,2026-02-10,Partially received,1620.48
PO003862,SUP04,ST005,2026-01-07,2026-03-03,2026-03-17,Partially received,1665.75
PO003863,SUP04,ST006,2026-01-07,2026-03-03,2026-03-11,Partially received,3233.41
PO003864,SUP01,ST007,2026-01-07,2026-02-18,2026-02-18,Partially received,813.28
PO003865,SUP03,ST007,2026-01-07,2026-01-23,2026-01-23,Partially received,1360.83
PO003866,SUP02,ST008,2026-01-07,2026-02-04,2026-02-04,Received,670.69
PO003867,SUP06,ST009,2026-01-07,2026-02-24,2026-02-24,Partially received,1760.27
PO003868,SUP05,ST011,2026-01-07,2026-02-10,2026-02-10,Partially received,2410.88
PO003869,SUP07,ST012,2026-01-07,2026-02-15,2026-02-15,Partially received,1236.12
PO003870,SUP02,ST013,2026-01-07,2026-02-04,2026-02-04,Received,1477.59
PO003871,SUP01,ST016,2026-01-07,2026-02-18,2026-02-18,Partially received,1823.30
PO003872,SUP05,ST018,2026-01-07,2026-02-10,2026-02-16,Received,1664.90
PO003873,SUP03,ST006,2026-01-08,2026-01-24,2026-01-24,Received,1840.70
PO003874,SUP07,ST007,2026-01-08,2026-02-16,2026-02-16,Partially received,1267.16
PO003875,SUP02,ST015,2026-01-08,2026-02-05,2026-02-09,Received,722.01
PO003876,SUP04,ST017,2026-01-08,2026-03-04,2026-03-24,Partially received,2857.44
PO003877,SUP07,ST001,2026-01-09,2026-02-17,2026-02-17,Received,2656.41
PO003878,SUP04,ST003,2026-01-09,2026-03-05,2026-03-05,Partially received,3201.46
PO003879,SUP03,ST004,2026-01-09,2026-01-25,2026-01-25,Received,2034.17
PO003880,SUP05,ST004,2026-01-09,2026-02-12,2026-02-12,Received,2336.09
PO003881,SUP06,ST011,2026-01-09,2026-02-26,2026-02-26,Partially received,995.42
PO003882,SUP03,ST012,2026-01-09,2026-01-25,2026-01-25,Received,831.93
PO003883,SUP05,ST015,2026-01-09,2026-02-12,2026-02-12,Received,2038.82
PO003884,SUP02,ST018,2026-01-09,2026-02-06,2026-02-06,Received,752.36
PO003885,SUP01,ST002,2026-01-10,2026-02-21,2026-02-21,Received,1136.41
PO003886,SUP07,ST005,2026-01-10,2026-02-18,2026-02-18,Received,909.27
PO003887,SUP06,ST007,2026-01-10,2026-02-27,2026-02-27,Received,553.11
PO003888,SUP03,ST008,2026-01-10,2026-01-26,2026-01-26,Received,578.01
PO003889,SUP03,ST010,2026-01-10,2026-01-26,2026-01-26,Received,376.13
PO003890,SUP07,ST010,2026-01-10,2026-02-18,2026-02-18,Received,1232.50
PO003891,SUP02,ST011,2026-01-10,2026-02-07,2026-02-07,Received,999.75
PO003892,SUP01,ST012,2026-01-10,2026-02-21,2026-02-21,Received,436.85
PO003893,SUP07,ST013,2026-01-10,2026-02-18,2026-02-18,Partially received,941.92
PO003894,SUP07,ST014,2026-01-10,2026-02-18,2026-02-18,Partially received,1458.76
PO003895,SUP06,ST017,2026-01-10,2026-02-27,2026-03-11,Partially received,363.12
PO003896,SUP03,ST018,2026-01-10,2026-01-26,2026-01-26,Received,1662.42
PO003897,SUP05,ST900,2026-01-10,2026-02-13,2026-02-13,Partially received,2775.96
PO003898,SUP05,ST009,2026-01-11,2026-02-14,2026-02-14,Received,475.65
PO003899,SUP07,ST009,2026-01-11,2026-02-19,2026-02-19,Partially received,534.47
PO003900,SUP07,ST011,2026-01-11,2026-02-19,2026-02-19,Partially received,1876.04
PO003901,SUP06,ST001,2026-01-12,2026-03-01,2026-03-01,Partially received,964.26
PO003902,SUP06,ST006,2026-01-12,2026-03-01,2026-03-01,Received,479.40
PO003903,SUP05,ST007,2026-01-12,2026-02-15,2026-02-15,Partially received,1609.01
PO003904,SUP03,ST009,2026-01-12,2026-01-28,2026-01-28,Received,672.87
PO003905,SUP04,ST009,2026-01-12,2026-03-08,2026-03-29,Partially received,1900.72
PO003906,SUP05,ST010,2026-01-12,2026-02-15,2026-02-15,Received,2354.29
PO003907,SUP01,ST013,2026-01-12,2026-02-23,2026-02-23,Received,1364.96
PO003908,SUP02,ST017,2026-01-12,2026-02-09,2026-02-09,Received,624.90
PO003909,SUP07,ST002,2026-01-13,2026-02-21,2026-02-25,Partially received,1238.37
PO003910,SUP07,ST003,2026-01-13,2026-02-21,2026-02-21,Partially received,1627.56
PO003911,SUP01,ST005,2026-01-13,2026-02-24,2026-03-01,Partially received,901.74
PO003912,SUP04,ST007,2026-01-13,2026-03-09,2026-03-19,Partially received,1794.70
PO003913,SUP02,ST009,2026-01-13,2026-02-10,2026-02-10,Partially received,1286.55
PO003914,SUP04,ST012,2026-01-13,2026-03-09,2026-03-09,Partially received,2936.22
PO003915,SUP01,ST014,2026-01-13,2026-02-24,2026-02-24,Partially received,671.10
PO003916,SUP06,ST014,2026-01-13,2026-03-02,2026-03-02,Received,1695.26
PO003917,SUP07,ST015,2026-01-13,2026-02-21,2026-02-21,Received,1289.23
PO003918,SUP02,ST002,2026-01-14,2026-02-11,2026-02-11,Received,568.85
PO003919,SUP03,ST002,2026-01-14,2026-01-30,2026-01-30,Received,300.43
PO003920,SUP06,ST004,2026-01-14,2026-03-03,2026-03-03,Partially received,870.07
PO003921,SUP03,ST005,2026-01-14,2026-01-30,2026-01-30,Received,443.15
PO003922,SUP01,ST006,2026-01-14,2026-02-25,2026-02-28,Received,748.04
PO003923,SUP04,ST008,2026-01-14,2026-03-10,2026-03-29,Partially received,2292.07
PO003924,SUP04,ST010,2026-01-14,2026-03-10,2026-03-29,Partially received,2613.82
PO003925,SUP01,ST011,2026-01-14,2026-02-25,2026-02-25,Received,1641.00
PO003926,SUP04,ST011,2026-01-14,2026-03-10,2026-03-17,Partially received,4624.77
PO003927,SUP02,ST014,2026-01-14,2026-02-11,2026-02-11,Partially received,1761.75
PO003928,SUP06,ST015,2026-01-14,2026-03-03,2026-03-03,Partially received,1120.58
PO003929,SUP03,ST016,2026-01-14,2026-01-30,2026-01-30,Received,598.26
PO003930,SUP04,ST018,2026-01-14,2026-03-10,2026-03-20,Partially received,2827.97
PO003931,SUP06,ST900,2026-01-14,2026-03-03,2026-03-12,Partially received,1319.18
PO003932,SUP01,ST001,2026-01-15,2026-02-26,2026-02-26,Received,1020.41
PO003933,SUP02,ST003,2026-01-15,2026-02-12,2026-02-15,Received,172.16
PO003934,SUP03,ST003,2026-01-15,2026-01-31,2026-01-31,Received,493.45
PO003935,SUP01,ST004,2026-01-15,2026-02-26,2026-02-26,Received,1120.89
PO003936,SUP04,ST004,2026-01-15,2026-03-11,2026-03-31,Partially received,1421.94
PO003937,SUP05,ST005,2026-01-15,2026-02-18,2026-02-23,Received,246.13
PO003938,SUP02,ST010,2026-01-15,2026-02-12,2026-02-12,Received,283.79
PO003939,SUP05,ST013,2026-01-15,2026-02-18,2026-02-22,Received,903.64
PO003940,SUP05,ST014,2026-01-15,2026-02-18,2026-02-18,Partially received,524.55
PO003941,SUP06,ST018,2026-01-15,2026-03-04,2026-03-04,Received,407.57
PO003942,SUP02,ST001,2026-01-16,2026-02-13,2026-02-13,Partially received,1053.49
PO003943,SUP05,ST002,2026-01-16,2026-02-19,2026-02-19,Received,356.32
PO003944,SUP07,ST004,2026-01-16,2026-02-24,2026-02-24,Received,1233.79
PO003945,SUP05,ST006,2026-01-16,2026-02-19,2026-02-19,Received,916.73
PO003946,SUP01,ST008,2026-01-16,2026-02-27,2026-03-02,Partially received,817.35
PO003947,SUP07,ST008,2026-01-16,2026-02-24,2026-02-24,Received,1079.55
PO003948,SUP01,ST010,2026-01-16,2026-02-27,2026-02-27,Received,917.83
PO003949,SUP02,ST012,2026-01-16,2026-02-13,2026-02-13,Received,98.26
PO003950,SUP03,ST013,2026-01-16,2026-02-01,2026-02-01,Received,226.31
PO003951,SUP04,ST014,2026-01-16,2026-03-12,2026-03-27,Partially received,1348.81
PO003952,SUP01,ST015,2026-01-16,2026-02-27,2026-02-27,Received,414.40
PO003953,SUP03,ST015,2026-01-16,2026-02-01,2026-02-01,Received,804.84
PO003954,SUP07,ST016,2026-01-16,2026-02-24,2026-03-01,Partially received,374.99
PO003955,SUP05,ST017,2026-01-16,2026-02-19,2026-02-19,Received,770.90
PO003956,SUP07,ST018,2026-01-16,2026-02-24,2026-02-24,Received,961.65
PO003957,SUP04,ST900,2026-01-16,2026-03-12,2026-03-12,Partially received,2688.24
PO003958,SUP05,ST001,2026-01-17,2026-02-20,2026-02-20,Received,1738.96
PO003959,SUP06,ST002,2026-01-17,2026-03-06,2026-03-14,Received,633.60
PO003960,SUP07,ST006,2026-01-17,2026-02-25,2026-02-25,Received,216.56
PO003961,SUP02,ST007,2026-01-17,2026-02-14,2026-02-14,Received,96.64
PO003962,SUP06,ST008,2026-01-17,2026-03-06,2026-03-12,Partially received,746.62
PO003963,SUP03,ST014,2026-01-17,2026-02-02,2026-02-02,Received,332.15
PO003964,SUP01,ST900,2026-01-17,2026-02-28,2026-02-28,Received,2646.94
PO003965,SUP01,ST003,2026-01-18,2026-03-01,2026-03-08,Received,849.23
PO003966,SUP06,ST010,2026-01-18,2026-03-07,2026-03-07,Received,700.38
PO003967,SUP06,ST012,2026-01-18,2026-03-07,2026-03-07,Received,68.58
PO003968,SUP04,ST013,2026-01-18,2026-03-14,2026-04-03,Partially received,954.07
PO003969,SUP06,ST013,2026-01-18,2026-03-07,2026-03-07,Received,1333.66
PO003970,SUP02,ST016,2026-01-18,2026-02-15,2026-02-15,Received,595.79
PO003971,SUP05,ST016,2026-01-18,2026-02-21,2026-02-21,Received,289.93
PO003972,SUP02,ST900,2026-01-18,2026-02-15,2026-02-19,Received,1214.36
PO003973,SUP04,ST001,2026-01-19,2026-03-15,2026-04-04,Partially received,473.30
PO003974,SUP02,ST004,2026-01-19,2026-02-16,2026-02-16,Received,763.04
PO003975,SUP02,ST005,2026-01-19,2026-02-16,2026-02-16,Received,441.57
PO003976,SUP02,ST006,2026-01-19,2026-02-16,2026-02-16,Received,367.06
PO003977,SUP05,ST008,2026-01-19,2026-02-22,2026-02-22,Received,736.22
PO003978,SUP03,ST011,2026-01-19,2026-02-04,2026-02-04,Received,1072.61
PO003979,SUP06,ST016,2026-01-19,2026-03-08,2026-03-16,Received,423.65
PO003980,SUP03,ST017,2026-01-19,2026-02-04,2026-02-04,Received,188.58
PO003981,SUP03,ST900,2026-01-19,2026-02-04,2026-02-04,Partially received,1023.56
PO003982,SUP07,ST900,2026-01-19,2026-02-27,2026-02-27,Partially received,1358.52
PO003983,SUP04,ST002,2026-01-20,2026-03-16,2026-03-16,Partially received,997.28
PO003984,SUP06,ST003,2026-01-20,2026-03-09,2026-03-09,Partially received,310.21
PO003985,SUP06,ST005,2026-01-20,2026-03-09,2026-03-13,Received,433.76
PO003986,SUP01,ST009,2026-01-20,2026-03-03,2026-03-03,Partially received,688.62
PO003987,SUP05,ST012,2026-01-20,2026-02-23,2026-02-23,Received,759.11
PO003988,SUP04,ST015,2026-01-20,2026-03-16,2026-03-16,Received,1213.07
PO003989,SUP04,ST016,2026-01-20,2026-03-16,2026-03-23,Partially received,1725.04
PO003990,SUP01,ST017,2026-01-20,2026-03-03,2026-03-03,Received,426.96
PO003991,SUP07,ST017,2026-01-20,2026-02-28,2026-02-28,Received,289.37
PO003992,SUP01,ST018,2026-01-20,2026-03-03,2026-03-10,Received,1015.39
PO003993,SUP03,ST001,2026-01-21,2026-02-06,2026-02-06,Partially received,452.45
PO003994,SUP05,ST003,2026-01-21,2026-02-24,2026-02-24,Partially received,696.03
PO003995,SUP04,ST005,2026-01-21,2026-03-17,2026-03-26,Received,858.98
PO003996,SUP04,ST006,2026-01-21,2026-03-17,2026-04-04,Partially received,2637.40
PO003997,SUP01,ST007,2026-01-21,2026-03-04,2026-03-04,Received,248.09
PO003998,SUP03,ST007,2026-01-21,2026-02-06,2026-02-06,Received,860.04
PO003999,SUP02,ST008,2026-01-21,2026-02-18,2026-02-18,Received,192.33
PO004000,SUP06,ST009,2026-01-21,2026-03-10,2026-03-10,Partially received,250.10
PO004001,SUP05,ST011,2026-01-21,2026-02-24,2026-03-02,Received,871.39
PO004002,SUP07,ST012,2026-01-21,2026-03-01,2026-03-01,Partially received,1035.84
PO004003,SUP02,ST013,2026-01-21,2026-02-18,2026-02-18,Received,42.90
PO004004,SUP01,ST016,2026-01-21,2026-03-04,2026-03-04,Received,392.01
PO004005,SUP05,ST018,2026-01-21,2026-02-24,2026-02-24,Received,801.50
PO004006,SUP03,ST006,2026-01-22,2026-02-07,2026-02-07,Received,250.90
PO004007,SUP07,ST007,2026-01-22,2026-03-02,2026-03-02,Received,401.85
PO004008,SUP02,ST015,2026-01-22,2026-02-19,2026-02-19,Received,221.84
PO004009,SUP04,ST017,2026-01-22,2026-03-18,2026-03-18,Partially received,1297.57
PO004010,SUP07,ST001,2026-01-23,2026-03-03,2026-03-03,Received,934.63
PO004011,SUP04,ST003,2026-01-23,2026-03-19,2026-04-04,Partially received,1824.31
PO004012,SUP03,ST004,2026-01-23,2026-02-08,2026-02-08,Received,1173.67
PO004013,SUP05,ST004,2026-01-23,2026-02-26,2026-02-26,Received,1074.83
PO004014,SUP06,ST011,2026-01-23,2026-03-12,2026-03-22,Partially received,844.76
PO004015,SUP03,ST012,2026-01-23,2026-02-08,2026-02-08,Received,340.49
PO004016,SUP05,ST015,2026-01-23,2026-02-26,2026-02-26,Received,294.94
PO004017,SUP02,ST018,2026-01-23,2026-02-20,2026-02-24,Received,398.80
PO004018,SUP01,ST002,2026-01-24,2026-03-07,2026-03-14,Received,562.94
PO004019,SUP07,ST005,2026-01-24,2026-03-04,2026-03-04,Received,305.81
PO004020,SUP06,ST007,2026-01-24,2026-03-13,2026-03-23,Partially received,1305.59
PO004021,SUP03,ST008,2026-01-24,2026-02-09,2026-02-09,Received,424.30
PO004022,SUP03,ST010,2026-01-24,2026-02-09,2026-02-09,Received,474.20
PO004023,SUP07,ST010,2026-01-24,2026-03-04,2026-03-11,Received,969.18
PO004024,SUP02,ST011,2026-01-24,2026-02-21,2026-02-21,Received,125.04
PO004025,SUP01,ST012,2026-01-24,2026-03-07,2026-03-07,Partially received,683.26
PO004026,SUP07,ST013,2026-01-24,2026-03-04,2026-03-04,Received,457.07
PO004027,SUP07,ST014,2026-01-24,2026-03-04,2026-03-04,Partially received,229.73
PO004028,SUP06,ST017,2026-01-24,2026-03-13,2026-03-13,Received,161.72
PO004029,SUP03,ST018,2026-01-24,2026-02-09,2026-02-09,Received,399.10
PO004030,SUP05,ST900,2026-01-24,2026-02-27,2026-02-27,Partially received,2165.20
PO004031,SUP05,ST009,2026-01-25,2026-02-28,2026-02-28,Received,483.22
PO004032,SUP07,ST009,2026-01-25,2026-03-05,2026-03-05,Received,213.30
PO004033,SUP07,ST011,2026-01-25,2026-03-05,2026-03-11,Received,986.95
PO004034,SUP06,ST001,2026-01-26,2026-03-15,2026-03-15,Partially received,1153.56
PO004035,SUP06,ST006,2026-01-26,2026-03-15,2026-03-15,Received,330.96
PO004036,SUP05,ST007,2026-01-26,2026-03-01,2026-03-01,Received,902.17
PO004037,SUP03,ST009,2026-01-26,2026-02-11,2026-02-11,Received,648.02
PO004038,SUP04,ST009,2026-01-26,2026-03-22,2026-03-22,Partially received,930.89
PO004039,SUP05,ST010,2026-01-26,2026-03-01,2026-03-06,Received,487.26
PO004040,SUP01,ST013,2026-01-26,2026-03-09,2026-03-09,Received,1195.26
PO004041,SUP02,ST017,2026-01-26,2026-02-23,2026-02-23,Received,673.89
PO004042,SUP07,ST002,2026-01-27,2026-03-07,2026-03-07,Partially received,627.56
PO004043,SUP07,ST003,2026-01-27,2026-03-07,2026-03-07,Partially received,940.90
PO004044,SUP01,ST005,2026-01-27,2026-03-10,2026-03-10,Received,1278.28
PO004045,SUP04,ST007,2026-01-27,2026-03-23,2026-03-23,Partially received,734.83
PO004046,SUP02,ST009,2026-01-27,2026-02-24,2026-02-24,Received,172.71
PO004047,SUP04,ST012,2026-01-27,2026-03-23,2026-04-05,Partially received,1718.66
PO004048,SUP01,ST014,2026-01-27,2026-03-10,2026-03-10,Received,171.24
PO004049,SUP06,ST014,2026-01-27,2026-03-16,2026-03-16,Partially received,687.44
PO004050,SUP07,ST015,2026-01-27,2026-03-07,2026-03-07,Partially received,465.90
PO004051,SUP02,ST002,2026-01-28,2026-02-25,2026-02-25,Received,839.34
PO004052,SUP03,ST002,2026-01-28,2026-02-13,2026-02-13,Received,275.19
PO004053,SUP06,ST004,2026-01-28,2026-03-17,2026-03-17,Received,1538.56
PO004054,SUP03,ST005,2026-01-28,2026-02-13,2026-02-13,Received,479.73
PO004055,SUP01,ST006,2026-01-28,2026-03-11,2026-03-11,Received,1488.03
PO004056,SUP04,ST008,2026-01-28,2026-03-24,2026-04-03,Partially received,1502.17
PO004057,SUP04,ST010,2026-01-28,2026-03-24,2026-03-24,Received,1943.99
PO004058,SUP01,ST011,2026-01-28,2026-03-11,2026-03-11,Received,550.54
PO004059,SUP04,ST011,2026-01-28,2026-03-24,2026-03-24,Partially received,2079.67
PO004060,SUP02,ST014,2026-01-28,2026-02-25,2026-02-25,Received,481.41
PO004061,SUP06,ST015,2026-01-28,2026-03-17,2026-03-17,Received,312.80
PO004062,SUP03,ST016,2026-01-28,2026-02-13,2026-02-15,Received,528.61
PO004063,SUP04,ST018,2026-01-28,2026-03-24,2026-03-24,Partially received,811.67
PO004064,SUP06,ST900,2026-01-28,2026-03-17,2026-03-17,Partially received,1659.04
PO004065,SUP01,ST001,2026-01-29,2026-03-12,2026-03-12,Received,531.26
PO004066,SUP02,ST003,2026-01-29,2026-02-26,2026-02-26,Received,395.01
PO004067,SUP03,ST003,2026-01-29,2026-02-14,2026-02-14,Received,486.56
PO004068,SUP01,ST004,2026-01-29,2026-03-12,2026-03-19,Received,1214.74
PO004069,SUP04,ST004,2026-01-29,2026-03-25,2026-04-13,Partially received,2466.44
PO004070,SUP05,ST005,2026-01-29,2026-03-04,2026-03-04,Received,72.99
PO004071,SUP02,ST010,2026-01-29,2026-02-26,2026-02-26,Received,658.67
PO004072,SUP05,ST013,2026-01-29,2026-03-04,2026-03-04,Received,866.32
PO004073,SUP05,ST014,2026-01-29,2026-03-04,2026-03-04,Partially received,750.17
PO004074,SUP06,ST018,2026-01-29,2026-03-18,2026-03-18,Received,182.47
PO004075,SUP02,ST001,2026-01-30,2026-02-27,2026-02-27,Received,702.35
PO004076,SUP05,ST002,2026-01-30,2026-03-05,2026-03-05,Partially received,310.68
PO004077,SUP07,ST004,2026-01-30,2026-03-10,2026-03-10,Received,1393.56
PO004078,SUP05,ST006,2026-01-30,2026-03-05,2026-03-05,Received,1294.20
PO004079,SUP01,ST008,2026-01-30,2026-03-13,2026-03-13,Received,150.32
PO004080,SUP07,ST008,2026-01-30,2026-03-10,2026-03-10,Received,847.02
PO004081,SUP01,ST010,2026-01-30,2026-03-13,2026-03-13,Received,482.41
PO004082,SUP02,ST012,2026-01-30,2026-02-27,2026-02-27,Received,275.00
PO004083,SUP03,ST013,2026-01-30,2026-02-15,2026-02-15,Received,267.30
PO004084,SUP04,ST014,2026-01-30,2026-03-26,2026-03-26,Partially received,1433.04
PO004085,SUP01,ST015,2026-01-30,2026-03-13,2026-03-13,Received,1042.21
PO004086,SUP03,ST015,2026-01-30,2026-02-15,2026-02-15,Received,298.15
PO004087,SUP07,ST016,2026-01-30,2026-03-10,2026-03-13,Received,388.58
PO004088,SUP05,ST017,2026-01-30,2026-03-05,2026-03-05,Partially received,999.14
PO004089,SUP07,ST018,2026-01-30,2026-03-10,2026-03-10,Received,1074.73
PO004090,SUP04,ST900,2026-01-30,2026-03-26,2026-03-26,Partially received,2828.89
PO004091,SUP05,ST001,2026-01-31,2026-03-06,2026-03-06,Received,854.82
PO004092,SUP06,ST002,2026-01-31,2026-03-20,2026-03-20,Partially received,1469.13
PO004093,SUP07,ST006,2026-01-31,2026-03-11,2026-03-11,Partially received,676.72
PO004094,SUP02,ST007,2026-01-31,2026-02-28,2026-03-04,Received,985.56
PO004095,SUP06,ST008,2026-01-31,2026-03-20,2026-03-24,Partially received,141.79
PO004096,SUP03,ST014,2026-01-31,2026-02-16,2026-02-16,Received,327.10
PO004097,SUP01,ST900,2026-01-31,2026-03-14,2026-03-14,Partially received,1480.69
PO004098,SUP01,ST003,2026-02-01,2026-03-15,2026-03-15,Received,875.88
PO004099,SUP06,ST010,2026-02-01,2026-03-21,2026-03-21,Received,1569.46
PO004100,SUP06,ST012,2026-02-01,2026-03-21,2026-03-21,Received,1305.17
PO004101,SUP04,ST013,2026-02-01,2026-03-28,2026-04-07,Partially received,546.76
PO004102,SUP06,ST013,2026-02-01,2026-03-21,2026-03-21,Partially received,905.01
PO004103,SUP02,ST016,2026-02-01,2026-03-01,2026-03-01,Received,948.91
PO004104,SUP05,ST016,2026-02-01,2026-03-07,2026-03-07,Received,2673.80
PO004105,SUP02,ST900,2026-02-01,2026-03-01,2026-03-01,Received,1043.01
PO004106,SUP04,ST001,2026-02-02,2026-03-29,2026-03-29,Partially received,3167.15
PO004107,SUP02,ST004,2026-02-02,2026-03-02,2026-03-02,Received,1688.08
PO004108,SUP02,ST005,2026-02-02,2026-03-02,2026-03-02,Received,680.61
PO004109,SUP02,ST006,2026-02-02,2026-03-02,2026-03-02,Partially received,666.50
PO004110,SUP05,ST008,2026-02-02,2026-03-08,2026-03-08,Received,855.28
PO004111,SUP03,ST011,2026-02-02,2026-02-18,2026-02-18,Received,1108.14
PO004112,SUP06,ST016,2026-02-02,2026-03-22,2026-03-22,Received,1097.40
PO004113,SUP03,ST017,2026-02-02,2026-02-18,2026-02-18,Received,642.52
PO004114,SUP03,ST900,2026-02-02,2026-02-18,2026-02-18,Partially received,1913.81
PO004115,SUP07,ST900,2026-02-02,2026-03-13,2026-03-13,Partially received,1761.04
PO004116,SUP04,ST002,2026-02-03,2026-03-30,2026-03-30,Partially received,2471.57
PO004117,SUP06,ST003,2026-02-03,2026-03-23,2026-03-27,Partially received,1077.16
PO004118,SUP06,ST005,2026-02-03,2026-03-23,2026-03-23,Partially received,685.08
PO004119,SUP01,ST009,2026-02-03,2026-03-17,2026-03-17,Received,754.86
PO004120,SUP05,ST012,2026-02-03,2026-03-09,2026-03-09,Received,665.15
PO004121,SUP04,ST015,2026-02-03,2026-03-30,2026-04-17,Partially received,1729.95
PO004122,SUP04,ST016,2026-02-03,2026-03-30,2026-04-14,Partially received,2462.01
PO004123,SUP01,ST017,2026-02-03,2026-03-17,2026-03-17,Received,735.60
PO004124,SUP07,ST017,2026-02-03,2026-03-14,2026-03-14,Partially received,1492.22
PO004125,SUP01,ST018,2026-02-03,2026-03-17,2026-03-24,Received,643.06
PO004126,SUP03,ST001,2026-02-04,2026-02-20,2026-02-20,Received,2218.90
PO004127,SUP05,ST003,2026-02-04,2026-03-10,2026-03-15,Received,1216.11
PO004128,SUP04,ST005,2026-02-04,2026-03-31,2026-04-13,Partially received,2101.59
PO004129,SUP04,ST006,2026-02-04,2026-03-31,2026-04-21,Partially received,3472.46
PO004130,SUP01,ST007,2026-02-04,2026-03-18,2026-03-18,Received,529.58
PO004131,SUP03,ST007,2026-02-04,2026-02-20,2026-02-20,Partially received,575.60
PO004132,SUP02,ST008,2026-02-04,2026-03-04,2026-03-04,Received,877.79
PO004133,SUP06,ST009,2026-02-04,2026-03-24,2026-04-04,Partially received,990.62
PO004134,SUP05,ST011,2026-02-04,2026-03-10,2026-03-10,Partially received,1752.83
PO004135,SUP07,ST012,2026-02-04,2026-03-15,2026-03-21,Received,1083.27
PO004136,SUP02,ST013,2026-02-04,2026-03-04,2026-03-04,Received,787.03
PO004137,SUP01,ST016,2026-02-04,2026-03-18,2026-03-18,Received,968.09
PO004138,SUP05,ST018,2026-02-04,2026-03-10,2026-03-10,Received,1211.25
PO004139,SUP03,ST006,2026-02-05,2026-02-21,2026-02-21,Received,713.29
PO004140,SUP07,ST007,2026-02-05,2026-03-16,2026-03-16,Received,645.38
PO004141,SUP02,ST015,2026-02-05,2026-03-05,2026-03-05,Received,663.88
PO004142,SUP04,ST017,2026-02-05,2026-04-01,2026-04-16,Partially received,1231.32
PO004143,SUP07,ST001,2026-02-06,2026-03-17,2026-03-17,Partially received,1424.38
PO004144,SUP04,ST003,2026-02-06,2026-04-02,2026-04-02,Partially received,2914.58
PO004145,SUP03,ST004,2026-02-06,2026-02-22,2026-02-22,Received,999.47
PO004146,SUP05,ST004,2026-02-06,2026-03-12,2026-03-12,Received,1411.92
PO004147,SUP06,ST011,2026-02-06,2026-03-26,2026-03-26,Partially received,973.40
PO004148,SUP03,ST012,2026-02-06,2026-02-22,2026-02-22,Received,896.28
PO004149,SUP05,ST015,2026-02-06,2026-03-12,2026-03-12,Partially received,1425.01
PO004150,SUP02,ST018,2026-02-06,2026-03-06,2026-03-06,Partially received,760.33
PO004151,SUP01,ST002,2026-02-07,2026-03-21,2026-03-21,Partially received,1033.15
PO004152,SUP07,ST005,2026-02-07,2026-03-18,2026-03-18,Partially received,1353.57
PO004153,SUP06,ST007,2026-02-07,2026-03-27,2026-03-27,Received,606.44
PO004154,SUP03,ST008,2026-02-07,2026-02-23,2026-02-23,Received,868.94
PO004155,SUP03,ST010,2026-02-07,2026-02-23,2026-02-23,Received,853.61
PO004156,SUP07,ST010,2026-02-07,2026-03-18,2026-03-18,Partially received,472.63
PO004157,SUP02,ST011,2026-02-07,2026-03-07,2026-03-07,Received,1109.66
PO004158,SUP01,ST012,2026-02-07,2026-03-21,2026-03-21,Received,531.24
PO004159,SUP07,ST013,2026-02-07,2026-03-18,2026-03-18,Partially received,357.09
PO004160,SUP07,ST014,2026-02-07,2026-03-18,2026-03-18,Received,614.64
PO004161,SUP06,ST017,2026-02-07,2026-03-27,2026-03-27,Partially received,566.26
PO004162,SUP03,ST018,2026-02-07,2026-02-23,2026-02-23,Received,934.00
PO004163,SUP05,ST900,2026-02-07,2026-03-13,2026-03-13,Received,2632.38
PO004164,SUP05,ST009,2026-02-08,2026-03-14,2026-03-14,Partially received,1614.03
PO004165,SUP07,ST009,2026-02-08,2026-03-19,2026-03-19,Received,824.71
PO004166,SUP07,ST011,2026-02-08,2026-03-19,2026-03-19,Received,869.32
PO004167,SUP06,ST001,2026-02-09,2026-03-29,2026-03-29,Partially received,1174.53
PO004168,SUP06,ST006,2026-02-09,2026-03-29,2026-03-29,Received,1562.59
PO004169,SUP05,ST007,2026-02-09,2026-03-15,2026-03-15,Received,1420.92
PO004170,SUP03,ST009,2026-02-09,2026-02-25,2026-02-25,Received,1714.58
PO004171,SUP04,ST009,2026-02-09,2026-04-05,2026-04-05,Partially received,1121.24
PO004172,SUP05,ST010,2026-02-09,2026-03-15,2026-03-15,Partially received,1182.13
PO004173,SUP01,ST013,2026-02-09,2026-03-23,2026-03-23,Received,1503.63
PO004174,SUP02,ST017,2026-02-09,2026-03-09,2026-03-09,Partially received,832.89
PO004175,SUP07,ST002,2026-02-10,2026-03-21,2026-03-21,Received,846.95
PO004176,SUP07,ST003,2026-02-10,2026-03-21,2026-03-26,Received,565.88
PO004177,SUP01,ST005,2026-02-10,2026-03-24,2026-03-24,Received,1463.18
PO004178,SUP04,ST007,2026-02-10,2026-04-06,2026-04-06,Partially received,1347.81
PO004179,SUP02,ST009,2026-02-10,2026-03-10,2026-03-10,Received,709.05
PO004180,SUP04,ST012,2026-02-10,2026-04-06,2026-04-22,Partially received,1842.27
PO004181,SUP01,ST014,2026-02-10,2026-03-24,2026-03-31,Partially received,1212.34
PO004182,SUP06,ST014,2026-02-10,2026-03-30,2026-04-03,Received,750.64
PO004183,SUP07,ST015,2026-02-10,2026-03-21,2026-03-21,Partially received,1241.52
PO004184,SUP02,ST002,2026-02-11,2026-03-11,2026-03-11,Received,469.84
PO004185,SUP03,ST002,2026-02-11,2026-02-27,2026-02-27,Received,495.86
PO004186,SUP06,ST004,2026-02-11,2026-03-31,2026-03-31,Partially received,925.25
PO004187,SUP03,ST005,2026-02-11,2026-02-27,2026-02-27,Received,738.73
PO004188,SUP01,ST006,2026-02-11,2026-03-25,2026-03-25,Received,1347.46
PO004189,SUP04,ST008,2026-02-11,2026-04-07,2026-04-14,Partially received,1263.23
PO004190,SUP04,ST010,2026-02-11,2026-04-07,2026-04-07,Partially received,2538.11
PO004191,SUP01,ST011,2026-02-11,2026-03-25,2026-03-25,Received,2577.69
PO004192,SUP04,ST011,2026-02-11,2026-04-07,2026-04-07,Partially received,1867.84
PO004193,SUP02,ST014,2026-02-11,2026-03-11,2026-03-11,Received,862.94
PO004194,SUP06,ST015,2026-02-11,2026-03-31,2026-03-31,Partially received,1590.49
PO004195,SUP03,ST016,2026-02-11,2026-02-27,2026-02-27,Received,882.69
PO004196,SUP04,ST018,2026-02-11,2026-04-07,2026-04-25,Partially received,1786.41
PO004197,SUP06,ST900,2026-02-11,2026-03-31,2026-03-31,Received,1573.38
PO004198,SUP01,ST001,2026-02-12,2026-03-26,2026-03-26,Partially received,1132.40
PO004199,SUP02,ST003,2026-02-12,2026-03-12,2026-03-12,Received,1125.15
PO004200,SUP03,ST003,2026-02-12,2026-02-28,2026-02-28,Received,1022.85
PO004201,SUP01,ST004,2026-02-12,2026-03-26,2026-03-26,Received,856.07
PO004202,SUP04,ST004,2026-02-12,2026-04-08,2026-04-08,Partially received,3273.49
PO004203,SUP05,ST005,2026-02-12,2026-03-18,2026-03-18,Received,1656.93
PO004204,SUP02,ST010,2026-02-12,2026-03-12,2026-03-12,Partially received,1749.46
PO004205,SUP05,ST013,2026-02-12,2026-03-18,2026-03-18,Received,1352.63
PO004206,SUP05,ST014,2026-02-12,2026-03-18,2026-03-18,Received,1006.32
PO004207,SUP06,ST018,2026-02-12,2026-04-01,2026-04-01,Partially received,884.12
PO004208,SUP02,ST001,2026-02-13,2026-03-13,2026-03-13,Received,1285.07
PO004209,SUP05,ST002,2026-02-13,2026-03-19,2026-03-19,Received,832.59
PO004210,SUP07,ST004,2026-02-13,2026-03-24,2026-03-28,Partially received,2104.40
PO004211,SUP05,ST006,2026-02-13,2026-03-19,2026-03-19,Received,1000.05
PO004212,SUP01,ST008,2026-02-13,2026-03-27,2026-03-27,Received,1025.05
PO004213,SUP07,ST008,2026-02-13,2026-03-24,2026-04-02,Received,1549.19
PO004214,SUP01,ST010,2026-02-13,2026-03-27,2026-03-27,Received,1670.17
PO004215,SUP02,ST012,2026-02-13,2026-03-13,2026-03-13,Received,1005.59
PO004216,SUP03,ST013,2026-02-13,2026-03-01,2026-03-01,Received,1087.18
PO004217,SUP04,ST014,2026-02-13,2026-04-09,2026-04-20,Partially received,3122.67
PO004218,SUP01,ST015,2026-02-13,2026-03-27,2026-04-03,Received,1409.91
PO004219,SUP03,ST015,2026-02-13,2026-03-01,2026-03-01,Received,1120.50
PO004220,SUP07,ST016,2026-02-13,2026-03-24,2026-03-24,Partially received,869.69
PO004221,SUP05,ST017,2026-02-13,2026-03-19,2026-03-19,Received,1998.79
PO004222,SUP07,ST018,2026-02-13,2026-03-24,2026-03-24,Received,1180.98
PO004223,SUP04,ST900,2026-02-13,2026-04-09,2026-04-28,Partially received,2919.86
PO004224,SUP05,ST001,2026-02-14,2026-03-20,2026-03-20,Partially received,1904.57
PO004225,SUP06,ST002,2026-02-14,2026-04-03,2026-04-03,Received,1441.06
PO004226,SUP07,ST006,2026-02-14,2026-03-25,2026-03-25,Partially received,1689.58
PO004227,SUP02,ST007,2026-02-14,2026-03-14,2026-03-14,Received,557.93
PO004228,SUP06,ST008,2026-02-14,2026-04-03,2026-04-03,Partially received,507.63
PO004229,SUP03,ST014,2026-02-14,2026-03-02,2026-03-02,Received,1534.53
PO004230,SUP01,ST900,2026-02-14,2026-03-28,2026-03-28,Partially received,1979.04
PO004231,SUP01,ST003,2026-02-15,2026-03-29,2026-03-29,Received,652.92
PO004232,SUP06,ST010,2026-02-15,2026-04-04,2026-04-04,Received,712.02
PO004233,SUP06,ST012,2026-02-15,2026-04-04,2026-04-04,Received,899.40
PO004234,SUP04,ST013,2026-02-15,2026-04-11,2026-04-20,Partially received,1313.88
PO004235,SUP06,ST013,2026-02-15,2026-04-04,2026-04-04,Partially received,443.45
PO004236,SUP02,ST016,2026-02-15,2026-03-15,2026-03-15,Received,364.10
PO004237,SUP02,ST900,2026-02-15,2026-03-15,2026-03-15,Received,1305.07
PO004238,SUP04,ST001,2026-02-16,2026-04-12,2026-04-12,Partially received,1622.01
PO004239,SUP02,ST004,2026-02-16,2026-03-16,2026-03-16,Received,1140.29
PO004240,SUP02,ST005,2026-02-16,2026-03-16,2026-03-16,Received,483.96
PO004241,SUP02,ST006,2026-02-16,2026-03-16,2026-03-16,Received,1047.12
PO004242,SUP05,ST008,2026-02-16,2026-03-22,2026-03-22,Partially received,222.04
PO004243,SUP03,ST011,2026-02-16,2026-03-04,2026-03-04,Received,2183.17
PO004244,SUP06,ST016,2026-02-16,2026-04-05,2026-04-05,Received,539.12
PO004245,SUP03,ST017,2026-02-16,2026-03-04,2026-03-04,Received,844.82
PO004246,SUP03,ST900,2026-02-16,2026-03-04,2026-03-04,Received,1922.53
PO004247,SUP07,ST900,2026-02-16,2026-03-27,2026-04-02,Received,1283.88
PO004248,SUP04,ST002,2026-02-17,2026-04-13,2026-04-13,Partially received,956.21
PO004249,SUP06,ST003,2026-02-17,2026-04-06,2026-04-06,Received,663.46
PO004250,SUP06,ST005,2026-02-17,2026-04-06,2026-04-12,Received,297.93
PO004251,SUP01,ST009,2026-02-17,2026-03-31,2026-03-31,Received,797.79
PO004252,SUP05,ST012,2026-02-17,2026-03-23,2026-03-23,Received,217.03
PO004253,SUP04,ST015,2026-02-17,2026-04-13,2026-04-20,Partially received,1403.10
PO004254,SUP04,ST016,2026-02-17,2026-04-13,2026-05-02,Partially received,865.74
PO004255,SUP01,ST017,2026-02-17,2026-03-31,2026-03-31,Received,153.70
PO004256,SUP07,ST017,2026-02-17,2026-03-28,2026-03-28,Received,365.66
PO004257,SUP01,ST018,2026-02-17,2026-03-31,2026-03-31,Received,180.00
PO004258,SUP03,ST001,2026-02-18,2026-03-06,2026-03-06,Partially received,920.16
PO004259,SUP05,ST003,2026-02-18,2026-03-24,2026-03-24,Received,530.60
PO004260,SUP04,ST005,2026-02-18,2026-04-14,2026-04-22,Partially received,1783.99
PO004261,SUP04,ST006,2026-02-18,2026-04-14,2026-04-14,Partially received,1996.40
PO004262,SUP01,ST007,2026-02-18,2026-04-01,2026-04-01,Received,853.24
PO004263,SUP03,ST007,2026-02-18,2026-03-06,2026-03-06,Received,921.78
PO004264,SUP02,ST008,2026-02-18,2026-03-18,2026-03-18,Received,315.52
PO004265,SUP06,ST009,2026-02-18,2026-04-07,2026-04-14,Received,764.45
PO004266,SUP05,ST011,2026-02-18,2026-03-24,2026-03-24,Partially received,1455.25
PO004267,SUP07,ST012,2026-02-18,2026-03-29,2026-03-29,Received,470.65
PO004268,SUP02,ST013,2026-02-18,2026-03-18,2026-03-18,Received,58.86
PO004269,SUP01,ST016,2026-02-18,2026-04-01,2026-04-01,Partially received,729.91
PO004270,SUP05,ST018,2026-02-18,2026-03-24,2026-03-24,Received,290.90
PO004271,SUP03,ST006,2026-02-19,2026-03-07,2026-03-07,Partially received,652.38
PO004272,SUP07,ST007,2026-02-19,2026-03-30,2026-04-07,Received,498.06
PO004273,SUP02,ST015,2026-02-19,2026-03-19,2026-03-19,Received,609.72
PO004274,SUP04,ST017,2026-02-19,2026-04-15,2026-04-15,Partially received,1490.60
PO004275,SUP07,ST001,2026-02-20,2026-03-31,2026-03-31,Partially received,711.66
PO004276,SUP04,ST003,2026-02-20,2026-04-16,2026-04-24,Received,324.53
PO004277,SUP03,ST004,2026-02-20,2026-03-08,2026-03-08,Received,763.85
PO004278,SUP05,ST004,2026-02-20,2026-03-26,2026-03-26,Received,651.29
PO004279,SUP06,ST011,2026-02-20,2026-04-09,2026-04-09,Received,304.33
PO004280,SUP03,ST012,2026-02-20,2026-03-08,2026-03-08,Received,1607.73
PO004281,SUP05,ST015,2026-02-20,2026-03-26,2026-03-26,Received,511.97
PO004282,SUP02,ST018,2026-02-20,2026-03-20,2026-03-20,Received,1031.23
PO004283,SUP01,ST002,2026-02-21,2026-04-04,2026-04-04,Partially received,539.30
PO004284,SUP07,ST005,2026-02-21,2026-04-01,2026-04-01,Received,168.16
PO004285,SUP06,ST007,2026-02-21,2026-04-10,2026-04-10,Partially received,1231.74
PO004286,SUP03,ST008,2026-02-21,2026-03-09,2026-03-11,Received,398.17
PO004287,SUP03,ST010,2026-02-21,2026-03-09,2026-03-09,Received,1171.25
PO004288,SUP07,ST010,2026-02-21,2026-04-01,2026-04-07,Partially received,477.15
PO004289,SUP02,ST011,2026-02-21,2026-03-21,2026-03-21,Received,1038.18
PO004290,SUP01,ST012,2026-02-21,2026-04-04,2026-04-04,Received,766.12
PO004291,SUP07,ST013,2026-02-21,2026-04-01,2026-04-01,Received,796.43
PO004292,SUP07,ST014,2026-02-21,2026-04-01,2026-04-01,Received,454.93
PO004293,SUP06,ST017,2026-02-21,2026-04-10,2026-04-10,Received,382.47
PO004294,SUP03,ST018,2026-02-21,2026-03-09,2026-03-09,Received,229.20
PO004295,SUP05,ST900,2026-02-21,2026-03-27,2026-03-27,Partially received,1317.74
PO004296,SUP05,ST009,2026-02-22,2026-03-28,2026-03-28,Received,263.37
PO004297,SUP07,ST009,2026-02-22,2026-04-02,2026-04-02,Received,886.07
PO004298,SUP07,ST011,2026-02-22,2026-04-02,2026-04-09,Received,911.88
PO004299,SUP06,ST001,2026-02-23,2026-04-12,2026-04-22,Partially received,1430.62
PO004300,SUP06,ST006,2026-02-23,2026-04-12,2026-04-21,Partially received,1017.08
PO004301,SUP05,ST007,2026-02-23,2026-03-29,2026-03-29,Received,1026.18
PO004302,SUP03,ST009,2026-02-23,2026-03-11,2026-03-11,Partially received,612.00
PO004303,SUP04,ST009,2026-02-23,2026-04-19,2026-04-19,Partially received,449.60
PO004304,SUP05,ST010,2026-02-23,2026-03-29,2026-03-29,Received,198.92
PO004305,SUP01,ST013,2026-02-23,2026-04-06,2026-04-11,Received,716.97
PO004306,SUP02,ST017,2026-02-23,2026-03-23,2026-03-23,Received,253.39
PO004307,SUP07,ST002,2026-02-24,2026-04-04,2026-04-04,Received,352.90
PO004308,SUP07,ST003,2026-02-24,2026-04-04,2026-04-04,Received,802.95
PO004309,SUP01,ST005,2026-02-24,2026-04-07,2026-04-07,Received,396.80
PO004310,SUP04,ST007,2026-02-24,2026-04-20,2026-04-20,Received,582.58
PO004311,SUP02,ST009,2026-02-24,2026-03-24,2026-03-24,Received,621.10
PO004312,SUP04,ST012,2026-02-24,2026-04-20,2026-04-20,Partially received,792.52
PO004313,SUP01,ST014,2026-02-24,2026-04-07,2026-04-07,Partially received,426.63
PO004314,SUP06,ST014,2026-02-24,2026-04-13,2026-04-13,Received,866.51
PO004315,SUP07,ST015,2026-02-24,2026-04-04,2026-04-04,Received,986.59
PO004316,SUP02,ST002,2026-02-25,2026-03-25,2026-03-25,Partially received,519.57
PO004317,SUP03,ST002,2026-02-25,2026-03-13,2026-03-13,Received,893.34
PO004318,SUP06,ST004,2026-02-25,2026-04-14,2026-04-14,Received,1236.98
PO004319,SUP03,ST005,2026-02-25,2026-03-13,2026-03-13,Received,827.79
PO004320,SUP01,ST006,2026-02-25,2026-04-08,2026-04-08,Partially received,591.79
PO004321,SUP04,ST008,2026-02-25,2026-04-21,2026-05-12,Received,588.87
PO004322,SUP04,ST010,2026-02-25,2026-04-21,2026-04-21,Partially received,1286.82
PO004323,SUP01,ST011,2026-02-25,2026-04-08,2026-04-08,Received,1219.73
PO004324,SUP04,ST011,2026-02-25,2026-04-21,2026-04-21,Received,1343.96
PO004325,SUP02,ST014,2026-02-25,2026-03-25,2026-03-29,Received,228.88
PO004326,SUP06,ST015,2026-02-25,2026-04-14,2026-04-14,Received,453.77
PO004327,SUP03,ST016,2026-02-25,2026-03-13,2026-03-13,Received,1204.10
PO004328,SUP04,ST018,2026-02-25,2026-04-21,2026-05-12,Partially received,2017.76
PO004329,SUP06,ST900,2026-02-25,2026-04-14,2026-04-14,Partially received,2146.04
PO004330,SUP01,ST001,2026-02-26,2026-04-09,2026-04-09,Received,967.31
PO004331,SUP02,ST003,2026-02-26,2026-03-26,2026-03-26,Received,363.18
PO004332,SUP03,ST003,2026-02-26,2026-03-14,2026-03-14,Received,682.56
PO004333,SUP01,ST004,2026-02-26,2026-04-09,2026-04-09,Received,1076.01
PO004334,SUP04,ST004,2026-02-26,2026-04-22,2026-05-09,Partially received,2966.71
PO004335,SUP05,ST005,2026-02-26,2026-04-01,2026-04-01,Received,410.23
PO004336,SUP02,ST010,2026-02-26,2026-03-26,2026-03-26,Received,408.65
PO004337,SUP05,ST013,2026-02-26,2026-04-01,2026-04-01,Received,360.45
PO004338,SUP05,ST014,2026-02-26,2026-04-01,2026-04-01,Partially received,1058.58
PO004339,SUP06,ST018,2026-02-26,2026-04-15,2026-04-15,Partially received,845.48
PO004340,SUP02,ST001,2026-02-27,2026-03-27,2026-03-27,Received,966.55
PO004341,SUP05,ST002,2026-02-27,2026-04-02,2026-04-02,Received,426.84
PO004342,SUP07,ST004,2026-02-27,2026-04-07,2026-04-07,Received,1342.07
PO004343,SUP05,ST006,2026-02-27,2026-04-02,2026-04-02,Received,425.00
PO004344,SUP01,ST008,2026-02-27,2026-04-10,2026-04-10,Received,590.66
PO004345,SUP07,ST008,2026-02-27,2026-04-07,2026-04-07,Received,417.36
PO004346,SUP01,ST010,2026-02-27,2026-04-10,2026-04-10,Received,321.69
PO004347,SUP02,ST012,2026-02-27,2026-03-27,2026-03-27,Partially received,648.38
PO004348,SUP03,ST013,2026-02-27,2026-03-15,2026-03-15,Received,589.34
PO004349,SUP04,ST014,2026-02-27,2026-04-23,2026-04-23,Partially received,1419.17
PO004350,SUP01,ST015,2026-02-27,2026-04-10,2026-04-10,Partially received,515.53
PO004351,SUP03,ST015,2026-02-27,2026-03-15,2026-03-15,Received,497.44
PO004352,SUP07,ST016,2026-02-27,2026-04-07,2026-04-07,Received,389.11
PO004353,SUP05,ST017,2026-02-27,2026-04-02,2026-04-02,Received,293.09
PO004354,SUP07,ST018,2026-02-27,2026-04-07,2026-04-07,Received,443.03
PO004355,SUP04,ST900,2026-02-27,2026-04-23,2026-04-23,Partially received,2964.96
PO004356,SUP05,ST001,2026-02-28,2026-04-03,2026-04-03,Received,1018.90
PO004357,SUP06,ST002,2026-02-28,2026-04-17,2026-04-17,Partially received,805.79
PO004358,SUP07,ST006,2026-02-28,2026-04-08,2026-04-08,Received,450.39
PO004359,SUP02,ST007,2026-02-28,2026-03-28,2026-03-28,Received,356.41
PO004360,SUP06,ST008,2026-02-28,2026-04-17,2026-04-17,Received,1003.89
PO004361,SUP03,ST014,2026-02-28,2026-03-16,2026-03-16,Received,628.15
PO004362,SUP01,ST900,2026-02-28,2026-04-11,2026-04-11,Received,1214.85
PO004363,SUP01,ST003,2026-03-01,2026-04-12,2026-04-12,Received,1918.71
PO004364,SUP06,ST010,2026-03-01,2026-04-18,2026-04-18,Partially received,1883.97
PO004365,SUP06,ST012,2026-03-01,2026-04-18,2026-04-18,Partially received,982.62
PO004366,SUP04,ST013,2026-03-01,2026-04-25,2026-05-10,Partially received,2529.34
PO004367,SUP06,ST013,2026-03-01,2026-04-18,2026-04-18,Received,1482.37
PO004368,SUP02,ST016,2026-03-01,2026-03-29,2026-03-29,Partially received,1120.54
PO004369,SUP05,ST016,2026-03-01,2026-04-04,2026-04-04,Received,1538.12
PO004370,SUP02,ST900,2026-03-01,2026-03-29,2026-03-29,Received,1764.52
PO004371,SUP04,ST001,2026-03-02,2026-04-26,2026-04-26,Partially received,3355.28
PO004372,SUP02,ST004,2026-03-02,2026-03-30,2026-03-30,Received,759.79
PO004373,SUP02,ST005,2026-03-02,2026-03-30,2026-03-30,Partially received,704.40
PO004374,SUP02,ST006,2026-03-02,2026-03-30,2026-03-30,Received,979.64
PO004375,SUP05,ST008,2026-03-02,2026-04-05,2026-04-05,Partially received,1100.74
PO004376,SUP03,ST011,2026-03-02,2026-03-18,2026-03-18,Received,1029.42
PO004377,SUP06,ST016,2026-03-02,2026-04-19,2026-04-19,Received,1821.42
PO004378,SUP03,ST017,2026-03-02,2026-03-18,2026-03-18,Received,933.91
PO004379,SUP03,ST900,2026-03-02,2026-03-18,2026-03-18,Received,2151.95
PO004380,SUP07,ST900,2026-03-02,2026-04-10,2026-04-10,Received,1452.31
PO004381,SUP04,ST002,2026-03-03,2026-04-27,2026-04-27,Partially received,2364.73
PO004382,SUP06,ST003,2026-03-03,2026-04-20,2026-04-27,Partially received,1148.20
PO004383,SUP06,ST005,2026-03-03,2026-04-20,2026-04-20,Partially received,416.15
PO004384,SUP01,ST009,2026-03-03,2026-04-14,2026-04-14,Partially received,553.77
PO004385,SUP05,ST012,2026-03-03,2026-04-06,2026-04-06,Partially received,1306.73
PO004386,SUP04,ST015,2026-03-03,2026-04-27,2026-05-15,Partially received,2028.02
PO004387,SUP04,ST016,2026-03-03,2026-04-27,2026-05-12,Partially received,1562.08
PO004388,SUP01,ST017,2026-03-03,2026-04-14,2026-04-14,Received,805.52
PO004389,SUP07,ST017,2026-03-03,2026-04-11,2026-04-11,Partially received,1020.19
PO004390,SUP01,ST018,2026-03-03,2026-04-14,2026-04-18,Received,1050.34
PO004391,SUP03,ST001,2026-03-04,2026-03-20,2026-03-20,Received,1113.00
PO004392,SUP05,ST003,2026-03-04,2026-04-07,2026-04-07,Received,553.30
PO004393,SUP04,ST005,2026-03-04,2026-04-28,2026-04-28,Partially received,1256.24
PO004394,SUP04,ST006,2026-03-04,2026-04-28,2026-05-06,Partially received,1719.49
PO004395,SUP01,ST007,2026-03-04,2026-04-15,2026-04-15,Partially received,787.50
PO004396,SUP03,ST007,2026-03-04,2026-03-20,2026-03-20,Received,1330.65
PO004397,SUP02,ST008,2026-03-04,2026-04-01,2026-04-01,Partially received,647.00
PO004398,SUP06,ST009,2026-03-04,2026-04-21,2026-04-30,Received,820.21
PO004399,SUP05,ST011,2026-03-04,2026-04-07,2026-04-07,Partially received,1964.59
PO004400,SUP07,ST012,2026-03-04,2026-04-12,2026-04-22,Received,884.49
PO004401,SUP02,ST013,2026-03-04,2026-04-01,2026-04-01,Received,894.75
PO004402,SUP01,ST016,2026-03-04,2026-04-15,2026-04-15,Partially received,1033.52
PO004403,SUP05,ST018,2026-03-04,2026-04-07,2026-04-07,Received,1140.71
PO004404,SUP03,ST006,2026-03-05,2026-03-21,2026-03-21,Received,588.73
PO004405,SUP07,ST007,2026-03-05,2026-04-13,2026-04-13,Received,648.32
PO004406,SUP02,ST015,2026-03-05,2026-04-02,2026-04-02,Partially received,1465.60
PO004407,SUP04,ST017,2026-03-05,2026-04-29,2026-04-29,Partially received,1891.44
PO004408,SUP07,ST001,2026-03-06,2026-04-14,2026-04-14,Partially received,2701.00
PO004409,SUP04,ST003,2026-03-06,2026-04-30,2026-04-30,Partially received,3317.34
PO004410,SUP03,ST004,2026-03-06,2026-03-22,2026-03-22,Received,2893.20
PO004411,SUP05,ST004,2026-03-06,2026-04-09,2026-04-13,Received,2487.12
PO004412,SUP06,ST011,2026-03-06,2026-04-23,2026-04-23,Received,664.56
PO004413,SUP03,ST012,2026-03-06,2026-03-22,2026-03-22,Partially received,636.30
PO004414,SUP05,ST015,2026-03-06,2026-04-09,2026-04-09,Partially received,1789.78
PO004415,SUP02,ST018,2026-03-06,2026-04-03,2026-04-03,Partially received,1045.22
PO004416,SUP01,ST002,2026-03-07,2026-04-18,2026-04-18,Received,1054.02
PO004417,SUP07,ST005,2026-03-07,2026-04-15,2026-04-15,Received,1269.00
PO004418,SUP06,ST007,2026-03-07,2026-04-24,2026-04-24,Received,884.15
PO004419,SUP03,ST008,2026-03-07,2026-03-23,2026-03-23,Received,926.84
PO004420,SUP03,ST010,2026-03-07,2026-03-23,2026-03-23,Partially received,1013.75
PO004421,SUP07,ST010,2026-03-07,2026-04-15,2026-04-15,Partially received,1619.67
PO004422,SUP02,ST011,2026-03-07,2026-04-04,2026-04-04,Received,1475.80
PO004423,SUP01,ST012,2026-03-07,2026-04-18,2026-04-18,Received,1171.71
PO004424,SUP07,ST013,2026-03-07,2026-04-15,2026-04-23,Partially received,1102.89
PO004425,SUP07,ST014,2026-03-07,2026-04-15,2026-04-22,Received,1085.99
PO004426,SUP06,ST017,2026-03-07,2026-04-24,2026-04-24,Partially received,685.21
PO004427,SUP03,ST018,2026-03-07,2026-03-23,2026-03-23,Received,1095.48
PO004428,SUP05,ST900,2026-03-07,2026-04-10,2026-04-10,Partially received,1797.93
PO004429,SUP05,ST009,2026-03-08,2026-04-11,2026-04-11,Partially received,776.58
PO004430,SUP07,ST009,2026-03-08,2026-04-16,2026-04-16,Received,520.04
PO004431,SUP07,ST011,2026-03-08,2026-04-16,2026-04-16,Partially received,1872.79
PO004432,SUP06,ST001,2026-03-09,2026-04-26,2026-04-26,Partially received,1839.03
PO004433,SUP06,ST006,2026-03-09,2026-04-26,2026-04-26,Partially received,1953.67
PO004434,SUP05,ST007,2026-03-09,2026-04-12,2026-04-12,Partially received,1542.37
PO004435,SUP03,ST009,2026-03-09,2026-03-25,2026-03-25,Received,412.64
PO004436,SUP04,ST009,2026-03-09,2026-05-03,2026-05-03,Partially received,2055.79
PO004437,SUP05,ST010,2026-03-09,2026-04-12,2026-04-12,Received,1917.24
PO004438,SUP01,ST013,2026-03-09,2026-04-20,2026-04-20,Partially received,2196.05
PO004439,SUP02,ST017,2026-03-09,2026-04-06,2026-04-06,Partially received,1421.00
PO004440,SUP07,ST002,2026-03-10,2026-04-18,2026-04-18,Received,964.54
PO004441,SUP07,ST003,2026-03-10,2026-04-18,2026-04-21,Partially received,1129.88
PO004442,SUP01,ST005,2026-03-10,2026-04-21,2026-04-21,Received,1562.81
PO004443,SUP04,ST007,2026-03-10,2026-05-04,2026-05-04,Partially received,2047.91
PO004444,SUP02,ST009,2026-03-10,2026-04-07,2026-04-07,Partially received,327.86
PO004445,SUP04,ST012,2026-03-10,2026-05-04,2026-05-15,Partially received,3075.93
PO004446,SUP01,ST014,2026-03-10,2026-04-21,2026-04-21,Received,926.82
PO004447,SUP06,ST014,2026-03-10,2026-04-27,2026-04-27,Received,439.27
PO004448,SUP07,ST015,2026-03-10,2026-04-18,2026-04-18,Partially received,1887.06
PO004449,SUP02,ST002,2026-03-11,2026-04-08,2026-04-08,Received,892.97
PO004450,SUP03,ST002,2026-03-11,2026-03-27,2026-03-27,Received,707.36
PO004451,SUP06,ST004,2026-03-11,2026-04-28,2026-05-05,Received,1204.44
PO004452,SUP03,ST005,2026-03-11,2026-03-27,2026-03-27,Received,841.94
PO004453,SUP01,ST006,2026-03-11,2026-04-22,2026-04-22,Received,1659.13
PO004454,SUP04,ST008,2026-03-11,2026-05-05,2026-05-05,Partially received,3654.83
PO004455,SUP04,ST010,2026-03-11,2026-05-05,2026-05-15,Partially received,2119.33
PO004456,SUP01,ST011,2026-03-11,2026-04-22,2026-04-22,Partially received,1614.08
PO004457,SUP04,ST011,2026-03-11,2026-05-05,2026-05-13,Partially received,5103.46
PO004458,SUP02,ST014,2026-03-11,2026-04-08,2026-04-08,Received,754.91
PO004459,SUP06,ST015,2026-03-11,2026-04-28,2026-05-03,Partially received,1545.12
PO004460,SUP03,ST016,2026-03-11,2026-03-27,2026-03-27,Received,900.73
PO004461,SUP04,ST018,2026-03-11,2026-05-05,2026-05-17,Partially received,747.32
PO004462,SUP06,ST900,2026-03-11,2026-04-28,2026-04-28,Partially received,2682.05
PO004463,SUP01,ST001,2026-03-12,2026-04-23,2026-04-23,Partially received,1738.87
PO004464,SUP02,ST003,2026-03-12,2026-04-09,2026-04-09,Received,484.57
PO004465,SUP03,ST003,2026-03-12,2026-03-28,2026-03-28,Received,1542.82
PO004466,SUP01,ST004,2026-03-12,2026-04-23,2026-04-27,Received,998.45
PO004467,SUP04,ST004,2026-03-12,2026-05-06,2026-05-06,Partially received,3643.32
PO004468,SUP05,ST005,2026-03-12,2026-04-15,2026-04-15,Partially received,1552.71
PO004469,SUP02,ST010,2026-03-12,2026-04-09,2026-04-09,Received,813.39
PO004470,SUP05,ST013,2026-03-12,2026-04-15,2026-04-15,Received,1256.00
PO004471,SUP05,ST014,2026-03-12,2026-04-15,2026-04-15,Partially received,1619.45
PO004472,SUP06,ST018,2026-03-12,2026-04-29,2026-04-29,Received,581.96
PO004473,SUP02,ST001,2026-03-13,2026-04-10,2026-04-10,Received,1709.49
PO004474,SUP05,ST002,2026-03-13,2026-04-16,2026-04-16,Received,1484.18
PO004475,SUP07,ST004,2026-03-13,2026-04-21,2026-04-21,Partially received,1801.52
PO004476,SUP05,ST006,2026-03-13,2026-04-16,2026-04-16,Partially received,1005.13
PO004477,SUP01,ST008,2026-03-13,2026-04-24,2026-04-24,Partially received,660.60
PO004478,SUP07,ST008,2026-03-13,2026-04-21,2026-04-21,Partially received,1249.69
PO004479,SUP01,ST010,2026-03-13,2026-04-24,2026-04-24,Received,1068.30
PO004480,SUP02,ST012,2026-03-13,2026-04-10,2026-04-10,Received,1398.55
PO004481,SUP03,ST013,2026-03-13,2026-03-29,2026-03-29,Partially received,1186.61
PO004482,SUP04,ST014,2026-03-13,2026-05-07,2026-05-07,Partially received,886.79
PO004483,SUP01,ST015,2026-03-13,2026-04-24,2026-04-24,Partially received,2098.96
PO004484,SUP03,ST015,2026-03-13,2026-03-29,2026-03-29,Received,1161.00
PO004485,SUP07,ST016,2026-03-13,2026-04-21,2026-04-29,Partially received,1238.27
PO004486,SUP05,ST017,2026-03-13,2026-04-16,2026-04-16,Partially received,971.97
PO004487,SUP07,ST018,2026-03-13,2026-04-21,2026-04-21,Partially received,793.66
PO004488,SUP04,ST900,2026-03-13,2026-05-07,2026-05-27,Partially received,3742.43
PO004489,SUP05,ST001,2026-03-14,2026-04-17,2026-04-17,Received,2337.80
PO004490,SUP06,ST002,2026-03-14,2026-05-01,2026-05-08,Partially received,1097.43
PO004491,SUP07,ST006,2026-03-14,2026-04-22,2026-04-22,Received,742.24
PO004492,SUP02,ST007,2026-03-14,2026-04-11,2026-04-11,Received,1563.93
PO004493,SUP06,ST008,2026-03-14,2026-05-01,2026-05-01,Partially received,1397.80
PO004494,SUP03,ST014,2026-03-14,2026-03-30,2026-03-30,Received,991.50
PO004495,SUP01,ST900,2026-03-14,2026-04-25,2026-04-25,Received,2329.12
PO004496,SUP01,ST003,2026-03-15,2026-04-26,2026-04-26,Partially received,321.69
PO004497,SUP06,ST010,2026-03-15,2026-05-02,2026-05-02,Received,538.61
PO004498,SUP06,ST012,2026-03-15,2026-05-02,2026-05-02,Partially received,376.75
PO004499,SUP04,ST013,2026-03-15,2026-05-09,2026-05-20,Partially received,1166.04
PO004500,SUP06,ST013,2026-03-15,2026-05-02,2026-05-02,Received,363.17
PO004501,SUP02,ST016,2026-03-15,2026-04-12,2026-04-12,Received,328.89
PO004502,SUP05,ST016,2026-03-15,2026-04-18,2026-04-18,Received,199.89
PO004503,SUP02,ST900,2026-03-15,2026-04-12,2026-04-12,Partially received,1964.47
PO004504,SUP04,ST001,2026-03-16,2026-05-10,2026-05-10,Partially received,1938.48
PO004505,SUP02,ST004,2026-03-16,2026-04-13,2026-04-15,Received,582.86
PO004506,SUP02,ST005,2026-03-16,2026-04-13,2026-04-13,Received,443.62
PO004507,SUP02,ST006,2026-03-16,2026-04-13,2026-04-13,Received,546.50
PO004508,SUP05,ST008,2026-03-16,2026-04-19,2026-04-19,Received,765.86
PO004509,SUP03,ST011,2026-03-16,2026-04-01,2026-04-01,Received,1393.92
PO004510,SUP06,ST016,2026-03-16,2026-05-03,2026-05-03,Received,251.05
PO004511,SUP03,ST017,2026-03-16,2026-04-01,2026-04-01,Received,426.24
PO004512,SUP03,ST900,2026-03-16,2026-04-01,2026-04-01,Received,3021.34
PO004513,SUP07,ST900,2026-03-16,2026-04-24,2026-04-24,Received,2100.00
PO004514,SUP04,ST002,2026-03-17,2026-05-11,2026-05-30,Partially received,1656.54
PO004515,SUP06,ST003,2026-03-17,2026-05-04,2026-05-10,Received,368.28
PO004516,SUP06,ST005,2026-03-17,2026-05-04,2026-05-04,Partially received,856.96
PO004517,SUP01,ST009,2026-03-17,2026-04-28,2026-04-28,Received,347.75
PO004518,SUP05,ST012,2026-03-17,2026-04-20,2026-04-20,Received,584.87
PO004519,SUP04,ST015,2026-03-17,2026-05-11,2026-05-26,Partially received,2406.49
PO004520,SUP04,ST016,2026-03-17,2026-05-11,2026-05-31,Partially received,359.21
PO004521,SUP01,ST017,2026-03-17,2026-04-28,2026-04-28,Received,957.19
PO004522,SUP07,ST017,2026-03-17,2026-04-25,2026-04-25,Received,479.93
PO004523,SUP01,ST018,2026-03-17,2026-04-28,2026-04-28,Received,1057.95
PO004524,SUP03,ST001,2026-03-18,2026-04-03,2026-04-03,Received,2557.56
PO004525,SUP05,ST003,2026-03-18,2026-04-21,2026-04-21,Received,107.72
PO004526,SUP04,ST005,2026-03-18,2026-05-12,2026-05-12,Partially received,1376.71
PO004527,SUP04,ST006,2026-03-18,2026-05-12,2026-05-28,Partially received,2492.57
PO004528,SUP01,ST007,2026-03-18,2026-04-29,2026-04-29,Received,506.77
PO004529,SUP03,ST007,2026-03-18,2026-04-03,2026-04-03,Partially received,686.29
PO004530,SUP02,ST008,2026-03-18,2026-04-15,2026-04-15,Received,331.24
PO004531,SUP06,ST009,2026-03-18,2026-05-05,2026-05-15,Received,560.81
PO004532,SUP05,ST011,2026-03-18,2026-04-21,2026-04-21,Received,1107.55
PO004533,SUP07,ST012,2026-03-18,2026-04-26,2026-04-26,Received,1110.51
PO004534,SUP02,ST013,2026-03-18,2026-04-15,2026-04-15,Received,455.04
PO004535,SUP01,ST016,2026-03-18,2026-04-29,2026-04-29,Received,596.37
PO004536,SUP05,ST018,2026-03-18,2026-04-21,2026-04-21,Received,985.68
PO004537,SUP03,ST006,2026-03-19,2026-04-04,2026-04-04,Received,1539.40
PO004538,SUP07,ST007,2026-03-19,2026-04-27,2026-04-27,Received,966.27
PO004539,SUP02,ST015,2026-03-19,2026-04-16,2026-04-16,Partially received,1009.70
PO004540,SUP04,ST017,2026-03-19,2026-05-13,2026-05-31,Received,632.68
PO004541,SUP07,ST001,2026-03-20,2026-04-28,2026-04-28,Received,1353.24
PO004542,SUP04,ST003,2026-03-20,2026-05-14,2026-05-14,Partially received,1495.86
PO004543,SUP03,ST004,2026-03-20,2026-04-05,2026-04-05,Received,431.62
PO004544,SUP05,ST004,2026-03-20,2026-04-23,2026-04-23,Partially received,970.13
PO004545,SUP06,ST011,2026-03-20,2026-05-07,2026-05-07,Partially received,935.79
PO004546,SUP03,ST012,2026-03-20,2026-04-05,2026-04-05,Received,793.92
PO004547,SUP05,ST015,2026-03-20,2026-04-23,2026-04-23,Received,1118.01
PO004548,SUP02,ST018,2026-03-20,2026-04-17,2026-04-17,Received,712.62
PO004549,SUP01,ST002,2026-03-21,2026-05-02,2026-05-02,Received,470.69
PO004550,SUP07,ST005,2026-03-21,2026-04-29,2026-04-29,Received,449.98
PO004551,SUP06,ST007,2026-03-21,2026-05-08,2026-05-08,Partially received,847.79
PO004552,SUP03,ST008,2026-03-21,2026-04-06,2026-04-06,Received,730.57
PO004553,SUP03,ST010,2026-03-21,2026-04-06,2026-04-06,Received,1232.13
PO004554,SUP07,ST010,2026-03-21,2026-04-29,2026-04-29,Received,772.16
PO004555,SUP02,ST011,2026-03-21,2026-04-18,2026-04-18,Received,264.74
PO004556,SUP01,ST012,2026-03-21,2026-05-02,2026-05-02,Received,471.82
PO004557,SUP07,ST013,2026-03-21,2026-04-29,2026-04-29,Received,370.99
PO004558,SUP07,ST014,2026-03-21,2026-04-29,2026-04-29,Received,354.03
PO004559,SUP06,ST017,2026-03-21,2026-05-08,2026-05-08,Received,684.71
PO004560,SUP03,ST018,2026-03-21,2026-04-06,2026-04-06,Received,1010.04
PO004561,SUP05,ST900,2026-03-21,2026-04-24,2026-04-24,Partially received,2646.99
PO004562,SUP05,ST009,2026-03-22,2026-04-25,2026-04-25,Received,749.24
PO004563,SUP07,ST009,2026-03-22,2026-04-30,2026-04-30,Partially received,862.85
PO004564,SUP07,ST011,2026-03-22,2026-04-30,2026-04-30,Received,1581.74
PO004565,SUP06,ST001,2026-03-23,2026-05-10,2026-05-18,Received,1327.67
PO004566,SUP06,ST006,2026-03-23,2026-05-10,2026-05-10,Partially received,1314.64
PO004567,SUP05,ST007,2026-03-23,2026-04-26,2026-04-26,Received,444.50
PO004568,SUP03,ST009,2026-03-23,2026-04-08,2026-04-08,Partially received,544.85
PO004569,SUP04,ST009,2026-03-23,2026-05-17,2026-05-17,Partially received,1189.15
PO004570,SUP05,ST010,2026-03-23,2026-04-26,2026-04-26,Received,556.91
PO004571,SUP01,ST013,2026-03-23,2026-05-04,2026-05-04,Received,368.67
PO004572,SUP02,ST017,2026-03-23,2026-04-20,2026-04-20,Received,197.40
PO004573,SUP07,ST002,2026-03-24,2026-05-02,2026-05-02,Received,1139.44
PO004574,SUP07,ST003,2026-03-24,2026-05-02,2026-05-02,Partially received,811.22
PO004575,SUP01,ST005,2026-03-24,2026-05-05,2026-05-05,Partially received,1068.34
PO004576,SUP04,ST007,2026-03-24,2026-05-18,2026-05-31,Partially received,1586.99
PO004577,SUP04,ST012,2026-03-24,2026-05-18,2026-05-18,Partially received,1732.31
PO004578,SUP01,ST014,2026-03-24,2026-05-05,2026-05-05,Partially received,1856.00
PO004579,SUP06,ST014,2026-03-24,2026-05-11,2026-05-11,Received,311.98
PO004580,SUP07,ST015,2026-03-24,2026-05-02,2026-05-02,Partially received,1672.34
PO004581,SUP02,ST002,2026-03-25,2026-04-22,2026-04-22,Received,919.12
PO004582,SUP03,ST002,2026-03-25,2026-04-10,2026-04-10,Received,365.39
PO004583,SUP06,ST004,2026-03-25,2026-05-12,2026-05-12,Partially received,963.36
PO004584,SUP03,ST005,2026-03-25,2026-04-10,2026-04-10,Received,772.34
PO004585,SUP01,ST006,2026-03-25,2026-05-06,2026-05-14,Partially received,1277.45
PO004586,SUP04,ST008,2026-03-25,2026-05-19,2026-05-27,Partially received,1566.26
PO004587,SUP04,ST010,2026-03-25,2026-05-19,2026-06-04,Partially received,1288.10
PO004588,SUP01,ST011,2026-03-25,2026-05-06,2026-05-06,Received,968.21
PO004589,SUP04,ST011,2026-03-25,2026-05-19,2026-06-01,Partially received,3984.80
PO004590,SUP02,ST014,2026-03-25,2026-04-22,2026-04-22,Received,221.84
PO004591,SUP06,ST015,2026-03-25,2026-05-12,2026-05-12,Partially received,586.67
PO004592,SUP03,ST016,2026-03-25,2026-04-10,2026-04-10,Received,1552.73
PO004593,SUP04,ST018,2026-03-25,2026-05-19,2026-06-01,Partially received,2064.20
PO004594,SUP06,ST900,2026-03-25,2026-05-12,2026-05-12,Received,2097.62
PO004595,SUP01,ST001,2026-03-26,2026-05-07,2026-05-07,Received,1008.57
PO004596,SUP02,ST003,2026-03-26,2026-04-23,2026-04-23,Received,579.72
PO004597,SUP03,ST003,2026-03-26,2026-04-11,2026-04-11,Received,707.19
PO004598,SUP01,ST004,2026-03-26,2026-05-07,2026-05-07,Partially received,1713.19
PO004599,SUP04,ST004,2026-03-26,2026-05-20,2026-06-03,Partially received,1680.16
PO004600,SUP05,ST005,2026-03-26,2026-04-29,2026-05-04,Received,1002.60
PO004601,SUP02,ST010,2026-03-26,2026-04-23,2026-04-23,Received,771.02
PO004602,SUP05,ST013,2026-03-26,2026-04-29,2026-04-29,Received,777.19
PO004603,SUP05,ST014,2026-03-26,2026-04-29,2026-04-29,Received,374.53
PO004604,SUP06,ST018,2026-03-26,2026-05-13,2026-05-13,Received,978.88
PO004605,SUP02,ST001,2026-03-27,2026-04-24,2026-04-24,Received,1010.10
PO004606,SUP05,ST002,2026-03-27,2026-04-30,2026-04-30,Received,237.08
PO004607,SUP07,ST004,2026-03-27,2026-05-05,2026-05-09,Received,999.64
PO004608,SUP05,ST006,2026-03-27,2026-04-30,2026-04-30,Received,536.76
PO004609,SUP01,ST008,2026-03-27,2026-05-08,2026-05-08,Received,800.75
PO004610,SUP07,ST008,2026-03-27,2026-05-05,2026-05-05,Received,307.83
PO004611,SUP01,ST010,2026-03-27,2026-05-08,2026-05-08,Received,740.74
PO004612,SUP02,ST012,2026-03-27,2026-04-24,2026-04-24,Received,734.40
PO004613,SUP03,ST013,2026-03-27,2026-04-12,2026-04-13,Partially received,504.97
PO004614,SUP04,ST014,2026-03-27,2026-05-21,2026-05-21,Partially received,2330.91
PO004615,SUP01,ST015,2026-03-27,2026-05-08,2026-05-08,Partially received,680.41
PO004616,SUP03,ST015,2026-03-27,2026-04-12,2026-04-12,Received,811.56
PO004617,SUP07,ST016,2026-03-27,2026-05-05,2026-05-05,Received,647.48
PO004618,SUP05,ST017,2026-03-27,2026-04-30,2026-04-30,Received,615.75
PO004619,SUP07,ST018,2026-03-27,2026-05-05,2026-05-05,Partially received,1203.15
PO004620,SUP04,ST900,2026-03-27,2026-05-21,2026-05-31,Partially received,3725.92
PO004621,SUP05,ST001,2026-03-28,2026-05-01,2026-05-01,Received,1888.03
PO004622,SUP06,ST002,2026-03-28,2026-05-15,2026-05-15,Received,771.66
PO004623,SUP07,ST006,2026-03-28,2026-05-06,2026-05-06,Received,767.48
PO004624,SUP02,ST007,2026-03-28,2026-04-25,2026-04-29,Received,307.95
PO004625,SUP06,ST008,2026-03-28,2026-05-15,2026-05-15,Partially received,849.44
PO004626,SUP03,ST014,2026-03-28,2026-04-13,2026-04-13,Received,1361.75
PO004627,SUP01,ST900,2026-03-28,2026-05-09,2026-05-09,Partially received,2857.53
PO004628,SUP01,ST003,2026-03-29,2026-05-10,2026-05-10,Received,447.68
PO004629,SUP06,ST010,2026-03-29,2026-05-16,2026-05-25,Received,511.87
PO004630,SUP06,ST012,2026-03-29,2026-05-16,2026-05-16,Partially received,766.42
PO004631,SUP04,ST013,2026-03-29,2026-05-23,2026-05-23,Partially received,1448.94
PO004632,SUP06,ST013,2026-03-29,2026-05-16,2026-05-16,Received,218.02
PO004633,SUP02,ST016,2026-03-29,2026-04-26,2026-04-26,Received,699.60
PO004634,SUP05,ST016,2026-03-29,2026-05-02,2026-05-05,Received,366.96
PO004635,SUP02,ST900,2026-03-29,2026-04-26,2026-04-26,Received,1061.15
PO004636,SUP04,ST001,2026-03-30,2026-05-24,2026-06-12,Partially received,4365.55
PO004637,SUP02,ST004,2026-03-30,2026-04-27,2026-04-27,Partially received,366.66
PO004638,SUP02,ST005,2026-03-30,2026-04-27,2026-04-27,Received,619.45
PO004639,SUP02,ST006,2026-03-30,2026-04-27,2026-04-27,Received,537.09
PO004640,SUP05,ST008,2026-03-30,2026-05-03,2026-05-03,Received,695.15
PO004641,SUP03,ST011,2026-03-30,2026-04-15,2026-04-15,Received,2994.15
PO004642,SUP06,ST016,2026-03-30,2026-05-17,2026-05-25,Received,770.50
PO004643,SUP03,ST017,2026-03-30,2026-04-15,2026-04-15,Received,799.63
PO004644,SUP03,ST900,2026-03-30,2026-04-15,2026-04-15,Received,2859.05
PO004645,SUP07,ST900,2026-03-30,2026-05-08,2026-05-08,Received,2134.67
PO004646,SUP04,ST002,2026-03-31,2026-05-25,2026-05-25,Partially received,2029.86
PO004647,SUP06,ST003,2026-03-31,2026-05-18,2026-05-18,Received,809.09
PO004648,SUP06,ST005,2026-03-31,2026-05-18,2026-05-18,Received,161.72
PO004649,SUP01,ST009,2026-03-31,2026-05-12,2026-05-12,Received,394.97
PO004650,SUP05,ST012,2026-03-31,2026-05-04,2026-05-04,Received,1128.25
PO004651,SUP04,ST015,2026-03-31,2026-05-25,2026-06-12,Partially received,1361.91
PO004652,SUP04,ST016,2026-03-31,2026-05-25,2026-05-25,Partially received,1470.02
PO004653,SUP01,ST017,2026-03-31,2026-05-12,2026-05-12,Received,416.02
PO004654,SUP07,ST017,2026-03-31,2026-05-09,2026-05-09,Received,864.70
PO004655,SUP01,ST018,2026-03-31,2026-05-12,2026-05-12,Received,994.44
PO004656,SUP03,ST001,2026-04-01,2026-04-17,2026-04-17,Received,2199.67
PO004657,SUP05,ST003,2026-04-01,2026-05-05,2026-05-05,Received,999.13
PO004658,SUP04,ST005,2026-04-01,2026-05-26,2026-05-26,Partially received,1110.97
PO004659,SUP04,ST006,2026-04-01,2026-05-26,2026-06-10,Partially received,3407.78
PO004660,SUP01,ST007,2026-04-01,2026-05-13,2026-05-13,Received,622.47
PO004661,SUP03,ST007,2026-04-01,2026-04-17,2026-04-17,Received,1507.93
PO004662,SUP02,ST008,2026-04-01,2026-04-29,2026-04-29,Partially received,628.69
PO004663,SUP06,ST009,2026-04-01,2026-05-19,2026-05-19,Received,1260.20
PO004664,SUP05,ST011,2026-04-01,2026-05-05,2026-05-05,Received,1905.53
PO004665,SUP07,ST012,2026-04-01,2026-05-10,2026-05-10,Partially received,1429.65
PO004666,SUP02,ST013,2026-04-01,2026-04-29,2026-04-29,Partially received,1345.08
PO004667,SUP01,ST016,2026-04-01,2026-05-13,2026-05-13,Received,933.03
PO004668,SUP05,ST018,2026-04-01,2026-05-05,2026-05-08,Partially received,1105.98
PO004669,SUP03,ST006,2026-04-02,2026-04-18,2026-04-18,Received,1087.91
PO004670,SUP07,ST007,2026-04-02,2026-05-11,2026-05-11,Received,1003.53
PO004671,SUP02,ST015,2026-04-02,2026-04-30,2026-04-30,Received,1333.17
PO004672,SUP04,ST017,2026-04-02,2026-05-27,2026-05-27,Partially received,3067.61
PO004673,SUP07,ST001,2026-04-03,2026-05-12,2026-05-12,Partially received,2976.67
PO004674,SUP04,ST003,2026-04-03,2026-05-28,2026-06-13,Partially received,932.12
PO004675,SUP03,ST004,2026-04-03,2026-04-19,2026-04-19,Partially received,1641.23
PO004676,SUP05,ST004,2026-04-03,2026-05-07,2026-05-07,Partially received,1192.77
PO004677,SUP06,ST011,2026-04-03,2026-05-21,2026-05-21,Partially received,2153.04
PO004678,SUP03,ST012,2026-04-03,2026-04-19,2026-04-19,Partially received,676.83
PO004679,SUP05,ST015,2026-04-03,2026-05-07,2026-05-13,Received,1493.92
PO004680,SUP02,ST018,2026-04-03,2026-05-01,2026-05-01,Received,1086.15
PO004681,SUP01,ST002,2026-04-04,2026-05-16,2026-05-16,Received,1153.25
PO004682,SUP07,ST005,2026-04-04,2026-05-13,2026-05-13,Received,1171.39
PO004683,SUP06,ST007,2026-04-04,2026-05-22,2026-05-22,Received,1469.21
PO004684,SUP03,ST008,2026-04-04,2026-04-20,2026-04-20,Partially received,757.37
PO004685,SUP03,ST010,2026-04-04,2026-04-20,2026-04-20,Partially received,857.42
PO004686,SUP07,ST010,2026-04-04,2026-05-13,2026-05-13,Received,1369.86
PO004687,SUP02,ST011,2026-04-04,2026-05-02,2026-05-02,Received,2407.91
PO004688,SUP01,ST012,2026-04-04,2026-05-16,2026-05-16,Received,881.24
PO004689,SUP07,ST013,2026-04-04,2026-05-13,2026-05-13,Received,1389.22
PO004690,SUP07,ST014,2026-04-04,2026-05-13,2026-05-13,Partially received,1057.68
PO004691,SUP06,ST017,2026-04-04,2026-05-22,2026-06-02,Received,1445.47
PO004692,SUP03,ST018,2026-04-04,2026-04-20,2026-04-20,Received,795.17
PO004693,SUP05,ST900,2026-04-04,2026-05-08,2026-05-08,Received,3266.29
PO004694,SUP05,ST009,2026-04-05,2026-05-09,2026-05-09,Received,761.63
PO004695,SUP07,ST009,2026-04-05,2026-05-14,2026-05-14,Partially received,1132.97
PO004696,SUP07,ST011,2026-04-05,2026-05-14,2026-05-17,Partially received,1127.31
PO004697,SUP06,ST001,2026-04-06,2026-05-24,2026-05-24,Partially received,2125.12
PO004698,SUP06,ST006,2026-04-06,2026-05-24,2026-06-02,Partially received,1507.10
PO004699,SUP05,ST007,2026-04-06,2026-05-10,2026-05-10,Received,1905.40
PO004700,SUP03,ST009,2026-04-06,2026-04-22,2026-04-22,Received,1824.80
PO004701,SUP04,ST009,2026-04-06,2026-05-31,2026-05-31,Partially received,3533.61
PO004702,SUP05,ST010,2026-04-06,2026-05-10,2026-05-14,Received,789.43
PO004703,SUP01,ST013,2026-04-06,2026-05-18,2026-05-18,Received,727.00
PO004704,SUP02,ST017,2026-04-06,2026-05-04,2026-05-04,Received,881.13
PO004705,SUP07,ST002,2026-04-07,2026-05-16,2026-05-16,Partially received,1549.67
PO004706,SUP07,ST003,2026-04-07,2026-05-16,2026-05-16,Partially received,902.91
PO004707,SUP01,ST005,2026-04-07,2026-05-19,2026-05-19,Received,1448.43
PO004708,SUP04,ST007,2026-04-07,2026-06-01,2026-06-10,Partially received,1216.65
PO004709,SUP02,ST009,2026-04-07,2026-05-05,2026-05-05,Received,1388.51
PO004710,SUP04,ST012,2026-04-07,2026-06-01,2026-06-01,Partially received,1863.90
PO004711,SUP01,ST014,2026-04-07,2026-05-19,2026-05-19,Received,1301.81
PO004712,SUP06,ST014,2026-04-07,2026-05-25,2026-05-25,Partially received,1740.68
PO004713,SUP07,ST015,2026-04-07,2026-05-16,2026-05-16,Partially received,1584.21
PO004714,SUP02,ST002,2026-04-08,2026-05-06,2026-05-11,Partially received,969.64
PO004715,SUP03,ST002,2026-04-08,2026-04-24,2026-04-24,Received,1444.87
PO004716,SUP06,ST004,2026-04-08,2026-05-26,2026-05-26,Partially received,2301.89
PO004717,SUP03,ST005,2026-04-08,2026-04-24,2026-04-24,Received,1833.94
PO004718,SUP01,ST006,2026-04-08,2026-05-20,2026-05-20,Received,1929.02
PO004719,SUP04,ST008,2026-04-08,2026-06-02,2026-06-18,Partially received,4159.75
PO004720,SUP04,ST010,2026-04-08,2026-06-02,2026-06-13,Partially received,2927.89
PO004721,SUP01,ST011,2026-04-08,2026-05-20,2026-05-24,Received,1800.45
PO004722,SUP04,ST011,2026-04-08,2026-06-02,2026-06-02,Partially received,4098.40
PO004723,SUP02,ST014,2026-04-08,2026-05-06,2026-05-06,Received,1150.00
PO004724,SUP06,ST015,2026-04-08,2026-05-26,2026-05-26,Partially received,2162.99
PO004725,SUP03,ST016,2026-04-08,2026-04-24,2026-04-24,Partially received,1151.43
PO004726,SUP04,ST018,2026-04-08,2026-06-02,2026-06-02,Partially received,2237.08
PO004727,SUP06,ST900,2026-04-08,2026-05-26,2026-05-26,Partially received,2051.55
PO004728,SUP01,ST001,2026-04-09,2026-05-21,2026-05-28,Partially received,1874.29
PO004729,SUP02,ST003,2026-04-09,2026-05-07,2026-05-07,Received,2118.96
PO004730,SUP03,ST003,2026-04-09,2026-04-25,2026-04-25,Received,1398.17
PO004731,SUP01,ST004,2026-04-09,2026-05-21,2026-05-21,Partially received,2312.17
PO004732,SUP04,ST004,2026-04-09,2026-06-03,2026-06-16,Partially received,3393.96
PO004733,SUP05,ST005,2026-04-09,2026-05-13,2026-05-13,Received,1131.21
PO004734,SUP02,ST010,2026-04-09,2026-05-07,2026-05-07,Received,602.98
PO004735,SUP05,ST013,2026-04-09,2026-05-13,2026-05-13,Received,1320.02
PO004736,SUP05,ST014,2026-04-09,2026-05-13,2026-05-13,Received,1911.43
PO004737,SUP06,ST018,2026-04-09,2026-05-27,2026-05-27,Partially received,1788.81
PO004738,SUP02,ST001,2026-04-10,2026-05-08,2026-05-08,Partially received,2201.52
PO004739,SUP05,ST002,2026-04-10,2026-05-14,2026-05-14,Received,1498.15
PO004740,SUP07,ST004,2026-04-10,2026-05-19,2026-05-19,Received,1868.00
PO004741,SUP05,ST006,2026-04-10,2026-05-14,2026-05-17,Partially received,1494.18
PO004742,SUP01,ST008,2026-04-10,2026-05-22,2026-05-28,Received,2057.27
PO004743,SUP07,ST008,2026-04-10,2026-05-19,2026-05-26,Received,765.54
PO004744,SUP01,ST010,2026-04-10,2026-05-22,2026-05-22,Partially received,1145.06
PO004745,SUP02,ST012,2026-04-10,2026-05-08,2026-05-08,Received,933.92
PO004746,SUP03,ST013,2026-04-10,2026-04-26,2026-04-26,Received,2426.21
PO004747,SUP04,ST014,2026-04-10,2026-06-04,2026-06-04,Partially received,2324.61
PO004748,SUP01,ST015,2026-04-10,2026-05-22,2026-05-25,Received,1811.60
PO004749,SUP03,ST015,2026-04-10,2026-04-26,2026-04-26,Received,1360.55
PO004750,SUP07,ST016,2026-04-10,2026-05-19,2026-05-19,Partially received,980.64
PO004751,SUP05,ST017,2026-04-10,2026-05-14,2026-05-14,Received,1921.10
PO004752,SUP07,ST018,2026-04-10,2026-05-19,2026-05-26,Partially received,2104.85
PO004753,SUP04,ST900,2026-04-10,2026-06-04,2026-06-04,Partially received,5423.08
PO004754,SUP05,ST001,2026-04-11,2026-05-15,2026-05-15,Partially received,4799.00
PO004755,SUP06,ST002,2026-04-11,2026-05-29,2026-05-29,Partially received,1398.08
PO004756,SUP07,ST006,2026-04-11,2026-05-20,2026-05-27,Received,599.90
PO004757,SUP02,ST007,2026-04-11,2026-05-09,2026-05-09,Received,803.04
PO004758,SUP06,ST008,2026-04-11,2026-05-29,2026-06-06,Received,1182.28
PO004759,SUP03,ST014,2026-04-11,2026-04-27,2026-04-27,Received,2444.74
PO004760,SUP01,ST900,2026-04-11,2026-05-23,2026-05-23,Partially received,3145.58
PO004761,SUP01,ST003,2026-04-12,2026-05-24,2026-05-24,Received,1370.54
PO004762,SUP06,ST010,2026-04-12,2026-05-30,2026-06-07,Partially received,1588.33
PO004763,SUP06,ST012,2026-04-12,2026-05-30,2026-05-30,Received,1561.40
PO004764,SUP04,ST013,2026-04-12,2026-06-06,2026-06-06,Partially received,1454.32
PO004765,SUP06,ST013,2026-04-12,2026-05-30,2026-05-30,Partially received,1773.43
PO004766,SUP02,ST016,2026-04-12,2026-05-10,2026-05-10,Received,1119.02
PO004767,SUP05,ST016,2026-04-12,2026-05-16,2026-05-16,Partially received,1723.19
PO004768,SUP02,ST900,2026-04-12,2026-05-10,2026-05-10,Partially received,2712.45
PO004769,SUP04,ST001,2026-04-13,2026-06-07,2026-06-07,Partially received,4329.57
PO004770,SUP02,ST004,2026-04-13,2026-05-11,2026-05-11,Received,1841.03
PO004771,SUP02,ST005,2026-04-13,2026-05-11,2026-05-15,Received,1568.46
PO004772,SUP02,ST006,2026-04-13,2026-05-11,2026-05-11,Received,681.66
PO004773,SUP05,ST008,2026-04-13,2026-05-17,2026-05-17,Received,1360.21
PO004774,SUP03,ST011,2026-04-13,2026-04-29,2026-04-29,Received,3954.99
PO004775,SUP06,ST016,2026-04-13,2026-05-31,2026-06-04,Partially received,1250.58
PO004776,SUP03,ST017,2026-04-13,2026-04-29,2026-04-29,Received,901.21
PO004777,SUP03,ST900,2026-04-13,2026-04-29,2026-04-29,Received,4512.72
PO004778,SUP07,ST900,2026-04-13,2026-05-22,2026-05-22,Partially received,4324.60
PO004779,SUP04,ST002,2026-04-14,2026-06-08,2026-06-08,Partially received,2128.11
PO004780,SUP06,ST003,2026-04-14,2026-06-01,2026-06-01,Partially received,1284.24
PO004781,SUP06,ST005,2026-04-14,2026-06-01,2026-06-01,Received,1111.01
PO004782,SUP01,ST009,2026-04-14,2026-05-26,2026-05-26,Received,814.56
PO004783,SUP05,ST012,2026-04-14,2026-05-18,2026-05-18,Received,1413.89
PO004784,SUP04,ST015,2026-04-14,2026-06-08,2026-06-15,Partially received,1732.46
PO004785,SUP04,ST016,2026-04-14,2026-06-08,2026-06-08,Partially received,2432.97
PO004786,SUP01,ST017,2026-04-14,2026-05-26,2026-05-26,Received,995.00
PO004787,SUP07,ST017,2026-04-14,2026-05-23,2026-05-23,Partially received,811.77
PO004788,SUP01,ST018,2026-04-14,2026-05-26,2026-05-26,Received,1566.37
PO004789,SUP03,ST001,2026-04-15,2026-05-01,2026-05-01,Received,1110.39
PO004790,SUP05,ST003,2026-04-15,2026-05-19,2026-05-19,Received,1130.69
PO004791,SUP04,ST005,2026-04-15,2026-06-09,2026-06-09,Partially received,1511.21
PO004792,SUP04,ST006,2026-04-15,2026-06-09,2026-06-09,Partially received,1658.82
PO004793,SUP01,ST007,2026-04-15,2026-05-27,2026-05-27,Received,1544.57
PO004794,SUP03,ST007,2026-04-15,2026-05-01,2026-05-01,Received,643.46
PO004795,SUP02,ST008,2026-04-15,2026-05-13,2026-05-13,Received,364.53
PO004796,SUP06,ST009,2026-04-15,2026-06-02,2026-06-02,Partially received,1520.13
PO004797,SUP05,ST011,2026-04-15,2026-05-19,2026-05-19,Partially received,2367.39
PO004798,SUP07,ST012,2026-04-15,2026-05-24,2026-05-24,Received,901.03
PO004799,SUP02,ST013,2026-04-15,2026-05-13,2026-05-13,Partially received,1429.46
PO004800,SUP01,ST016,2026-04-15,2026-05-27,2026-05-27,Received,216.80
PO004801,SUP05,ST018,2026-04-15,2026-05-19,2026-05-19,Received,312.14
PO004802,SUP03,ST006,2026-04-16,2026-05-02,2026-05-02,Received,1925.13
PO004803,SUP07,ST007,2026-04-16,2026-05-25,2026-05-25,Received,1489.58
PO004804,SUP02,ST015,2026-04-16,2026-05-14,2026-05-14,Received,678.24
PO004805,SUP04,ST017,2026-04-16,2026-06-10,2026-06-10,Partially received,991.42
PO004806,SUP07,ST001,2026-04-17,2026-05-26,2026-05-26,Received,1871.99
PO004807,SUP04,ST003,2026-04-17,2026-06-11,2026-06-11,Partially received,2276.06
PO004808,SUP03,ST004,2026-04-17,2026-05-03,2026-05-03,Partially received,1204.74
PO004809,SUP05,ST004,2026-04-17,2026-05-21,2026-05-21,Partially received,1623.08
PO004810,SUP06,ST011,2026-04-17,2026-06-04,2026-06-04,Received,2168.64
PO004811,SUP03,ST012,2026-04-17,2026-05-03,2026-05-03,Partially received,666.10
PO004812,SUP05,ST015,2026-04-17,2026-05-21,2026-05-21,Partially received,1683.46
PO004813,SUP02,ST018,2026-04-17,2026-05-15,2026-05-15,Received,721.68
PO004814,SUP01,ST002,2026-04-18,2026-05-30,2026-05-30,Received,1305.21
PO004815,SUP07,ST005,2026-04-18,2026-05-27,2026-05-27,Received,981.80
PO004816,SUP06,ST007,2026-04-18,2026-06-05,2026-06-05,Received,830.55
PO004817,SUP03,ST008,2026-04-18,2026-05-04,2026-05-04,Received,1112.49
PO004818,SUP03,ST010,2026-04-18,2026-05-04,2026-05-04,Received,371.04
PO004819,SUP07,ST010,2026-04-18,2026-05-27,2026-05-27,Received,1539.03
PO004820,SUP02,ST011,2026-04-18,2026-05-16,2026-05-16,Partially received,1180.68
PO004821,SUP01,ST012,2026-04-18,2026-05-30,2026-05-30,Partially received,839.88
PO004822,SUP07,ST013,2026-04-18,2026-05-27,2026-05-27,Received,521.01
PO004823,SUP07,ST014,2026-04-18,2026-05-27,2026-05-27,Received,754.77
PO004824,SUP06,ST017,2026-04-18,2026-06-05,2026-06-16,Partially received,970.73
PO004825,SUP03,ST018,2026-04-18,2026-05-04,2026-05-05,Partially received,1033.90
PO004826,SUP05,ST900,2026-04-18,2026-05-22,2026-05-22,Received,2360.80
PO004827,SUP05,ST009,2026-04-19,2026-05-23,2026-05-23,Received,357.38
PO004828,SUP07,ST009,2026-04-19,2026-05-28,2026-06-03,Received,771.44
PO004829,SUP07,ST011,2026-04-19,2026-05-28,2026-05-28,Partially received,3130.98
PO004830,SUP06,ST001,2026-04-20,2026-06-07,2026-06-12,Received,1914.96
PO004831,SUP06,ST006,2026-04-20,2026-06-07,2026-06-16,Partially received,789.66
PO004832,SUP05,ST007,2026-04-20,2026-05-24,2026-05-24,Received,572.88
PO004833,SUP03,ST009,2026-04-20,2026-05-06,2026-05-08,Received,1538.89
PO004834,SUP04,ST009,2026-04-20,2026-06-14,2026-07-03,Partially received,1653.34
PO004835,SUP05,ST010,2026-04-20,2026-05-24,2026-05-24,Received,402.66
PO004836,SUP01,ST013,2026-04-20,2026-06-01,2026-06-01,Received,470.14
PO004837,SUP02,ST017,2026-04-20,2026-05-18,2026-05-18,Received,594.94
PO004838,SUP07,ST002,2026-04-21,2026-05-30,2026-05-30,Partially received,813.96
PO004839,SUP07,ST003,2026-04-21,2026-05-30,2026-05-30,Received,738.15
PO004840,SUP01,ST005,2026-04-21,2026-06-02,2026-06-02,Received,1627.32
PO004841,SUP04,ST007,2026-04-21,2026-06-15,2026-06-15,Received,1710.53
PO004842,SUP02,ST009,2026-04-21,2026-05-19,2026-05-19,Received,374.60
PO004843,SUP04,ST012,2026-04-21,2026-06-15,2026-06-15,Partially received,1602.42
PO004844,SUP01,ST014,2026-04-21,2026-06-02,2026-06-02,Received,1599.59
PO004845,SUP06,ST014,2026-04-21,2026-06-08,2026-06-15,Received,632.57
PO004846,SUP07,ST015,2026-04-21,2026-05-30,2026-05-30,Received,1680.13
PO004847,SUP02,ST002,2026-04-22,2026-05-20,2026-05-20,Received,197.40
PO004848,SUP03,ST002,2026-04-22,2026-05-08,2026-05-08,Received,490.55
PO004849,SUP06,ST004,2026-04-22,2026-06-09,2026-06-14,Partially received,1783.93
PO004850,SUP03,ST005,2026-04-22,2026-05-08,2026-05-08,Received,898.45
PO004851,SUP01,ST006,2026-04-22,2026-06-03,2026-06-03,Partially received,1027.42
PO004852,SUP04,ST008,2026-04-22,2026-06-16,2026-07-07,Partially received,1319.56
PO004853,SUP04,ST010,2026-04-22,2026-06-16,2026-06-16,Partially received,1031.72
PO004854,SUP01,ST011,2026-04-22,2026-06-03,2026-06-03,Received,2883.24
PO004855,SUP04,ST011,2026-04-22,2026-06-16,2026-06-16,Partially received,1048.62
PO004856,SUP02,ST014,2026-04-22,2026-05-20,2026-05-25,Received,534.19
PO004857,SUP06,ST015,2026-04-22,2026-06-09,2026-06-09,Received,1483.33
PO004858,SUP03,ST016,2026-04-22,2026-05-08,2026-05-08,Received,1536.45
PO004859,SUP04,ST018,2026-04-22,2026-06-16,2026-06-16,Partially received,1146.36
PO004860,SUP06,ST900,2026-04-22,2026-06-09,2026-06-09,Partially received,1983.95
PO004861,SUP01,ST001,2026-04-23,2026-06-04,2026-06-04,Received,2901.84
PO004862,SUP02,ST003,2026-04-23,2026-05-21,2026-05-21,Received,743.63
PO004863,SUP03,ST003,2026-04-23,2026-05-09,2026-05-09,Received,904.48
PO004864,SUP01,ST004,2026-04-23,2026-06-04,2026-06-04,Received,933.48
PO004865,SUP04,ST004,2026-04-23,2026-06-17,2026-06-25,Partially received,4020.53
PO004866,SUP05,ST005,2026-04-23,2026-05-27,2026-05-27,Received,1560.50
PO004867,SUP02,ST010,2026-04-23,2026-05-21,2026-05-21,Partially received,160.78
PO004868,SUP05,ST013,2026-04-23,2026-05-27,2026-05-27,Received,417.91
PO004869,SUP05,ST014,2026-04-23,2026-05-27,2026-05-27,Received,512.82
PO004870,SUP06,ST018,2026-04-23,2026-06-10,2026-06-10,Partially received,1080.37
PO004871,SUP02,ST001,2026-04-24,2026-05-22,2026-05-22,Received,2142.54
PO004872,SUP05,ST002,2026-04-24,2026-05-28,2026-05-28,Received,546.70
PO004873,SUP07,ST004,2026-04-24,2026-06-02,2026-06-02,Partially received,2166.51
PO004874,SUP05,ST006,2026-04-24,2026-05-28,2026-05-28,Received,1131.85
PO004875,SUP01,ST008,2026-04-24,2026-06-05,2026-06-05,Received,489.23
PO004876,SUP07,ST008,2026-04-24,2026-06-02,2026-06-07,Received,930.60
PO004877,SUP01,ST010,2026-04-24,2026-06-05,2026-06-05,Received,523.20
PO004878,SUP02,ST012,2026-04-24,2026-05-22,2026-05-24,Partially received,1119.57
PO004879,SUP03,ST013,2026-04-24,2026-05-10,2026-05-10,Received,973.04
PO004880,SUP04,ST014,2026-04-24,2026-06-18,2026-06-18,Partially received,1152.93
PO004881,SUP01,ST015,2026-04-24,2026-06-05,2026-06-05,Received,1000.81
PO004882,SUP03,ST015,2026-04-24,2026-05-10,2026-05-10,Received,2072.04
PO004883,SUP07,ST016,2026-04-24,2026-06-02,2026-06-02,Received,255.54
PO004884,SUP05,ST017,2026-04-24,2026-05-28,2026-05-28,Received,1221.67
PO004885,SUP07,ST018,2026-04-24,2026-06-02,2026-06-02,Partially received,1272.40
PO004886,SUP04,ST900,2026-04-24,2026-06-18,2026-06-18,Partially received,4270.26
PO004887,SUP05,ST001,2026-04-25,2026-05-29,2026-05-29,Received,1383.70
PO004888,SUP06,ST002,2026-04-25,2026-06-12,2026-06-12,Received,758.41
PO004889,SUP07,ST006,2026-04-25,2026-06-03,2026-06-03,Partially received,1134.41
PO004890,SUP02,ST007,2026-04-25,2026-05-23,2026-05-23,Received,628.40
PO004891,SUP06,ST008,2026-04-25,2026-06-12,2026-06-24,Partially received,510.71
PO004892,SUP03,ST014,2026-04-25,2026-05-11,2026-05-11,Partially received,1371.38
PO004893,SUP01,ST900,2026-04-25,2026-06-06,2026-06-06,Partially received,3929.64
PO004894,SUP01,ST003,2026-04-26,2026-06-07,2026-06-07,Received,1244.09
PO004895,SUP06,ST010,2026-04-26,2026-06-13,2026-06-13,Partially received,1778.92
PO004896,SUP06,ST012,2026-04-26,2026-06-13,2026-06-13,Partially received,981.74
PO004897,SUP04,ST013,2026-04-26,2026-06-20,2026-07-05,Partially received,1886.94
PO004898,SUP06,ST013,2026-04-26,2026-06-13,2026-06-13,Received,755.06
PO004899,SUP02,ST016,2026-04-26,2026-05-24,2026-05-24,Received,432.28
PO004900,SUP05,ST016,2026-04-26,2026-05-30,2026-05-30,Partially received,839.82
PO004901,SUP02,ST900,2026-04-26,2026-05-24,2026-05-24,Received,3263.39
PO004902,SUP04,ST001,2026-04-27,2026-06-21,2026-06-21,Partially received,3816.00
PO004903,SUP02,ST004,2026-04-27,2026-05-25,2026-05-25,Received,676.50
PO004904,SUP02,ST005,2026-04-27,2026-05-25,2026-05-28,Received,1324.41
PO004905,SUP02,ST006,2026-04-27,2026-05-25,2026-05-25,Partially received,1183.76
PO004906,SUP05,ST008,2026-04-27,2026-05-31,2026-05-31,Received,620.24
PO004907,SUP03,ST011,2026-04-27,2026-05-13,2026-05-13,Received,756.24
PO004908,SUP06,ST016,2026-04-27,2026-06-14,2026-06-14,Received,568.78
PO004909,SUP03,ST017,2026-04-27,2026-05-13,2026-05-13,Received,1016.49
PO004910,SUP03,ST900,2026-04-27,2026-05-13,2026-05-13,Received,3107.81
PO004911,SUP07,ST900,2026-04-27,2026-06-05,2026-06-05,Partially received,3102.76
PO004912,SUP04,ST002,2026-04-28,2026-06-22,2026-07-05,Partially received,1852.15
PO004913,SUP06,ST003,2026-04-28,2026-06-15,2026-06-25,Partially received,475.27
PO004914,SUP06,ST005,2026-04-28,2026-06-15,2026-06-15,Received,408.01
PO004915,SUP01,ST009,2026-04-28,2026-06-09,2026-06-09,Received,544.25
PO004916,SUP05,ST012,2026-04-28,2026-06-01,2026-06-01,Received,1149.16
PO004917,SUP04,ST015,2026-04-28,2026-06-22,2026-07-13,Partially received,3065.40
PO004918,SUP04,ST016,2026-04-28,2026-06-22,2026-06-22,Received,777.51
PO004919,SUP01,ST017,2026-04-28,2026-06-09,2026-06-09,Received,1237.39
PO004920,SUP07,ST017,2026-04-28,2026-06-06,2026-06-06,Received,1147.90
PO004921,SUP01,ST018,2026-04-28,2026-06-09,2026-06-09,Partially received,1360.97
PO004922,SUP03,ST001,2026-04-29,2026-05-15,2026-05-15,Partially received,3396.14
PO004923,SUP05,ST003,2026-04-29,2026-06-02,2026-06-02,Received,1071.97
PO004924,SUP04,ST005,2026-04-29,2026-06-23,2026-06-23,Partially received,1076.91
PO004925,SUP04,ST006,2026-04-29,2026-06-23,2026-06-23,Partially received,1787.38
PO004926,SUP01,ST007,2026-04-29,2026-06-10,2026-06-10,Received,833.54
PO004927,SUP03,ST007,2026-04-29,2026-05-15,2026-05-15,Received,1836.20
PO004928,SUP02,ST008,2026-04-29,2026-05-27,2026-05-27,Received,554.18
PO004929,SUP06,ST009,2026-04-29,2026-06-16,2026-06-16,Received,276.46
PO004930,SUP05,ST011,2026-04-29,2026-06-02,2026-06-02,Received,1724.85
PO004931,SUP07,ST012,2026-04-29,2026-06-07,2026-06-07,Received,1014.08
PO004932,SUP02,ST013,2026-04-29,2026-05-27,2026-05-27,Received,1139.47
PO004933,SUP01,ST016,2026-04-29,2026-06-10,2026-06-13,Received,1139.22
PO004934,SUP05,ST018,2026-04-29,2026-06-02,2026-06-02,Partially received,1927.01
PO004935,SUP03,ST006,2026-04-30,2026-05-16,2026-05-16,Received,1075.51
PO004936,SUP07,ST007,2026-04-30,2026-06-08,2026-06-08,Partially received,373.02
PO004937,SUP02,ST015,2026-04-30,2026-05-28,2026-05-28,Received,380.95
PO004938,SUP04,ST017,2026-04-30,2026-06-24,2026-07-15,Partially received,1707.01
PO004939,SUP07,ST001,2026-05-01,2026-06-09,2026-06-19,Partially received,2017.85
PO004940,SUP04,ST003,2026-05-01,2026-06-25,2026-07-14,Partially received,1401.50
PO004941,SUP03,ST004,2026-05-01,2026-05-17,2026-05-17,Received,2744.90
PO004942,SUP05,ST004,2026-05-01,2026-06-04,2026-06-04,Partially received,2714.44
PO004943,SUP06,ST011,2026-05-01,2026-06-18,2026-06-25,Partially received,1416.27
PO004944,SUP03,ST012,2026-05-01,2026-05-17,2026-05-17,Received,939.46
PO004945,SUP05,ST015,2026-05-01,2026-06-04,2026-06-04,Partially received,1954.78
PO004946,SUP02,ST018,2026-05-01,2026-05-29,2026-05-29,Received,1399.69
PO004947,SUP01,ST002,2026-05-02,2026-06-13,2026-06-16,Received,718.54
PO004948,SUP07,ST005,2026-05-02,2026-06-10,2026-06-10,Partially received,1192.44
PO004949,SUP06,ST007,2026-05-02,2026-06-19,2026-06-28,Partially received,2072.13
PO004950,SUP03,ST008,2026-05-02,2026-05-18,2026-05-18,Received,2492.03
PO004951,SUP03,ST010,2026-05-02,2026-05-18,2026-05-18,Received,1269.76
PO004952,SUP07,ST010,2026-05-02,2026-06-10,2026-06-10,Received,1735.80
PO004953,SUP02,ST011,2026-05-02,2026-05-30,2026-06-02,Received,1677.73
PO004954,SUP01,ST012,2026-05-02,2026-06-13,2026-06-13,Partially received,1746.28
PO004955,SUP07,ST013,2026-05-02,2026-06-10,2026-06-10,Received,1535.74
PO004956,SUP07,ST014,2026-05-02,2026-06-10,2026-06-10,Received,1220.71
PO004957,SUP06,ST017,2026-05-02,2026-06-19,2026-06-19,Partially received,2075.38
PO004958,SUP03,ST018,2026-05-02,2026-05-18,2026-05-18,Partially received,1677.39
PO004959,SUP05,ST900,2026-05-02,2026-06-05,2026-06-05,Partially received,2086.46
PO004960,SUP05,ST009,2026-05-03,2026-06-06,2026-06-06,Received,1430.21
PO004961,SUP07,ST009,2026-05-03,2026-06-11,2026-06-11,Partially received,1909.56
PO004962,SUP07,ST011,2026-05-03,2026-06-11,2026-06-11,Partially received,1873.77
PO004963,SUP06,ST001,2026-05-04,2026-06-21,2026-06-21,Partially received,1661.97
PO004964,SUP06,ST006,2026-05-04,2026-06-21,2026-06-21,Partially received,2006.48
PO004965,SUP05,ST007,2026-05-04,2026-06-07,2026-06-07,Received,1422.56
PO004966,SUP03,ST009,2026-05-04,2026-05-20,2026-05-20,Received,1600.64
PO004967,SUP04,ST009,2026-05-04,2026-06-28,2026-06-28,Partially received,2597.42
PO004968,SUP05,ST010,2026-05-04,2026-06-07,2026-06-09,Received,1521.06
PO004969,SUP01,ST013,2026-05-04,2026-06-15,2026-06-15,Received,1226.97
PO004970,SUP02,ST017,2026-05-04,2026-06-01,2026-06-01,Received,964.71
PO004971,SUP07,ST002,2026-05-05,2026-06-13,2026-06-13,Received,1255.34
PO004972,SUP07,ST003,2026-05-05,2026-06-13,2026-06-13,Received,1060.64
PO004973,SUP01,ST005,2026-05-05,2026-06-16,2026-06-16,Received,1378.81
PO004974,SUP04,ST007,2026-05-05,2026-06-29,2026-07-17,Partially received,3159.30
PO004975,SUP02,ST009,2026-05-05,2026-06-02,2026-06-02,Received,1595.30
PO004976,SUP04,ST012,2026-05-05,2026-06-29,2026-06-29,Partially received,1060.45
PO004977,SUP01,ST014,2026-05-05,2026-06-16,2026-06-16,Partially received,1382.96
PO004978,SUP06,ST014,2026-05-05,2026-06-22,2026-06-22,Partially received,829.39
PO004979,SUP07,ST015,2026-05-05,2026-06-13,2026-06-20,Partially received,1680.20
PO004980,SUP02,ST002,2026-05-06,2026-06-03,2026-06-03,Received,298.86
PO004981,SUP03,ST002,2026-05-06,2026-05-22,2026-05-22,Partially received,1395.30
PO004982,SUP06,ST004,2026-05-06,2026-06-23,2026-06-23,Partially received,1972.85
PO004983,SUP03,ST005,2026-05-06,2026-05-22,2026-05-22,Partially received,1211.59
PO004984,SUP01,ST006,2026-05-06,2026-06-17,2026-06-17,Received,1062.50
PO004985,SUP04,ST008,2026-05-06,2026-06-30,2026-06-30,Partially received,3661.06
PO004986,SUP04,ST010,2026-05-06,2026-06-30,2026-06-30,Partially received,2625.32
PO004987,SUP01,ST011,2026-05-06,2026-06-17,2026-06-17,Received,557.45
PO004988,SUP04,ST011,2026-05-06,2026-06-30,2026-07-11,Partially received,5210.00
PO004989,SUP02,ST014,2026-05-06,2026-06-03,2026-06-03,Partially received,1161.06
PO004990,SUP06,ST015,2026-05-06,2026-06-23,2026-06-23,Partially received,1510.17
PO004991,SUP03,ST016,2026-05-06,2026-05-22,2026-05-22,Received,2263.48
PO004992,SUP04,ST018,2026-05-06,2026-06-30,2026-06-30,Partially received,2648.53
PO004993,SUP06,ST900,2026-05-06,2026-06-23,2026-07-02,Partially received,1985.00
PO004994,SUP01,ST001,2026-05-07,2026-06-18,2026-06-18,Received,2080.76
PO004995,SUP02,ST003,2026-05-07,2026-06-04,2026-06-04,Received,1244.64
PO004996,SUP03,ST003,2026-05-07,2026-05-23,2026-05-23,Partially received,1580.49
PO004997,SUP01,ST004,2026-05-07,2026-06-18,2026-06-18,Partially received,3407.69
PO004998,SUP04,ST004,2026-05-07,2026-07-01,2026-07-01,Partially received,3935.39
PO004999,SUP05,ST005,2026-05-07,2026-06-10,2026-06-10,Received,1037.70
PO005000,SUP02,ST010,2026-05-07,2026-06-04,2026-06-06,Received,1349.32
PO005001,SUP05,ST013,2026-05-07,2026-06-10,2026-06-10,Received,613.18
PO005002,SUP05,ST014,2026-05-07,2026-06-10,2026-06-10,Received,1354.82
PO005003,SUP06,ST018,2026-05-07,2026-06-24,2026-06-24,Partially received,2486.79
PO005004,SUP02,ST001,2026-05-08,2026-06-05,2026-06-05,Received,1525.46
PO005005,SUP05,ST002,2026-05-08,2026-06-11,2026-06-11,Received,1201.74
PO005006,SUP07,ST004,2026-05-08,2026-06-16,2026-06-16,Received,2687.10
PO005007,SUP05,ST006,2026-05-08,2026-06-11,2026-06-11,Partially received,1500.18
PO005008,SUP01,ST008,2026-05-08,2026-06-19,2026-06-24,Received,681.67
PO005009,SUP07,ST008,2026-05-08,2026-06-16,2026-06-16,Partially received,2062.35
PO005010,SUP01,ST010,2026-05-08,2026-06-19,2026-06-19,Partially received,1030.38
PO005011,SUP02,ST012,2026-05-08,2026-06-05,2026-06-05,Partially received,1160.46
PO005012,SUP03,ST013,2026-05-08,2026-05-24,2026-05-24,Received,2328.18
PO005013,SUP04,ST014,2026-05-08,2026-07-02,2026-07-21,Partially received,1737.98
PO005014,SUP01,ST015,2026-05-08,2026-06-19,2026-06-19,Partially received,1927.33
PO005015,SUP03,ST015,2026-05-08,2026-05-24,2026-05-24,Received,1065.84
PO005016,SUP07,ST016,2026-05-08,2026-06-16,2026-06-16,Received,1940.14
PO005017,SUP05,ST017,2026-05-08,2026-06-11,2026-06-11,Partially received,1229.81
PO005018,SUP07,ST018,2026-05-08,2026-06-16,2026-06-25,Received,1621.41
PO005019,SUP04,ST900,2026-05-08,2026-07-02,2026-07-02,Partially received,5448.68
PO005020,SUP05,ST001,2026-05-09,2026-06-12,2026-06-12,Received,2773.38
PO005021,SUP06,ST002,2026-05-09,2026-06-26,2026-06-26,Partially received,889.45
PO005022,SUP07,ST006,2026-05-09,2026-06-17,2026-06-20,Partially received,2231.37
PO005023,SUP02,ST007,2026-05-09,2026-06-06,2026-06-06,Received,1070.77
PO005024,SUP06,ST008,2026-05-09,2026-06-26,2026-07-03,Partially received,1315.42
PO005025,SUP03,ST014,2026-05-09,2026-05-25,2026-05-26,Received,814.62
PO005026,SUP01,ST900,2026-05-09,2026-06-20,2026-06-20,Partially received,3745.38
PO005027,SUP01,ST003,2026-05-10,2026-06-21,2026-06-21,Partially received,1291.24
PO005028,SUP06,ST010,2026-05-10,2026-06-27,2026-06-27,Received,930.22
PO005029,SUP06,ST012,2026-05-10,2026-06-27,2026-06-27,Partially received,1320.12
PO005030,SUP04,ST013,2026-05-10,2026-07-04,2026-07-04,Partially received,2949.54
PO005031,SUP06,ST013,2026-05-10,2026-06-27,2026-06-27,Received,963.66
PO005032,SUP02,ST016,2026-05-10,2026-06-07,2026-06-07,Received,1027.99
PO005033,SUP05,ST016,2026-05-10,2026-06-13,2026-06-13,Received,1426.56
PO005034,SUP02,ST900,2026-05-10,2026-06-07,2026-06-07,Received,2222.01
PO005035,SUP04,ST001,2026-05-11,2026-07-05,2026-07-26,Partially received,4518.57
PO005036,SUP02,ST004,2026-05-11,2026-06-08,2026-06-08,Received,2580.16
PO005037,SUP02,ST005,2026-05-11,2026-06-08,2026-06-08,Received,1013.22
PO005038,SUP02,ST006,2026-05-11,2026-06-08,2026-06-08,Received,1385.28
PO005039,SUP05,ST008,2026-05-11,2026-06-14,2026-06-14,Partially received,986.69
PO005040,SUP03,ST011,2026-05-11,2026-05-27,2026-05-27,Received,2405.96
PO005041,SUP06,ST016,2026-05-11,2026-06-28,2026-06-28,Partially received,1276.75
PO005042,SUP03,ST017,2026-05-11,2026-05-27,2026-05-27,Received,1997.12
PO005043,SUP03,ST900,2026-05-11,2026-05-27,2026-05-27,Partially received,1852.06
PO005044,SUP07,ST900,2026-05-11,2026-06-19,2026-06-19,Partially received,3834.02
PO005045,SUP04,ST002,2026-05-12,2026-07-06,2026-07-20,Partially received,1335.94
PO005046,SUP06,ST003,2026-05-12,2026-06-29,2026-06-29,Received,321.54
PO005047,SUP06,ST005,2026-05-12,2026-06-29,2026-06-29,Partially received,948.02
PO005048,SUP01,ST009,2026-05-12,2026-06-23,2026-06-23,Partially received,835.26
PO005049,SUP05,ST012,2026-05-12,2026-06-15,2026-06-15,Received,1815.32
PO005050,SUP04,ST015,2026-05-12,2026-07-06,2026-07-06,Partially received,2171.72
PO005051,SUP04,ST016,2026-05-12,2026-07-06,2026-07-20,Partially received,3071.17
PO005052,SUP01,ST017,2026-05-12,2026-06-23,2026-06-23,Partially received,1331.22
PO005053,SUP07,ST017,2026-05-12,2026-06-20,2026-06-20,Received,1527.07
PO005054,SUP01,ST018,2026-05-12,2026-06-23,2026-06-23,Partially received,1223.88
PO005055,SUP03,ST001,2026-05-13,2026-05-29,2026-05-29,Received,3399.45
PO005056,SUP05,ST003,2026-05-13,2026-06-16,2026-06-20,Received,1059.40
PO005057,SUP04,ST005,2026-05-13,2026-07-07,2026-07-14,Partially received,1481.02
PO005058,SUP04,ST006,2026-05-13,2026-07-07,2026-07-28,Partially received,4179.22
PO005059,SUP01,ST007,2026-05-13,2026-06-24,2026-06-28,Partially received,1309.22
PO005060,SUP03,ST007,2026-05-13,2026-05-29,2026-05-29,Received,986.49
PO005061,SUP02,ST008,2026-05-13,2026-06-10,2026-06-10,Partially received,1217.67
PO005062,SUP06,ST009,2026-05-13,2026-06-30,2026-07-04,Partially received,1084.08
PO005063,SUP05,ST011,2026-05-13,2026-06-16,2026-06-16,Partially received,3859.31
PO005064,SUP07,ST012,2026-05-13,2026-06-21,2026-06-21,Received,1221.58
PO005065,SUP02,ST013,2026-05-13,2026-06-10,2026-06-10,Received,1288.94
PO005066,SUP01,ST016,2026-05-13,2026-06-24,2026-07-01,Partially received,1394.24
PO005067,SUP05,ST018,2026-05-13,2026-06-16,2026-06-16,Partially received,1988.77
PO005068,SUP03,ST006,2026-05-14,2026-05-30,2026-05-30,Received,2141.52
PO005069,SUP07,ST007,2026-05-14,2026-06-22,2026-06-22,Received,1120.22
PO005070,SUP02,ST015,2026-05-14,2026-06-11,2026-06-11,Received,1659.56
PO005071,SUP04,ST017,2026-05-14,2026-07-08,2026-07-27,Partially received,2028.09
PO005072,SUP07,ST001,2026-05-15,2026-06-23,2026-06-23,Received,1774.69
PO005073,SUP04,ST003,2026-05-15,2026-07-09,2026-07-09,Partially received,1816.70
PO005074,SUP03,ST004,2026-05-15,2026-05-31,2026-05-31,Partially received,3439.00
PO005075,SUP05,ST004,2026-05-15,2026-06-18,2026-06-18,Received,2493.64
PO005076,SUP06,ST011,2026-05-15,2026-07-02,2026-07-14,Partially received,2702.22
PO005077,SUP03,ST012,2026-05-15,2026-05-31,2026-05-31,Received,475.27
PO005078,SUP05,ST015,2026-05-15,2026-06-18,2026-06-22,Received,994.51
PO005079,SUP02,ST018,2026-05-15,2026-06-12,2026-06-12,Received,1005.78
PO005080,SUP01,ST002,2026-05-16,2026-06-27,2026-06-27,Received,342.83
PO005081,SUP07,ST005,2026-05-16,2026-06-24,2026-06-24,Partially received,891.98
PO005082,SUP06,ST007,2026-05-16,2026-07-03,2026-07-03,Received,1253.94
PO005083,SUP03,ST008,2026-05-16,2026-06-01,2026-06-01,Received,782.06
PO005084,SUP03,ST010,2026-05-16,2026-06-01,2026-06-01,Received,1704.24
PO005085,SUP07,ST010,2026-05-16,2026-06-24,2026-06-24,Partially received,723.38
PO005086,SUP02,ST011,2026-05-16,2026-06-13,2026-06-13,Partially received,2003.47
PO005087,SUP01,ST012,2026-05-16,2026-06-27,2026-06-27,Received,673.24
PO005088,SUP07,ST013,2026-05-16,2026-06-24,2026-06-24,Received,864.65
PO005089,SUP07,ST014,2026-05-16,2026-06-24,2026-06-24,Received,1068.63
PO005090,SUP06,ST017,2026-05-16,2026-07-03,2026-07-03,Partially received,656.09
PO005091,SUP03,ST018,2026-05-16,2026-06-01,2026-06-01,Received,826.94
PO005092,SUP05,ST900,2026-05-16,2026-06-19,2026-06-19,Partially received,2280.52
PO005093,SUP05,ST009,2026-05-17,2026-06-20,2026-06-20,Received,521.93
PO005094,SUP07,ST009,2026-05-17,2026-06-25,2026-06-29,Partially received,1655.19
PO005095,SUP07,ST011,2026-05-17,2026-06-25,2026-06-25,Partially received,2233.49
PO005096,SUP06,ST001,2026-05-18,2026-07-05,2026-07-05,Received,1759.83
PO005097,SUP06,ST006,2026-05-18,2026-07-05,2026-07-15,Partially received,1296.30
PO005098,SUP05,ST007,2026-05-18,2026-06-21,2026-06-21,Received,1017.51
PO005099,SUP03,ST009,2026-05-18,2026-06-03,2026-06-03,Received,671.48
PO005100,SUP04,ST009,2026-05-18,2026-07-12,2026-07-12,Partially received,2682.72
PO005101,SUP05,ST010,2026-05-18,2026-06-21,2026-06-21,Partially received,905.49
PO005102,SUP01,ST013,2026-05-18,2026-06-29,2026-06-29,Partially received,448.59
PO005103,SUP02,ST017,2026-05-18,2026-06-15,2026-06-15,Received,194.90
PO005104,SUP07,ST002,2026-05-19,2026-06-27,2026-06-27,Received,1316.65
PO005105,SUP07,ST003,2026-05-19,2026-06-27,2026-06-27,Received,526.44
PO005106,SUP01,ST005,2026-05-19,2026-06-30,2026-06-30,Received,988.21
PO005107,SUP04,ST007,2026-05-19,2026-07-13,2026-08-01,Partially received,1394.87
PO005108,SUP02,ST009,2026-05-19,2026-06-16,2026-06-16,Received,1176.93
PO005109,SUP04,ST012,2026-05-19,2026-07-13,2026-07-13,Partially received,2887.75
PO005110,SUP01,ST014,2026-05-19,2026-06-30,2026-06-30,Received,427.98
PO005111,SUP06,ST014,2026-05-19,2026-07-06,2026-07-06,Received,1126.56
PO005112,SUP07,ST015,2026-05-19,2026-06-27,2026-06-27,Partially received,1074.08
PO005113,SUP02,ST002,2026-05-20,2026-06-17,2026-06-17,Received,415.79
PO005114,SUP03,ST002,2026-05-20,2026-06-05,2026-06-05,Received,839.94
PO005115,SUP06,ST004,2026-05-20,2026-07-07,2026-07-07,Partially received,694.87
PO005116,SUP03,ST005,2026-05-20,2026-06-05,2026-06-05,Received,925.70
PO005117,SUP01,ST006,2026-05-20,2026-07-01,2026-07-01,Received,1907.88
PO005118,SUP04,ST008,2026-05-20,2026-07-14,2026-08-03,Received,1786.19
PO005119,SUP04,ST010,2026-05-20,2026-07-14,2026-07-14,Partially received,1863.51
PO005120,SUP01,ST011,2026-05-20,2026-07-01,2026-07-01,Partially received,2206.78
PO005121,SUP04,ST011,2026-05-20,2026-07-14,2026-07-29,Partially received,3565.95
PO005122,SUP02,ST014,2026-05-20,2026-06-17,2026-06-17,Received,385.64
PO005123,SUP06,ST015,2026-05-20,2026-07-07,2026-07-07,Received,1693.28
PO005124,SUP03,ST016,2026-05-20,2026-06-05,2026-06-05,Received,1236.22
PO005125,SUP04,ST018,2026-05-20,2026-07-14,2026-07-14,Partially received,1477.26
PO005126,SUP06,ST900,2026-05-20,2026-07-07,2026-07-07,Received,2394.17
PO005127,SUP01,ST001,2026-05-21,2026-07-02,2026-07-02,Received,2208.37
PO005128,SUP02,ST003,2026-05-21,2026-06-18,2026-06-20,Partially received,767.11
PO005129,SUP03,ST003,2026-05-21,2026-06-06,2026-06-06,Received,921.19
PO005130,SUP01,ST004,2026-05-21,2026-07-02,2026-07-02,Received,1044.59
PO005131,SUP04,ST004,2026-05-21,2026-07-15,2026-07-15,Partially received,1828.51
PO005132,SUP05,ST005,2026-05-21,2026-06-24,2026-06-24,Received,1082.49
PO005133,SUP02,ST010,2026-05-21,2026-06-18,2026-06-18,Received,982.25
PO005134,SUP05,ST013,2026-05-21,2026-06-24,2026-06-24,Received,1003.72
PO005135,SUP05,ST014,2026-05-21,2026-06-24,2026-06-24,Received,800.25
PO005136,SUP06,ST018,2026-05-21,2026-07-08,2026-07-08,Received,543.74
PO005137,SUP02,ST001,2026-05-22,2026-06-19,2026-06-19,Received,1713.76
PO005138,SUP05,ST002,2026-05-22,2026-06-25,2026-06-25,Received,846.61
PO005139,SUP07,ST004,2026-05-22,2026-06-30,2026-06-30,Partially received,2803.06
PO005140,SUP05,ST006,2026-05-22,2026-06-25,2026-06-29,Received,997.25
PO005141,SUP01,ST008,2026-05-22,2026-07-03,2026-07-03,Received,656.05
PO005142,SUP07,ST008,2026-05-22,2026-06-30,2026-06-30,Partially received,1021.34
PO005143,SUP01,ST010,2026-05-22,2026-07-03,2026-07-07,Partially received,685.10
PO005144,SUP02,ST012,2026-05-22,2026-06-19,2026-06-19,Received,424.01
PO005145,SUP03,ST013,2026-05-22,2026-06-07,2026-06-07,Partially received,775.84
PO005146,SUP04,ST014,2026-05-22,2026-07-16,2026-07-16,Received,2348.35
PO005147,SUP01,ST015,2026-05-22,2026-07-03,2026-07-08,Received,695.61
PO005148,SUP03,ST015,2026-05-22,2026-06-07,2026-06-07,Received,1233.44
PO005149,SUP07,ST016,2026-05-22,2026-06-30,2026-06-30,Received,558.68
PO005150,SUP05,ST017,2026-05-22,2026-06-25,2026-06-25,Received,632.18
PO005151,SUP07,ST018,2026-05-22,2026-06-30,2026-06-30,Partially received,1448.86
PO005152,SUP04,ST900,2026-05-22,2026-07-16,2026-07-16,Partially received,4372.78
PO005153,SUP05,ST001,2026-05-23,2026-06-26,2026-07-01,Received,2444.46
PO005154,SUP06,ST002,2026-05-23,2026-07-10,2026-07-10,Received,930.83
PO005155,SUP07,ST006,2026-05-23,2026-07-01,2026-07-01,Received,1171.34
PO005156,SUP02,ST007,2026-05-23,2026-06-20,2026-06-20,Received,748.31
PO005157,SUP06,ST008,2026-05-23,2026-07-10,2026-07-10,Partially received,951.86
PO005158,SUP03,ST014,2026-05-23,2026-06-08,2026-06-08,Received,1593.87
PO005159,SUP01,ST900,2026-05-23,2026-07-04,2026-07-04,Partially received,3105.49
PO005160,SUP01,ST003,2026-05-24,2026-07-05,2026-07-05,Received,902.24
PO005161,SUP06,ST010,2026-05-24,2026-07-11,2026-07-11,Received,1155.00
PO005162,SUP06,ST012,2026-05-24,2026-07-11,2026-07-19,Partially received,987.55
PO005163,SUP04,ST013,2026-05-24,2026-07-18,2026-08-03,Partially received,2617.13
PO005164,SUP06,ST013,2026-05-24,2026-07-11,2026-07-11,Partially received,1377.71
PO005165,SUP02,ST016,2026-05-24,2026-06-21,2026-06-21,Received,138.08
PO005166,SUP05,ST016,2026-05-24,2026-06-27,2026-06-27,Received,1485.04
PO005167,SUP02,ST900,2026-05-24,2026-06-21,2026-06-21,Partially received,2872.24
PO005168,SUP04,ST001,2026-05-25,2026-07-19,2026-07-31,Partially received,3529.47
PO005169,SUP02,ST004,2026-05-25,2026-06-22,2026-06-22,Received,1952.89
PO005170,SUP02,ST005,2026-05-25,2026-06-22,2026-06-22,Received,1472.17
PO005171,SUP02,ST006,2026-05-25,2026-06-22,2026-06-22,Received,1477.14
PO005172,SUP05,ST008,2026-05-25,2026-06-28,2026-06-28,Partially received,727.90
PO005173,SUP03,ST011,2026-05-25,2026-06-10,2026-06-10,Received,1476.37
PO005174,SUP06,ST016,2026-05-25,2026-07-12,2026-07-20,Partially received,1441.75
PO005175,SUP03,ST017,2026-05-25,2026-06-10,2026-06-10,Received,1174.10
PO005176,SUP03,ST900,2026-05-25,2026-06-10,2026-06-10,Partially received,3992.71
PO005177,SUP07,ST900,2026-05-25,2026-07-03,2026-07-09,Received,2390.03
PO005178,SUP04,ST002,2026-05-26,2026-07-20,2026-07-20,Partially received,2919.21
PO005179,SUP06,ST003,2026-05-26,2026-07-13,2026-07-13,Received,742.87
PO005180,SUP06,ST005,2026-05-26,2026-07-13,2026-07-17,Received,1381.06
PO005181,SUP01,ST009,2026-05-26,2026-07-07,2026-07-07,Received,1504.82
PO005182,SUP05,ST012,2026-05-26,2026-06-29,2026-06-29,Partially received,906.11
PO005183,SUP04,ST015,2026-05-26,2026-07-20,2026-07-20,Partially received,2303.49
PO005184,SUP04,ST016,2026-05-26,2026-07-20,2026-07-20,Partially received,1394.04
PO005185,SUP01,ST017,2026-05-26,2026-07-07,2026-07-07,Received,1508.73
PO005186,SUP07,ST017,2026-05-26,2026-07-04,2026-07-04,Received,1673.93
PO005187,SUP01,ST018,2026-05-26,2026-07-07,2026-07-07,Partially received,1516.54
PO005188,SUP03,ST001,2026-05-27,2026-06-12,2026-06-12,Partially received,1382.10
PO005189,SUP05,ST003,2026-05-27,2026-06-30,2026-06-30,Received,1396.59
PO005190,SUP04,ST005,2026-05-27,2026-07-21,2026-07-21,Partially received,2053.12
PO005191,SUP04,ST006,2026-05-27,2026-07-21,2026-08-02,Partially received,1599.55
PO005192,SUP01,ST007,2026-05-27,2026-07-08,2026-07-08,Received,734.43
PO005193,SUP03,ST007,2026-05-27,2026-06-12,2026-06-12,Received,1164.02
PO005194,SUP02,ST008,2026-05-27,2026-06-24,2026-06-24,Received,1496.84
PO005195,SUP06,ST009,2026-05-27,2026-07-14,2026-07-14,Partially received,1085.36
PO005196,SUP05,ST011,2026-05-27,2026-06-30,2026-06-30,Received,2061.68
PO005197,SUP07,ST012,2026-05-27,2026-07-05,2026-07-05,Received,734.33
PO005198,SUP02,ST013,2026-05-27,2026-06-24,2026-06-26,Received,1541.92
PO005199,SUP01,ST016,2026-05-27,2026-07-08,2026-07-08,Received,1163.53
PO005200,SUP05,ST018,2026-05-27,2026-06-30,2026-06-30,Received,592.44
PO005201,SUP03,ST006,2026-05-28,2026-06-13,2026-06-13,Partially received,1685.46
PO005202,SUP07,ST007,2026-05-28,2026-07-06,2026-07-06,Received,531.27
PO005203,SUP02,ST015,2026-05-28,2026-06-25,2026-06-25,Received,1171.07
PO005204,SUP04,ST017,2026-05-28,2026-07-22,2026-07-22,Partially received,2189.47
PO005205,SUP07,ST001,2026-05-29,2026-07-07,2026-07-07,Partially received,2187.18
PO005206,SUP04,ST003,2026-05-29,2026-07-23,2026-07-23,Partially received,1735.16
PO005207,SUP03,ST004,2026-05-29,2026-06-14,2026-06-14,Received,1994.88
PO005208,SUP05,ST004,2026-05-29,2026-07-02,2026-07-02,Received,1595.67
PO005209,SUP06,ST011,2026-05-29,2026-07-16,2026-07-16,Received,2230.45
PO005210,SUP03,ST012,2026-05-29,2026-06-14,2026-06-14,Received,793.95
PO005211,SUP05,ST015,2026-05-29,2026-07-02,2026-07-02,Received,610.66
PO005212,SUP02,ST018,2026-05-29,2026-06-26,2026-06-26,Received,750.37
PO005213,SUP01,ST002,2026-05-30,2026-07-11,2026-07-11,Received,1008.85
PO005214,SUP07,ST005,2026-05-30,2026-07-08,2026-07-08,Partially received,1068.76
PO005215,SUP06,ST007,2026-05-30,2026-07-17,2026-07-17,Received,939.19
PO005216,SUP03,ST008,2026-05-30,2026-06-15,2026-06-15,Received,2408.20
PO005217,SUP03,ST010,2026-05-30,2026-06-15,2026-06-15,Received,1008.40
PO005218,SUP07,ST010,2026-05-30,2026-07-08,2026-07-08,Partially received,947.22
PO005219,SUP02,ST011,2026-05-30,2026-06-27,2026-06-27,Received,2042.84
PO005220,SUP01,ST012,2026-05-30,2026-07-11,2026-07-19,Received,403.75
PO005221,SUP07,ST013,2026-05-30,2026-07-08,2026-07-08,Partially received,1208.79
PO005222,SUP07,ST014,2026-05-30,2026-07-08,2026-07-08,Received,1118.72
PO005223,SUP06,ST017,2026-05-30,2026-07-17,2026-07-17,Received,447.41
PO005224,SUP03,ST018,2026-05-30,2026-06-15,2026-06-15,Received,2511.58
PO005225,SUP05,ST900,2026-05-30,2026-07-03,2026-07-03,Partially received,3882.31
PO005226,SUP05,ST009,2026-05-31,2026-07-04,2026-07-04,Partially received,1467.98
PO005227,SUP07,ST009,2026-05-31,2026-07-09,2026-07-09,Received,1212.92
PO005228,SUP07,ST011,2026-05-31,2026-07-09,2026-07-09,Partially received,3521.84
PO005229,SUP06,ST001,2026-06-01,2026-07-19,2026-07-31,Partially received,2488.23
PO005230,SUP06,ST006,2026-06-01,2026-07-19,2026-07-19,Partially received,1575.17
PO005231,SUP05,ST007,2026-06-01,2026-07-05,2026-07-05,Partially received,1741.32
PO005232,SUP03,ST009,2026-06-01,2026-06-17,2026-06-17,Received,1563.56
PO005233,SUP04,ST009,2026-06-01,2026-07-26,2026-08-02,Partially received,3744.91
PO005234,SUP05,ST010,2026-06-01,2026-07-05,2026-07-05,Partially received,1515.75
PO005235,SUP01,ST013,2026-06-01,2026-07-13,2026-07-13,Received,1312.77
PO005236,SUP02,ST017,2026-06-01,2026-06-29,2026-06-29,Received,546.00
PO005237,SUP07,ST002,2026-06-02,2026-07-11,2026-07-11,Partially received,1168.39
PO005238,SUP07,ST003,2026-06-02,2026-07-11,2026-07-11,Received,1277.90
PO005239,SUP01,ST005,2026-06-02,2026-07-14,2026-07-14,Partially received,1831.37
PO005240,SUP04,ST007,2026-06-02,2026-07-27,2026-07-27,Partially received,2022.26
PO005241,SUP02,ST009,2026-06-02,2026-06-30,2026-07-04,Received,1387.99
PO005242,SUP04,ST012,2026-06-02,2026-07-27,2026-07-27,Partially received,2437.77
PO005243,SUP01,ST014,2026-06-02,2026-07-14,2026-07-14,Partially received,878.71
PO005244,SUP06,ST014,2026-06-02,2026-07-20,2026-08-01,Partially received,1842.29
PO005245,SUP07,ST015,2026-06-02,2026-07-11,2026-07-11,Partially received,1890.70
PO005246,SUP02,ST002,2026-06-03,2026-07-01,2026-07-01,Received,921.42
PO005247,SUP03,ST002,2026-06-03,2026-06-19,2026-06-19,Received,738.75
PO005248,SUP06,ST004,2026-06-03,2026-07-21,2026-07-31,Partially received,1721.08
PO005249,SUP03,ST005,2026-06-03,2026-06-19,2026-06-19,Received,2695.21
PO005250,SUP01,ST006,2026-06-03,2026-07-15,2026-07-15,Partially received,1269.82
PO005251,SUP04,ST008,2026-06-03,2026-07-28,2026-08-14,Partially received,1804.22
PO005252,SUP04,ST010,2026-06-03,2026-07-28,2026-08-07,Partially received,3028.97
PO005253,SUP01,ST011,2026-06-03,2026-07-15,2026-07-15,Partially received,3084.76
PO005254,SUP04,ST011,2026-06-03,2026-07-28,2026-07-28,Partially received,5269.72
PO005255,SUP02,ST014,2026-06-03,2026-07-01,2026-07-01,Partially received,1782.09
PO005256,SUP06,ST015,2026-06-03,2026-07-21,2026-07-21,Received,1465.18
PO005257,SUP03,ST016,2026-06-03,2026-06-19,2026-06-19,Received,1477.94
PO005258,SUP04,ST018,2026-06-03,2026-07-28,2026-08-14,Partially received,2697.30
PO005259,SUP06,ST900,2026-06-03,2026-07-21,2026-07-21,Partially received,2886.88
PO005260,SUP01,ST001,2026-06-04,2026-07-16,2026-07-16,Partially received,3840.46
PO005261,SUP02,ST003,2026-06-04,2026-07-02,2026-07-02,Received,731.03
PO005262,SUP03,ST003,2026-06-04,2026-06-20,2026-06-20,Received,2615.70
PO005263,SUP01,ST004,2026-06-04,2026-07-16,2026-07-16,Partially received,3722.98
PO005264,SUP04,ST004,2026-06-04,2026-07-29,2026-07-29,Partially received,4050.90
PO005265,SUP05,ST005,2026-06-04,2026-07-08,2026-07-08,Partially received,1657.34
PO005266,SUP02,ST010,2026-06-04,2026-07-02,2026-07-02,Partially received,1910.38
PO005267,SUP05,ST013,2026-06-04,2026-07-08,2026-07-08,Received,1223.95
PO005268,SUP05,ST014,2026-06-04,2026-07-08,2026-07-13,Received,1586.60
PO005269,SUP06,ST018,2026-06-04,2026-07-22,2026-07-22,Partially received,1713.57
PO005270,SUP02,ST001,2026-06-05,2026-07-03,2026-07-03,Received,2807.47
PO005271,SUP05,ST002,2026-06-05,2026-07-09,2026-07-09,Received,2346.95
PO005272,SUP07,ST004,2026-06-05,2026-07-14,2026-07-14,Partially received,3197.61
PO005273,SUP05,ST006,2026-06-05,2026-07-09,2026-07-09,Received,1516.21
PO005274,SUP01,ST008,2026-06-05,2026-07-17,2026-07-17,Received,1322.21
PO005275,SUP07,ST008,2026-06-05,2026-07-14,2026-07-14,Partially received,2353.43
PO005276,SUP01,ST010,2026-06-05,2026-07-17,2026-07-17,Partially received,1134.16
PO005277,SUP02,ST012,2026-06-05,2026-07-03,2026-07-03,Partially received,1209.57
PO005278,SUP03,ST013,2026-06-05,2026-06-21,2026-06-21,Partially received,1198.61
PO005279,SUP04,ST014,2026-06-05,2026-07-30,2026-07-30,Partially received,2088.23
PO005280,SUP01,ST015,2026-06-05,2026-07-17,2026-07-17,Received,2026.26
PO005281,SUP03,ST015,2026-06-05,2026-06-21,2026-06-21,Received,1937.04
PO005282,SUP07,ST016,2026-06-05,2026-07-14,2026-07-17,Partially received,1657.49
PO005283,SUP05,ST017,2026-06-05,2026-07-09,2026-07-09,Received,1302.10
PO005284,SUP07,ST018,2026-06-05,2026-07-14,2026-07-14,Partially received,1282.30
PO005285,SUP04,ST900,2026-06-05,2026-07-30,2026-07-30,Partially received,5029.59
PO005286,SUP05,ST001,2026-06-06,2026-07-10,2026-07-10,Received,3762.95
PO005287,SUP06,ST002,2026-06-06,2026-07-24,2026-07-24,Partially received,1584.53
PO005288,SUP07,ST006,2026-06-06,2026-07-15,2026-07-15,Partially received,1579.36
PO005289,SUP02,ST007,2026-06-06,2026-07-04,2026-07-04,Received,854.09
PO005290,SUP06,ST008,2026-06-06,2026-07-24,2026-07-24,Partially received,958.53
PO005291,SUP03,ST014,2026-06-06,2026-06-22,2026-06-22,Partially received,1412.97
PO005292,SUP01,ST900,2026-06-06,2026-07-18,2026-07-18,Partially received,4525.33
PO005293,SUP01,ST003,2026-06-07,2026-07-19,2026-07-27,Partially received,1981.08
PO005294,SUP06,ST010,2026-06-07,2026-07-25,2026-07-29,Received,1942.01
PO005295,SUP06,ST012,2026-06-07,2026-07-25,2026-08-02,Partially received,951.86
PO005296,SUP04,ST013,2026-06-07,2026-08-01,2026-08-11,Partially received,1971.43
PO005297,SUP06,ST013,2026-06-07,2026-07-25,2026-07-25,Partially received,1064.27
PO005298,SUP02,ST016,2026-06-07,2026-07-05,2026-07-05,Received,594.45
PO005299,SUP05,ST016,2026-06-07,2026-07-11,2026-07-11,Received,1587.98
PO005300,SUP02,ST900,2026-06-07,2026-07-05,2026-07-05,Partially received,3490.78
PO005301,SUP04,ST001,2026-06-08,2026-08-02,2026-08-16,Partially received,4596.21
PO005302,SUP02,ST004,2026-06-08,2026-07-06,2026-07-06,Received,1911.95
PO005303,SUP02,ST005,2026-06-08,2026-07-06,2026-07-06,Received,1191.84
PO005304,SUP02,ST006,2026-06-08,2026-07-06,2026-07-10,Received,1469.64
PO005305,SUP05,ST008,2026-06-08,2026-07-12,2026-07-16,Received,1218.39
PO005306,SUP03,ST011,2026-06-08,2026-06-24,2026-06-24,Received,3291.73
PO005307,SUP06,ST016,2026-06-08,2026-07-26,2026-07-26,Received,1495.10
PO005308,SUP03,ST017,2026-06-08,2026-06-24,2026-06-26,Partially received,1890.40
PO005309,SUP03,ST900,2026-06-08,2026-06-24,2026-06-24,Partially received,5119.70
PO005310,SUP07,ST900,2026-06-08,2026-07-17,2026-07-17,Received,3810.04
PO005311,SUP04,ST002,2026-06-09,2026-08-03,2026-08-03,Partially received,2373.06
PO005312,SUP06,ST003,2026-06-09,2026-07-27,2026-07-31,Partially received,1531.91
PO005313,SUP06,ST005,2026-06-09,2026-07-27,2026-07-27,Partially received,1499.87
PO005314,SUP01,ST009,2026-06-09,2026-07-21,2026-07-26,Partially received,648.86
PO005315,SUP05,ST012,2026-06-09,2026-07-13,2026-07-13,Received,935.17
PO005316,SUP04,ST015,2026-06-09,2026-08-03,2026-08-12,Received,1823.63
PO005317,SUP04,ST016,2026-06-09,2026-08-03,2026-08-03,Partially received,2988.93
PO005318,SUP01,ST017,2026-06-09,2026-07-21,2026-07-21,Received,1055.15
PO005319,SUP07,ST017,2026-06-09,2026-07-18,2026-07-18,Partially received,1376.97
PO005320,SUP01,ST018,2026-06-09,2026-07-21,2026-07-21,Received,1194.50
PO005321,SUP03,ST001,2026-06-10,2026-06-26,2026-06-26,Received,2516.95
PO005322,SUP05,ST003,2026-06-10,2026-07-14,2026-07-14,Partially received,1268.52
PO005323,SUP04,ST005,2026-06-10,2026-08-04,2026-08-04,Partially received,1656.19
PO005324,SUP04,ST006,2026-06-10,2026-08-04,2026-08-20,Partially received,4125.76
PO005325,SUP01,ST007,2026-06-10,2026-07-22,2026-07-22,Received,816.77
PO005326,SUP03,ST007,2026-06-10,2026-06-26,2026-06-26,Received,1995.61
PO005327,SUP02,ST008,2026-06-10,2026-07-08,2026-07-08,Received,1376.91
PO005328,SUP06,ST009,2026-06-10,2026-07-28,2026-07-28,Partially received,1168.31
PO005329,SUP05,ST011,2026-06-10,2026-07-14,2026-07-14,Received,2513.17
PO005330,SUP07,ST012,2026-06-10,2026-07-19,2026-07-19,Partially received,1906.22
PO005331,SUP02,ST013,2026-06-10,2026-07-08,2026-07-13,Received,1417.82
PO005332,SUP01,ST016,2026-06-10,2026-07-22,2026-07-22,Received,1568.84
PO005333,SUP05,ST018,2026-06-10,2026-07-14,2026-07-14,Received,1897.54
PO005334,SUP03,ST006,2026-06-11,2026-06-27,2026-06-27,Received,1800.20
PO005335,SUP07,ST007,2026-06-11,2026-07-20,2026-07-20,Partially received,937.21
PO005336,SUP02,ST015,2026-06-11,2026-07-09,2026-07-09,Received,1640.15
PO005337,SUP04,ST017,2026-06-11,2026-08-05,2026-08-20,Partially received,2592.50
PO005338,SUP07,ST001,2026-06-12,2026-07-21,2026-07-29,Received,2919.09
PO005339,SUP04,ST003,2026-06-12,2026-08-06,2026-08-24,Partially received,3065.60
PO005340,SUP03,ST004,2026-06-12,2026-06-28,2026-06-28,Received,3313.56
PO005341,SUP05,ST004,2026-06-12,2026-07-16,2026-07-16,Partially received,1968.49
PO005342,SUP06,ST011,2026-06-12,2026-07-30,2026-07-30,Partially received,2240.17
PO005343,SUP03,ST012,2026-06-12,2026-06-28,2026-06-28,Received,1954.09
PO005344,SUP05,ST015,2026-06-12,2026-07-16,2026-07-16,Partially received,1809.81
PO005345,SUP02,ST018,2026-06-12,2026-07-10,2026-07-12,Partially received,1315.10
PO005346,SUP01,ST002,2026-06-13,2026-07-25,2026-07-25,Received,1060.81
PO005347,SUP07,ST005,2026-06-13,2026-07-22,2026-07-22,Received,1352.09
PO005348,SUP06,ST007,2026-06-13,2026-07-31,2026-07-31,Received,929.63
PO005349,SUP03,ST008,2026-06-13,2026-06-29,2026-06-29,Received,1879.90
PO005350,SUP03,ST010,2026-06-13,2026-06-29,2026-06-29,Received,895.50
PO005351,SUP07,ST010,2026-06-13,2026-07-22,2026-07-22,Partially received,1689.15
PO005352,SUP02,ST011,2026-06-13,2026-07-11,2026-07-11,Partially received,2358.20
PO005353,SUP01,ST012,2026-06-13,2026-07-25,2026-07-25,Partially received,991.75
PO005354,SUP07,ST013,2026-06-13,2026-07-22,2026-07-22,Partially received,1308.54
PO005355,SUP07,ST014,2026-06-13,2026-07-22,2026-07-22,Partially received,1506.42
PO005356,SUP06,ST017,2026-06-13,2026-07-31,2026-07-31,Received,1373.76
PO005357,SUP03,ST018,2026-06-13,2026-06-29,2026-06-29,Received,1314.37
PO005358,SUP05,ST900,2026-06-13,2026-07-17,2026-07-17,Received,4997.45
PO005359,SUP05,ST009,2026-06-14,2026-07-18,2026-07-18,Received,930.37
PO005360,SUP07,ST009,2026-06-14,2026-07-23,2026-07-26,Partially received,1071.11
PO005361,SUP07,ST011,2026-06-14,2026-07-23,2026-07-23,Partially received,1874.42
PO005362,SUP06,ST001,2026-06-15,2026-08-02,2026-08-02,Received,2207.07
PO005363,SUP06,ST006,2026-06-15,2026-08-02,2026-08-02,Partially received,1311.36
PO005364,SUP05,ST007,2026-06-15,2026-07-19,2026-07-19,Received,725.75
PO005365,SUP03,ST009,2026-06-15,2026-07-01,2026-07-01,Partially received,1621.82
PO005366,SUP04,ST009,2026-06-15,2026-08-09,2026-08-09,Partially received,1146.65
PO005367,SUP05,ST010,2026-06-15,2026-07-19,2026-07-19,Partially received,899.88
PO005368,SUP01,ST013,2026-06-15,2026-07-27,2026-07-27,Received,958.27
PO005369,SUP02,ST017,2026-06-15,2026-07-13,2026-07-13,Partially received,344.91
PO005370,SUP07,ST002,2026-06-16,2026-07-25,2026-07-25,Partially received,778.77
PO005371,SUP07,ST003,2026-06-16,2026-07-25,2026-07-30,Received,1209.19
PO005372,SUP01,ST005,2026-06-16,2026-07-28,2026-08-01,Received,1132.40
PO005373,SUP04,ST007,2026-06-16,2026-08-10,2026-08-10,Partially received,1797.44
PO005374,SUP02,ST009,2026-06-16,2026-07-14,2026-07-14,Received,1623.99
PO005375,SUP04,ST012,2026-06-16,2026-08-10,2026-08-18,Partially received,2171.31
PO005376,SUP01,ST014,2026-06-16,2026-07-28,2026-08-03,Received,990.67
PO005377,SUP06,ST014,2026-06-16,2026-08-03,2026-08-03,Received,754.22
PO005378,SUP07,ST015,2026-06-16,2026-07-25,2026-07-25,Partially received,932.50
PO005379,SUP02,ST002,2026-06-17,2026-07-15,2026-07-19,Received,435.93
PO005380,SUP03,ST002,2026-06-17,2026-07-03,2026-07-03,Received,1257.31
PO005381,SUP06,ST004,2026-06-17,2026-08-04,2026-08-04,Partially received,2008.65
PO005382,SUP03,ST005,2026-06-17,2026-07-03,2026-07-03,Partially received,785.83
PO005383,SUP01,ST006,2026-06-17,2026-07-29,2026-07-29,Received,1904.71
PO005384,SUP04,ST008,2026-06-17,2026-08-11,2026-08-11,Partially received,842.34
PO005385,SUP04,ST010,2026-06-17,2026-08-11,2026-08-27,Partially received,1449.05
PO005386,SUP01,ST011,2026-06-17,2026-07-29,2026-07-29,Partially received,2367.63
PO005387,SUP04,ST011,2026-06-17,2026-08-11,2026-08-11,Partially received,2910.99
PO005388,SUP02,ST014,2026-06-17,2026-07-15,2026-07-15,Received,548.23
PO005389,SUP06,ST015,2026-06-17,2026-08-04,2026-08-04,Received,1320.67
PO005390,SUP03,ST016,2026-06-17,2026-07-03,2026-07-03,Received,1086.38
PO005391,SUP04,ST018,2026-06-17,2026-08-11,2026-08-11,Partially received,2046.80
PO005392,SUP06,ST900,2026-06-17,2026-08-04,2026-08-10,Received,3031.05
PO005393,SUP01,ST001,2026-06-18,2026-07-30,2026-07-30,Partially received,926.14
PO005394,SUP02,ST003,2026-06-18,2026-07-16,2026-07-16,Received,966.41
PO005395,SUP03,ST003,2026-06-18,2026-07-04,2026-07-04,Received,732.58
PO005396,SUP01,ST004,2026-06-18,2026-07-30,2026-07-30,Received,2043.30
PO005397,SUP04,ST004,2026-06-18,2026-08-12,2026-08-12,Partially received,4821.74
PO005398,SUP05,ST005,2026-06-18,2026-07-22,2026-07-25,Partially received,583.02
PO005399,SUP02,ST010,2026-06-18,2026-07-16,2026-07-20,Partially received,695.35
PO005400,SUP05,ST013,2026-06-18,2026-07-22,2026-07-22,Received,798.03
PO005401,SUP05,ST014,2026-06-18,2026-07-22,2026-07-22,Partially received,606.10
PO005402,SUP06,ST018,2026-06-18,2026-08-05,2026-08-05,Partially received,1603.28
PO005403,SUP02,ST001,2026-06-19,2026-07-17,2026-07-20,Received,2684.75
PO005404,SUP05,ST002,2026-06-19,2026-07-23,2026-07-23,Received,611.23
PO005405,SUP07,ST004,2026-06-19,2026-07-28,2026-07-28,Partially received,2058.20
PO005406,SUP05,ST006,2026-06-19,2026-07-23,2026-07-23,Received,982.83
PO005407,SUP01,ST008,2026-06-19,2026-07-31,2026-07-31,Partially received,1361.45
PO005408,SUP07,ST008,2026-06-19,2026-07-28,2026-07-28,Received,879.93
PO005409,SUP01,ST010,2026-06-19,2026-07-31,2026-07-31,Partially received,2204.48
PO005410,SUP02,ST012,2026-06-19,2026-07-17,2026-07-20,Partially received,381.49
PO005411,SUP03,ST013,2026-06-19,2026-07-05,2026-07-05,Received,943.25
PO005412,SUP04,ST014,2026-06-19,2026-08-13,2026-08-29,Received,730.21
PO005413,SUP01,ST015,2026-06-19,2026-07-31,2026-07-31,Received,1909.49
PO005414,SUP03,ST015,2026-06-19,2026-07-05,2026-07-05,Received,2942.65
PO005415,SUP07,ST016,2026-06-19,2026-07-28,2026-07-28,Received,1466.95
PO005416,SUP05,ST017,2026-06-19,2026-07-23,2026-07-25,Partially received,807.09
PO005417,SUP07,ST018,2026-06-19,2026-07-28,2026-07-31,Received,881.58
PO005418,SUP04,ST900,2026-06-19,2026-08-13,2026-08-29,Partially received,6123.62
PO005419,SUP05,ST001,2026-06-20,2026-07-24,2026-07-24,Partially received,1467.52
PO005420,SUP06,ST002,2026-06-20,2026-08-07,2026-08-07,Partially received,687.22
PO005421,SUP07,ST006,2026-06-20,2026-07-29,2026-07-29,Received,1411.93
PO005422,SUP02,ST007,2026-06-20,2026-07-18,2026-07-18,Partially received,811.12
PO005423,SUP06,ST008,2026-06-20,2026-08-07,2026-08-17,Received,596.35
PO005424,SUP03,ST014,2026-06-20,2026-07-06,2026-07-06,Received,1437.27
PO005425,SUP01,ST900,2026-06-20,2026-08-01,2026-08-01,Partially received,4320.80
PO005426,SUP01,ST003,2026-06-21,2026-08-02,2026-08-02,Partially received,475.83
PO005427,SUP06,ST010,2026-06-21,2026-08-08,2026-08-08,Received,660.97
PO005428,SUP06,ST012,2026-06-21,2026-08-08,2026-08-08,Partially received,763.45
PO005429,SUP04,ST013,2026-06-21,2026-08-15,2026-08-15,Partially received,1207.62
PO005430,SUP06,ST013,2026-06-21,2026-08-08,2026-08-08,Received,1025.11
PO005431,SUP02,ST016,2026-06-21,2026-07-19,2026-07-19,Received,789.76
PO005432,SUP05,ST016,2026-06-21,2026-07-25,2026-07-25,Received,697.31
PO005433,SUP02,ST900,2026-06-21,2026-07-19,2026-07-19,Received,3224.28
PO005434,SUP04,ST001,2026-06-22,2026-08-16,2026-08-26,Partially received,3307.07
PO005435,SUP02,ST004,2026-06-22,2026-07-20,2026-07-20,Received,2813.97
PO005436,SUP02,ST005,2026-06-22,2026-07-20,2026-07-20,Received,543.90
PO005437,SUP02,ST006,2026-06-22,2026-07-20,2026-07-20,Received,561.54
PO005438,SUP05,ST008,2026-06-22,2026-07-26,2026-07-29,Received,481.30
PO005439,SUP03,ST011,2026-06-22,2026-07-08,2026-07-08,Received,1325.05
PO005440,SUP06,ST016,2026-06-22,2026-08-09,2026-08-09,Partially received,539.06
PO005441,SUP03,ST017,2026-06-22,2026-07-08,2026-07-08,Partially received,974.20
PO005442,SUP03,ST900,2026-06-22,2026-07-08,2026-07-08,Partially received,4238.38
PO005443,SUP07,ST900,2026-06-22,2026-07-31,2026-07-31,Partially received,4048.48
PO005444,SUP04,ST002,2026-06-23,2026-08-17,2026-08-17,Partially received,1422.65
PO005445,SUP06,ST003,2026-06-23,2026-08-10,2026-08-10,Partially received,577.33
PO005446,SUP06,ST005,2026-06-23,2026-08-10,2026-08-10,Partially received,1211.21
PO005447,SUP01,ST009,2026-06-23,2026-08-04,2026-08-04,Received,2082.22
PO005448,SUP05,ST012,2026-06-23,2026-07-27,2026-07-27,Received,370.12
PO005449,SUP04,ST015,2026-06-23,2026-08-17,2026-08-24,Partially received,1568.09
PO005450,SUP04,ST016,2026-06-23,2026-08-17,2026-08-17,Partially received,1974.31
PO005451,SUP01,ST017,2026-06-23,2026-08-04,2026-08-04,Received,827.18
PO005452,SUP07,ST017,2026-06-23,2026-08-01,2026-08-01,Received,1574.49
PO005453,SUP01,ST018,2026-06-23,2026-08-04,2026-08-09,Received,1429.48
PO005454,SUP03,ST001,2026-06-24,2026-07-10,2026-07-10,Received,2299.43
PO005455,SUP05,ST003,2026-06-24,2026-07-28,2026-07-28,Received,995.26
PO005456,SUP04,ST005,2026-06-24,2026-08-18,,Open,2100.80
PO005457,SUP04,ST006,2026-06-24,2026-08-18,,Open,2177.12
PO005458,SUP01,ST007,2026-06-24,2026-08-05,2026-08-05,Received,1536.04
PO005459,SUP03,ST007,2026-06-24,2026-07-10,2026-07-10,Received,605.94
PO005460,SUP02,ST008,2026-06-24,2026-07-22,2026-07-22,Received,374.08
PO005461,SUP06,ST009,2026-06-24,2026-08-11,2026-08-11,Partially received,899.09
PO005462,SUP05,ST011,2026-06-24,2026-07-28,2026-07-28,Received,2174.32
PO005463,SUP07,ST012,2026-06-24,2026-08-02,2026-08-06,Received,766.44
PO005464,SUP02,ST013,2026-06-24,2026-07-22,2026-07-22,Received,362.49
PO005465,SUP01,ST016,2026-06-24,2026-08-05,2026-08-05,Received,461.21
PO005466,SUP05,ST018,2026-06-24,2026-07-28,2026-08-03,Partially received,611.52
PO005467,SUP03,ST006,2026-06-25,2026-07-11,2026-07-11,Received,2538.67
PO005468,SUP07,ST007,2026-06-25,2026-08-03,2026-08-03,Partially received,776.72
PO005469,SUP02,ST015,2026-06-25,2026-07-23,2026-07-23,Partially received,746.71
PO005470,SUP04,ST017,2026-06-25,2026-08-19,2026-08-19,Partially received,1161.06
PO005471,SUP07,ST001,2026-06-26,2026-08-04,2026-08-14,Partially received,2231.52
PO005472,SUP04,ST003,2026-06-26,2026-08-20,,Open,1187.96
PO005473,SUP03,ST004,2026-06-26,2026-07-12,2026-07-12,Received,3415.32
PO005474,SUP05,ST004,2026-06-26,2026-07-30,2026-07-30,Partially received,2308.24
PO005475,SUP06,ST011,2026-06-26,2026-08-13,2026-08-13,Partially received,2347.22
PO005476,SUP03,ST012,2026-06-26,2026-07-12,2026-07-12,Partially received,1831.26
PO005477,SUP05,ST015,2026-06-26,2026-07-30,2026-07-30,Received,408.38
PO005478,SUP02,ST018,2026-06-26,2026-07-24,2026-07-24,Received,498.79
PO005479,SUP01,ST002,2026-06-27,2026-08-08,2026-08-12,Received,860.89
PO005480,SUP07,ST005,2026-06-27,2026-08-05,2026-08-05,Partially received,1240.86
PO005481,SUP06,ST007,2026-06-27,2026-08-14,2026-08-14,Partially received,1370.91
PO005482,SUP03,ST008,2026-06-27,2026-07-13,2026-07-13,Received,575.15
PO005483,SUP03,ST010,2026-06-27,2026-07-13,2026-07-13,Received,1050.28
PO005484,SUP07,ST010,2026-06-27,2026-08-05,2026-08-05,Partially received,1848.69
PO005485,SUP02,ST011,2026-06-27,2026-07-25,2026-07-25,Partially received,522.88
PO005486,SUP01,ST012,2026-06-27,2026-08-08,2026-08-08,Partially received,1245.41
PO005487,SUP07,ST013,2026-06-27,2026-08-05,2026-08-12,Received,947.14
PO005488,SUP07,ST014,2026-06-27,2026-08-05,2026-08-05,Received,644.65
PO005489,SUP06,ST017,2026-06-27,2026-08-14,2026-08-14,Partially received,1579.01
PO005490,SUP03,ST018,2026-06-27,2026-07-13,2026-07-13,Received,1709.26
PO005491,SUP05,ST900,2026-06-27,2026-07-31,2026-07-31,Partially received,2580.84
PO005492,SUP05,ST009,2026-06-28,2026-08-01,2026-08-01,Partially received,1163.60
PO005493,SUP07,ST009,2026-06-28,2026-08-06,2026-08-06,Partially received,1172.07
PO005494,SUP07,ST011,2026-06-28,2026-08-06,2026-08-06,Received,2545.16
PO005495,SUP06,ST001,2026-06-29,2026-08-16,2026-08-25,Received,2397.54
PO005496,SUP06,ST006,2026-06-29,2026-08-16,2026-08-16,Received,752.12
PO005497,SUP05,ST007,2026-06-29,2026-08-02,2026-08-04,Partially received,985.19
PO005498,SUP03,ST009,2026-06-29,2026-07-15,2026-07-15,Partially received,993.71
PO005499,SUP04,ST009,2026-06-29,2026-08-23,2026-08-23,Partially received,2110.66
PO005500,SUP05,ST010,2026-06-29,2026-08-02,2026-08-02,Partially received,1886.37
PO005501,SUP01,ST013,2026-06-29,2026-08-10,2026-08-10,Received,366.99
PO005502,SUP02,ST017,2026-06-29,2026-07-27,2026-07-27,Partially received,1542.28
PO005503,SUP07,ST002,2026-06-30,2026-08-08,2026-08-08,Partially received,1153.79
PO005504,SUP07,ST003,2026-06-30,2026-08-08,2026-08-08,Received,1028.15
PO005505,SUP01,ST005,2026-06-30,2026-08-11,2026-08-11,Received,884.23
PO005506,SUP04,ST007,2026-06-30,2026-08-24,2026-08-24,Partially received,1058.19
PO005507,SUP02,ST009,2026-06-30,2026-07-28,2026-07-28,Received,969.48
PO005508,SUP04,ST012,2026-06-30,2026-08-24,,Open,1001.09
PO005509,SUP01,ST014,2026-06-30,2026-08-11,2026-08-11,Received,813.73
PO005510,SUP06,ST014,2026-06-30,2026-08-17,2026-08-17,Received,1098.75
PO005511,SUP07,ST015,2026-06-30,2026-08-08,2026-08-12,Partially received,1065.42
PO005512,SUP02,ST002,2026-07-01,2026-07-29,2026-07-29,Partially received,969.09
PO005513,SUP03,ST002,2026-07-01,2026-07-17,2026-07-17,Received,770.65
PO005514,SUP06,ST004,2026-07-01,2026-08-18,2026-08-18,Partially received,1374.45
PO005515,SUP03,ST005,2026-07-01,2026-07-17,2026-07-17,Partially received,2164.36
PO005516,SUP01,ST006,2026-07-01,2026-08-12,2026-08-12,Partially received,1257.49
PO005517,SUP04,ST008,2026-07-01,2026-08-25,,Open,3095.38
PO005518,SUP04,ST010,2026-07-01,2026-08-25,2026-08-25,Partially received,3695.93
PO005519,SUP01,ST011,2026-07-01,2026-08-12,2026-08-12,Received,1240.61
PO005520,SUP04,ST011,2026-07-01,2026-08-25,,Open,3091.65
PO005521,SUP02,ST014,2026-07-01,2026-07-29,2026-07-29,Partially received,1101.40
PO005522,SUP06,ST015,2026-07-01,2026-08-18,2026-08-18,Partially received,2031.69
PO005523,SUP03,ST016,2026-07-01,2026-07-17,2026-07-17,Received,633.05
PO005524,SUP04,ST018,2026-07-01,2026-08-25,2026-08-25,Partially received,2763.72
PO005525,SUP06,ST900,2026-07-01,2026-08-18,2026-08-18,Partially received,3037.72
PO005526,SUP01,ST001,2026-07-02,2026-08-13,2026-08-13,Partially received,2070.45
PO005527,SUP02,ST003,2026-07-02,2026-07-30,2026-07-30,Received,893.03
PO005528,SUP03,ST003,2026-07-02,2026-07-18,2026-07-18,Partially received,645.61
PO005529,SUP01,ST004,2026-07-02,2026-08-13,2026-08-13,Partially received,1341.34
PO005530,SUP04,ST004,2026-07-02,2026-08-26,2026-08-26,Partially received,5672.54
PO005531,SUP05,ST005,2026-07-02,2026-08-05,2026-08-05,Received,1173.47
PO005532,SUP02,ST010,2026-07-02,2026-07-30,2026-07-30,Received,1271.76
PO005533,SUP05,ST013,2026-07-02,2026-08-05,2026-08-05,Partially received,1383.51
PO005534,SUP05,ST014,2026-07-02,2026-08-05,2026-08-05,Received,951.26
PO005535,SUP06,ST018,2026-07-02,2026-08-19,2026-08-27,Partially received,1761.99
PO005536,SUP02,ST001,2026-07-03,2026-07-31,2026-07-31,Partially received,3364.25
PO005537,SUP05,ST002,2026-07-03,2026-08-06,2026-08-06,Received,1108.96
PO005538,SUP07,ST004,2026-07-03,2026-08-11,2026-08-11,Partially received,4133.09
PO005539,SUP05,ST006,2026-07-03,2026-08-06,2026-08-06,Received,2034.26
PO005540,SUP01,ST008,2026-07-03,2026-08-14,2026-08-14,Received,753.18
PO005541,SUP07,ST008,2026-07-03,2026-08-11,2026-08-11,Received,1703.13
PO005542,SUP01,ST010,2026-07-03,2026-08-14,2026-08-14,Partially received,1120.26
PO005543,SUP02,ST012,2026-07-03,2026-07-31,2026-07-31,Received,753.56
PO005544,SUP03,ST013,2026-07-03,2026-07-19,2026-07-19,Partially received,1577.17
PO005545,SUP04,ST014,2026-07-03,2026-08-27,2026-08-27,Partially received,4344.51
PO005546,SUP01,ST015,2026-07-03,2026-08-14,2026-08-14,Received,686.68
PO005547,SUP03,ST015,2026-07-03,2026-07-19,2026-07-19,Partially received,3097.81
PO005548,SUP07,ST016,2026-07-03,2026-08-11,2026-08-11,Received,1490.76
PO005549,SUP05,ST017,2026-07-03,2026-08-06,2026-08-06,Partially received,1036.97
PO005550,SUP07,ST018,2026-07-03,2026-08-11,2026-08-11,Received,1605.83
PO005551,SUP04,ST900,2026-07-03,2026-08-27,,Open,7246.62
PO005552,SUP05,ST001,2026-07-04,2026-08-07,2026-08-09,Partially received,3366.86
PO005553,SUP06,ST002,2026-07-04,2026-08-21,2026-08-21,Partially received,2353.45
PO005554,SUP07,ST006,2026-07-04,2026-08-12,2026-08-12,Received,2000.10
PO005555,SUP02,ST007,2026-07-04,2026-08-01,2026-08-04,Received,1273.78
PO005556,SUP06,ST008,2026-07-04,2026-08-21,2026-08-21,Partially received,1661.25
PO005557,SUP03,ST014,2026-07-04,2026-07-20,2026-07-20,Partially received,3230.82
PO005558,SUP01,ST900,2026-07-04,2026-08-15,2026-08-15,Received,4239.85
PO005559,SUP01,ST003,2026-07-05,2026-08-16,2026-08-24,Received,1255.32
PO005560,SUP06,ST010,2026-07-05,2026-08-22,2026-08-22,Received,539.56
PO005561,SUP06,ST012,2026-07-05,2026-08-22,2026-08-22,Received,880.76
PO005562,SUP04,ST013,2026-07-05,2026-08-29,2026-08-29,Partially received,3370.74
PO005563,SUP06,ST013,2026-07-05,2026-08-22,2026-08-30,Partially received,1014.53
PO005564,SUP02,ST016,2026-07-05,2026-08-02,2026-08-02,Received,582.86
PO005565,SUP05,ST016,2026-07-05,2026-08-08,2026-08-08,Partially received,1514.54
PO005566,SUP02,ST900,2026-07-05,2026-08-02,2026-08-02,Received,2409.38
PO005567,SUP04,ST001,2026-07-06,2026-08-30,,Open,3479.99
PO005568,SUP02,ST004,2026-07-06,2026-08-03,2026-08-03,Received,1670.77
PO005569,SUP02,ST005,2026-07-06,2026-08-03,2026-08-03,Received,1484.80
PO005570,SUP02,ST006,2026-07-06,2026-08-03,2026-08-03,Partially received,2357.49
PO005571,SUP05,ST008,2026-07-06,2026-08-09,2026-08-09,Received,1332.52
PO005572,SUP03,ST011,2026-07-06,2026-07-22,2026-07-24,Received,3550.16
PO005573,SUP06,ST016,2026-07-06,2026-08-23,2026-08-23,Partially received,1451.50
PO005574,SUP03,ST017,2026-07-06,2026-07-22,2026-07-22,Received,1807.28
PO005575,SUP03,ST900,2026-07-06,2026-07-22,2026-07-22,Received,4442.22
PO005576,SUP07,ST900,2026-07-06,2026-08-14,2026-08-14,Partially received,2494.49
PO005577,SUP04,ST002,2026-07-07,2026-08-31,2026-08-31,Partially received,3231.06
PO005578,SUP06,ST003,2026-07-07,2026-08-24,2026-08-29,Received,1367.53
PO005579,SUP06,ST005,2026-07-07,2026-08-24,2026-08-24,Partially received,781.85
PO005580,SUP01,ST009,2026-07-07,2026-08-18,2026-08-18,Received,846.26
PO005581,SUP05,ST012,2026-07-07,2026-08-10,2026-08-10,Received,1314.20
PO005582,SUP04,ST015,2026-07-07,2026-08-31,,Open,2815.30
PO005583,SUP04,ST016,2026-07-07,2026-08-31,2026-08-31,Partially received,2040.96
PO005584,SUP01,ST017,2026-07-07,2026-08-18,2026-08-21,Partially received,927.34
PO005585,SUP07,ST017,2026-07-07,2026-08-15,2026-08-21,Partially received,904.35
PO005586,SUP01,ST018,2026-07-07,2026-08-18,2026-08-18,Partially received,1288.67
PO005587,SUP03,ST001,2026-07-08,2026-07-24,2026-07-24,Partially received,4453.30
PO005588,SUP05,ST003,2026-07-08,2026-08-11,2026-08-11,Received,1994.73
PO005589,SUP04,ST005,2026-07-08,2026-09-01,,Open,1474.38
PO005590,SUP04,ST006,2026-07-08,2026-09-01,,Open,2652.92
PO005591,SUP01,ST007,2026-07-08,2026-08-19,2026-08-19,Partially received,1131.09
PO005592,SUP03,ST007,2026-07-08,2026-07-24,2026-07-24,Received,643.09
PO005593,SUP02,ST008,2026-07-08,2026-08-05,2026-08-05,Received,732.29
PO005594,SUP06,ST009,2026-07-08,2026-08-25,,Open,1820.45
PO005595,SUP05,ST011,2026-07-08,2026-08-11,2026-08-11,Partially received,3039.13
PO005596,SUP07,ST012,2026-07-08,2026-08-16,2026-08-16,Partially received,2253.67
PO005597,SUP02,ST013,2026-07-08,2026-08-05,2026-08-05,Received,882.16
PO005598,SUP01,ST016,2026-07-08,2026-08-19,2026-08-19,Received,2024.96
PO005599,SUP05,ST018,2026-07-08,2026-08-11,2026-08-11,Partially received,1307.39
PO005600,SUP03,ST006,2026-07-09,2026-07-25,2026-07-25,Partially received,1082.36
PO005601,SUP07,ST007,2026-07-09,2026-08-17,2026-08-17,Partially received,1180.35
PO005602,SUP02,ST015,2026-07-09,2026-08-06,2026-08-06,Received,1448.24
PO005603,SUP04,ST017,2026-07-09,2026-09-02,,Open,2057.83
PO005604,SUP07,ST001,2026-07-10,2026-08-18,2026-08-21,Partially received,1882.78
PO005605,SUP04,ST003,2026-07-10,2026-09-03,,Open,3624.07
PO005606,SUP03,ST004,2026-07-10,2026-07-26,2026-07-26,Received,2194.48
PO005607,SUP05,ST004,2026-07-10,2026-08-13,2026-08-13,Received,1087.87
PO005608,SUP06,ST011,2026-07-10,2026-08-27,2026-08-27,Partially received,1924.31
PO005609,SUP03,ST012,2026-07-10,2026-07-26,2026-07-26,Received,1458.74
PO005610,SUP05,ST015,2026-07-10,2026-08-13,2026-08-13,Received,1191.89
PO005611,SUP02,ST018,2026-07-10,2026-08-07,2026-08-07,Received,1324.63
PO005612,SUP01,ST002,2026-07-11,2026-08-22,2026-08-22,Partially received,1170.30
PO005613,SUP07,ST005,2026-07-11,2026-08-19,2026-08-19,Partially received,1168.93
PO005614,SUP06,ST007,2026-07-11,2026-08-28,2026-08-28,Received,1383.45
PO005615,SUP03,ST008,2026-07-11,2026-07-27,2026-07-27,Received,1552.87
PO005616,SUP03,ST010,2026-07-11,2026-07-27,2026-07-27,Received,1168.45
PO005617,SUP07,ST010,2026-07-11,2026-08-19,2026-08-22,Partially received,2563.77
PO005618,SUP02,ST011,2026-07-11,2026-08-08,2026-08-08,Received,1499.67
PO005619,SUP01,ST012,2026-07-11,2026-08-22,2026-08-30,Received,1300.95
PO005620,SUP07,ST013,2026-07-11,2026-08-19,2026-08-19,Partially received,741.86
PO005621,SUP07,ST014,2026-07-11,2026-08-19,2026-08-22,Partially received,1660.97
PO005622,SUP06,ST017,2026-07-11,2026-08-28,2026-08-28,Received,1201.53
PO005623,SUP03,ST018,2026-07-11,2026-07-27,2026-07-27,Received,1421.80
PO005624,SUP05,ST900,2026-07-11,2026-08-14,2026-08-14,Received,2723.75
PO005625,SUP05,ST009,2026-07-12,2026-08-15,2026-08-15,Received,948.50
PO005626,SUP07,ST009,2026-07-12,2026-08-20,2026-08-20,Partially received,1132.39
PO005627,SUP07,ST011,2026-07-12,2026-08-20,2026-08-20,Partially received,1644.17
PO005628,SUP06,ST001,2026-07-13,2026-08-30,2026-08-30,Partially received,1917.56
PO005629,SUP06,ST006,2026-07-13,2026-08-30,2026-08-30,Received,1419.85
PO005630,SUP05,ST007,2026-07-13,2026-08-16,2026-08-16,Partially received,1086.18
PO005631,SUP03,ST009,2026-07-13,2026-07-29,2026-07-29,Received,2802.13
PO005632,SUP04,ST009,2026-07-13,2026-09-06,,Open,4366.68
PO005633,SUP05,ST010,2026-07-13,2026-08-16,2026-08-16,Received,2300.00
PO005634,SUP01,ST013,2026-07-13,2026-08-24,2026-08-24,Received,1321.51
PO005635,SUP02,ST017,2026-07-13,2026-08-10,2026-08-10,Received,1098.90
PO005636,SUP07,ST002,2026-07-14,2026-08-22,2026-08-28,Received,1341.77
PO005637,SUP07,ST003,2026-07-14,2026-08-22,2026-08-31,Partially received,1882.50
PO005638,SUP01,ST005,2026-07-14,2026-08-25,2026-08-25,Received,1244.81
PO005639,SUP04,ST007,2026-07-14,2026-09-07,,Open,1521.37
PO005640,SUP02,ST009,2026-07-14,2026-08-11,2026-08-15,Partially received,1269.08
PO005641,SUP04,ST012,2026-07-14,2026-09-07,,Open,3481.97
PO005642,SUP01,ST014,2026-07-14,2026-08-25,2026-08-25,Partially received,1236.70
PO005643,SUP06,ST014,2026-07-14,2026-08-31,,Open,2042.26
PO005644,SUP07,ST015,2026-07-14,2026-08-22,2026-08-22,Received,2078.68
PO005645,SUP02,ST002,2026-07-15,2026-08-12,2026-08-12,Partially received,358.73
PO005646,SUP03,ST002,2026-07-15,2026-07-31,2026-07-31,Partially received,1911.83
PO005647,SUP06,ST004,2026-07-15,2026-09-01,,Open,796.11
PO005648,SUP03,ST005,2026-07-15,2026-07-31,2026-07-31,Received,721.61
PO005649,SUP01,ST006,2026-07-15,2026-08-26,2026-08-26,Received,2859.51
PO005650,SUP04,ST008,2026-07-15,2026-09-08,,Open,2464.02
PO005651,SUP04,ST010,2026-07-15,2026-09-08,,Open,690.08
PO005652,SUP01,ST011,2026-07-15,2026-08-26,,Open,1144.90
PO005653,SUP04,ST011,2026-07-15,2026-09-08,,Open,2217.39
PO005654,SUP02,ST014,2026-07-15,2026-08-12,2026-08-12,Received,1964.87
PO005655,SUP06,ST015,2026-07-15,2026-09-01,,Open,670.78
PO005656,SUP03,ST016,2026-07-15,2026-07-31,2026-07-31,Received,1982.56
PO005657,SUP04,ST018,2026-07-15,2026-09-08,,Open,1632.79
PO005658,SUP06,ST900,2026-07-15,2026-09-01,,Open,3396.05
PO005659,SUP01,ST001,2026-07-16,2026-08-27,2026-08-27,Received,3013.31
PO005660,SUP02,ST003,2026-07-16,2026-08-13,2026-08-13,Received,357.26
PO005661,SUP03,ST003,2026-07-16,2026-08-01,2026-08-01,Received,1166.63
PO005662,SUP01,ST004,2026-07-16,2026-08-27,2026-08-27,Received,2322.42
PO005663,SUP04,ST004,2026-07-16,2026-09-09,,Open,2258.15
PO005664,SUP05,ST005,2026-07-16,2026-08-19,2026-08-19,Received,1196.15
PO005665,SUP02,ST010,2026-07-16,2026-08-13,2026-08-13,Received,584.79
PO005666,SUP05,ST013,2026-07-16,2026-08-19,2026-08-19,Received,505.39
PO005667,SUP05,ST014,2026-07-16,2026-08-19,2026-08-19,Received,620.75
PO005668,SUP06,ST018,2026-07-16,2026-09-02,,Open,278.50
PO005669,SUP02,ST001,2026-07-17,2026-08-14,2026-08-14,Received,345.98
PO005670,SUP05,ST002,2026-07-17,2026-08-20,2026-08-20,Received,1137.39
PO005671,SUP07,ST004,2026-07-17,2026-08-25,2026-08-25,Partially received,1007.66
PO005672,SUP05,ST006,2026-07-17,2026-08-20,2026-08-20,Received,627.73
PO005673,SUP01,ST008,2026-07-17,2026-08-28,2026-08-28,Received,1358.41
PO005674,SUP07,ST008,2026-07-17,2026-08-25,2026-08-25,Received,958.24
PO005675,SUP01,ST010,2026-07-17,2026-08-28,2026-08-28,Received,847.60
PO005676,SUP02,ST012,2026-07-17,2026-08-14,2026-08-14,Received,807.39
PO005677,SUP03,ST013,2026-07-17,2026-08-02,2026-08-03,Received,1090.89
PO005678,SUP04,ST014,2026-07-17,2026-09-10,,Open,1270.45
PO005679,SUP01,ST015,2026-07-17,2026-08-28,2026-08-28,Received,1624.63
PO005680,SUP03,ST015,2026-07-17,2026-08-02,2026-08-03,Received,1712.23
PO005681,SUP07,ST016,2026-07-17,2026-08-25,2026-08-25,Partially received,1098.06
PO005682,SUP05,ST017,2026-07-17,2026-08-20,2026-08-20,Received,421.84
PO005683,SUP07,ST018,2026-07-17,2026-08-25,2026-08-25,Received,1273.07
PO005684,SUP04,ST900,2026-07-17,2026-09-10,,Open,4637.52
PO005685,SUP05,ST001,2026-07-18,2026-08-21,2026-08-21,Received,1093.40
PO005686,SUP06,ST002,2026-07-18,2026-09-04,,Open,1193.64
PO005687,SUP07,ST006,2026-07-18,2026-08-26,2026-08-26,Received,662.36
PO005688,SUP02,ST007,2026-07-18,2026-08-15,2026-08-15,Received,1197.09
PO005689,SUP06,ST008,2026-07-18,2026-09-04,,Open,627.74
PO005690,SUP03,ST014,2026-07-18,2026-08-03,2026-08-03,Received,523.42
PO005691,SUP01,ST900,2026-07-18,2026-08-29,2026-08-29,Partially received,3499.74
PO005692,SUP01,ST003,2026-07-19,2026-08-30,2026-08-30,Received,1544.29
PO005693,SUP06,ST010,2026-07-19,2026-09-05,,Open,399.09
PO005694,SUP06,ST012,2026-07-19,2026-09-05,,Open,763.92
PO005695,SUP04,ST013,2026-07-19,2026-09-12,,Open,841.53
PO005696,SUP06,ST013,2026-07-19,2026-09-05,,Open,1053.05
PO005697,SUP02,ST016,2026-07-19,2026-08-16,2026-08-16,Received,1271.32
PO005698,SUP05,ST016,2026-07-19,2026-08-22,2026-08-22,Received,1137.43
PO005699,SUP02,ST900,2026-07-19,2026-08-16,2026-08-16,Partially received,3328.25
PO005700,SUP04,ST001,2026-07-20,2026-09-13,,Open,4551.34
PO005701,SUP02,ST004,2026-07-20,2026-08-17,2026-08-17,Received,1195.75
PO005702,SUP02,ST005,2026-07-20,2026-08-17,2026-08-22,Received,529.40
PO005703,SUP02,ST006,2026-07-20,2026-08-17,2026-08-17,Received,810.81
PO005704,SUP05,ST008,2026-07-20,2026-08-23,2026-08-23,Received,465.29
PO005705,SUP03,ST011,2026-07-20,2026-08-05,2026-08-05,Partially received,2714.12
PO005706,SUP06,ST016,2026-07-20,2026-09-06,,Open,975.64
PO005707,SUP03,ST017,2026-07-20,2026-08-05,2026-08-05,Received,1407.01
PO005708,SUP03,ST900,2026-07-20,2026-08-05,2026-08-05,Received,3374.65
PO005709,SUP07,ST900,2026-07-20,2026-08-28,2026-08-28,Received,2441.33
PO005710,SUP04,ST002,2026-07-21,2026-09-14,,Open,1522.56
PO005711,SUP06,ST003,2026-07-21,2026-09-07,,Open,298.38
PO005712,SUP06,ST005,2026-07-21,2026-09-07,,Open,696.69
PO005713,SUP01,ST009,2026-07-21,2026-09-01,,Open,2165.43
PO005714,SUP05,ST012,2026-07-21,2026-08-24,2026-08-24,Received,369.50
PO005715,SUP04,ST015,2026-07-21,2026-09-14,,Open,3015.32
PO005716,SUP04,ST016,2026-07-21,2026-09-14,,Open,2133.32
PO005717,SUP01,ST017,2026-07-21,2026-09-01,,Open,970.55
PO005718,SUP07,ST017,2026-07-21,2026-08-29,2026-08-29,Received,973.27
PO005719,SUP01,ST018,2026-07-21,2026-09-01,,Open,1064.43
PO005720,SUP03,ST001,2026-07-22,2026-08-07,2026-08-07,Received,1241.19
PO005721,SUP05,ST003,2026-07-22,2026-08-25,2026-08-25,Received,1778.48
PO005722,SUP04,ST005,2026-07-22,2026-09-15,,Open,1021.51
PO005723,SUP04,ST006,2026-07-22,2026-09-15,,Open,369.06
PO005724,SUP01,ST007,2026-07-22,2026-09-02,,Open,952.19
PO005725,SUP03,ST007,2026-07-22,2026-08-07,2026-08-07,Partially received,1652.69
PO005726,SUP02,ST008,2026-07-22,2026-08-19,2026-08-19,Partially received,633.93
PO005727,SUP06,ST009,2026-07-22,2026-09-08,,Open,695.04
PO005728,SUP05,ST011,2026-07-22,2026-08-25,2026-08-25,Received,1042.95
PO005729,SUP07,ST012,2026-07-22,2026-08-30,2026-08-30,Received,1174.40
PO005730,SUP02,ST013,2026-07-22,2026-08-19,2026-08-19,Received,168.41
PO005731,SUP01,ST016,2026-07-22,2026-09-02,,Open,372.79
PO005732,SUP05,ST018,2026-07-22,2026-08-25,2026-08-25,Partially received,1579.57
PO005733,SUP03,ST006,2026-07-23,2026-08-08,2026-08-08,Received,1491.76
PO005734,SUP07,ST007,2026-07-23,2026-08-31,,Open,652.04
PO005735,SUP02,ST015,2026-07-23,2026-08-20,2026-08-20,Partially received,715.64
PO005736,SUP04,ST017,2026-07-23,2026-09-16,,Open,2737.27
PO005737,SUP07,ST001,2026-07-24,2026-09-01,,Open,1616.21
PO005738,SUP04,ST003,2026-07-24,2026-09-17,,Open,1906.80
PO005739,SUP03,ST004,2026-07-24,2026-08-09,2026-08-09,Received,2819.61
PO005740,SUP05,ST004,2026-07-24,2026-08-27,2026-08-27,Partially received,1566.75
PO005741,SUP06,ST011,2026-07-24,2026-09-10,,Open,1196.44
PO005742,SUP03,ST012,2026-07-24,2026-08-09,2026-08-09,Received,1741.35
PO005743,SUP05,ST015,2026-07-24,2026-08-27,2026-08-27,Partially received,1429.08
PO005744,SUP02,ST018,2026-07-24,2026-08-21,2026-08-21,Received,669.37
PO005745,SUP01,ST002,2026-07-25,2026-09-05,,Open,1198.87
PO005746,SUP07,ST005,2026-07-25,2026-09-02,,Open,630.28
PO005747,SUP06,ST007,2026-07-25,2026-09-11,,Open,401.90
PO005748,SUP03,ST008,2026-07-25,2026-08-10,2026-08-10,Received,1098.65
PO005749,SUP03,ST010,2026-07-25,2026-08-10,2026-08-10,Received,1136.40
PO005750,SUP07,ST010,2026-07-25,2026-09-02,,Open,132.19
PO005751,SUP02,ST011,2026-07-25,2026-08-22,2026-08-22,Received,1682.46
PO005752,SUP01,ST012,2026-07-25,2026-09-05,,Open,258.68
PO005753,SUP07,ST013,2026-07-25,2026-09-02,,Open,681.41
PO005754,SUP07,ST014,2026-07-25,2026-09-02,,Open,1156.95
PO005755,SUP06,ST017,2026-07-25,2026-09-11,,Open,598.11
PO005756,SUP03,ST018,2026-07-25,2026-08-10,2026-08-10,Received,763.98
PO005757,SUP05,ST900,2026-07-25,2026-08-28,2026-08-28,Received,2696.42
PO005758,SUP05,ST009,2026-07-26,2026-08-29,2026-08-29,Partially received,287.46
PO005759,SUP07,ST009,2026-07-26,2026-09-03,,Open,182.54
PO005760,SUP07,ST011,2026-07-26,2026-09-03,,Open,2143.07
PO005761,SUP06,ST001,2026-07-27,2026-09-13,,Open,1023.32
PO005762,SUP06,ST006,2026-07-27,2026-09-13,,Open,948.50
PO005763,SUP05,ST007,2026-07-27,2026-08-30,2026-08-30,Partially received,923.33
PO005764,SUP03,ST009,2026-07-27,2026-08-12,2026-08-12,Partially received,681.84
PO005765,SUP04,ST009,2026-07-27,2026-09-20,,Open,1392.92
PO005766,SUP05,ST010,2026-07-27,2026-08-30,2026-08-30,Received,991.84
PO005767,SUP01,ST013,2026-07-27,2026-09-07,,Open,323.26
PO005768,SUP02,ST017,2026-07-27,2026-08-24,2026-08-24,Received,359.30
PO005769,SUP07,ST002,2026-07-28,2026-09-05,,Open,908.26
PO005770,SUP07,ST003,2026-07-28,2026-09-05,,Open,1394.80
PO005771,SUP01,ST005,2026-07-28,2026-09-08,,Open,50.66
PO005772,SUP04,ST007,2026-07-28,2026-09-21,,Open,3216.33
PO005773,SUP02,ST009,2026-07-28,2026-08-25,2026-08-25,Received,791.60
PO005774,SUP04,ST012,2026-07-28,2026-09-21,,Open,1900.78
PO005775,SUP01,ST014,2026-07-28,2026-09-08,,Open,914.38
PO005776,SUP06,ST014,2026-07-28,2026-09-14,,Open,261.71
PO005777,SUP07,ST015,2026-07-28,2026-09-05,,Open,352.35
PO005778,SUP02,ST002,2026-07-29,2026-08-26,2026-08-26,Received,859.97
PO005779,SUP03,ST002,2026-07-29,2026-08-14,2026-08-14,Received,1055.97
PO005780,SUP06,ST004,2026-07-29,2026-09-15,,Open,2543.37
PO005781,SUP03,ST005,2026-07-29,2026-08-14,2026-08-16,Received,706.22
PO005782,SUP01,ST006,2026-07-29,2026-09-09,,Open,87.46
PO005783,SUP04,ST008,2026-07-29,2026-09-22,,Open,869.78
PO005784,SUP04,ST010,2026-07-29,2026-09-22,,Open,862.09
PO005785,SUP01,ST011,2026-07-29,2026-09-09,,Open,1577.27
PO005786,SUP04,ST011,2026-07-29,2026-09-22,,Open,3698.26
PO005787,SUP02,ST014,2026-07-29,2026-08-26,2026-08-26,Received,852.04
PO005788,SUP06,ST015,2026-07-29,2026-09-15,,Open,833.62
PO005789,SUP03,ST016,2026-07-29,2026-08-14,2026-08-17,Received,753.18
PO005790,SUP04,ST018,2026-07-29,2026-09-22,,Open,540.92
PO005791,SUP06,ST900,2026-07-29,2026-09-15,,Open,2671.07
PO005792,SUP01,ST001,2026-07-30,2026-09-10,,Open,677.94
PO005793,SUP02,ST003,2026-07-30,2026-08-27,2026-08-27,Received,694.72
PO005794,SUP03,ST003,2026-07-30,2026-08-15,2026-08-15,Received,906.07
PO005795,SUP01,ST004,2026-07-30,2026-09-10,,Open,1118.15
PO005796,SUP04,ST004,2026-07-30,2026-09-23,,Open,3945.96
PO005797,SUP05,ST005,2026-07-30,2026-09-02,,Open,870.05
PO005798,SUP02,ST010,2026-07-30,2026-08-27,2026-08-27,Received,1362.96
PO005799,SUP05,ST013,2026-07-30,2026-09-02,,Open,1105.13
PO005800,SUP05,ST014,2026-07-30,2026-09-02,,Open,633.40
PO005801,SUP06,ST018,2026-07-30,2026-09-16,,Open,1402.57
PO005802,SUP02,ST001,2026-07-31,2026-08-28,2026-08-28,Received,1664.61
PO005803,SUP05,ST002,2026-07-31,2026-09-03,,Open,72.02
PO005804,SUP07,ST004,2026-07-31,2026-09-08,,Open,1449.31
PO005805,SUP05,ST006,2026-07-31,2026-09-03,,Open,727.60
PO005806,SUP01,ST008,2026-07-31,2026-09-11,,Open,950.35
PO005807,SUP07,ST008,2026-07-31,2026-09-08,,Open,693.15
PO005808,SUP01,ST010,2026-07-31,2026-09-11,,Open,658.23
PO005809,SUP02,ST012,2026-07-31,2026-08-28,2026-08-28,Partially received,710.35
PO005810,SUP03,ST013,2026-07-31,2026-08-16,2026-08-16,Received,1389.90
PO005811,SUP04,ST014,2026-07-31,2026-09-24,,Open,2454.64
PO005812,SUP01,ST015,2026-07-31,2026-09-11,,Open,471.82
PO005813,SUP03,ST015,2026-07-31,2026-08-16,2026-08-16,Received,819.14
PO005814,SUP07,ST016,2026-07-31,2026-09-08,,Open,686.90
PO005815,SUP05,ST017,2026-07-31,2026-09-03,,Open,563.77
PO005816,SUP07,ST018,2026-07-31,2026-09-08,,Open,600.43
PO005817,SUP04,ST900,2026-07-31,2026-09-24,,Open,5265.84
PO005818,SUP05,ST001,2026-08-01,2026-09-04,,Open,2328.92
PO005819,SUP06,ST002,2026-08-01,2026-09-18,,Open,1533.87
PO005820,SUP07,ST006,2026-08-01,2026-09-09,,Open,1587.27
PO005821,SUP02,ST007,2026-08-01,2026-08-29,2026-08-29,Received,908.88
PO005822,SUP06,ST008,2026-08-01,2026-09-18,,Open,1210.15
PO005823,SUP03,ST014,2026-08-01,2026-08-17,2026-08-17,Received,2445.13
PO005824,SUP01,ST900,2026-08-01,2026-09-12,,Open,4310.23
PO005825,SUP01,ST003,2026-08-02,2026-09-13,,Open,1041.91
PO005826,SUP06,ST010,2026-08-02,2026-09-19,,Open,984.17
PO005827,SUP06,ST012,2026-08-02,2026-09-19,,Open,1383.59
PO005828,SUP04,ST013,2026-08-02,2026-09-26,,Open,1965.53
PO005829,SUP06,ST013,2026-08-02,2026-09-19,,Open,1309.35
PO005830,SUP02,ST016,2026-08-02,2026-08-30,,Open,735.90
PO005831,SUP05,ST016,2026-08-02,2026-09-05,,Open,1295.39
PO005832,SUP02,ST900,2026-08-02,2026-08-30,2026-08-30,Partially received,2932.71
PO005833,SUP04,ST001,2026-08-03,2026-09-27,,Open,4276.33
PO005834,SUP02,ST004,2026-08-03,2026-08-31,2026-08-31,Received,1826.37
PO005835,SUP02,ST005,2026-08-03,2026-08-31,2026-08-31,Received,1056.61
PO005836,SUP02,ST006,2026-08-03,2026-08-31,2026-08-31,Partially received,1439.33
PO005837,SUP05,ST008,2026-08-03,2026-09-06,,Open,1516.24
PO005838,SUP03,ST011,2026-08-03,2026-08-19,2026-08-19,Partially received,2763.94
PO005839,SUP06,ST016,2026-08-03,2026-09-20,,Open,793.62
PO005840,SUP03,ST017,2026-08-03,2026-08-19,2026-08-19,Received,1300.55
PO005841,SUP03,ST900,2026-08-03,2026-08-19,2026-08-19,Partially received,3109.49
PO005842,SUP07,ST900,2026-08-03,2026-09-11,,Open,3270.39
PO005843,SUP04,ST002,2026-08-04,2026-09-28,,Open,1569.72
PO005844,SUP06,ST003,2026-08-04,2026-09-21,,Open,2117.20
PO005845,SUP06,ST005,2026-08-04,2026-09-21,,Open,1366.99
PO005846,SUP01,ST009,2026-08-04,2026-09-15,,Open,1218.12
PO005847,SUP05,ST012,2026-08-04,2026-09-07,,Open,1228.38
PO005848,SUP04,ST015,2026-08-04,2026-09-28,,Open,2166.32
PO005849,SUP04,ST016,2026-08-04,2026-09-28,,Open,2918.29
PO005850,SUP01,ST017,2026-08-04,2026-09-15,,Open,788.39
PO005851,SUP07,ST017,2026-08-04,2026-09-12,,Open,1780.72
PO005852,SUP01,ST018,2026-08-04,2026-09-15,,Open,1379.15
PO005853,SUP03,ST001,2026-08-05,2026-08-21,2026-08-21,Received,3111.45
PO005854,SUP05,ST003,2026-08-05,2026-09-08,,Open,1070.45
PO005855,SUP04,ST005,2026-08-05,2026-09-29,,Open,1634.59
PO005856,SUP04,ST006,2026-08-05,2026-09-29,,Open,3576.83
PO005857,SUP01,ST007,2026-08-05,2026-09-16,,Open,1265.03
PO005858,SUP03,ST007,2026-08-05,2026-08-21,2026-08-21,Partially received,1573.23
PO005859,SUP02,ST008,2026-08-05,2026-09-02,,Open,784.16
PO005860,SUP06,ST009,2026-08-05,2026-09-22,,Open,2343.20
PO005861,SUP05,ST011,2026-08-05,2026-09-08,,Open,2202.94
PO005862,SUP07,ST012,2026-08-05,2026-09-13,,Open,1433.01
PO005863,SUP02,ST013,2026-08-05,2026-09-02,,Open,1615.74
PO005864,SUP01,ST016,2026-08-05,2026-09-16,,Open,1088.67
PO005865,SUP05,ST018,2026-08-05,2026-09-08,,Open,1576.92
PO005866,SUP03,ST006,2026-08-06,2026-08-22,2026-08-22,Partially received,1280.90
PO005867,SUP07,ST007,2026-08-06,2026-09-14,,Open,1921.27
PO005868,SUP02,ST015,2026-08-06,2026-09-03,,Open,1187.66
PO005869,SUP04,ST017,2026-08-06,2026-09-30,,Open,732.47
PO005870,SUP07,ST001,2026-08-07,2026-09-15,,Open,2308.46
PO005871,SUP04,ST003,2026-08-07,2026-10-01,,Open,1159.90
PO005872,SUP03,ST004,2026-08-07,2026-08-23,2026-08-23,Partially received,1771.45
PO005873,SUP05,ST004,2026-08-07,2026-09-10,,Open,1374.84
PO005874,SUP06,ST011,2026-08-07,2026-09-24,,Open,2300.59
PO005875,SUP03,ST012,2026-08-07,2026-08-23,2026-08-23,Received,1275.22
PO005876,SUP05,ST015,2026-08-07,2026-09-10,,Open,1060.18
PO005877,SUP02,ST018,2026-08-07,2026-09-04,,Open,1163.36
PO005878,SUP01,ST002,2026-08-08,2026-09-19,,Open,868.95
PO005879,SUP07,ST005,2026-08-08,2026-09-16,,Open,700.71
PO005880,SUP06,ST007,2026-08-08,2026-09-25,,Open,1038.33
PO005881,SUP03,ST008,2026-08-08,2026-08-24,2026-08-24,Received,1901.16
PO005882,SUP03,ST010,2026-08-08,2026-08-24,2026-08-24,Received,868.54
PO005883,SUP07,ST010,2026-08-08,2026-09-16,,Open,1935.00
PO005884,SUP02,ST011,2026-08-08,2026-09-05,,Open,1452.32
PO005885,SUP01,ST012,2026-08-08,2026-09-19,,Open,2195.49
PO005886,SUP07,ST013,2026-08-08,2026-09-16,,Open,1453.17
PO005887,SUP07,ST014,2026-08-08,2026-09-16,,Open,1367.07
PO005888,SUP06,ST017,2026-08-08,2026-09-25,,Open,1556.70
PO005889,SUP03,ST018,2026-08-08,2026-08-24,2026-08-24,Received,1599.82
PO005890,SUP05,ST900,2026-08-08,2026-09-11,,Open,2377.93
PO005891,SUP05,ST009,2026-08-09,2026-09-12,,Open,1881.32
PO005892,SUP07,ST009,2026-08-09,2026-09-17,,Open,1303.16
PO005893,SUP07,ST011,2026-08-09,2026-09-17,,Open,1536.61
PO005894,SUP06,ST001,2026-08-10,2026-09-27,,Open,2626.65
PO005895,SUP06,ST006,2026-08-10,2026-09-27,,Open,1981.69
PO005896,SUP05,ST007,2026-08-10,2026-09-13,,Open,794.01
PO005897,SUP03,ST009,2026-08-10,2026-08-26,2026-08-26,Received,1749.98
PO005898,SUP04,ST009,2026-08-10,2026-10-04,,Open,2694.91
PO005899,SUP05,ST010,2026-08-10,2026-09-13,,Open,2219.89
PO005900,SUP01,ST013,2026-08-10,2026-09-21,,Open,1405.51
PO005901,SUP02,ST017,2026-08-10,2026-09-07,,Open,1005.37
PO005902,SUP07,ST002,2026-08-11,2026-09-19,,Open,1554.70
PO005903,SUP07,ST003,2026-08-11,2026-09-19,,Open,787.60
PO005904,SUP01,ST005,2026-08-11,2026-09-22,,Open,1724.37
PO005905,SUP04,ST007,2026-08-11,2026-10-05,,Open,1977.59
PO005906,SUP02,ST009,2026-08-11,2026-09-08,,Open,1611.04
PO005907,SUP04,ST012,2026-08-11,2026-10-05,,Open,1513.07
PO005908,SUP01,ST014,2026-08-11,2026-09-22,,Open,1648.63
PO005909,SUP06,ST014,2026-08-11,2026-09-28,,Open,1391.61
PO005910,SUP07,ST015,2026-08-11,2026-09-19,,Open,1493.52
PO005911,SUP02,ST002,2026-08-12,2026-09-09,,Open,600.37
PO005912,SUP03,ST002,2026-08-12,2026-08-28,2026-08-28,Partially received,1581.50
PO005913,SUP06,ST004,2026-08-12,2026-09-29,,Open,852.04
PO005914,SUP03,ST005,2026-08-12,2026-08-28,2026-08-29,Received,1256.53
PO005915,SUP01,ST006,2026-08-12,2026-09-23,,Open,1296.84
PO005916,SUP04,ST008,2026-08-12,2026-10-06,,Open,1934.62
PO005917,SUP04,ST010,2026-08-12,2026-10-06,,Open,2501.72
PO005918,SUP01,ST011,2026-08-12,2026-09-23,,Open,2024.55
PO005919,SUP04,ST011,2026-08-12,2026-10-06,,Open,2715.65
PO005920,SUP02,ST014,2026-08-12,2026-09-09,,Open,2020.86
PO005921,SUP06,ST015,2026-08-12,2026-09-29,,Open,1710.27
PO005922,SUP03,ST016,2026-08-12,2026-08-28,2026-08-28,Received,978.94
PO005923,SUP04,ST018,2026-08-12,2026-10-06,,Open,3133.76
PO005924,SUP06,ST900,2026-08-12,2026-09-29,,Open,2994.79
PO005925,SUP01,ST001,2026-08-13,2026-09-24,,Open,1488.24
PO005926,SUP02,ST003,2026-08-13,2026-09-10,,Open,316.73
PO005927,SUP03,ST003,2026-08-13,2026-08-29,2026-08-29,Received,1007.82
PO005928,SUP01,ST004,2026-08-13,2026-09-24,,Open,1576.22
PO005929,SUP04,ST004,2026-08-13,2026-10-07,,Open,3117.46
PO005930,SUP05,ST005,2026-08-13,2026-09-16,,Open,935.12
PO005931,SUP02,ST010,2026-08-13,2026-09-10,,Open,713.18
PO005932,SUP05,ST013,2026-08-13,2026-09-16,,Open,963.53
PO005933,SUP05,ST014,2026-08-13,2026-09-16,,Open,981.28
PO005934,SUP06,ST018,2026-08-13,2026-09-30,,Open,2006.07
PO005935,SUP02,ST001,2026-08-14,2026-09-11,,Open,1281.14
PO005936,SUP05,ST002,2026-08-14,2026-09-17,,Open,2118.67
PO005937,SUP07,ST004,2026-08-14,2026-09-22,,Open,3378.48
PO005938,SUP05,ST006,2026-08-14,2026-09-17,,Open,1517.62
PO005939,SUP01,ST008,2026-08-14,2026-09-25,,Open,1511.73
PO005940,SUP07,ST008,2026-08-14,2026-09-22,,Open,1591.07
PO005941,SUP01,ST010,2026-08-14,2026-09-25,,Open,1497.98
PO005942,SUP02,ST012,2026-08-14,2026-09-11,,Open,1165.07
PO005943,SUP03,ST013,2026-08-14,2026-08-30,2026-08-30,Received,1459.63
PO005944,SUP04,ST014,2026-08-14,2026-10-08,,Open,2432.16
PO005945,SUP01,ST015,2026-08-14,2026-09-25,,Open,1061.13
PO005946,SUP03,ST015,2026-08-14,2026-08-30,2026-08-30,Received,1437.97
PO005947,SUP07,ST016,2026-08-14,2026-09-22,,Open,1033.74
PO005948,SUP05,ST017,2026-08-14,2026-09-17,,Open,1496.73
PO005949,SUP07,ST018,2026-08-14,2026-09-22,,Open,1400.55
PO005950,SUP04,ST900,2026-08-14,2026-10-08,,Open,3616.25
PO005951,SUP05,ST001,2026-08-15,2026-09-18,,Open,2402.57
PO005952,SUP06,ST002,2026-08-15,2026-10-02,,Open,616.62
PO005953,SUP07,ST006,2026-08-15,2026-09-23,,Open,330.12
PO005954,SUP02,ST007,2026-08-15,2026-09-12,,Open,206.83
PO005955,SUP06,ST008,2026-08-15,2026-10-02,,Open,577.70
PO005956,SUP03,ST014,2026-08-15,2026-08-31,2026-08-31,Received,1329.12
PO005957,SUP01,ST900,2026-08-15,2026-09-26,,Open,2725.68
PO005958,SUP01,ST003,2026-08-16,2026-09-27,,Open,1413.76
PO005959,SUP06,ST010,2026-08-16,2026-10-03,,Open,161.72
PO005960,SUP06,ST012,2026-08-16,2026-10-03,,Open,859.88
PO005961,SUP04,ST013,2026-08-16,2026-10-10,,Open,2444.10
PO005962,SUP06,ST013,2026-08-16,2026-10-03,,Open,382.47
PO005963,SUP02,ST016,2026-08-16,2026-09-13,,Open,467.48
PO005964,SUP05,ST016,2026-08-16,2026-09-19,,Open,609.27
PO005965,SUP02,ST900,2026-08-16,2026-09-13,,Open,2135.84
PO005966,SUP04,ST001,2026-08-17,2026-10-11,,Open,4145.25
PO005967,SUP02,ST004,2026-08-17,2026-09-14,,Open,716.16
PO005968,SUP02,ST005,2026-08-17,2026-09-14,,Open,567.70
PO005969,SUP02,ST006,2026-08-17,2026-09-14,,Open,1446.73
PO005970,SUP05,ST008,2026-08-17,2026-09-20,,Open,138.41
PO005971,SUP03,ST011,2026-08-17,2026-09-02,,Open,2510.24
PO005972,SUP06,ST016,2026-08-17,2026-10-04,,Open,548.53
PO005973,SUP03,ST017,2026-08-17,2026-09-02,,Open,202.34
PO005974,SUP03,ST900,2026-08-17,2026-09-02,,Open,4035.61
PO005975,SUP07,ST900,2026-08-17,2026-09-25,,Open,3536.72
PO005976,SUP04,ST002,2026-08-18,2026-10-12,,Open,1679.03
PO005977,SUP06,ST003,2026-08-18,2026-10-05,,Open,177.34
PO005978,SUP06,ST005,2026-08-18,2026-10-05,,Open,343.69
PO005979,SUP01,ST009,2026-08-18,2026-09-29,,Open,512.00
PO005980,SUP05,ST012,2026-08-18,2026-09-21,,Open,649.43
PO005981,SUP04,ST015,2026-08-18,2026-10-12,,Open,890.45
PO005982,SUP04,ST016,2026-08-18,2026-10-12,,Open,1011.65
PO005983,SUP01,ST017,2026-08-18,2026-09-29,,Open,496.88
PO005984,SUP07,ST017,2026-08-18,2026-09-26,,Open,596.53
PO005985,SUP01,ST018,2026-08-18,2026-09-29,,Open,722.09
PO005986,SUP03,ST001,2026-08-19,2026-09-04,,Open,1735.01
PO005987,SUP05,ST003,2026-08-19,2026-09-22,,Open,1085.44
PO005988,SUP04,ST005,2026-08-19,2026-10-13,,Open,627.11
PO005989,SUP04,ST006,2026-08-19,2026-10-13,,Open,2012.68
PO005990,SUP01,ST007,2026-08-19,2026-09-30,,Open,511.87
PO005991,SUP03,ST007,2026-08-19,2026-09-04,,Open,791.74
PO005992,SUP02,ST008,2026-08-19,2026-09-16,,Open,630.20
PO005993,SUP06,ST009,2026-08-19,2026-10-06,,Open,350.89
PO005994,SUP05,ST011,2026-08-19,2026-09-22,,Open,2116.06
PO005995,SUP07,ST012,2026-08-19,2026-09-27,,Open,1188.58
PO005996,SUP02,ST013,2026-08-19,2026-09-16,,Open,341.37
PO005997,SUP01,ST016,2026-08-19,2026-09-30,,Open,1303.95
PO005998,SUP05,ST018,2026-08-19,2026-09-22,,Open,759.29
PO005999,SUP03,ST006,2026-08-20,2026-09-05,,Open,776.93
PO006000,SUP07,ST007,2026-08-20,2026-09-28,,Open,532.68
PO006001,SUP02,ST015,2026-08-20,2026-09-17,,Open,884.65
PO006002,SUP04,ST017,2026-08-20,2026-10-14,,Open,1270.93
PO006003,SUP07,ST001,2026-08-21,2026-09-29,,Open,1430.40
PO006004,SUP04,ST003,2026-08-21,2026-10-15,,Open,759.80
PO006005,SUP03,ST004,2026-08-21,2026-09-06,,Open,693.11
PO006006,SUP05,ST004,2026-08-21,2026-09-24,,Open,2042.75
PO006007,SUP06,ST011,2026-08-21,2026-10-08,,Open,2608.38
PO006008,SUP03,ST012,2026-08-21,2026-09-06,,Open,2053.33
PO006009,SUP05,ST015,2026-08-21,2026-09-24,,Open,1196.11
PO006010,SUP02,ST018,2026-08-21,2026-09-18,,Open,633.00
PO006011,SUP01,ST002,2026-08-22,2026-10-03,,Open,1060.83
PO006012,SUP07,ST005,2026-08-22,2026-09-30,,Open,603.98
PO006013,SUP06,ST007,2026-08-22,2026-10-09,,Open,1127.29
PO006014,SUP03,ST008,2026-08-22,2026-09-07,,Open,1683.05
PO006015,SUP03,ST010,2026-08-22,2026-09-07,,Open,1753.16
PO006016,SUP07,ST010,2026-08-22,2026-09-30,,Open,890.70
PO006017,SUP02,ST011,2026-08-22,2026-09-19,,Open,593.64
PO006018,SUP01,ST012,2026-08-22,2026-10-03,,Open,473.08
PO006019,SUP07,ST013,2026-08-22,2026-09-30,,Open,837.50
PO006020,SUP07,ST014,2026-08-22,2026-09-30,,Open,1031.11
PO006021,SUP06,ST017,2026-08-22,2026-10-09,,Open,894.33
PO006022,SUP03,ST018,2026-08-22,2026-09-07,,Open,536.97
PO006023,SUP05,ST900,2026-08-22,2026-09-25,,Open,2736.92
PO006024,SUP05,ST009,2026-08-23,2026-09-26,,Open,660.96
PO006025,SUP07,ST009,2026-08-23,2026-10-01,,Open,291.35
PO006026,SUP07,ST011,2026-08-23,2026-10-01,,Open,2109.28
PO006027,SUP06,ST001,2026-08-24,2026-10-11,,Open,1411.36
PO006028,SUP06,ST006,2026-08-24,2026-10-11,,Open,1125.58
PO006029,SUP05,ST007,2026-08-24,2026-09-27,,Open,1321.31
PO006030,SUP03,ST009,2026-08-24,2026-09-09,,Open,1823.45
PO006031,SUP04,ST009,2026-08-24,2026-10-18,,Open,895.04
PO006032,SUP05,ST010,2026-08-24,2026-09-27,,Open,685.95
PO006033,SUP01,ST013,2026-08-24,2026-10-05,,Open,795.02
PO006034,SUP02,ST017,2026-08-24,2026-09-21,,Open,816.79
PO006035,SUP07,ST002,2026-08-25,2026-10-03,,Open,856.48
PO006036,SUP07,ST003,2026-08-25,2026-10-03,,Open,1331.36
PO006037,SUP01,ST005,2026-08-25,2026-10-06,,Open,545.29
PO006038,SUP04,ST007,2026-08-25,2026-10-19,,Open,1987.14
PO006039,SUP02,ST009,2026-08-25,2026-09-22,,Open,1317.35
PO006040,SUP04,ST012,2026-08-25,2026-10-19,,Open,874.77
PO006041,SUP01,ST014,2026-08-25,2026-10-06,,Open,568.39
PO006042,SUP06,ST014,2026-08-25,2026-10-12,,Open,497.00
PO006043,SUP07,ST015,2026-08-25,2026-10-03,,Open,909.51
PO006044,SUP02,ST002,2026-08-26,2026-09-23,,Open,620.70
PO006045,SUP03,ST002,2026-08-26,2026-09-11,,Open,534.35
PO006046,SUP06,ST004,2026-08-26,2026-10-13,,Open,2825.17
PO006047,SUP03,ST005,2026-08-26,2026-09-11,,Open,1319.38
PO006048,SUP01,ST006,2026-08-26,2026-10-07,,Open,678.01
PO006049,SUP04,ST008,2026-08-26,2026-10-20,,Open,1572.96
PO006050,SUP04,ST010,2026-08-26,2026-10-20,,Open,731.35
PO006051,SUP01,ST011,2026-08-26,2026-10-07,,Open,1951.11
PO006052,SUP04,ST011,2026-08-26,2026-10-20,,Open,2931.99
PO006053,SUP02,ST014,2026-08-26,2026-09-23,,Open,742.13
PO006054,SUP06,ST015,2026-08-26,2026-10-13,,Open,1135.07
PO006055,SUP03,ST016,2026-08-26,2026-09-11,,Open,1011.43
PO006056,SUP04,ST018,2026-08-26,2026-10-20,,Open,2087.76
PO006057,SUP06,ST900,2026-08-26,2026-10-13,,Open,2752.94
PO006058,SUP01,ST001,2026-08-27,2026-10-08,,Open,2854.17
PO006059,SUP02,ST003,2026-08-27,2026-09-24,,Open,1530.84
PO006060,SUP03,ST003,2026-08-27,2026-09-12,,Open,993.52
PO006061,SUP01,ST004,2026-08-27,2026-10-08,,Open,1455.40
PO006062,SUP04,ST004,2026-08-27,2026-10-21,,Open,1183.09
PO006063,SUP05,ST005,2026-08-27,2026-09-30,,Open,42.30
PO006064,SUP02,ST010,2026-08-27,2026-09-24,,Open,530.54
PO006065,SUP05,ST013,2026-08-27,2026-09-30,,Open,536.06
PO006066,SUP05,ST014,2026-08-27,2026-09-30,,Open,114.32
PO006067,SUP06,ST018,2026-08-27,2026-10-14,,Open,556.95
PO006068,SUP02,ST001,2026-08-28,2026-09-25,,Open,1768.74
PO006069,SUP05,ST002,2026-08-28,2026-10-01,,Open,226.99
PO006070,SUP07,ST004,2026-08-28,2026-10-06,,Open,2005.46
PO006071,SUP05,ST006,2026-08-28,2026-10-01,,Open,428.34
PO006072,SUP01,ST008,2026-08-28,2026-10-09,,Open,671.12
PO006073,SUP07,ST008,2026-08-28,2026-10-06,,Open,1185.54
PO006074,SUP01,ST010,2026-08-28,2026-10-09,,Open,230.66
PO006075,SUP02,ST012,2026-08-28,2026-09-25,,Open,1540.16
PO006076,SUP03,ST013,2026-08-28,2026-09-13,,Open,814.27
PO006077,SUP04,ST014,2026-08-28,2026-10-22,,Open,2328.12
PO006078,SUP01,ST015,2026-08-28,2026-10-09,,Open,1433.71
PO006079,SUP03,ST015,2026-08-28,2026-09-13,,Open,850.20
PO006080,SUP07,ST016,2026-08-28,2026-10-06,,Open,659.01
PO006081,SUP05,ST017,2026-08-28,2026-10-01,,Open,1051.40
PO006082,SUP07,ST018,2026-08-28,2026-10-06,,Open,793.00
PO006083,SUP04,ST900,2026-08-28,2026-10-22,,Open,5515.36
PO006084,SUP05,ST001,2026-08-29,2026-10-02,,Open,638.50
PO006085,SUP06,ST002,2026-08-29,2026-10-16,,Open,699.88
PO006086,SUP07,ST006,2026-08-29,2026-10-07,,Open,263.12
PO006087,SUP02,ST007,2026-08-29,2026-09-26,,Open,824.23
PO006088,SUP06,ST008,2026-08-29,2026-10-16,,Open,344.98
PO006089,SUP03,ST014,2026-08-29,2026-09-14,,Open,630.06
PO006090,SUP01,ST900,2026-08-29,2026-10-10,,Open,3753.71
PO006091,SUP01,ST003,2026-08-30,2026-10-11,,Open,788.28
PO006092,SUP06,ST010,2026-08-30,2026-10-17,,Open,989.87
PO006093,SUP06,ST012,2026-08-30,2026-10-17,,Open,930.50
PO006094,SUP04,ST013,2026-08-30,2026-10-24,,Open,1803.05
PO006095,SUP06,ST013,2026-08-30,2026-10-17,,Open,526.39
PO006096,SUP02,ST016,2026-08-30,2026-09-27,,Open,683.71
PO006097,SUP05,ST016,2026-08-30,2026-10-03,,Open,701.55
PO006098,SUP02,ST900,2026-08-30,2026-09-27,,Open,1745.03
PO006099,SUP04,ST001,2026-08-31,2026-10-25,,Open,2420.35
PO006100,SUP02,ST004,2026-08-31,2026-09-28,,Open,425.14
PO006101,SUP02,ST005,2026-08-31,2026-09-28,,Open,323.79
PO006102,SUP02,ST006,2026-08-31,2026-09-28,,Open,1055.92
PO006103,SUP05,ST008,2026-08-31,2026-10-04,,Open,372.61
PO006104,SUP03,ST011,2026-08-31,2026-09-16,,Open,2482.83
PO006105,SUP06,ST016,2026-08-31,2026-10-18,,Open,665.30
PO006106,SUP03,ST017,2026-08-31,2026-09-16,,Open,258.42
PO006107,SUP03,ST900,2026-08-31,2026-09-16,,Open,2427.22
PO006108,SUP07,ST900,2026-08-31,2026-10-09,,Open,2136.32
