ReturnID,OrderID,OrderLineNumber,VariantID,ProductID,ReturnDate,ReturnStoreID,QuantityReturned,ReturnAmount,ReturnStatus,ReturnReasonID,RestockFlag
RT000001,SO000002,3,V00342,P0015,2025-01-12,ST001,1,131.97,Accepted,RR7,true
RT000002,SO000010,2,V00428,P0019,2025-01-20,ST006,2,351.33,Accepted,RR5,true
RT000003,SO000011,1,V00521,P0024,2025-01-14,ST007,1,110.65,Accepted,RR2,true
RT000004,SO000033,1,V00079,P0004,2025-01-06,ST004,1,240.95,Accepted,RR4,false
RT000005,SO000043,1,V00628,P0030,2025-01-28,ST012,1,120.55,Accepted,RR1,true
RT000006,SO000048,2,V00650,P0031,2025-01-14,ST016,1,64.56,Accepted,RR7,true
RT000007,SO000050,1,V00115,P0005,2025-01-24,ST002,1,133.95,Accepted,RR7,true
RT000008,SO000050,3,V00017,P0001,2025-01-09,ST017,1,231.16,Accepted,RR1,true
RT000009,SO000052,1,V00494,P0023,2025-01-13,ST002,1,132.95,Accepted,RR5,true
RT000010,SO000057,2,V00405,P0018,2025-01-08,ST011,1,180.95,Accepted,RR4,false
RT000011,SO000058,3,V00016,P0001,2025-01-05,ST001,1,190.37,Accepted,RR1,true
RT000012,SO000070,1,V00722,P0041,2025-02-17,ST008,1,180.16,Accepted,RR1,true
RT000013,SO000073,2,V00280,P0012,2025-01-22,ST010,1,70.17,Accepted,RR3,true
RT000014,SO000076,3,V00683,P0033,2025-01-20,ST011,1,41.61,Accepted,RR5,true
RT000015,SO000086,1,V00516,P0024,2025-02-05,ST002,1,104.51,Accepted,RR3,true
RT000016,SO000087,1,V00716,P0038,2025-01-12,ST006,1,476.95,Accepted,RR2,true
RT000017,SO000088,3,V00586,P0028,2025-01-12,ST001,1,93.95,Accepted,RR7,true
RT000018,SO000100,2,V00380,P0016,2025-01-23,ST006,1,186.11,Accepted,RR3,true
RT000019,SO000112,1,V00621,P0030,2025-01-25,ST011,1,133.95,Accepted,RR7,true
RT000020,SO000113,4,V00099,P0005,2025-01-12,ST011,1,133.95,Accepted,RR7,true
RT000021,SO000116,1,V00713,P0037,2025-01-19,ST002,1,228.95,Accepted,RR3,true
RT000022,SO000116,2,V00713,P0037,2025-01-23,ST013,1,160.27,Accepted,RR1,true
RT000023,SO000117,1,V00647,P0031,2025-02-07,ST014,1,75.95,Accepted,RR3,true
RT000024,SO000120,1,V00150,P0007,2025-02-04,ST015,1,126.95,Accepted,RR2,true
RT000025,SO000122,1,V00175,P0008,2025-02-04,ST015,1,95.16,Rejected,RR8,false
RT000026,SO000126,3,V00260,P0011,2025-02-01,ST017,1,157.95,Accepted,RR3,true
RT000027,SO000127,1,V00184,P0008,2025-01-11,ST018,1,95.17,Pending,RR2,false
RT000028,SO000129,2,V00200,P0009,2025-01-20,ST018,1,95.96,Accepted,RR1,true
RT000029,SO000132,3,V00195,P0009,2025-01-14,ST003,1,83.97,Accepted,RR5,true
RT000030,SO000137,1,V00610,P0029,2025-01-15,ST001,1,108.76,Accepted,RR4,false
RT000031,SO000140,3,V00458,P0021,2025-01-20,ST002,1,209.21,Accepted,RR4,false
RT000032,SO000153,1,V00744,P0052,2025-01-08,ST008,2,197.92,Accepted,RR7,true
RT000033,SO000153,2,V00220,P0010,2025-01-22,ST008,1,87.16,Accepted,RR6,true
RT000034,SO000153,3,V00610,P0029,2025-01-08,ST008,1,135.95,Accepted,RR7,true
RT000035,SO000160,2,V00726,P0043,2025-02-02,ST010,1,111.16,Accepted,RR8,true
RT000036,SO000162,1,V00649,P0031,2025-01-16,ST011,1,75.95,Accepted,RR8,true
RT000037,SO000166,1,V00307,P0013,2025-01-30,ST012,1,175.95,Accepted,RR6,true
RT000038,SO000170,2,V00415,P0018,2025-01-14,ST014,1,180.95,Accepted,RR5,true
RT000039,SO000173,1,V00452,P0020,2025-01-21,ST015,1,362.06,Accepted,RR4,false
RT000040,SO000192,5,V00515,P0024,2025-01-23,ST004,1,98.36,Accepted,RR1,true
RT000041,SO000198,1,V00294,P0013,2025-01-18,ST011,1,123.16,Rejected,RR1,false
RT000042,SO000200,3,V00671,P0032,2025-02-17,ST010,1,31.96,Accepted,RR3,true
RT000043,SO000202,1,V00592,P0028,2025-01-16,ST013,1,70.46,Accepted,RR7,true
RT000044,SO000202,2,V00539,P0025,2025-01-15,ST013,1,67.17,Accepted,RR4,false
RT000045,SO000210,1,V00202,P0009,2025-01-19,ST009,1,119.95,Accepted,RR3,true
RT000046,SO000211,2,V00663,P0032,2025-01-18,ST009,1,39.95,Pending,RR1,false
RT000047,SO000213,2,V00656,P0032,2025-02-09,ST014,1,29.96,Pending,RR1,false
RT000048,SO000213,3,V00586,P0028,2025-01-19,ST009,1,65.76,Accepted,RR8,true
RT000049,SO000218,1,V00441,P0020,2025-01-19,ST004,1,425.95,Accepted,RR7,true
RT000050,SO000219,4,V00488,P0022,2025-01-24,ST005,1,351.96,Accepted,RR1,true
RT000051,SO000227,2,V00124,P0006,2025-01-23,ST012,1,162.95,Accepted,RR2,true
RT000052,SO000230,1,V00639,P0031,2025-02-08,ST015,1,56.96,Accepted,RR1,true
RT000053,SO000232,2,V00627,P0030,2025-01-23,ST011,1,113.86,Accepted,RR2,true
RT000054,SO000232,4,V00022,P0001,2025-01-18,ST016,1,203.96,Accepted,RR7,true
RT000055,SO000236,3,V00598,P0028,2025-01-09,ST017,1,75.16,Accepted,RR1,true
RT000056,SO000236,4,V00625,P0030,2025-02-03,ST009,1,107.16,Rejected,RR7,false
RT000057,SO000238,1,V00358,P0015,2025-01-21,ST016,1,153.97,Accepted,RR6,true
RT000058,SO000239,2,V00127,P0006,2025-01-10,ST013,1,162.95,Accepted,RR2,true
RT000059,SO000241,1,V00558,P0026,2025-02-24,ST001,1,42.36,Rejected,RR3,false
RT000060,SO000242,1,V00114,P0005,2025-02-03,ST001,1,93.76,Accepted,RR7,true
RT000061,SO000243,3,V00080,P0004,2025-02-04,ST013,1,192.76,Accepted,RR7,true
RT000062,SO000257,2,V00139,P0006,2025-01-27,ST014,1,162.95,Accepted,RR7,true
RT000063,SO000260,1,V00126,P0006,2025-02-02,ST018,1,162.95,Pending,RR5,false
RT000064,SO000265,2,V00710,P0035,2025-01-16,ST007,1,192.95,Rejected,RR3,false
RT000065,SO000267,1,V00284,P0012,2025-02-26,ST001,1,81.87,Accepted,RR4,false
RT000066,SO000272,1,V00548,P0026,2025-01-16,ST006,1,39.71,Accepted,RR3,true
RT000067,SO000285,4,V00366,P0016,2025-02-09,ST016,1,218.95,Accepted,RR8,true
RT000068,SO000286,1,V00089,P0004,2025-02-19,ST017,1,168.67,Accepted,RR3,true
RT000069,SO000288,2,V00519,P0024,2025-01-12,ST005,1,122.95,Accepted,RR7,true
RT000070,SO000295,1,V00441,P0020,2025-01-21,ST003,1,425.95,Accepted,RR2,true
RT000071,SO000301,1,V00258,P0011,2025-01-14,ST008,1,157.95,Accepted,RR6,true
RT000072,SO000310,2,V00267,P0012,2025-02-13,ST017,1,116.95,Accepted,RR8,true
RT000073,SO000310,3,V00550,P0026,2025-01-21,ST017,1,52.95,Accepted,RR8,true
RT000074,SO000312,1,V00080,P0004,2025-01-18,ST014,1,240.95,Accepted,RR7,true
RT000075,SO000313,1,V00515,P0024,2025-01-13,ST008,1,104.51,Accepted,RR1,true
RT000076,SO000315,1,V00293,P0013,2025-02-25,ST011,1,140.76,Pending,RR2,false
RT000077,SO000320,1,V00149,P0007,2025-02-06,ST003,1,126.95,Accepted,RR2,true
RT000078,SO000333,2,V00535,P0025,2025-01-14,ST008,1,67.17,Accepted,RR6,true
RT000079,SO000337,1,V00475,P0022,2025-02-05,ST011,1,439.95,Accepted,RR6,true
RT000080,SO000344,3,V00102,P0005,2025-01-30,ST014,1,133.95,Pending,RR7,false
RT000081,SO000345,1,V00706,P0034,2025-02-14,ST015,1,61.95,Pending,RR8,false
RT000082,SO000345,2,V00015,P0001,2025-02-05,ST015,1,217.56,Rejected,RR2,false
RT000083,SO000352,1,V00284,P0012,2025-01-29,ST018,1,70.17,Accepted,RR1,true
RT000084,SO000362,1,V00525,P0024,2025-01-20,ST002,1,122.95,Accepted,RR7,true
RT000085,SO000371,1,V00018,P0001,2025-02-03,ST005,1,271.95,Pending,RR6,false
RT000086,SO000372,1,V00269,P0012,2025-03-01,ST005,1,116.95,Rejected,RR7,false
RT000087,SO000380,5,V00018,P0001,2025-01-31,ST011,1,271.95,Accepted,RR1,true
RT000088,SO000382,1,V00712,P0036,2025-01-27,ST011,1,177.95,Accepted,RR4,false
RT000089,SO000385,1,V00103,P0005,2025-01-19,ST012,1,113.86,Accepted,RR2,true
RT000090,SO000387,2,V00299,P0013,2025-01-16,ST013,1,105.57,Accepted,RR4,false
RT000091,SO000393,1,V00379,P0016,2025-02-08,ST010,1,218.95,Rejected,RR4,false
RT000092,SO000399,2,V00596,P0028,2025-02-16,ST017,1,93.95,Accepted,RR6,true
RT000093,SO000400,1,V00395,P0017,2025-01-17,ST018,1,95.97,Accepted,RR1,true
RT000094,SO000400,3,V00713,P0037,2025-02-03,ST018,1,160.27,Accepted,RR8,true
RT000095,SO000402,1,V00187,P0008,2025-01-30,ST003,1,95.17,Accepted,RR2,true
RT000096,SO000414,1,V00497,P0023,2025-01-17,ST004,1,113.01,Accepted,RR7,true
RT000097,SO000421,2,V00506,P0023,2025-02-01,ST017,1,79.77,Accepted,RR7,true
RT000098,SO000422,1,V00309,P0013,2025-01-15,ST011,1,123.17,Rejected,RR7,false
RT000099,SO000422,2,V00381,P0016,2025-02-06,ST011,1,218.95,Accepted,RR3,true
RT000100,SO000425,1,V00046,P0002,2025-01-30,ST012,1,190.95,Accepted,RR8,true
RT000101,SO000426,4,V00019,P0001,2025-01-24,ST012,1,271.95,Accepted,RR1,true
RT000102,SO000428,1,V00235,P0010,2025-02-09,ST003,1,108.95,Accepted,RR1,true
RT000103,SO000431,1,V00743,P0052,2025-01-31,ST017,1,131.95,Accepted,RR4,false
RT000104,SO000432,1,V00115,P0005,2025-02-01,ST007,1,80.37,Accepted,RR4,false
RT000105,SO000433,1,V00161,P0007,2025-01-27,ST018,1,107.91,Accepted,RR4,false
RT000106,SO000439,1,V00258,P0011,2025-01-21,ST006,1,157.95,Accepted,RR3,true
RT000107,SO000445,1,V00293,P0013,2025-02-10,ST005,1,175.95,Pending,RR1,false
RT000108,SO000458,3,V00458,P0021,2025-02-08,ST010,1,278.95,Accepted,RR1,true
RT000109,SO000462,3,V00389,P0017,2025-02-04,ST004,1,159.95,Accepted,RR7,true
RT000110,SO000467,2,V00260,P0011,2025-02-26,ST013,1,157.95,Accepted,RR8,true
RT000111,SO000469,2,V00598,P0028,2025-02-24,ST004,2,187.90,Rejected,RR8,false
RT000112,SO000481,1,V00461,P0021,2025-01-30,ST012,1,278.95,Pending,RR3,false
RT000113,SO000483,2,V00742,P0051,2025-02-10,ST015,1,62.86,Accepted,RR8,true
RT000114,SO000484,3,V00554,P0026,2025-02-17,ST016,1,52.95,Accepted,RR2,true
RT000115,SO000488,2,V00634,P0030,2025-02-12,ST003,1,107.16,Accepted,RR3,true
RT000116,SO000489,1,V00109,P0005,2025-02-17,ST011,1,133.95,Accepted,RR7,true
RT000117,SO000492,2,V00069,P0003,2025-03-05,ST006,1,164.95,Accepted,RR1,true
RT000118,SO000492,3,V00206,P0009,2025-02-02,ST015,1,119.95,Accepted,RR2,true
RT000119,SO000492,4,V00523,P0024,2025-01-27,ST006,1,122.95,Accepted,RR4,false
RT000120,SO000495,1,V00183,P0008,2025-02-14,ST001,1,108.76,Accepted,RR1,true
RT000121,SO000499,2,V00412,P0018,2025-01-31,ST003,1,144.76,Accepted,RR4,false
RT000122,SO000507,4,V00200,P0009,2025-02-12,ST010,1,83.97,Accepted,RR1,true
RT000123,SO000512,2,V00270,P0012,2025-01-26,ST012,1,70.17,Accepted,RR4,false
RT000124,SO000518,1,V00195,P0009,2025-01-29,ST018,1,89.96,Accepted,RR1,true
RT000125,SO000521,1,V00639,P0031,2025-01-20,ST006,1,75.95,Accepted,RR7,true
RT000126,SO000522,3,V00515,P0024,2025-03-04,ST017,1,104.51,Pending,RR3,false
RT000127,SO000527,2,V00406,P0018,2025-02-01,ST004,1,180.95,Accepted,RR4,false
RT000128,SO000532,3,V00525,P0024,2025-02-03,ST008,1,122.95,Accepted,RR6,true
RT000129,SO000537,1,V00379,P0016,2025-01-26,ST002,1,218.95,Accepted,RR1,true
RT000130,SO000541,1,V00411,P0018,2025-02-20,ST008,1,180.95,Accepted,RR4,false
RT000131,SO000545,2,V00096,P0004,2025-01-23,ST017,1,168.66,Accepted,RR7,true
RT000132,SO000547,2,V00742,P0051,2025-01-22,ST012,2,147.90,Accepted,RR3,true
RT000133,SO000548,1,V00433,P0019,2025-02-13,ST006,1,250.95,Accepted,RR1,true
RT000134,SO000552,2,V00713,P0037,2025-01-28,ST013,1,171.71,Accepted,RR4,false
RT000135,SO000561,1,V00718,P0039,2025-02-07,ST005,1,220.95,Accepted,RR3,true
RT000136,SO000562,2,V00644,P0031,2025-01-30,ST011,1,75.95,Accepted,RR3,true
RT000137,SO000565,2,V00246,P0011,2025-02-05,ST007,1,157.95,Accepted,RR4,false
RT000138,SO000570,2,V00173,P0008,2025-01-28,ST009,2,271.90,Accepted,RR4,false
RT000139,SO000571,1,V00321,P0014,2025-01-26,ST009,1,151.96,Accepted,RR8,true
RT000140,SO000571,2,V00737,P0049,2025-02-03,ST009,1,51.95,Pending,RR3,false
RT000141,SO000571,3,V00042,P0002,2025-02-11,ST009,1,162.31,Accepted,RR1,true
RT000142,SO000577,4,V00233,P0010,2025-02-11,ST011,1,92.61,Accepted,RR7,true
RT000143,SO000580,2,V00604,P0029,2025-01-20,ST013,1,135.95,Accepted,RR3,true
RT000144,SO000582,1,V00736,P0048,2025-01-22,ST014,1,83.95,Accepted,RR7,true
RT000145,SO000589,1,V00279,P0012,2025-02-07,ST006,1,70.17,Accepted,RR3,true
RT000146,SO000590,3,V00355,P0015,2025-02-04,ST008,1,175.96,Accepted,RR7,true
RT000147,SO000592,1,V00603,P0029,2025-03-05,ST003,1,115.56,Accepted,RR1,true
RT000148,SO000592,2,V00640,P0031,2025-01-29,ST006,1,53.17,Accepted,RR7,true
RT000149,SO000592,3,V00554,P0026,2025-02-02,ST013,1,52.95,Accepted,RR8,true
RT000150,SO000594,1,V00331,P0014,2025-02-05,ST007,1,113.97,Accepted,RR7,true
RT000151,SO000598,3,V00683,P0033,2025-02-13,ST001,1,48.95,Accepted,RR1,true
RT000152,SO000603,2,V00149,P0007,2025-01-29,ST004,1,114.25,Pending,RR6,false
RT000153,SO000610,1,V00730,P0045,2025-01-26,ST008,1,56.37,Accepted,RR8,true
RT000154,SO000610,2,V00602,P0029,2025-01-31,ST008,1,135.95,Accepted,RR1,true
RT000155,SO000614,1,V00016,P0001,2025-02-28,ST010,1,231.16,Accepted,RR1,true
RT000156,SO000616,3,V00038,P0002,2025-02-06,ST012,1,190.95,Accepted,RR8,true
RT000157,SO000623,3,V00661,P0032,2025-02-07,ST015,1,31.96,Accepted,RR8,true
RT000158,SO000631,1,V00386,P0017,2025-01-22,ST008,1,159.95,Accepted,RR8,true
RT000159,SO000633,1,V00186,P0008,2025-02-15,ST001,1,101.96,Accepted,RR1,true
RT000160,SO000634,2,V00563,P0026,2025-02-15,ST001,1,52.95,Accepted,RR5,true
RT000161,SO000641,2,V00297,P0013,2025-01-23,ST005,1,105.57,Accepted,RR8,true
RT000162,SO000643,5,V00464,P0021,2025-03-06,ST007,1,251.05,Accepted,RR1,true
RT000163,SO000644,5,V00187,P0008,2025-02-08,ST008,1,135.95,Pending,RR7,false
RT000164,SO000660,1,V00718,P0039,2025-02-22,ST006,1,132.57,Accepted,RR1,true
RT000165,SO000661,4,V00562,P0026,2025-02-10,ST003,1,52.95,Accepted,RR7,true
RT000166,SO000672,2,V00231,P0010,2025-02-08,ST004,1,92.61,Accepted,RR5,true
RT000167,SO000674,3,V00270,P0012,2025-02-03,ST008,1,116.95,Accepted,RR6,true
RT000168,SO000675,2,V00657,P0032,2025-01-28,ST010,1,29.96,Accepted,RR7,true
RT000169,SO000681,1,V00091,P0004,2025-03-05,ST014,1,168.67,Accepted,RR3,true
RT000170,SO000695,1,V00713,P0037,2025-02-09,ST001,1,228.95,Accepted,RR1,true
RT000171,SO000699,3,V00182,P0008,2025-02-16,ST004,1,135.95,Accepted,RR2,true
RT000172,SO000703,1,V00222,P0010,2025-02-17,ST012,1,108.95,Accepted,RR2,true
RT000173,SO000704,1,V00237,P0010,2025-01-26,ST006,1,92.61,Accepted,RR4,false
RT000174,SO000709,2,V00709,P0035,2025-02-05,ST010,1,192.95,Accepted,RR1,true
RT000175,SO000713,1,V00233,P0010,2025-03-11,ST011,1,108.95,Accepted,RR7,true
RT000176,SO000714,1,V00174,P0008,2025-02-23,ST011,1,135.95,Accepted,RR3,true
RT000177,SO000716,1,V00677,P0033,2025-02-10,ST013,1,36.71,Rejected,RR2,false
RT000178,SO000725,1,V00728,P0044,2025-02-24,ST005,1,115.95,Accepted,RR1,true
RT000179,SO000727,1,V00743,P0052,2025-02-17,ST003,1,79.17,Accepted,RR1,true
RT000180,SO000740,4,V00331,P0014,2025-02-06,ST011,1,189.95,Accepted,RR8,true
RT000181,SO000742,2,V00389,P0017,2025-02-07,ST003,1,119.96,Accepted,RR6,true
RT000182,SO000743,1,V00107,P0005,2025-02-02,ST013,1,133.95,Accepted,RR4,false
RT000183,SO000749,1,V00728,P0044,2025-01-31,ST006,1,115.95,Accepted,RR3,true
RT000184,SO000757,1,V00150,P0007,2025-03-08,ST001,1,101.56,Accepted,RR1,true
RT000185,SO000764,1,V00306,P0013,2025-02-06,ST005,1,105.57,Accepted,RR4,false
RT000186,SO000766,2,V00687,P0033,2025-01-30,ST007,1,48.95,Accepted,RR7,true
RT000187,SO000772,1,V00730,P0045,2025-02-05,ST014,1,79.86,Accepted,RR7,true
RT000188,SO000774,1,V00125,P0006,2025-02-12,ST015,1,162.95,Pending,RR4,false
RT000189,SO000774,4,V00506,P0023,2025-03-09,ST015,1,79.77,Accepted,RR4,false
RT000190,SO000774,5,V00561,P0026,2025-02-04,ST015,1,52.95,Pending,RR7,false
RT000191,SO000781,1,V00442,P0020,2025-01-29,ST016,1,255.57,Accepted,RR7,true
RT000192,SO000790,4,V00156,P0007,2025-02-11,ST002,1,126.95,Accepted,RR6,true
RT000193,SO000792,1,V00195,P0009,2025-02-13,ST004,1,89.96,Accepted,RR1,true
RT000194,SO000793,2,V00138,P0006,2025-03-01,ST003,1,138.51,Accepted,RR6,true
RT000195,SO000794,1,V00548,P0026,2025-03-07,ST004,1,52.95,Accepted,RR8,true
RT000196,SO000798,1,V00039,P0002,2025-02-05,ST004,1,162.31,Accepted,RR2,true
RT000197,SO000804,2,V00339,P0015,2025-02-15,ST007,1,186.96,Accepted,RR1,true
RT000198,SO000806,1,V00106,P0005,2025-02-04,ST009,1,113.86,Accepted,RR8,true
RT000199,SO000806,2,V00729,P0045,2025-03-08,ST009,1,93.95,Accepted,RR2,true
RT000200,SO000815,1,V00103,P0005,2025-02-12,ST016,1,133.95,Accepted,RR6,true
RT000201,SO000818,2,V00615,P0029,2025-02-06,ST018,1,81.57,Accepted,RR1,true
RT000202,SO000818,4,V00043,P0002,2025-02-21,ST018,1,190.95,Accepted,RR3,true
RT000203,SO000820,2,V00366,P0016,2025-02-20,ST005,1,186.11,Accepted,RR7,true
RT000204,SO000828,2,V00111,P0005,2025-02-07,ST008,2,267.90,Accepted,RR1,true
RT000205,SO000837,2,V00001,P0001,2025-02-11,ST005,1,271.95,Accepted,RR6,true
RT000206,SO000837,3,V00718,P0039,2025-02-08,ST005,1,176.76,Accepted,RR1,true
RT000207,SO000848,1,V00654,P0031,2025-02-11,ST011,1,75.95,Accepted,RR1,true
RT000208,SO000853,3,V00448,P0020,2025-02-04,ST014,1,425.95,Rejected,RR1,false
RT000209,SO000860,1,V00718,P0039,2025-02-04,ST011,1,220.95,Accepted,RR7,true
RT000210,SO000870,1,V00057,P0003,2025-02-05,ST004,1,164.95,Accepted,RR3,true
RT000211,SO000888,2,V00733,P0047,2025-02-14,ST015,1,76.46,Accepted,RR1,true
RT000212,SO000899,1,V00002,P0001,2025-03-02,ST004,2,543.90,Accepted,RR1,true
RT000213,SO000904,1,V00739,P0050,2025-02-10,ST007,1,129.57,Accepted,RR8,true
RT000214,SO000906,1,V00141,P0006,2025-02-06,ST010,1,138.51,Accepted,RR2,true
RT000215,SO000908,1,V00207,P0009,2025-02-08,ST011,1,119.95,Accepted,RR6,true
RT000216,SO000917,1,V00139,P0006,2025-02-07,ST016,1,138.51,Accepted,RR4,false
RT000217,SO000917,3,V00597,P0028,2025-02-08,ST016,1,75.16,Accepted,RR8,true
RT000218,SO000921,1,V00113,P0005,2025-02-13,ST007,1,93.77,Accepted,RR3,true
RT000219,SO000929,3,V00284,P0012,2025-02-25,ST002,1,116.95,Accepted,RR5,true
RT000220,SO000929,4,V00647,P0031,2025-02-07,ST002,1,75.95,Accepted,RR2,true
RT000221,SO000932,3,V00639,P0031,2025-02-06,ST004,1,75.95,Accepted,RR3,true
RT000222,SO000946,1,V00484,P0022,2025-02-14,ST011,1,263.97,Pending,RR7,false
RT000223,SO000950,1,V00508,P0023,2025-02-21,ST014,1,132.95,Pending,RR3,false
RT000224,SO000950,2,V00209,P0009,2025-02-16,ST014,1,119.95,Accepted,RR5,true
RT000225,SO000952,2,V00056,P0003,2025-02-09,ST015,1,123.71,Accepted,RR7,true
RT000226,SO000952,3,V00706,P0034,2025-02-08,ST015,1,46.46,Accepted,RR4,false
RT000227,SO000955,2,V00399,P0017,2025-02-24,ST003,1,159.95,Accepted,RR1,true
RT000228,SO000960,2,V00075,P0004,2025-03-02,ST003,1,168.67,Rejected,RR4,false
RT000229,SO000987,1,V00434,P0019,2025-02-09,ST004,1,250.95,Accepted,RR2,true
RT000230,SO000990,2,V00368,P0016,2025-02-17,ST006,1,218.95,Accepted,RR8,true
RT000231,SO000991,1,V00568,P0027,2025-02-11,ST007,1,58.06,Accepted,RR3,true
RT000232,SO000991,3,V00489,P0022,2025-03-16,ST007,1,329.96,Accepted,RR3,true
RT000233,SO000993,3,V00665,P0032,2025-02-12,ST008,1,33.96,Accepted,RR7,true
RT000234,SO000996,2,V00340,P0015,2025-02-12,ST011,1,219.95,Accepted,RR3,true
RT000235,SO001005,2,V00623,P0030,2025-02-10,ST017,1,93.77,Accepted,RR1,true
RT000236,SO001007,2,V00317,P0014,2025-03-05,ST017,1,189.95,Accepted,RR4,false
RT000237,SO001008,4,V00668,P0032,2025-02-20,ST006,1,23.97,Accepted,RR1,true
RT000238,SO001008,5,V00719,P0040,2025-03-05,ST010,1,288.96,Accepted,RR6,true
RT000239,SO001009,1,V00160,P0007,2025-02-10,ST010,1,76.17,Accepted,RR7,true
RT000240,SO001011,1,V00135,P0006,2025-02-18,ST016,1,162.95,Rejected,RR4,false
RT000241,SO001018,2,V00221,P0010,2025-02-13,ST001,1,108.95,Accepted,RR2,true
RT000242,SO001020,2,V00210,P0009,2025-02-19,ST002,1,89.96,Accepted,RR2,true
RT000243,SO001022,1,V00356,P0015,2025-02-10,ST007,1,219.95,Pending,RR8,false
RT000244,SO001022,3,V00169,P0008,2025-02-03,ST004,1,135.95,Accepted,RR3,true
RT000245,SO001023,1,V00424,P0019,2025-02-18,ST004,1,250.95,Accepted,RR2,true
RT000246,SO001028,5,V00389,P0017,2025-02-06,ST005,1,159.95,Accepted,RR3,true
RT000247,SO001029,1,V00577,P0027,2025-03-17,ST006,1,58.07,Pending,RR7,false
RT000248,SO001034,2,V00542,P0025,2025-02-19,ST007,1,86.35,Accepted,RR7,true
RT000249,SO001035,1,V00627,P0030,2025-02-26,ST007,1,133.95,Rejected,RR8,false
RT000250,SO001040,3,V00342,P0015,2025-02-27,ST011,1,219.95,Accepted,RR1,true
RT000251,SO001042,1,V00731,P0046,2025-02-08,ST012,1,121.95,Accepted,RR6,true
RT000252,SO001046,3,V00513,P0024,2025-02-20,ST014,1,122.95,Accepted,RR2,true
RT000253,SO001048,2,V00587,P0028,2025-02-11,ST015,1,93.95,Accepted,RR4,false
RT000254,SO001049,3,V00500,P0023,2025-02-26,ST015,1,113.01,Accepted,RR7,true
RT000255,SO001052,1,V00318,P0014,2025-02-10,ST016,1,132.97,Accepted,RR2,true
RT000256,SO001054,1,V00407,P0018,2025-02-24,ST015,1,126.67,Accepted,RR5,true
RT000257,SO001056,4,V00548,P0026,2025-02-13,ST018,1,52.95,Accepted,RR7,true
RT000258,SO001063,3,V00733,P0047,2025-02-17,ST004,1,71.96,Accepted,RR4,false
RT000259,SO001076,2,V00106,P0005,2025-02-27,ST006,1,133.95,Accepted,RR2,true
RT000260,SO001078,4,V00405,P0018,2025-02-11,ST007,1,180.95,Accepted,RR6,true
RT000261,SO001079,1,V00016,P0001,2025-02-19,ST007,1,190.37,Pending,RR2,false
RT000262,SO001082,4,V00327,P0014,2025-02-11,ST008,1,189.95,Accepted,RR3,true
RT000263,SO001083,3,V00393,P0017,2025-02-13,ST009,1,159.95,Accepted,RR4,false
RT000264,SO001095,1,V00473,P0021,2025-02-17,ST013,1,223.16,Rejected,RR6,false
RT000265,SO001095,2,V00055,P0003,2025-03-04,ST013,1,164.95,Accepted,RR3,true
RT000266,SO001101,1,V00041,P0002,2025-02-17,ST017,1,190.95,Accepted,RR7,true
RT000267,SO001101,2,V00356,P0015,2025-02-26,ST017,1,219.95,Accepted,RR2,true
RT000268,SO001106,2,V00709,P0035,2025-02-16,ST010,1,192.95,Accepted,RR2,true
RT000269,SO001120,2,V00495,P0023,2025-02-20,ST007,1,132.95,Accepted,RR3,true
RT000270,SO001136,2,V00352,P0015,2025-03-02,ST001,1,219.95,Accepted,RR7,true
RT000271,SO001139,1,V00460,P0021,2025-02-23,ST003,1,278.95,Accepted,RR7,true
RT000272,SO001147,1,V00437,P0019,2025-02-13,ST011,1,200.76,Accepted,RR2,true
RT000273,SO001150,2,V00671,P0032,2025-02-12,ST013,1,27.97,Accepted,RR4,false
RT000274,SO001155,1,V00537,P0025,2025-03-21,ST018,1,95.95,Accepted,RR3,true
RT000275,SO001156,1,V00737,P0049,2025-02-19,ST012,1,51.95,Accepted,RR5,true
RT000276,SO001158,1,V00719,P0040,2025-02-17,ST006,1,339.95,Rejected,RR7,false
RT000277,SO001171,1,V00485,P0022,2025-03-04,ST011,1,439.95,Rejected,RR5,false
RT000278,SO001179,1,V00734,P0047,2025-02-14,ST017,1,53.97,Pending,RR1,false
RT000279,SO001181,2,V00307,P0013,2025-03-01,ST006,1,131.96,Accepted,RR2,true
RT000280,SO001183,2,V00149,P0007,2025-03-01,ST011,1,126.95,Rejected,RR7,false
RT000281,SO001209,2,V00581,P0027,2025-02-22,ST018,1,82.95,Accepted,RR7,true
RT000282,SO001210,1,V00423,P0019,2025-02-16,ST003,1,150.57,Accepted,RR7,true
RT000283,SO001211,3,V00629,P0030,2025-02-17,ST018,1,100.46,Accepted,RR4,false
RT000284,SO001222,1,V00374,P0016,2025-02-19,ST006,1,218.95,Accepted,RR4,false
RT000285,SO001224,1,V00568,P0027,2025-02-26,ST009,1,70.51,Accepted,RR3,true
RT000286,SO001227,1,V00256,P0011,2025-02-16,ST010,1,94.77,Rejected,RR1,false
RT000287,SO001227,3,V00091,P0004,2025-02-16,ST010,1,144.57,Accepted,RR7,true
RT000288,SO001237,1,V00107,P0005,2025-03-28,ST009,1,133.95,Pending,RR1,false
RT000289,SO001237,2,V00419,P0018,2025-02-26,ST016,1,153.81,Accepted,RR7,true
RT000290,SO001238,2,V00555,P0026,2025-02-15,ST016,1,31.77,Accepted,RR7,true
RT000291,SO001239,3,V00537,P0025,2025-02-22,ST007,1,76.76,Accepted,RR7,true
RT000292,SO001240,2,V00693,P0034,2025-03-05,ST004,1,61.95,Accepted,RR6,true
RT000293,SO001241,1,V00731,P0046,2025-02-14,ST018,1,121.95,Accepted,RR1,true
RT000294,SO001243,2,V00714,P0037,2025-03-04,ST002,1,228.95,Accepted,RR5,true
RT000295,SO001243,5,V00057,P0003,2025-03-26,ST002,1,164.95,Accepted,RR7,true
RT000296,SO001245,4,V00201,P0009,2025-03-10,ST002,2,239.90,Accepted,RR5,true
RT000297,SO001247,2,V00631,P0030,2025-03-09,ST003,1,133.95,Accepted,RR1,true
RT000298,SO001261,1,V00223,P0010,2025-02-25,ST011,1,87.16,Accepted,RR6,true
RT000299,SO001265,1,V00660,P0032,2025-02-15,ST012,1,23.97,Accepted,RR7,true
RT000300,SO001280,2,V00646,P0031,2025-02-15,ST006,1,53.17,Accepted,RR1,true
RT000301,SO001284,1,V00140,P0006,2025-02-17,ST005,1,114.07,Accepted,RR1,true
RT000302,SO001291,1,V00628,P0030,2025-02-19,ST002,3,281.29,Accepted,RR1,true
RT000303,SO001297,1,V00197,P0009,2025-02-13,ST005,1,119.95,Accepted,RR1,true
RT000304,SO001297,2,V00686,P0033,2025-02-18,ST005,1,41.61,Accepted,RR1,true
RT000305,SO001300,1,V00549,P0026,2025-02-28,ST006,1,52.95,Accepted,RR8,true
RT000306,SO001301,3,V00448,P0020,2025-02-21,ST006,1,255.57,Accepted,RR7,true
RT000307,SO001305,2,V00111,P0005,2025-02-28,ST009,1,133.95,Accepted,RR2,true
RT000308,SO001314,1,V00597,P0028,2025-02-14,ST013,1,93.95,Pending,RR7,false
RT000309,SO001319,1,V00715,P0038,2025-02-18,ST016,1,333.87,Accepted,RR7,true
RT000310,SO001320,3,V00219,P0010,2025-02-13,ST016,1,108.95,Accepted,RR3,true
RT000311,SO001335,1,V00465,P0021,2025-02-22,ST001,1,278.95,Accepted,RR7,true
RT000312,SO001335,2,V00330,P0014,2025-03-02,ST001,1,151.96,Accepted,RR8,true
RT000313,SO001339,2,V00584,P0028,2025-02-22,ST002,1,93.95,Accepted,RR1,true
RT000314,SO001340,2,V00676,P0033,2025-02-24,ST006,1,36.71,Rejected,RR2,false
RT000315,SO001347,2,V00710,P0035,2025-02-19,ST008,1,115.77,Accepted,RR3,true
RT000316,SO001350,3,V00211,P0009,2025-03-01,ST012,1,119.95,Accepted,RR7,true
RT000317,SO001350,4,V00664,P0032,2025-02-14,ST001,1,31.96,Accepted,RR7,true
RT000318,SO001355,1,V00710,P0035,2025-02-17,ST017,1,192.95,Accepted,RR3,true
RT000319,SO001355,2,V00351,P0015,2025-02-24,ST017,1,153.97,Accepted,RR7,true
RT000320,SO001358,4,V00711,P0036,2025-02-13,ST010,1,124.56,Accepted,RR1,true
RT000321,SO001361,3,V00256,P0011,2025-02-15,ST005,1,157.95,Accepted,RR2,true
RT000322,SO001363,1,V00080,P0004,2025-03-31,ST002,1,144.57,Accepted,RR7,true
RT000323,SO001364,1,V00465,P0021,2025-03-13,ST003,1,278.95,Accepted,RR2,true
RT000324,SO001369,4,V00725,P0043,2025-02-27,ST008,1,83.37,Accepted,RR4,false
RT000325,SO001382,1,V00101,P0005,2025-02-13,ST016,1,133.95,Accepted,RR7,true
RT000326,SO001384,1,V00172,P0008,2025-02-28,ST018,1,108.76,Accepted,RR7,true
RT000327,SO001389,1,V00260,P0011,2025-02-23,ST014,1,157.95,Pending,RR2,false
RT000328,SO001393,1,V00028,P0002,2025-02-15,ST004,1,190.95,Accepted,RR1,true
RT000329,SO001400,1,V00197,P0009,2025-03-16,ST007,1,95.96,Accepted,RR5,true
RT000330,SO001404,1,V00574,P0027,2025-02-14,ST011,1,82.95,Accepted,RR6,true
RT000331,SO001415,1,V00539,P0025,2025-02-24,ST009,1,95.95,Accepted,RR7,true
RT000332,SO001419,3,V00400,P0017,2025-02-16,ST018,1,111.96,Pending,RR4,false
RT000333,SO001423,2,V00416,P0018,2025-03-11,ST001,1,144.76,Accepted,RR2,true
RT000334,SO001425,3,V00220,P0010,2025-03-30,ST002,1,108.95,Accepted,RR4,false
RT000335,SO001441,1,V00452,P0020,2025-03-01,ST014,1,340.76,Accepted,RR8,true
RT000336,SO001443,2,V00143,P0006,2025-03-28,ST010,1,162.95,Accepted,RR7,true
RT000337,SO001443,4,V00441,P0020,2025-03-03,ST016,1,319.46,Accepted,RR4,false
RT000338,SO001448,1,V00307,P0013,2025-02-24,ST007,1,175.95,Rejected,RR1,false
RT000339,SO001448,2,V00456,P0020,2025-03-31,ST013,1,425.95,Accepted,RR1,true
RT000340,SO001449,2,V00733,P0047,2025-03-26,ST016,1,89.95,Accepted,RR3,true
RT000341,SO001464,1,V00696,P0034,2025-02-24,ST006,1,46.46,Accepted,RR6,true
RT000342,SO001464,3,V00054,P0003,2025-02-25,ST006,1,148.45,Rejected,RR3,false
RT000343,SO001467,1,V00642,P0031,2025-02-22,ST011,1,75.95,Accepted,RR8,true
RT000344,SO001480,1,V00168,P0007,2025-02-19,ST011,1,126.95,Accepted,RR7,true
RT000345,SO001489,1,V00720,P0040,2025-03-03,ST002,1,339.95,Accepted,RR4,false
RT000346,SO001498,3,V00225,P0010,2025-02-24,ST006,1,108.95,Accepted,RR7,true
RT000347,SO001499,3,V00011,P0001,2025-03-14,ST006,3,815.85,Accepted,RR1,true
RT000348,SO001506,2,V00738,P0049,2025-02-25,ST010,1,51.95,Accepted,RR7,true
RT000349,SO001509,2,V00694,P0034,2025-03-07,ST011,1,61.95,Accepted,RR4,false
RT000350,SO001520,1,V00614,P0029,2025-03-05,ST006,1,135.95,Accepted,RR2,true
RT000351,SO001522,2,V00569,P0027,2025-03-02,ST018,1,70.51,Accepted,RR8,true
RT000352,SO001523,2,V00297,P0013,2025-03-20,ST015,1,175.95,Accepted,RR2,true
RT000353,SO001527,1,V00221,P0010,2025-03-04,ST016,1,76.27,Accepted,RR4,false
RT000354,SO001535,2,V00428,P0019,2025-03-16,ST018,1,200.76,Pending,RR2,false
RT000355,SO001536,2,V00489,P0022,2025-02-28,ST001,1,329.96,Accepted,RR4,false
RT000356,SO001538,1,V00693,P0034,2025-02-24,ST001,1,37.17,Accepted,RR4,false
RT000357,SO001539,2,V00067,P0003,2025-02-20,ST001,1,164.95,Accepted,RR6,true
RT000358,SO001547,1,V00403,P0018,2025-02-18,ST004,1,180.95,Pending,RR7,false
RT000359,SO001552,2,V00249,P0011,2025-03-06,ST006,1,157.95,Accepted,RR3,true
RT000360,SO001557,3,V00163,P0007,2025-02-27,ST011,1,126.95,Accepted,RR7,true
RT000361,SO001575,1,V00531,P0025,2025-03-04,ST012,1,95.95,Accepted,RR8,true
RT000362,SO001575,2,V00411,P0018,2025-02-25,ST010,1,180.95,Accepted,RR8,true
RT000363,SO001575,3,V00615,P0029,2025-02-21,ST009,1,135.95,Accepted,RR1,true
RT000364,SO001599,1,V00054,P0003,2025-03-03,ST005,1,115.47,Accepted,RR3,true
RT000365,SO001601,1,V00561,P0026,2025-02-28,ST003,1,42.36,Accepted,RR2,true
RT000366,SO001611,2,V00248,P0011,2025-03-21,ST010,1,157.95,Accepted,RR2,true
RT000367,SO001631,2,V00376,P0016,2025-03-01,ST004,1,218.95,Accepted,RR7,true
RT000368,SO001638,1,V00550,P0026,2025-03-08,ST007,1,45.01,Accepted,RR7,true
RT000369,SO001648,1,V00250,P0011,2025-04-07,ST016,2,268.52,Accepted,RR4,false
RT000370,SO001649,1,V00174,P0008,2025-04-05,ST017,1,135.95,Accepted,RR8,true
RT000371,SO001654,1,V00307,P0013,2025-03-03,ST013,1,131.96,Rejected,RR4,false
RT000372,SO001660,3,V00405,P0018,2025-03-04,ST004,1,180.95,Accepted,RR7,true
RT000373,SO001663,4,V00507,P0023,2025-02-26,ST006,1,113.01,Accepted,RR7,true
RT000374,SO001671,2,V00245,P0011,2025-03-08,ST011,1,157.95,Pending,RR8,false
RT000375,SO001671,5,V00478,P0022,2025-03-04,ST011,1,439.95,Accepted,RR2,true
RT000376,SO001682,2,V00671,P0032,2025-03-08,ST005,1,33.96,Accepted,RR4,false
RT000377,SO001683,3,V00363,P0016,2025-02-28,ST002,1,153.27,Accepted,RR7,true
RT000378,SO001686,3,V00441,P0020,2025-03-15,ST001,1,362.06,Accepted,RR4,false
RT000379,SO001687,3,V00700,P0034,2025-03-05,ST003,1,61.95,Accepted,RR3,true
RT000380,SO001689,3,V00214,P0009,2025-02-27,ST003,1,83.97,Accepted,RR4,false
RT000381,SO001695,2,V00698,P0034,2025-03-08,ST012,1,46.46,Accepted,RR3,true
RT000382,SO001696,2,V00291,P0013,2025-03-04,ST013,1,131.96,Accepted,RR7,true
RT000383,SO001696,3,V00401,P0017,2025-03-07,ST013,1,159.95,Accepted,RR8,true
RT000384,SO001702,2,V00302,P0013,2025-03-17,ST018,1,105.57,Accepted,RR8,true
RT000385,SO001712,1,V00417,P0018,2025-03-16,ST002,1,153.81,Accepted,RR3,true
RT000386,SO001719,1,V00388,P0017,2025-03-12,ST006,1,143.95,Accepted,RR8,true
RT000387,SO001721,3,V00183,P0008,2025-03-10,ST007,1,81.57,Accepted,RR2,true
RT000388,SO001722,1,V00549,P0026,2025-02-26,ST007,1,52.95,Accepted,RR7,true
RT000389,SO001728,1,V00306,P0013,2025-03-18,ST011,1,123.17,Accepted,RR2,true
RT000390,SO001728,2,V00130,P0006,2025-03-14,ST011,1,122.21,Accepted,RR7,true
RT000391,SO001733,2,V00485,P0022,2025-03-29,ST014,1,439.95,Rejected,RR2,false
RT000392,SO001736,1,V00145,P0007,2025-02-24,ST015,1,126.95,Accepted,RR8,true
RT000393,SO001736,3,V00158,P0007,2025-03-18,ST015,1,95.21,Accepted,RR1,true
RT000394,SO001737,2,V00481,P0022,2025-03-27,ST007,1,373.96,Accepted,RR3,true
RT000395,SO001737,3,V00406,P0018,2025-03-28,ST015,1,180.95,Accepted,RR1,true
RT000396,SO001752,3,V00083,P0004,2025-04-13,ST001,1,240.95,Accepted,RR3,true
RT000397,SO001753,2,V00669,P0032,2025-03-27,ST001,1,33.96,Accepted,RR8,true
RT000398,SO001757,1,V00053,P0003,2025-03-21,ST005,1,148.45,Accepted,RR8,true
RT000399,SO001763,2,V00720,P0040,2025-03-18,ST008,1,271.96,Accepted,RR1,true
RT000400,SO001772,3,V00590,P0028,2025-02-25,ST013,1,93.95,Accepted,RR1,true
RT000401,SO001787,1,V00545,P0025,2025-03-05,ST014,1,81.56,Accepted,RR1,true
RT000402,SO001789,3,V00116,P0005,2025-03-08,ST001,1,107.16,Accepted,RR3,true
RT000403,SO001805,1,V00276,P0012,2025-04-08,ST012,1,93.56,Accepted,RR7,true
RT000404,SO001806,3,V00436,P0019,2025-03-19,ST013,1,250.95,Accepted,RR8,true
RT000405,SO001814,3,V00744,P0052,2025-03-26,ST009,1,131.95,Accepted,RR8,true
RT000406,SO001815,2,V00718,P0039,2025-04-11,ST009,1,165.71,Accepted,RR7,true
RT000407,SO001816,2,V00404,P0018,2025-03-11,ST017,1,144.76,Accepted,RR4,false
RT000408,SO001819,1,V00332,P0014,2025-03-07,ST001,1,113.97,Accepted,RR6,true
RT000409,SO001823,1,V00645,P0031,2025-02-28,ST004,1,75.95,Accepted,RR5,true
RT000410,SO001826,1,V00319,P0014,2025-03-20,ST007,1,189.95,Accepted,RR5,true
RT000411,SO001834,1,V00531,P0025,2025-03-12,ST012,1,57.57,Accepted,RR1,true
RT000412,SO001837,1,V00452,P0020,2025-03-15,ST014,1,255.57,Accepted,RR8,true
RT000413,SO001841,3,V00241,P0011,2025-04-06,ST017,1,157.95,Accepted,RR4,false
RT000414,SO001856,4,V00624,P0030,2025-03-08,ST002,1,100.46,Accepted,RR2,true
RT000415,SO001861,1,V00087,P0004,2025-04-09,ST005,1,240.95,Accepted,RR5,true
RT000416,SO001875,2,V00090,P0004,2025-03-16,ST007,1,144.57,Accepted,RR4,false
RT000417,SO001879,1,V00017,P0001,2025-03-04,ST001,1,217.56,Accepted,RR2,true
RT000418,SO001880,3,V00040,P0002,2025-03-07,ST001,1,162.31,Rejected,RR7,false
RT000419,SO001881,1,V00741,P0051,2025-03-04,ST001,1,62.86,Rejected,RR3,false
RT000420,SO001889,1,V00019,P0001,2025-03-02,ST011,1,271.95,Accepted,RR1,true
RT000421,SO001894,1,V00358,P0015,2025-03-08,ST011,1,164.96,Accepted,RR2,true
RT000422,SO001900,1,V00378,P0016,2025-03-01,ST012,1,218.95,Accepted,RR7,true
RT000423,SO001908,1,V00393,P0017,2025-03-15,ST016,1,159.95,Accepted,RR2,true
RT000424,SO001910,1,V00377,P0016,2025-03-17,ST015,1,153.27,Accepted,RR1,true
RT000425,SO001914,1,V00714,P0037,2025-03-24,ST001,1,183.16,Accepted,RR1,true
RT000426,SO001916,1,V00074,P0004,2025-03-15,ST001,1,192.76,Accepted,RR5,true
RT000427,SO001916,3,V00511,P0024,2025-03-17,ST001,1,122.95,Accepted,RR1,true
RT000428,SO001918,1,V00637,P0031,2025-04-16,ST013,1,45.57,Accepted,RR3,true
RT000429,SO001919,1,V00246,P0011,2025-03-12,ST004,1,134.26,Accepted,RR8,true
RT000430,SO001920,1,V00185,P0008,2025-03-09,ST004,1,101.96,Accepted,RR2,true
RT000431,SO001931,1,V00175,P0008,2025-03-11,ST015,1,115.56,Accepted,RR1,true
RT000432,SO001934,2,V00568,P0027,2025-03-06,ST017,1,62.21,Rejected,RR8,false
RT000433,SO001937,1,V00429,P0019,2025-03-12,ST004,1,175.67,Accepted,RR8,true
RT000434,SO001937,2,V00429,P0019,2025-03-19,ST012,1,250.95,Accepted,RR2,true
RT000435,SO001937,3,V00407,P0018,2025-03-19,ST012,1,135.71,Accepted,RR2,true
RT000436,SO001941,1,V00602,P0029,2025-04-05,ST001,1,135.95,Pending,RR4,false
RT000437,SO001951,4,V00196,P0009,2025-03-13,ST003,1,119.95,Pending,RR7,false
RT000438,SO001960,1,V00247,P0011,2025-03-09,ST004,1,157.95,Accepted,RR1,true
RT000439,SO001972,3,V00405,P0018,2025-03-20,ST010,1,180.95,Pending,RR1,false
RT000440,SO001994,4,V00436,P0019,2025-03-17,ST018,1,250.95,Accepted,RR4,false
RT000441,SO001995,2,V00002,P0001,2025-03-16,ST006,1,271.95,Accepted,RR1,true
RT000442,SO001996,3,V00519,P0024,2025-04-14,ST006,1,122.95,Accepted,RR2,true
RT000443,SO001998,1,V00291,P0013,2025-03-11,ST004,1,175.95,Accepted,RR4,false
RT000444,SO001998,3,V00574,P0027,2025-03-10,ST012,1,66.36,Accepted,RR4,false
RT000445,SO002007,1,V00719,P0040,2025-03-10,ST001,1,339.95,Accepted,RR6,true
RT000446,SO002010,1,V00151,P0007,2025-03-21,ST002,1,126.95,Accepted,RR4,false
RT000447,SO002017,1,V00140,P0006,2025-03-14,ST004,1,162.95,Accepted,RR3,true
RT000448,SO002022,2,V00467,P0021,2025-03-21,ST005,1,278.95,Accepted,RR5,true
RT000449,SO002029,2,V00626,P0030,2025-03-26,ST008,1,133.95,Accepted,RR5,true
RT000450,SO002031,2,V00238,P0010,2025-03-13,ST008,1,108.95,Accepted,RR5,true
RT000451,SO002034,1,V00343,P0015,2025-03-12,ST010,1,186.96,Accepted,RR4,false
RT000452,SO002039,1,V00284,P0012,2025-03-21,ST010,1,93.56,Accepted,RR4,false
RT000453,SO002045,1,V00184,P0008,2025-03-05,ST006,1,108.76,Accepted,RR2,true
RT000454,SO002053,3,V00040,P0002,2025-03-07,ST016,1,190.95,Accepted,RR4,false
RT000455,SO002066,2,V00742,P0051,2025-03-04,ST006,1,73.95,Accepted,RR1,true
RT000456,SO002067,1,V00115,P0005,2025-04-20,ST012,1,133.95,Accepted,RR7,true
RT000457,SO002070,2,V00676,P0033,2025-03-20,ST001,1,48.95,Accepted,RR1,true
RT000458,SO002092,1,V00298,P0013,2025-03-10,ST014,1,175.95,Accepted,RR3,true
RT000459,SO002093,1,V00347,P0015,2025-03-14,ST014,1,219.95,Accepted,RR6,true
RT000460,SO002097,1,V00670,P0032,2025-03-20,ST016,1,39.95,Pending,RR4,false
RT000461,SO002100,2,V00032,P0002,2025-03-22,ST010,1,190.95,Accepted,RR4,false
RT000462,SO002100,3,V00138,P0006,2025-03-28,ST004,1,162.95,Accepted,RR4,false
RT000463,SO002101,1,V00317,P0014,2025-03-11,ST013,1,189.95,Accepted,RR7,true
RT000464,SO002103,1,V00006,P0001,2025-03-14,ST001,1,271.95,Accepted,RR1,true
RT000465,SO002127,1,V00220,P0010,2025-04-21,ST007,1,87.16,Accepted,RR3,true
RT000466,SO002131,3,V00151,P0007,2025-04-07,ST001,1,126.95,Accepted,RR2,true
RT000467,SO002142,3,V00586,P0028,2025-04-01,ST006,1,79.86,Accepted,RR8,true
RT000468,SO002147,2,V00653,P0031,2025-03-09,ST008,1,75.95,Accepted,RR4,false
RT000469,SO002153,1,V00666,P0032,2025-03-29,ST010,1,39.95,Accepted,RR5,true
RT000470,SO002171,1,V00467,P0021,2025-04-17,ST006,1,278.95,Accepted,RR3,true
RT000471,SO002175,1,V00335,P0014,2025-03-15,ST003,1,189.95,Accepted,RR2,true
RT000472,SO002175,2,V00292,P0013,2025-04-04,ST006,1,175.95,Pending,RR7,false
RT000473,SO002181,2,V00527,P0024,2025-03-25,ST004,1,104.51,Accepted,RR2,true
RT000474,SO002186,2,V00018,P0001,2025-03-21,ST006,2,543.90,Accepted,RR1,true
RT000475,SO002199,1,V00715,P0038,2025-04-05,ST014,1,476.95,Accepted,RR8,true
RT000476,SO002206,1,V00683,P0033,2025-03-09,ST011,1,48.95,Accepted,RR7,true
RT000477,SO002206,2,V00272,P0012,2025-03-12,ST009,1,116.95,Pending,RR7,false
RT000478,SO002209,1,V00489,P0022,2025-03-28,ST006,1,439.95,Accepted,RR8,true
RT000479,SO002209,3,V00627,P0030,2025-03-09,ST006,1,113.86,Accepted,RR7,true
RT000480,SO002210,1,V00294,P0013,2025-03-15,ST001,1,175.95,Accepted,RR8,true
RT000481,SO002212,2,V00416,P0018,2025-04-20,ST006,1,162.86,Rejected,RR4,false
RT000482,SO002213,1,V00366,P0016,2025-03-21,ST001,1,218.95,Accepted,RR1,true
RT000483,SO002214,2,V00042,P0002,2025-03-17,ST001,1,162.31,Accepted,RR4,false
RT000484,SO002218,1,V00650,P0031,2025-03-15,ST004,1,75.95,Accepted,RR8,true
RT000485,SO002219,2,V00018,P0001,2025-03-30,ST004,1,271.95,Accepted,RR7,true
RT000486,SO002225,3,V00609,P0029,2025-03-26,ST005,1,122.35,Accepted,RR4,false
RT000487,SO002226,1,V00338,P0015,2025-03-23,ST007,1,219.95,Accepted,RR7,true
RT000488,SO002228,1,V00638,P0031,2025-03-16,ST008,1,75.95,Pending,RR2,false
RT000489,SO002234,3,V00259,P0011,2025-04-21,ST010,1,157.95,Accepted,RR8,true
RT000490,SO002235,2,V00221,P0010,2025-04-06,ST012,1,98.05,Accepted,RR7,true
RT000491,SO002242,1,V00004,P0001,2025-03-19,ST016,1,271.95,Accepted,RR1,true
RT000492,SO002244,1,V00177,P0008,2025-03-23,ST018,1,135.95,Accepted,RR7,true
RT000493,SO002244,2,V00016,P0001,2025-03-14,ST018,1,271.95,Accepted,RR1,true
RT000494,SO002251,3,V00393,P0017,2025-03-16,ST006,1,159.95,Accepted,RR1,true
RT000495,SO002254,1,V00575,P0027,2025-03-27,ST001,1,82.95,Accepted,RR1,true
RT000496,SO002257,2,V00597,P0028,2025-03-13,ST002,1,93.95,Accepted,RR2,true
RT000497,SO002259,2,V00233,P0010,2025-03-25,ST002,1,108.95,Accepted,RR1,true
RT000498,SO002264,1,V00394,P0017,2025-03-10,ST004,1,159.95,Accepted,RR3,true
RT000499,SO002266,3,V00610,P0029,2025-04-09,ST004,1,115.56,Accepted,RR3,true
RT000500,SO002266,4,V00711,P0036,2025-04-24,ST004,1,151.26,Accepted,RR3,true
RT000501,SO002270,4,V00218,P0010,2025-03-29,ST006,1,108.95,Accepted,RR7,true
RT000502,SO002271,1,V00364,P0016,2025-03-22,ST006,1,218.95,Pending,RR7,false
RT000503,SO002277,1,V00713,P0037,2025-04-06,ST009,1,228.95,Accepted,RR2,true
RT000504,SO002285,2,V00423,P0019,2025-03-20,ST013,1,213.31,Accepted,RR6,true
RT000505,SO002290,2,V00321,P0014,2025-04-01,ST015,1,189.95,Accepted,RR1,true
RT000506,SO002303,1,V00660,P0032,2025-03-18,ST015,1,39.95,Accepted,RR7,true
RT000507,SO002304,1,V00195,P0009,2025-03-18,ST003,1,119.95,Rejected,RR7,false
RT000508,SO002312,1,V00111,P0005,2025-03-22,ST003,1,133.95,Accepted,RR7,true
RT000509,SO002313,3,V00146,P0007,2025-03-18,ST004,1,126.95,Accepted,RR7,true
RT000510,SO002316,2,V00162,P0007,2025-03-15,ST004,1,126.95,Rejected,RR3,false
RT000511,SO002320,3,V00609,P0029,2025-04-25,ST006,1,135.95,Rejected,RR2,false
RT000512,SO002325,3,V00251,P0011,2025-03-17,ST007,1,157.95,Accepted,RR6,true
RT000513,SO002327,3,V00526,P0024,2025-03-14,ST008,1,122.95,Accepted,RR8,true
RT000514,SO002329,2,V00447,P0020,2025-03-26,ST009,1,425.95,Accepted,RR7,true
RT000515,SO002337,3,V00628,P0030,2025-04-28,ST011,1,133.95,Accepted,RR2,true
RT000516,SO002341,4,V00006,P0001,2025-03-18,ST012,1,244.75,Pending,RR2,false
RT000517,SO002349,1,V00176,P0008,2025-04-19,ST015,1,135.95,Accepted,RR3,true
RT000518,SO002352,1,V00211,P0009,2025-03-18,ST016,1,119.95,Accepted,RR2,true
RT000519,SO002354,2,V00247,P0011,2025-04-04,ST012,1,142.15,Accepted,RR3,true
RT000520,SO002355,4,V00722,P0041,2025-03-17,ST017,1,211.95,Pending,RR3,false
RT000521,SO002357,3,V00287,P0012,2025-04-28,ST017,1,116.95,Accepted,RR7,true
RT000522,SO002359,1,V00341,P0015,2025-04-06,ST018,1,219.95,Accepted,RR4,false
RT000523,SO002360,1,V00483,P0022,2025-03-19,ST010,1,439.95,Accepted,RR5,true
RT000524,SO002369,1,V00412,P0018,2025-03-29,ST004,1,153.81,Accepted,RR4,false
RT000525,SO002373,1,V00513,P0024,2025-04-13,ST004,1,122.95,Accepted,RR5,true
RT000526,SO002375,3,V00608,P0029,2025-03-27,ST005,1,135.95,Accepted,RR2,true
RT000527,SO002377,2,V00615,P0029,2025-03-15,ST016,1,135.95,Accepted,RR5,true
RT000528,SO002383,1,V00085,P0004,2025-04-13,ST010,1,240.95,Accepted,RR4,false
RT000529,SO002384,1,V00164,P0007,2025-04-03,ST018,1,126.95,Accepted,RR2,true
RT000530,SO002388,2,V00731,P0046,2025-04-04,ST012,1,121.95,Accepted,RR2,true
RT000531,SO002388,3,V00605,P0029,2025-03-28,ST012,1,135.95,Accepted,RR7,true
RT000532,SO002392,1,V00302,P0013,2025-03-22,ST016,1,175.95,Accepted,RR1,true
RT000533,SO002395,2,V00552,P0026,2025-03-12,ST009,1,52.95,Accepted,RR5,true
RT000534,SO002396,1,V00722,P0041,2025-03-19,ST018,1,211.95,Accepted,RR3,true
RT000535,SO002397,1,V00645,P0031,2025-03-31,ST001,1,75.95,Pending,RR7,false
RT000536,SO002397,3,V00059,P0003,2025-03-23,ST013,1,164.95,Accepted,RR8,true
RT000537,SO002405,2,V00247,P0011,2025-03-13,ST001,1,157.95,Accepted,RR1,true
RT000538,SO002417,1,V00466,P0021,2025-03-29,ST005,1,251.05,Accepted,RR7,true
RT000539,SO002422,1,V00303,P0013,2025-03-18,ST007,1,175.95,Accepted,RR3,true
RT000540,SO002425,2,V00317,P0014,2025-03-23,ST009,1,189.95,Accepted,RR7,true
RT000541,SO002432,1,V00519,P0024,2025-04-15,ST013,1,122.95,Rejected,RR2,false
RT000542,SO002434,2,V00377,P0016,2025-04-26,ST014,1,218.95,Accepted,RR7,true
RT000543,SO002441,2,V00461,P0021,2025-03-23,ST018,1,278.95,Accepted,RR5,true
RT000544,SO002449,1,V00567,P0027,2025-04-22,ST018,1,82.95,Accepted,RR6,true
RT000545,SO002455,2,V00088,P0004,2025-03-16,ST001,1,240.95,Accepted,RR2,true
RT000546,SO002462,1,V00538,P0025,2025-03-14,ST005,1,95.95,Accepted,RR1,true
RT000547,SO002463,1,V00363,P0016,2025-03-17,ST005,1,218.95,Accepted,RR1,true
RT000548,SO002465,1,V00740,P0050,2025-04-14,ST006,1,215.95,Accepted,RR7,true
RT000549,SO002467,1,V00399,P0017,2025-03-19,ST007,1,159.95,Accepted,RR6,true
RT000550,SO002468,2,V00092,P0004,2025-03-17,ST007,1,240.95,Accepted,RR3,true
RT000551,SO002470,3,V00489,P0022,2025-04-07,ST009,1,439.95,Accepted,RR1,true
RT000552,SO002473,2,V00602,P0029,2025-03-22,ST010,1,135.95,Accepted,RR4,false
RT000553,SO002477,1,V00211,P0009,2025-04-05,ST003,1,119.95,Accepted,RR1,true
RT000554,SO002484,1,V00425,P0019,2025-04-25,ST017,1,250.95,Accepted,RR7,true
RT000555,SO002490,2,V00716,P0038,2025-03-21,ST001,1,476.95,Accepted,RR7,true
RT000556,SO002496,1,V00679,P0033,2025-03-25,ST004,1,48.95,Accepted,RR4,false
RT000557,SO002518,1,V00031,P0002,2025-04-02,ST012,1,190.95,Accepted,RR2,true
RT000558,SO002518,2,V00087,P0004,2025-03-31,ST002,1,240.95,Accepted,RR2,true
RT000559,SO002521,4,V00129,P0006,2025-03-24,ST004,1,162.95,Accepted,RR8,true
RT000560,SO002523,1,V00413,P0018,2025-04-16,ST010,1,180.95,Accepted,RR1,true
RT000561,SO002524,1,V00387,P0017,2025-03-26,ST001,1,159.95,Accepted,RR3,true
RT000562,SO002524,2,V00008,P0001,2025-03-30,ST001,3,734.27,Accepted,RR2,true
RT000563,SO002524,3,V00441,P0020,2025-04-03,ST001,1,362.06,Accepted,RR5,true
RT000564,SO002526,1,V00535,P0025,2025-03-25,ST008,1,95.95,Accepted,RR5,true
RT000565,SO002529,1,V00508,P0023,2025-03-31,ST003,1,132.95,Accepted,RR8,true
RT000566,SO002535,3,V00331,P0014,2025-03-30,ST004,1,151.96,Rejected,RR1,false
RT000567,SO002535,4,V00687,P0033,2025-04-14,ST004,1,48.95,Accepted,RR7,true
RT000568,SO002536,3,V00725,P0043,2025-03-17,ST005,1,138.95,Accepted,RR8,true
RT000569,SO002553,1,V00342,P0015,2025-03-17,ST014,1,219.95,Accepted,RR5,true
RT000570,SO002557,1,V00352,P0015,2025-03-20,ST016,1,219.95,Accepted,RR2,true
RT000571,SO002568,4,V00237,P0010,2025-03-31,ST003,1,108.95,Pending,RR2,false
RT000572,SO002585,1,V00017,P0001,2025-03-25,ST009,1,271.95,Accepted,RR1,true
RT000573,SO002588,2,V00015,P0001,2025-04-27,ST010,1,271.95,Accepted,RR4,false
RT000574,SO002591,2,V00318,P0014,2025-04-24,ST010,1,189.95,Accepted,RR5,true
RT000575,SO002614,1,V00184,P0008,2025-03-25,ST016,1,135.95,Accepted,RR7,true
RT000576,SO002621,2,V00195,P0009,2025-03-18,ST010,1,119.95,Accepted,RR2,true
RT000577,SO002631,2,V00739,P0050,2025-03-25,ST002,1,215.95,Accepted,RR6,true
RT000578,SO002633,2,V00616,P0029,2025-03-30,ST003,1,135.95,Pending,RR7,false
RT000579,SO002634,2,V00210,P0009,2025-03-26,ST003,1,119.95,Accepted,RR2,true
RT000580,SO002638,2,V00495,P0023,2025-04-29,ST004,1,132.95,Pending,RR5,false
RT000581,SO002639,3,V00569,P0027,2025-03-25,ST004,1,82.95,Accepted,RR7,true
RT000582,SO002644,3,V00019,P0001,2025-04-20,ST002,1,271.95,Accepted,RR1,true
RT000583,SO002645,3,V00411,P0018,2025-04-04,ST006,1,153.81,Rejected,RR3,false
RT000584,SO002658,1,V00561,P0026,2025-03-21,ST004,1,45.01,Accepted,RR1,true
RT000585,SO002661,1,V00005,P0001,2025-03-28,ST011,1,271.95,Accepted,RR1,true
RT000586,SO002664,1,V00400,P0017,2025-04-11,ST012,1,159.95,Accepted,RR3,true
RT000587,SO002670,1,V00006,P0001,2025-05-01,ST017,1,271.95,Accepted,RR1,true
RT000588,SO002679,3,V00220,P0010,2025-03-29,ST003,1,108.95,Accepted,RR2,true
RT000589,SO002680,3,V00162,P0007,2025-03-18,ST011,1,126.95,Accepted,RR2,true
RT000590,SO002681,1,V00075,P0004,2025-04-09,ST013,1,240.95,Accepted,RR3,true
RT000591,SO002685,1,V00603,P0029,2025-04-27,ST001,1,135.95,Accepted,RR4,false
RT000592,SO002685,2,V00094,P0004,2025-03-27,ST001,1,240.95,Accepted,RR4,false
RT000593,SO002690,3,V00382,P0016,2025-03-29,ST003,1,218.95,Accepted,RR1,true
RT000594,SO002697,3,V00195,P0009,2025-03-24,ST006,1,119.95,Pending,RR7,false
RT000595,SO002699,3,V00663,P0032,2025-03-26,ST007,1,39.95,Accepted,RR4,false
RT000596,SO002701,1,V00715,P0038,2025-04-09,ST008,1,381.56,Accepted,RR7,true
RT000597,SO002704,2,V00340,P0015,2025-04-03,ST011,1,219.95,Pending,RR4,false
RT000598,SO002705,2,V00356,P0015,2025-03-30,ST011,1,219.95,Accepted,RR1,true
RT000599,SO002706,1,V00240,P0010,2025-04-11,ST011,1,108.95,Accepted,RR8,true
RT000600,SO002712,1,V00321,P0014,2025-03-20,ST015,1,189.95,Rejected,RR1,false
RT000601,SO002717,3,V00710,P0035,2025-04-03,ST010,1,164.01,Accepted,RR1,true
RT000602,SO002727,3,V00501,P0023,2025-03-25,ST002,1,132.95,Accepted,RR2,true
RT000603,SO002733,4,V00194,P0009,2025-05-01,ST004,1,119.95,Accepted,RR3,true
RT000604,SO002750,1,V00033,P0002,2025-03-22,ST015,1,190.95,Accepted,RR7,true
RT000605,SO002752,3,V00705,P0034,2025-03-28,ST016,1,61.95,Pending,RR4,false
RT000606,SO002756,3,V00293,P0013,2025-04-06,ST009,1,175.95,Pending,RR5,false
RT000607,SO002757,3,V00514,P0024,2025-03-26,ST011,1,122.95,Accepted,RR4,false
RT000608,SO002759,1,V00488,P0022,2025-04-29,ST018,1,439.95,Accepted,RR3,true
RT000609,SO002761,3,V00284,P0012,2025-04-02,ST015,1,116.95,Accepted,RR1,true
RT000610,SO002780,1,V00731,P0046,2025-04-23,ST010,1,121.95,Accepted,RR1,true
RT000611,SO002784,1,V00372,P0016,2025-04-06,ST012,1,218.95,Accepted,RR8,true
RT000612,SO002784,4,V00744,P0052,2025-04-02,ST012,1,131.95,Accepted,RR3,true
RT000613,SO002798,2,V00488,P0022,2025-04-14,ST003,2,879.90,Accepted,RR3,true
RT000614,SO002806,1,V00092,P0004,2025-03-29,ST006,1,240.95,Accepted,RR8,true
RT000615,SO002809,2,V00277,P0012,2025-03-30,ST008,1,116.95,Accepted,RR7,true
RT000616,SO002811,3,V00324,P0014,2025-03-26,ST010,1,189.95,Accepted,RR8,true
RT000617,SO002814,3,V00080,P0004,2025-05-09,ST011,2,481.90,Accepted,RR4,false
RT000618,SO002823,1,V00512,P0024,2025-04-01,ST017,1,122.95,Accepted,RR3,true
RT000619,SO002825,1,V00440,P0020,2025-03-29,ST018,1,425.95,Accepted,RR7,true
RT000620,SO002831,1,V00557,P0026,2025-04-07,ST016,1,52.95,Accepted,RR1,true
RT000621,SO002836,2,V00187,P0008,2025-04-02,ST002,1,135.95,Accepted,RR3,true
RT000622,SO002841,2,V00286,P0012,2025-03-25,ST004,1,116.95,Accepted,RR8,true
RT000623,SO002853,3,V00721,P0041,2025-04-03,ST015,1,211.95,Accepted,RR1,true
RT000624,SO002854,2,V00124,P0006,2025-04-16,ST016,1,162.95,Pending,RR7,false
RT000625,SO002859,2,V00058,P0003,2025-04-18,ST018,1,164.95,Rejected,RR4,false
RT000626,SO002865,1,V00389,P0017,2025-04-05,ST001,1,159.95,Accepted,RR8,true
RT000627,SO002870,3,V00106,P0005,2025-04-09,ST002,1,133.95,Rejected,RR3,false
RT000628,SO002889,1,V00622,P0030,2025-04-07,ST009,1,133.95,Accepted,RR8,true
RT000629,SO002895,2,V00634,P0030,2025-03-25,ST011,1,133.95,Pending,RR3,false
RT000630,SO002901,1,V00665,P0032,2025-04-23,ST013,1,39.95,Accepted,RR2,true
RT000631,SO002911,3,V00322,P0014,2025-04-05,ST009,1,189.95,Pending,RR7,false
RT000632,SO002912,3,V00495,P0023,2025-04-03,ST018,1,113.01,Accepted,RR7,true
RT000633,SO002917,1,V00491,P0022,2025-04-14,ST017,1,439.95,Accepted,RR4,false
RT000634,SO002923,1,V00474,P0021,2025-03-25,ST001,1,278.95,Accepted,RR6,true
RT000635,SO002937,1,V00719,P0040,2025-04-16,ST005,1,339.95,Accepted,RR3,true
RT000636,SO002942,2,V00064,P0003,2025-04-04,ST007,1,164.95,Accepted,RR4,false
RT000637,SO002953,1,V00339,P0015,2025-05-08,ST010,1,219.95,Accepted,RR3,true
RT000638,SO002953,2,V00102,P0005,2025-03-29,ST016,1,133.95,Accepted,RR7,true
RT000639,SO002961,2,V00717,P0039,2025-04-09,ST013,1,220.95,Accepted,RR8,true
RT000640,SO002962,4,V00449,P0020,2025-04-27,ST013,3,1277.85,Accepted,RR2,true
RT000641,SO002964,1,V00597,P0028,2025-04-19,ST014,1,93.95,Rejected,RR7,false
RT000642,SO002965,1,V00354,P0015,2025-04-22,ST004,1,219.95,Accepted,RR4,false
RT000643,SO002972,2,V00592,P0028,2025-05-09,ST018,1,93.95,Accepted,RR6,true
RT000644,SO002980,1,V00005,P0001,2025-05-06,ST018,1,271.95,Accepted,RR1,true
RT000645,SO002981,1,V00103,P0005,2025-04-16,ST005,1,133.95,Accepted,RR7,true
RT000646,SO002984,3,V00669,P0032,2025-04-03,ST017,1,39.95,Pending,RR4,false
RT000647,SO002984,4,V00355,P0015,2025-04-17,ST013,1,219.95,Rejected,RR7,false
RT000648,SO002985,1,V00731,P0046,2025-04-04,ST015,1,121.95,Accepted,RR2,true
RT000649,SO002987,1,V00062,P0003,2025-04-10,ST002,1,164.95,Accepted,RR3,true
RT000650,SO003012,1,V00161,P0007,2025-04-09,ST011,1,126.95,Accepted,RR8,true
RT000651,SO003022,4,V00046,P0002,2025-04-04,ST016,1,190.95,Accepted,RR8,true
RT000652,SO003024,2,V00135,P0006,2025-04-22,ST017,1,162.95,Accepted,RR2,true
RT000653,SO003024,3,V00664,P0032,2025-04-13,ST017,1,39.95,Accepted,RR2,true
RT000654,SO003028,4,V00144,P0006,2025-04-10,ST011,1,162.95,Accepted,RR8,true
RT000655,SO003034,2,V00230,P0010,2025-04-11,ST001,1,98.05,Pending,RR4,false
RT000656,SO003036,1,V00050,P0003,2025-04-09,ST003,1,164.95,Accepted,RR7,true
RT000657,SO003037,1,V00032,P0002,2025-04-01,ST003,1,190.95,Accepted,RR5,true
RT000658,SO003040,1,V00737,P0049,2025-04-09,ST004,1,51.95,Rejected,RR4,false
RT000659,SO003043,1,V00257,P0011,2025-04-20,ST005,1,157.95,Accepted,RR1,true
RT000660,SO003044,1,V00475,P0022,2025-04-10,ST007,1,351.96,Accepted,RR1,true
RT000661,SO003044,2,V00308,P0013,2025-04-02,ST007,1,175.95,Accepted,RR6,true
RT000662,SO003063,1,V00490,P0022,2025-05-05,ST006,1,439.95,Accepted,RR2,true
RT000663,SO003064,2,V00526,P0024,2025-04-05,ST002,1,122.95,Accepted,RR7,true
RT000664,SO003085,2,V00013,P0001,2025-04-18,ST011,1,271.95,Accepted,RR1,true
RT000665,SO003100,1,V00567,P0027,2025-04-12,ST001,1,82.95,Accepted,RR4,false
RT000666,SO003101,2,V00593,P0028,2025-04-04,ST012,1,93.95,Accepted,RR2,true
RT000667,SO003102,3,V00398,P0017,2025-04-28,ST018,2,319.90,Pending,RR7,false
RT000668,SO003104,2,V00051,P0003,2025-04-25,ST007,1,164.95,Accepted,RR8,true
RT000669,SO003106,2,V00018,P0001,2025-04-04,ST006,1,271.95,Accepted,RR2,true
RT000670,SO003115,1,V00509,P0023,2025-05-14,ST010,1,132.95,Accepted,RR2,true
RT000671,SO003122,2,V00018,P0001,2025-04-16,ST007,1,271.95,Accepted,RR6,true
RT000672,SO003125,1,V00199,P0009,2025-04-05,ST009,1,119.95,Accepted,RR7,true
RT000673,SO003133,3,V00358,P0015,2025-04-02,ST018,1,219.95,Accepted,RR4,false
RT000674,SO003134,1,V00100,P0005,2025-03-31,ST015,1,133.95,Rejected,RR2,false
RT000675,SO003138,1,V00584,P0028,2025-04-04,ST006,1,93.95,Accepted,RR3,true
RT000676,SO003143,1,V00596,P0028,2025-04-20,ST003,1,93.95,Accepted,RR1,true
RT000677,SO003151,1,V00446,P0020,2025-04-23,ST006,1,425.95,Accepted,RR3,true
RT000678,SO003155,4,V00073,P0004,2025-04-10,ST015,1,240.95,Accepted,RR7,true
RT000679,SO003166,2,V00377,P0016,2025-04-15,ST013,1,218.95,Accepted,RR7,true
RT000680,SO003170,4,V00118,P0005,2025-04-08,ST016,1,133.95,Accepted,RR7,true
RT000681,SO003193,1,V00261,P0011,2025-04-06,ST008,1,157.95,Accepted,RR1,true
RT000682,SO003198,3,V00005,P0001,2025-04-13,ST005,1,271.95,Accepted,RR1,true
RT000683,SO003198,4,V00699,P0034,2025-04-03,ST005,1,52.66,Accepted,RR2,true
RT000684,SO003206,4,V00068,P0003,2025-04-19,ST008,1,164.95,Accepted,RR2,true
RT000685,SO003212,1,V00522,P0024,2025-04-07,ST010,1,122.95,Pending,RR1,false
RT000686,SO003215,3,V00365,P0016,2025-04-02,ST011,1,218.95,Accepted,RR1,true
RT000687,SO003216,1,V00582,P0027,2025-04-05,ST011,1,82.95,Accepted,RR8,true
RT000688,SO003221,1,V00018,P0001,2025-05-01,ST004,1,271.95,Rejected,RR2,false
RT000689,SO003224,1,V00139,P0006,2025-04-25,ST013,1,162.95,Accepted,RR5,true
RT000690,SO003234,1,V00741,P0051,2025-05-15,ST017,1,73.95,Accepted,RR4,false
RT000691,SO003239,3,V00102,P0005,2025-04-15,ST003,1,133.95,Accepted,RR1,true
RT000692,SO003239,5,V00662,P0032,2025-04-24,ST006,1,39.95,Accepted,RR2,true
RT000693,SO003246,1,V00674,P0033,2025-04-06,ST001,1,48.95,Accepted,RR4,false
RT000694,SO003247,1,V00098,P0005,2025-04-09,ST001,1,133.95,Pending,RR1,false
RT000695,SO003249,1,V00227,P0010,2025-04-18,ST001,1,108.95,Accepted,RR7,true
RT000696,SO003254,2,V00744,P0052,2025-04-27,ST003,1,131.95,Pending,RR7,false
RT000697,SO003258,4,V00721,P0041,2025-04-04,ST004,1,211.95,Accepted,RR1,true
RT000698,SO003268,3,V00113,P0005,2025-04-11,ST006,1,133.95,Accepted,RR1,true
RT000699,SO003270,1,V00255,P0011,2025-04-14,ST006,1,157.95,Accepted,RR7,true
RT000700,SO003270,3,V00472,P0021,2025-04-28,ST006,1,278.95,Accepted,RR7,true
RT000701,SO003271,1,V00675,P0033,2025-04-22,ST006,1,48.95,Accepted,RR3,true
RT000702,SO003276,2,V00136,P0006,2025-04-17,ST017,1,162.95,Accepted,RR1,true
RT000703,SO003277,1,V00030,P0002,2025-04-23,ST008,1,190.95,Accepted,RR4,false
RT000704,SO003279,2,V00581,P0027,2025-04-05,ST009,1,82.95,Accepted,RR3,true
RT000705,SO003279,5,V00411,P0018,2025-04-25,ST011,1,180.95,Accepted,RR7,true
RT000706,SO003280,1,V00526,P0024,2025-04-18,ST009,1,122.95,Accepted,RR7,true
RT000707,SO003289,1,V00483,P0022,2025-04-15,ST011,1,439.95,Accepted,RR6,true
RT000708,SO003291,1,V00465,P0021,2025-04-25,ST012,1,278.95,Accepted,RR5,true
RT000709,SO003294,1,V00573,P0027,2025-05-02,ST014,1,82.95,Accepted,RR3,true
RT000710,SO003295,1,V00222,P0010,2025-04-29,ST014,1,108.95,Accepted,RR1,true
RT000711,SO003298,4,V00694,P0034,2025-04-04,ST016,1,61.95,Accepted,RR7,true
RT000712,SO003299,1,V00163,P0007,2025-04-11,ST016,1,126.95,Accepted,RR1,true
RT000713,SO003300,1,V00346,P0015,2025-04-01,ST016,2,439.90,Accepted,RR4,false
RT000714,SO003304,1,V00713,P0037,2025-04-08,ST006,1,228.95,Accepted,RR1,true
RT000715,SO003304,2,V00558,P0026,2025-04-18,ST008,1,52.95,Accepted,RR1,true
RT000716,SO003309,1,V00197,P0009,2025-05-13,ST010,1,119.95,Accepted,RR1,true
RT000717,SO003310,1,V00232,P0010,2025-04-26,ST001,2,217.90,Accepted,RR1,true
RT000718,SO003315,1,V00639,P0031,2025-04-09,ST003,1,75.95,Accepted,RR6,true
RT000719,SO003317,1,V00710,P0035,2025-04-16,ST004,1,192.95,Accepted,RR3,true
RT000720,SO003321,1,V00656,P0032,2025-05-12,ST006,1,39.95,Accepted,RR1,true
RT000721,SO003345,1,V00562,P0026,2025-04-27,ST009,1,52.95,Accepted,RR7,true
RT000722,SO003359,4,V00624,P0030,2025-05-06,ST004,2,267.90,Accepted,RR1,true
RT000723,SO003369,1,V00637,P0031,2025-05-18,ST009,1,75.95,Accepted,RR6,true
RT000724,SO003375,2,V00666,P0032,2025-04-14,ST011,1,39.95,Pending,RR8,false
RT000725,SO003381,2,V00064,P0003,2025-04-23,ST015,1,164.95,Accepted,RR5,true
RT000726,SO003386,2,V00635,P0030,2025-05-05,ST018,1,133.95,Accepted,RR4,false
RT000727,SO003393,1,V00354,P0015,2025-04-24,ST012,1,219.95,Accepted,RR4,false
RT000728,SO003411,1,V00608,P0029,2025-04-27,ST006,1,135.95,Rejected,RR2,false
RT000729,SO003412,1,V00727,P0044,2025-04-17,ST017,1,115.95,Accepted,RR7,true
RT000730,SO003414,3,V00148,P0007,2025-04-12,ST010,1,126.95,Accepted,RR4,false
RT000731,SO003421,2,V00452,P0020,2025-04-04,ST013,1,425.95,Accepted,RR1,true
RT000732,SO003424,1,V00721,P0041,2025-04-18,ST014,1,211.95,Accepted,RR2,true
RT000733,SO003425,1,V00253,P0011,2025-04-17,ST012,1,157.95,Accepted,RR2,true
RT000734,SO003429,1,V00656,P0032,2025-04-18,ST016,1,39.95,Accepted,RR4,false
RT000735,SO003436,1,V00561,P0026,2025-04-10,ST018,1,52.95,Accepted,RR7,true
RT000736,SO003439,1,V00251,P0011,2025-04-04,ST007,1,157.95,Accepted,RR4,false
RT000737,SO003440,1,V00569,P0027,2025-04-18,ST006,1,82.95,Accepted,RR3,true
RT000738,SO003445,2,V00288,P0012,2025-04-13,ST012,1,116.95,Accepted,RR2,true
RT000739,SO003448,2,V00308,P0013,2025-05-07,ST002,1,175.95,Accepted,RR3,true
RT000740,SO003453,1,V00733,P0047,2025-04-10,ST002,1,89.95,Accepted,RR7,true
RT000741,SO003456,1,V00272,P0012,2025-04-12,ST007,1,116.95,Accepted,RR2,true
RT000742,SO003460,1,V00525,P0024,2025-04-13,ST009,1,98.36,Accepted,RR3,true
RT000743,SO003462,1,V00088,P0004,2025-04-10,ST010,1,240.95,Accepted,RR2,true
RT000744,SO003473,1,V00738,P0049,2025-05-01,ST014,1,51.95,Pending,RR7,false
RT000745,SO003473,2,V00067,P0003,2025-04-15,ST014,1,164.95,Accepted,RR1,true
RT000746,SO003474,3,V00014,P0001,2025-04-08,ST015,2,543.90,Accepted,RR1,true
RT000747,SO003475,4,V00021,P0001,2025-05-08,ST015,2,543.90,Accepted,RR7,true
RT000748,SO003479,1,V00041,P0002,2025-04-14,ST014,1,190.95,Accepted,RR6,true
RT000749,SO003479,2,V00232,P0010,2025-04-29,ST006,1,108.95,Accepted,RR2,true
RT000750,SO003480,4,V00189,P0008,2025-04-15,ST006,1,135.95,Pending,RR4,false
RT000751,SO003483,1,V00163,P0007,2025-05-17,ST017,1,126.95,Rejected,RR3,false
RT000752,SO003484,2,V00201,P0009,2025-05-02,ST010,1,119.95,Accepted,RR7,true
RT000753,SO003489,1,V00720,P0040,2025-05-13,ST005,1,339.95,Accepted,RR7,true
RT000754,SO003489,2,V00466,P0021,2025-05-04,ST017,1,223.16,Pending,RR6,false
RT000755,SO003498,1,V00136,P0006,2025-05-17,ST003,1,162.95,Pending,RR7,false
RT000756,SO003506,1,V00127,P0006,2025-04-19,ST005,1,162.95,Accepted,RR2,true
RT000757,SO003509,1,V00417,P0018,2025-05-09,ST006,1,180.95,Accepted,RR4,false
RT000758,SO003510,1,V00159,P0007,2025-04-13,ST007,1,126.95,Accepted,RR2,true
RT000759,SO003511,1,V00459,P0021,2025-04-06,ST007,1,278.95,Accepted,RR7,true
RT000760,SO003515,2,V00005,P0001,2025-05-07,ST003,1,271.95,Accepted,RR1,true
RT000761,SO003531,2,V00282,P0012,2025-04-06,ST006,1,116.95,Accepted,RR5,true
RT000762,SO003531,4,V00057,P0003,2025-04-23,ST004,1,164.95,Accepted,RR1,true
RT000763,SO003533,1,V00027,P0002,2025-04-28,ST001,1,190.95,Accepted,RR5,true
RT000764,SO003534,2,V00716,P0038,2025-04-08,ST018,1,405.41,Accepted,RR5,true
RT000765,SO003537,1,V00466,P0021,2025-04-13,ST017,1,278.95,Accepted,RR1,true
RT000766,SO003542,1,V00344,P0015,2025-05-01,ST001,1,219.95,Accepted,RR1,true
RT000767,SO003548,2,V00508,P0023,2025-04-25,ST002,1,132.95,Accepted,RR1,true
RT000768,SO003556,1,V00279,P0012,2025-04-19,ST004,1,116.95,Accepted,RR1,true
RT000769,SO003559,1,V00098,P0005,2025-04-13,ST004,1,107.16,Accepted,RR6,true
RT000770,SO003561,1,V00392,P0017,2025-04-17,ST004,1,159.95,Accepted,RR7,true
RT000771,SO003566,1,V00394,P0017,2025-04-08,ST005,1,159.95,Accepted,RR1,true
RT000772,SO003572,1,V00233,P0010,2025-04-09,ST007,1,108.95,Accepted,RR4,false
RT000773,SO003575,1,V00740,P0050,2025-04-27,ST009,1,215.95,Accepted,RR5,true
RT000774,SO003576,1,V00223,P0010,2025-04-23,ST009,1,108.95,Accepted,RR8,true
RT000775,SO003577,3,V00713,P0037,2025-04-22,ST009,1,228.95,Accepted,RR4,false
RT000776,SO003577,4,V00720,P0040,2025-04-16,ST009,1,339.95,Accepted,RR7,true
RT000777,SO003581,1,V00376,P0016,2025-04-29,ST011,1,218.95,Pending,RR2,false
RT000778,SO003596,1,V00528,P0024,2025-04-17,ST013,1,122.95,Accepted,RR7,true
RT000779,SO003597,3,V00166,P0007,2025-05-19,ST014,1,126.95,Accepted,RR3,true
RT000780,SO003601,2,V00567,P0027,2025-04-23,ST015,1,82.95,Accepted,RR7,true
RT000781,SO003602,2,V00735,P0048,2025-04-25,ST015,1,83.95,Accepted,RR6,true
RT000782,SO003611,1,V00046,P0002,2025-04-15,ST006,1,190.95,Pending,RR8,false
RT000783,SO003611,2,V00057,P0003,2025-04-15,ST015,1,164.95,Accepted,RR3,true
RT000784,SO003616,4,V00424,P0019,2025-04-17,ST001,1,250.95,Accepted,RR1,true
RT000785,SO003626,1,V00253,P0011,2025-04-17,ST002,1,157.95,Pending,RR5,false
RT000786,SO003632,1,V00357,P0015,2025-04-21,ST004,1,219.95,Accepted,RR2,true
RT000787,SO003645,2,V00496,P0023,2025-04-27,ST006,1,132.95,Accepted,RR7,true
RT000788,SO003647,1,V00683,P0033,2025-05-10,ST001,1,48.95,Rejected,RR7,false
RT000789,SO003648,1,V00357,P0015,2025-04-16,ST007,1,219.95,Accepted,RR3,true
RT000790,SO003651,3,V00435,P0019,2025-04-28,ST007,1,250.95,Accepted,RR6,true
RT000791,SO003652,5,V00124,P0006,2025-04-25,ST008,1,162.95,Accepted,RR5,true
RT000792,SO003653,1,V00210,P0009,2025-04-10,ST008,1,119.95,Accepted,RR4,false
RT000793,SO003654,2,V00252,P0011,2025-04-17,ST009,1,157.95,Rejected,RR7,false
RT000794,SO003662,2,V00043,P0002,2025-04-15,ST011,1,190.95,Accepted,RR5,true
RT000795,SO003678,1,V00116,P0005,2025-04-11,ST015,1,133.95,Accepted,RR1,true
RT000796,SO003688,4,V00458,P0021,2025-04-16,ST018,1,278.95,Accepted,RR7,true
RT000797,SO003707,1,V00734,P0047,2025-04-25,ST003,1,89.95,Accepted,RR2,true
RT000798,SO003711,1,V00222,P0010,2025-05-23,ST004,1,108.95,Accepted,RR4,false
RT000799,SO003714,2,V00727,P0044,2025-04-18,ST005,1,115.95,Rejected,RR7,false
RT000800,SO003715,1,V00394,P0017,2025-04-25,ST005,1,159.95,Accepted,RR4,false
RT000801,SO003726,2,V00337,P0015,2025-05-06,ST010,1,219.95,Accepted,RR4,false
RT000802,SO003741,1,V00717,P0039,2025-04-10,ST018,1,220.95,Accepted,RR7,true
RT000803,SO003744,3,V00399,P0017,2025-04-26,ST011,1,159.95,Accepted,RR1,true
RT000804,SO003745,1,V00304,P0013,2025-05-22,ST006,1,175.95,Rejected,RR7,false
RT000805,SO003755,2,V00726,P0043,2025-04-16,ST003,1,138.95,Accepted,RR1,true
RT000806,SO003775,2,V00305,P0013,2025-05-08,ST003,1,175.95,Accepted,RR1,true
RT000807,SO003776,3,V00384,P0016,2025-04-17,ST014,1,218.95,Accepted,RR4,false
RT000808,SO003777,1,V00005,P0001,2025-04-24,ST014,1,271.95,Accepted,RR1,true
RT000809,SO003779,2,V00140,P0006,2025-04-20,ST015,1,162.95,Accepted,RR8,true
RT000810,SO003789,1,V00197,P0009,2025-04-16,ST006,1,119.95,Accepted,RR2,true
RT000811,SO003790,1,V00466,P0021,2025-04-29,ST001,1,278.95,Accepted,RR7,true
RT000812,SO003798,4,V00442,P0020,2025-05-09,ST001,1,425.95,Accepted,RR6,true
RT000813,SO003815,1,V00161,P0007,2025-04-12,ST009,1,126.95,Accepted,RR1,true
RT000814,SO003824,1,V00555,P0026,2025-04-17,ST012,1,52.95,Pending,RR6,false
RT000815,SO003826,1,V00370,P0016,2025-04-18,ST013,1,218.95,Accepted,RR3,true
RT000816,SO003826,4,V00484,P0022,2025-04-30,ST013,1,439.95,Accepted,RR7,true
RT000817,SO003830,1,V00269,P0012,2025-04-25,ST015,1,116.95,Accepted,RR1,true
RT000818,SO003838,2,V00330,P0014,2025-04-20,ST006,1,189.95,Accepted,RR1,true
RT000819,SO003839,1,V00443,P0020,2025-04-20,ST012,1,425.95,Accepted,RR7,true
RT000820,SO003848,1,V00018,P0001,2025-05-05,ST002,1,271.95,Accepted,RR1,true
RT000821,SO003849,2,V00437,P0019,2025-05-23,ST014,1,250.95,Pending,RR7,false
RT000822,SO003851,2,V00575,P0027,2025-04-21,ST004,1,82.95,Accepted,RR5,true
RT000823,SO003852,1,V00353,P0015,2025-04-26,ST004,1,219.95,Accepted,RR7,true
RT000824,SO003865,1,V00230,P0010,2025-04-29,ST008,1,108.95,Accepted,RR1,true
RT000825,SO003874,1,V00700,P0034,2025-05-02,ST011,1,61.95,Accepted,RR4,false
RT000826,SO003885,2,V00470,P0021,2025-05-01,ST017,1,278.95,Accepted,RR4,false
RT000827,SO003885,5,V00149,P0007,2025-04-17,ST017,1,126.95,Rejected,RR4,false
RT000828,SO003896,2,V00152,P0007,2025-04-28,ST014,1,126.95,Accepted,RR7,true
RT000829,SO003897,1,V00151,P0007,2025-04-25,ST018,1,126.95,Accepted,RR8,true
RT000830,SO003898,5,V00429,P0019,2025-04-20,ST009,1,250.95,Accepted,RR7,true
RT000831,SO003901,1,V00316,P0014,2025-04-18,ST001,1,189.95,Accepted,RR4,false
RT000832,SO003931,1,V00196,P0009,2025-04-29,ST015,1,119.95,Accepted,RR4,false
RT000833,SO003931,2,V00280,P0012,2025-05-11,ST015,1,116.95,Rejected,RR1,false
RT000834,SO003933,2,V00377,P0016,2025-04-14,ST016,1,218.95,Accepted,RR5,true
RT000835,SO003934,1,V00330,P0014,2025-04-16,ST017,1,189.95,Accepted,RR6,true
RT000836,SO003939,3,V00265,P0012,2025-04-22,ST006,1,116.95,Accepted,RR7,true
RT000837,SO003942,2,V00696,P0034,2025-04-28,ST010,1,61.95,Accepted,RR4,false
RT000838,SO003947,1,V00171,P0008,2025-04-20,ST015,1,135.95,Accepted,RR6,true
RT000839,SO003958,1,V00255,P0011,2025-04-22,ST002,1,142.16,Accepted,RR2,true
RT000840,SO003960,2,V00318,P0014,2025-04-16,ST002,1,189.95,Rejected,RR2,false
RT000841,SO003962,3,V00600,P0028,2025-04-18,ST002,2,187.90,Rejected,RR7,false
RT000842,SO003967,1,V00021,P0001,2025-04-27,ST004,1,271.95,Rejected,RR1,false
RT000843,SO003974,4,V00042,P0002,2025-04-29,ST005,1,190.95,Accepted,RR1,true
RT000844,SO003989,3,V00716,P0038,2025-04-27,ST006,1,429.25,Accepted,RR8,true
RT000845,SO004006,1,V00069,P0003,2025-05-07,ST015,1,164.95,Rejected,RR7,false
RT000846,SO004016,3,V00579,P0027,2025-04-30,ST018,1,82.95,Accepted,RR7,true
RT000847,SO004023,1,V00220,P0010,2025-05-05,ST018,1,108.95,Rejected,RR1,false
RT000848,SO004029,1,V00174,P0008,2025-04-18,ST003,1,135.95,Pending,RR3,false
RT000849,SO004032,1,V00018,P0001,2025-05-08,ST009,1,271.95,Accepted,RR1,true
RT000850,SO004039,2,V00740,P0050,2025-05-02,ST001,1,215.95,Accepted,RR1,true
RT000851,SO004054,4,V00078,P0004,2025-04-23,ST006,1,240.95,Accepted,RR1,true
RT000852,SO004060,1,V00333,P0014,2025-04-20,ST008,1,189.95,Pending,RR4,false
RT000853,SO004061,1,V00222,P0010,2025-04-20,ST008,1,108.95,Accepted,RR8,true
RT000854,SO004062,4,V00436,P0019,2025-05-18,ST009,1,250.95,Accepted,RR3,true
RT000855,SO004064,1,V00721,P0041,2025-05-02,ST010,1,211.95,Accepted,RR1,true
RT000856,SO004066,1,V00029,P0002,2025-04-18,ST010,1,190.95,Accepted,RR2,true
RT000857,SO004067,1,V00451,P0020,2025-05-09,ST010,1,425.95,Accepted,RR7,true
RT000858,SO004068,1,V00206,P0009,2025-05-07,ST011,1,119.95,Rejected,RR4,false
RT000859,SO004075,1,V00539,P0025,2025-05-08,ST012,1,95.95,Accepted,RR3,true
RT000860,SO004085,1,V00170,P0008,2025-05-01,ST014,1,135.95,Accepted,RR3,true
RT000861,SO004094,2,V00552,P0026,2025-04-23,ST016,1,52.95,Accepted,RR7,true
RT000862,SO004095,1,V00247,P0011,2025-04-28,ST006,1,157.95,Rejected,RR2,false
RT000863,SO004098,2,V00744,P0052,2025-05-02,ST017,1,131.95,Accepted,RR5,true
RT000864,SO004103,2,V00737,P0049,2025-04-22,ST008,1,51.95,Accepted,RR1,true
RT000865,SO004108,2,V00143,P0006,2025-04-22,ST018,1,162.95,Accepted,RR8,true
RT000866,SO004110,2,V00356,P0015,2025-05-09,ST001,1,219.95,Accepted,RR7,true
RT000867,SO004122,1,V00447,P0020,2025-04-19,ST005,1,425.95,Accepted,RR5,true
RT000868,SO004128,2,V00324,P0014,2025-05-13,ST013,1,189.95,Accepted,RR6,true
RT000869,SO004139,2,V00352,P0015,2025-04-18,ST014,1,219.95,Accepted,RR5,true
RT000870,SO004153,4,V00694,P0034,2025-05-01,ST003,1,61.95,Accepted,RR5,true
RT000871,SO004154,1,V00296,P0013,2025-05-17,ST003,1,175.95,Accepted,RR1,true
RT000872,SO004155,1,V00744,P0052,2025-05-06,ST004,1,131.95,Accepted,RR8,true
RT000873,SO004158,1,V00297,P0013,2025-05-07,ST004,1,175.95,Accepted,RR7,true
RT000874,SO004162,2,V00580,P0027,2025-05-04,ST006,1,82.95,Accepted,RR1,true
RT000875,SO004163,1,V00736,P0048,2025-06-03,ST006,1,67.16,Accepted,RR1,true
RT000876,SO004175,2,V00351,P0015,2025-05-03,ST016,1,197.95,Rejected,RR7,false
RT000877,SO004178,1,V00028,P0002,2025-05-20,ST017,1,190.95,Accepted,RR7,true
RT000878,SO004186,1,V00018,P0001,2025-04-18,ST002,1,271.95,Accepted,RR1,true
RT000879,SO004195,2,V00056,P0003,2025-05-03,ST006,1,164.95,Accepted,RR8,true
RT000880,SO004210,1,V00212,P0009,2025-04-26,ST012,1,119.95,Accepted,RR5,true
RT000881,SO004222,2,V00012,P0001,2025-05-07,ST016,1,271.95,Accepted,RR1,true
RT000882,SO004227,3,V00220,P0010,2025-05-07,ST006,1,108.95,Accepted,RR1,true
RT000883,SO004227,4,V00093,P0004,2025-05-13,ST016,1,240.95,Accepted,RR1,true
RT000884,SO004228,1,V00210,P0009,2025-04-26,ST006,1,119.95,Accepted,RR3,true
RT000885,SO004231,1,V00256,P0011,2025-05-01,ST010,1,157.95,Rejected,RR6,false
RT000886,SO004237,2,V00739,P0050,2025-05-30,ST001,1,183.56,Accepted,RR2,true
RT000887,SO004255,1,V00718,P0039,2025-06-03,ST009,1,220.95,Accepted,RR7,true
RT000888,SO004262,1,V00410,P0018,2025-04-19,ST011,1,180.95,Accepted,RR1,true
RT000889,SO004271,1,V00271,P0012,2025-05-13,ST014,1,116.95,Accepted,RR7,true
RT000890,SO004281,2,V00698,P0034,2025-04-25,ST006,1,61.95,Accepted,RR8,true
RT000891,SO004287,1,V00158,P0007,2025-05-28,ST006,1,126.95,Accepted,RR3,true
RT000892,SO004289,1,V00233,P0010,2025-05-09,ST004,1,108.95,Accepted,RR1,true
RT000893,SO004293,1,V00422,P0019,2025-04-30,ST001,1,250.95,Accepted,RR8,true
RT000894,SO004294,4,V00676,P0033,2025-04-30,ST001,1,48.95,Accepted,RR1,true
RT000895,SO004295,4,V00280,P0012,2025-05-06,ST001,1,116.95,Accepted,RR8,true
RT000896,SO004301,1,V00710,P0035,2025-05-23,ST004,2,385.90,Accepted,RR8,true
RT000897,SO004319,4,V00296,P0013,2025-05-06,ST015,1,175.95,Accepted,RR7,true
RT000898,SO004320,2,V00735,P0048,2025-05-10,ST016,1,83.95,Accepted,RR8,true
RT000899,SO004326,1,V00175,P0008,2025-05-21,ST018,1,135.95,Accepted,RR7,true
RT000900,SO004327,2,V00330,P0014,2025-04-27,ST006,1,189.95,Accepted,RR8,true
RT000901,SO004328,2,V00163,P0007,2025-04-24,ST012,1,114.25,Rejected,RR5,false
RT000902,SO004332,3,V00052,P0003,2025-05-08,ST009,1,164.95,Accepted,RR7,true
RT000903,SO004339,2,V00713,P0037,2025-04-21,ST001,1,228.95,Accepted,RR5,true
RT000904,SO004349,2,V00004,P0001,2025-06-03,ST001,1,271.95,Rejected,RR4,false
RT000905,SO004351,1,V00162,P0007,2025-06-02,ST012,1,126.95,Accepted,RR7,true
RT000906,SO004353,1,V00133,P0006,2025-05-07,ST003,1,162.95,Accepted,RR2,true
RT000907,SO004354,1,V00627,P0030,2025-05-17,ST018,1,107.16,Rejected,RR4,false
RT000908,SO004360,1,V00199,P0009,2025-04-27,ST004,1,119.95,Accepted,RR7,true
RT000909,SO004366,2,V00386,P0017,2025-05-01,ST006,1,159.95,Accepted,RR7,true
RT000910,SO004368,1,V00177,P0008,2025-05-01,ST006,1,135.95,Accepted,RR8,true
RT000911,SO004388,3,V00269,P0012,2025-05-02,ST012,1,116.95,Accepted,RR2,true
RT000912,SO004389,1,V00434,P0019,2025-05-08,ST013,1,250.95,Accepted,RR4,false
RT000913,SO004392,1,V00717,P0039,2025-05-10,ST013,1,220.95,Accepted,RR3,true
RT000914,SO004416,1,V00734,P0047,2025-05-20,ST003,2,179.90,Accepted,RR7,true
RT000915,SO004422,1,V00732,P0046,2025-05-15,ST001,1,121.95,Rejected,RR1,false
RT000916,SO004422,3,V00341,P0015,2025-05-11,ST009,1,219.95,Accepted,RR1,true
RT000917,SO004424,2,V00176,P0008,2025-04-25,ST001,1,135.95,Accepted,RR1,true
RT000918,SO004428,1,V00720,P0040,2025-05-07,ST001,1,339.95,Rejected,RR7,false
RT000919,SO004436,1,V00733,P0047,2025-04-29,ST003,1,89.95,Accepted,RR3,true
RT000920,SO004438,1,V00291,P0013,2025-05-05,ST003,1,175.95,Accepted,RR1,true
RT000921,SO004460,2,V00734,P0047,2025-05-08,ST004,1,89.95,Accepted,RR5,true
RT000922,SO004466,1,V00729,P0045,2025-04-22,ST011,1,93.95,Accepted,RR8,true
RT000923,SO004480,1,V00076,P0004,2025-05-12,ST012,3,722.85,Accepted,RR4,false
RT000924,SO004482,1,V00534,P0025,2025-04-29,ST013,1,95.95,Pending,RR4,false
RT000925,SO004484,2,V00270,P0012,2025-05-08,ST013,1,116.95,Accepted,RR5,true
RT000926,SO004492,2,V00158,P0007,2025-06-04,ST015,1,114.25,Accepted,RR7,true
RT000927,SO004492,4,V00737,P0049,2025-04-28,ST015,1,51.95,Accepted,RR1,true
RT000928,SO004501,1,V00346,P0015,2025-05-09,ST014,1,219.95,Accepted,RR4,false
RT000929,SO004504,2,V00730,P0045,2025-05-02,ST004,1,93.95,Accepted,RR4,false
RT000930,SO004505,2,V00741,P0051,2025-05-16,ST010,1,62.86,Accepted,RR8,true
RT000931,SO004517,1,V00453,P0020,2025-05-07,ST004,1,425.95,Accepted,RR2,true
RT000932,SO004518,3,V00441,P0020,2025-05-05,ST004,1,425.95,Accepted,RR7,true
RT000933,SO004524,1,V00100,P0005,2025-05-11,ST006,1,133.95,Accepted,RR5,true
RT000934,SO004531,1,V00460,P0021,2025-05-02,ST011,1,278.95,Accepted,RR1,true
RT000935,SO004535,2,V00247,P0011,2025-05-03,ST013,1,157.95,Accepted,RR7,true
RT000936,SO004540,1,V00635,P0030,2025-04-30,ST015,1,133.95,Accepted,RR7,true
RT000937,SO004544,1,V00513,P0024,2025-05-04,ST017,1,122.95,Pending,RR7,false
RT000938,SO004558,1,V00597,P0028,2025-05-17,ST018,1,93.95,Rejected,RR4,false
RT000939,SO004562,1,V00144,P0006,2025-05-15,ST002,1,162.95,Accepted,RR4,false
RT000940,SO004566,1,V00724,P0042,2025-05-08,ST013,1,358.95,Accepted,RR6,true
RT000941,SO004571,2,V00210,P0009,2025-05-15,ST006,1,119.95,Pending,RR8,false
RT000942,SO004572,1,V00501,P0023,2025-05-11,ST006,1,132.95,Accepted,RR3,true
RT000943,SO004575,2,V00416,P0018,2025-05-01,ST008,1,180.95,Accepted,RR7,true
RT000944,SO004575,4,V00728,P0044,2025-04-24,ST008,1,115.95,Accepted,RR7,true
RT000945,SO004577,1,V00274,P0012,2025-05-02,ST008,1,116.95,Accepted,RR6,true
RT000946,SO004579,2,V00284,P0012,2025-05-11,ST010,1,116.95,Accepted,RR4,false
RT000947,SO004585,1,V00237,P0010,2025-04-25,ST012,1,108.95,Accepted,RR6,true
RT000948,SO004589,1,V00246,P0011,2025-05-18,ST014,1,157.95,Rejected,RR8,false
RT000949,SO004594,1,V00002,P0001,2025-05-10,ST016,1,271.95,Accepted,RR1,true
RT000950,SO004599,2,V00627,P0030,2025-05-22,ST012,1,133.95,Rejected,RR8,false
RT000951,SO004602,1,V00313,P0014,2025-05-01,ST002,1,189.95,Accepted,RR7,true
RT000952,SO004603,4,V00035,P0002,2025-05-07,ST007,1,162.31,Accepted,RR7,true
RT000953,SO004608,2,V00028,P0002,2025-05-09,ST014,1,190.95,Accepted,RR7,true
RT000954,SO004612,1,V00183,P0008,2025-05-03,ST001,1,135.95,Rejected,RR1,false
RT000955,SO004615,1,V00363,P0016,2025-05-03,ST002,1,218.95,Accepted,RR8,true
RT000956,SO004621,3,V00084,P0004,2025-05-26,ST006,1,240.95,Accepted,RR1,true
RT000957,SO004621,4,V00126,P0006,2025-05-10,ST012,1,162.95,Accepted,RR3,true
RT000958,SO004624,1,V00387,P0017,2025-06-07,ST006,1,159.95,Accepted,RR8,true
RT000959,SO004624,2,V00533,P0025,2025-05-12,ST006,1,95.95,Accepted,RR3,true
RT000960,SO004627,2,V00329,P0014,2025-05-08,ST008,1,189.95,Accepted,RR2,true
RT000961,SO004630,1,V00005,P0001,2025-05-12,ST010,1,271.95,Accepted,RR4,false
RT000962,SO004653,1,V00031,P0002,2025-05-01,ST009,1,190.95,Accepted,RR7,true
RT000963,SO004664,1,V00124,P0006,2025-05-09,ST001,1,162.95,Accepted,RR7,true
RT000964,SO004677,4,V00226,P0010,2025-05-28,ST005,1,108.95,Accepted,RR2,true
RT000965,SO004678,2,V00306,P0013,2025-05-20,ST011,1,158.35,Accepted,RR4,false
RT000966,SO004678,4,V00726,P0043,2025-05-10,ST011,2,277.90,Accepted,RR4,false
RT000967,SO004680,1,V00304,P0013,2025-05-03,ST011,1,175.95,Accepted,RR4,false
RT000968,SO004685,1,V00732,P0046,2025-05-07,ST012,1,121.95,Accepted,RR3,true
RT000969,SO004706,1,V00147,P0007,2025-05-11,ST012,1,126.95,Accepted,RR2,true
RT000970,SO004714,1,V00199,P0009,2025-05-05,ST002,1,119.95,Accepted,RR1,true
RT000971,SO004715,1,V00054,P0003,2025-05-07,ST003,1,164.95,Pending,RR7,false
RT000972,SO004716,1,V00130,P0006,2025-05-09,ST004,1,162.95,Accepted,RR4,false
RT000973,SO004719,1,V00469,P0021,2025-05-07,ST004,1,278.95,Accepted,RR7,true
RT000974,SO004721,3,V00032,P0002,2025-05-20,ST005,1,190.95,Accepted,RR3,true
RT000975,SO004731,3,V00366,P0016,2025-05-03,ST010,1,218.95,Accepted,RR7,true
RT000976,SO004740,1,V00319,P0014,2025-05-10,ST015,1,151.96,Accepted,RR8,true
RT000977,SO004740,2,V00423,P0019,2025-05-13,ST015,1,250.95,Accepted,RR5,true
RT000978,SO004749,1,V00738,P0049,2025-05-05,ST010,1,51.95,Accepted,RR8,true
RT000979,SO004753,1,V00724,P0042,2025-05-01,ST012,1,358.95,Accepted,RR4,false
RT000980,SO004759,1,V00416,P0018,2025-05-11,ST007,1,180.95,Accepted,RR8,true
RT000981,SO004761,1,V00727,P0044,2025-05-22,ST014,1,115.95,Accepted,RR4,false
RT000982,SO004761,2,V00315,P0014,2025-05-24,ST001,1,189.95,Rejected,RR5,false
RT000983,SO004768,1,V00430,P0019,2025-05-01,ST002,1,250.95,Accepted,RR4,false
RT000984,SO004775,1,V00347,P0015,2025-05-27,ST004,1,219.95,Accepted,RR7,true
RT000985,SO004788,2,V00599,P0028,2025-05-28,ST008,2,187.90,Accepted,RR7,true
RT000986,SO004799,1,V00710,P0035,2025-05-02,ST011,1,192.95,Accepted,RR5,true
RT000987,SO004821,4,V00345,P0015,2025-06-14,ST008,1,186.96,Accepted,RR6,true
RT000988,SO004823,1,V00632,P0030,2025-05-03,ST018,1,133.95,Accepted,RR4,false
RT000989,SO004829,1,V00401,P0017,2025-05-06,ST011,1,135.96,Accepted,RR3,true
RT000990,SO004831,2,V00423,P0019,2025-05-07,ST009,1,250.95,Accepted,RR3,true
RT000991,SO004833,4,V00295,P0013,2025-05-09,ST012,1,175.95,Accepted,RR7,true
RT000992,SO004836,1,V00274,P0012,2025-05-17,ST001,1,116.95,Pending,RR4,false
RT000993,SO004836,2,V00354,P0015,2025-05-15,ST001,2,439.90,Accepted,RR1,true
RT000994,SO004841,1,V00399,P0017,2025-05-13,ST001,1,159.95,Accepted,RR1,true
RT000995,SO004846,4,V00499,P0023,2025-05-07,ST003,2,239.31,Accepted,RR3,true
RT000996,SO004851,1,V00292,P0013,2025-05-22,ST004,1,175.95,Rejected,RR1,false
RT000997,SO004862,1,V00287,P0012,2025-05-03,ST006,1,116.95,Rejected,RR7,false
RT000998,SO004864,2,V00303,P0013,2025-06-15,ST006,1,175.95,Accepted,RR5,true
RT000999,SO004865,3,V00063,P0003,2025-04-30,ST007,1,164.95,Accepted,RR7,true
RT001000,SO004870,3,V00306,P0013,2025-05-12,ST008,1,175.95,Accepted,RR2,true
RT001001,SO004879,1,V00448,P0020,2025-05-17,ST011,1,425.95,Accepted,RR3,true
RT001002,SO004885,2,V00354,P0015,2025-05-08,ST013,1,219.95,Accepted,RR1,true
RT001003,SO004886,1,V00135,P0006,2025-05-26,ST013,1,162.95,Accepted,RR1,true
RT001004,SO004892,1,V00308,P0013,2025-05-03,ST014,1,175.95,Accepted,RR1,true
RT001005,SO004900,1,V00617,P0029,2025-05-19,ST001,1,135.95,Accepted,RR2,true
RT001006,SO004901,3,V00656,P0032,2025-05-16,ST017,1,39.95,Accepted,RR7,true
RT001007,SO004901,4,V00717,P0039,2025-05-14,ST017,1,220.95,Accepted,RR8,true
RT001008,SO004907,3,V00724,P0042,2025-06-16,ST018,1,358.95,Pending,RR4,false
RT001009,SO004913,1,V00028,P0002,2025-06-09,ST013,1,152.76,Accepted,RR4,false
RT001010,SO004914,1,V00156,P0007,2025-05-09,ST007,1,126.95,Accepted,RR8,true
RT001011,SO004920,1,V00461,P0021,2025-05-20,ST001,1,278.95,Accepted,RR6,true
RT001012,SO004934,1,V00245,P0011,2025-05-10,ST005,1,157.95,Accepted,RR7,true
RT001013,SO004939,1,V00079,P0004,2025-05-02,ST005,2,481.90,Accepted,RR7,true
RT001014,SO004946,3,V00353,P0015,2025-05-02,ST011,1,219.95,Accepted,RR8,true
RT001015,SO004947,2,V00735,P0048,2025-05-09,ST011,1,83.95,Accepted,RR3,true
RT001016,SO004948,2,V00573,P0027,2025-05-11,ST012,1,82.95,Pending,RR4,false
RT001017,SO004956,1,V00379,P0016,2025-05-25,ST015,1,218.95,Accepted,RR5,true
RT001018,SO004963,1,V00460,P0021,2025-05-17,ST018,1,278.95,Accepted,RR7,true
RT001019,SO004967,1,V00704,P0034,2025-05-23,ST006,1,61.95,Accepted,RR7,true
RT001020,SO004968,1,V00516,P0024,2025-05-17,ST018,1,122.95,Accepted,RR1,true
RT001021,SO004976,2,V00318,P0014,2025-05-06,ST005,1,189.95,Accepted,RR8,true
RT001022,SO004976,4,V00615,P0029,2025-05-09,ST008,1,135.95,Accepted,RR6,true
RT001023,SO004976,5,V00390,P0017,2025-05-18,ST015,1,159.95,Accepted,RR1,true
RT001024,SO004992,2,V00005,P0001,2025-06-01,ST007,1,271.95,Accepted,RR5,true
RT001025,SO004994,3,V00670,P0032,2025-05-13,ST008,1,39.95,Accepted,RR4,false
RT001026,SO004996,3,V00077,P0004,2025-05-12,ST009,1,240.95,Accepted,RR5,true
RT001027,SO005004,1,V00326,P0014,2025-05-23,ST011,1,189.95,Accepted,RR3,true
RT001028,SO005007,2,V00520,P0024,2025-05-24,ST011,1,122.95,Accepted,RR7,true
RT001029,SO005008,2,V00598,P0028,2025-05-11,ST012,1,79.86,Accepted,RR2,true
RT001030,SO005009,1,V00376,P0016,2025-05-23,ST013,1,218.95,Accepted,RR1,true
RT001031,SO005015,2,V00003,P0001,2025-05-11,ST016,1,271.95,Accepted,RR1,true
RT001032,SO005021,2,V00698,P0034,2025-05-03,ST007,1,55.75,Pending,RR3,false
RT001033,SO005034,1,V00496,P0023,2025-05-29,ST002,1,113.01,Accepted,RR7,true
RT001034,SO005045,2,V00412,P0018,2025-05-09,ST010,1,180.95,Pending,RR1,false
RT001035,SO005046,1,V00272,P0012,2025-05-25,ST007,1,116.95,Accepted,RR3,true
RT001036,SO005050,1,V00739,P0050,2025-05-18,ST009,1,215.95,Accepted,RR7,true
RT001037,SO005058,1,V00285,P0012,2025-05-30,ST012,1,116.95,Accepted,RR7,true
RT001038,SO005068,1,V00248,P0011,2025-06-03,ST016,1,157.95,Accepted,RR4,false
RT001039,SO005068,4,V00018,P0001,2025-05-12,ST016,1,271.95,Accepted,RR1,true
RT001040,SO005072,5,V00288,P0012,2025-05-11,ST018,1,116.95,Accepted,RR3,true
RT001041,SO005073,2,V00730,P0045,2025-06-15,ST003,1,93.95,Accepted,RR2,true
RT001042,SO005079,1,V00737,P0049,2025-05-11,ST003,1,51.95,Pending,RR2,false
RT001043,SO005085,2,V00731,P0046,2025-05-10,ST012,1,121.95,Accepted,RR2,true
RT001044,SO005089,1,V00675,P0033,2025-05-20,ST004,1,48.95,Accepted,RR3,true
RT001045,SO005099,2,V00038,P0002,2025-05-03,ST008,1,171.85,Pending,RR5,false
RT001046,SO005110,3,V00342,P0015,2025-05-31,ST012,1,219.95,Accepted,RR4,false
RT001047,SO005115,1,V00741,P0051,2025-06-15,ST015,1,73.95,Accepted,RR1,true
RT001048,SO005117,5,V00598,P0028,2025-05-15,ST015,1,93.95,Rejected,RR1,false
RT001049,SO005118,1,V00034,P0002,2025-05-19,ST015,1,190.95,Accepted,RR8,true
RT001050,SO005123,1,V00677,P0033,2025-05-14,ST001,1,48.95,Accepted,RR6,true
RT001051,SO005123,3,V00455,P0020,2025-05-16,ST006,1,425.95,Accepted,RR3,true
RT001052,SO005125,3,V00249,P0011,2025-05-20,ST005,1,157.95,Accepted,RR6,true
RT001053,SO005129,1,V00714,P0037,2025-05-04,ST017,1,228.95,Accepted,RR3,true
RT001054,SO005141,3,V00629,P0030,2025-05-05,ST003,1,133.95,Rejected,RR4,false
RT001055,SO005148,5,V00330,P0014,2025-05-08,ST005,1,189.95,Accepted,RR4,false
RT001056,SO005155,1,V00650,P0031,2025-05-11,ST007,1,75.95,Accepted,RR4,false
RT001057,SO005157,3,V00663,P0032,2025-06-04,ST008,1,39.95,Accepted,RR6,true
RT001058,SO005165,2,V00309,P0013,2025-05-19,ST012,2,351.90,Accepted,RR4,false
RT001059,SO005170,2,V00627,P0030,2025-05-26,ST013,1,133.95,Accepted,RR4,false
RT001060,SO005175,1,V00145,P0007,2025-05-11,ST015,1,126.95,Accepted,RR4,false
RT001061,SO005179,3,V00740,P0050,2025-05-28,ST017,1,215.95,Rejected,RR7,false
RT001062,SO005181,2,V00726,P0043,2025-05-13,ST011,1,138.95,Accepted,RR5,true
RT001063,SO005185,1,V00293,P0013,2025-05-26,ST011,1,149.56,Accepted,RR3,true
RT001064,SO005187,1,V00136,P0006,2025-05-18,ST004,1,162.95,Accepted,RR1,true
RT001065,SO005187,2,V00077,P0004,2025-05-22,ST002,1,240.95,Accepted,RR1,true
RT001066,SO005195,3,V00744,P0052,2025-05-16,ST001,1,131.95,Accepted,RR3,true
RT001067,SO005204,3,V00525,P0024,2025-05-08,ST015,1,122.95,Accepted,RR2,true
RT001068,SO005220,1,V00411,P0018,2025-05-22,ST007,1,180.95,Pending,RR7,false
RT001069,SO005231,1,V00543,P0025,2025-05-12,ST011,1,95.95,Accepted,RR7,true
RT001070,SO005239,2,V00539,P0025,2025-05-10,ST013,1,95.95,Accepted,RR4,false
RT001071,SO005243,1,V00006,P0001,2025-06-05,ST014,1,271.95,Accepted,RR1,true
RT001072,SO005246,1,V00597,P0028,2025-05-29,ST015,1,84.55,Accepted,RR1,true
RT001073,SO005246,2,V00343,P0015,2025-05-21,ST015,1,219.95,Accepted,RR4,false
RT001074,SO005248,1,V00716,P0038,2025-05-19,ST015,1,405.41,Accepted,RR4,false
RT001075,SO005249,1,V00173,P0008,2025-05-30,ST015,1,122.35,Accepted,RR1,true
RT001076,SO005259,2,V00715,P0038,2025-06-20,ST018,1,476.95,Accepted,RR1,true
RT001077,SO005266,1,V00720,P0040,2025-05-21,ST016,3,1019.85,Accepted,RR2,true
RT001078,SO005267,2,V00160,P0007,2025-05-15,ST005,1,126.95,Accepted,RR3,true
RT001079,SO005271,1,V00563,P0026,2025-05-31,ST010,1,45.01,Accepted,RR7,true
RT001080,SO005271,3,V00405,P0018,2025-06-02,ST014,1,180.95,Accepted,RR1,true
RT001081,SO005275,1,V00115,P0005,2025-05-14,ST001,1,133.95,Accepted,RR1,true
RT001082,SO005291,2,V00489,P0022,2025-05-16,ST004,1,439.95,Accepted,RR3,true
RT001083,SO005296,1,V00259,P0011,2025-05-07,ST005,1,157.95,Accepted,RR4,false
RT001084,SO005318,1,V00279,P0012,2025-05-23,ST010,1,116.95,Accepted,RR2,true
RT001085,SO005329,4,V00309,P0013,2025-06-06,ST013,1,175.95,Accepted,RR1,true
RT001086,SO005339,1,V00740,P0050,2025-05-25,ST014,1,215.95,Accepted,RR7,true
RT001087,SO005342,1,V00723,P0042,2025-05-31,ST015,1,358.95,Accepted,RR4,false
RT001088,SO005344,1,V00678,P0033,2025-05-29,ST015,1,48.95,Accepted,RR7,true
RT001089,SO005346,2,V00032,P0002,2025-06-17,ST015,1,190.95,Accepted,RR5,true
RT001090,SO005347,1,V00496,P0023,2025-05-30,ST015,1,132.95,Pending,RR2,false
RT001091,SO005347,3,V00440,P0020,2025-06-07,ST015,1,425.95,Accepted,RR7,true
RT001092,SO005356,3,V00259,P0011,2025-05-22,ST017,1,157.95,Accepted,RR2,true
RT001093,SO005364,4,V00501,P0023,2025-05-17,ST008,1,132.95,Accepted,RR7,true
RT001094,SO005367,1,V00241,P0011,2025-05-22,ST006,1,157.95,Rejected,RR4,false
RT001095,SO005370,1,V00731,P0046,2025-05-17,ST016,1,121.95,Accepted,RR4,false
RT001096,SO005374,1,V00662,P0032,2025-05-23,ST002,1,33.96,Accepted,RR7,true
RT001097,SO005379,3,V00719,P0040,2025-05-07,ST003,1,271.96,Accepted,RR1,true
RT001098,SO005392,3,V00008,P0001,2025-06-24,ST009,1,271.95,Accepted,RR1,true
RT001099,SO005396,3,V00656,P0032,2025-05-24,ST011,1,39.95,Accepted,RR7,true
RT001100,SO005401,3,V00151,P0007,2025-05-29,ST011,1,126.95,Accepted,RR4,false
RT001101,SO005404,2,V00334,P0014,2025-05-13,ST009,1,189.95,Accepted,RR1,true
RT001102,SO005415,1,V00352,P0015,2025-05-27,ST013,1,219.95,Accepted,RR8,true
RT001103,SO005417,2,V00418,P0018,2025-05-24,ST011,1,180.95,Accepted,RR6,true
RT001104,SO005421,1,V00209,P0009,2025-06-03,ST006,1,119.95,Pending,RR1,false
RT001105,SO005437,2,V00562,P0026,2025-05-21,ST005,1,52.95,Rejected,RR1,false
RT001106,SO005447,2,V00532,P0025,2025-05-17,ST011,1,95.95,Accepted,RR1,true
RT001107,SO005450,3,V00177,P0008,2025-05-10,ST014,1,135.95,Accepted,RR2,true
RT001108,SO005461,3,V00227,P0010,2025-05-30,ST016,1,108.95,Pending,RR2,false
RT001109,SO005476,1,V00082,P0004,2025-05-10,ST001,1,240.95,Accepted,RR5,true
RT001110,SO005478,1,V00644,P0031,2025-05-16,ST001,1,75.95,Accepted,RR5,true
RT001111,SO005479,3,V00508,P0023,2025-06-05,ST001,1,132.95,Accepted,RR8,true
RT001112,SO005480,3,V00411,P0018,2025-05-14,ST001,1,180.95,Accepted,RR2,true
RT001113,SO005492,2,V00103,P0005,2025-06-17,ST004,1,133.95,Accepted,RR2,true
RT001114,SO005511,1,V00256,P0011,2025-06-19,ST011,1,157.95,Rejected,RR1,false
RT001115,SO005515,1,V00161,P0007,2025-06-06,ST013,1,101.56,Accepted,RR7,true
RT001116,SO005523,1,V00532,P0025,2025-05-17,ST013,1,95.95,Accepted,RR8,true
RT001117,SO005525,3,V00221,P0010,2025-06-03,ST014,1,108.95,Accepted,RR2,true
RT001118,SO005538,1,V00162,P0007,2025-05-18,ST017,1,126.95,Accepted,RR6,true
RT001119,SO005552,1,V00739,P0050,2025-05-18,ST016,1,215.95,Accepted,RR8,true
RT001120,SO005557,1,V00676,P0033,2025-05-13,ST003,1,48.95,Accepted,RR5,true
RT001121,SO005566,1,V00616,P0029,2025-06-05,ST006,1,135.95,Accepted,RR2,true
RT001122,SO005567,1,V00709,P0035,2025-05-17,ST006,1,192.95,Accepted,RR5,true
RT001123,SO005573,1,V00188,P0008,2025-06-11,ST008,1,115.56,Accepted,RR3,true
RT001124,SO005577,3,V00710,P0035,2025-05-26,ST009,1,192.95,Accepted,RR8,true
RT001125,SO005582,1,V00459,P0021,2025-05-28,ST011,1,237.11,Rejected,RR1,false
RT001126,SO005597,3,V00057,P0003,2025-06-18,ST016,1,164.95,Rejected,RR8,false
RT001127,SO005598,1,V00587,P0028,2025-05-14,ST015,1,93.95,Accepted,RR3,true
RT001128,SO005598,3,V00255,P0011,2025-06-12,ST016,1,142.15,Rejected,RR2,false
RT001129,SO005601,3,V00494,P0023,2025-05-26,ST018,1,132.95,Pending,RR7,false
RT001130,SO005603,1,V00143,P0006,2025-05-24,ST018,1,162.95,Accepted,RR6,true
RT001131,SO005603,2,V00164,P0007,2025-05-17,ST018,1,126.95,Rejected,RR4,false
RT001132,SO005606,2,V00137,P0006,2025-05-19,ST010,1,130.36,Accepted,RR8,true
RT001133,SO005608,1,V00731,P0046,2025-05-19,ST017,3,365.85,Accepted,RR5,true
RT001134,SO005609,1,V00103,P0005,2025-05-21,ST006,1,133.95,Accepted,RR7,true
RT001135,SO005612,1,V00127,P0006,2025-05-14,ST009,1,162.95,Accepted,RR1,true
RT001136,SO005621,3,V00275,P0012,2025-05-19,ST002,1,116.95,Accepted,RR1,true
RT001137,SO005633,1,V00657,P0032,2025-06-07,ST005,1,39.95,Accepted,RR7,true
RT001138,SO005646,2,V00669,P0032,2025-05-21,ST009,1,39.95,Pending,RR4,false
RT001139,SO005646,3,V00249,P0011,2025-05-11,ST009,1,157.95,Rejected,RR8,false
RT001140,SO005647,1,V00637,P0031,2025-05-19,ST010,1,75.95,Accepted,RR7,true
RT001141,SO005654,5,V00566,P0027,2025-05-25,ST012,1,82.95,Accepted,RR1,true
RT001142,SO005656,2,V00728,P0044,2025-05-27,ST013,1,115.95,Accepted,RR5,true
RT001143,SO005658,2,V00142,P0006,2025-05-23,ST015,1,162.95,Accepted,RR4,false
RT001144,SO005666,1,V00711,P0036,2025-05-28,ST018,1,177.95,Accepted,RR4,false
RT001145,SO005668,3,V00184,P0008,2025-06-04,ST018,1,135.95,Accepted,RR5,true
RT001146,SO005673,1,V00091,P0004,2025-05-19,ST015,1,240.95,Accepted,RR8,true
RT001147,SO005675,3,V00620,P0030,2025-06-09,ST018,1,133.95,Accepted,RR7,true
RT001148,SO005682,2,V00453,P0020,2025-05-28,ST003,1,425.95,Accepted,RR5,true
RT001149,SO005688,1,V00211,P0009,2025-05-20,ST005,1,119.95,Rejected,RR8,false
RT001150,SO005693,3,V00063,P0003,2025-05-26,ST006,1,164.95,Accepted,RR3,true
RT001151,SO005702,1,V00727,P0044,2025-05-28,ST008,1,115.95,Accepted,RR5,true
RT001152,SO005709,1,V00291,P0013,2025-05-14,ST011,1,175.95,Accepted,RR3,true
RT001153,SO005710,1,V00489,P0022,2025-05-29,ST011,1,351.96,Accepted,RR1,true
RT001154,SO005711,2,V00489,P0022,2025-06-08,ST011,1,439.95,Accepted,RR7,true
RT001155,SO005723,2,V00609,P0029,2025-05-14,ST013,1,135.95,Accepted,RR4,false
RT001156,SO005723,4,V00664,P0032,2025-05-16,ST004,1,35.96,Accepted,RR2,true
RT001157,SO005724,1,V00591,P0028,2025-06-08,ST013,1,93.95,Accepted,RR7,true
RT001158,SO005727,1,V00281,P0012,2025-05-28,ST014,1,116.95,Accepted,RR8,true
RT001159,SO005727,2,V00710,P0035,2025-05-27,ST014,1,173.66,Accepted,RR7,true
RT001160,SO005736,2,V00301,P0013,2025-05-18,ST017,1,175.95,Accepted,RR5,true
RT001161,SO005744,3,V00539,P0025,2025-05-14,ST004,1,95.95,Accepted,RR3,true
RT001162,SO005747,2,V00103,P0005,2025-05-19,ST012,1,133.95,Accepted,RR5,true
RT001163,SO005761,1,V00731,P0046,2025-05-18,ST001,1,121.95,Pending,RR7,false
RT001164,SO005777,1,V00127,P0006,2025-05-29,ST005,1,162.95,Accepted,RR8,true
RT001165,SO005778,4,V00506,P0023,2025-05-16,ST005,1,132.95,Accepted,RR3,true
RT001166,SO005779,1,V00639,P0031,2025-06-30,ST005,1,75.95,Accepted,RR1,true
RT001167,SO005785,1,V00339,P0015,2025-05-21,ST004,1,219.95,Rejected,RR3,false
RT001168,SO005788,1,V00162,P0007,2025-05-24,ST009,1,126.95,Accepted,RR5,true
RT001169,SO005790,1,V00190,P0008,2025-06-04,ST009,1,135.95,Accepted,RR3,true
RT001170,SO005793,2,V00049,P0003,2025-06-05,ST011,1,164.95,Accepted,RR2,true
RT001171,SO005798,1,V00080,P0004,2025-05-30,ST011,1,240.95,Rejected,RR8,false
RT001172,SO005799,1,V00239,P0010,2025-05-30,ST011,1,108.95,Accepted,RR4,false
RT001173,SO005800,2,V00232,P0010,2025-05-27,ST011,1,108.95,Accepted,RR1,true
RT001174,SO005801,1,V00722,P0041,2025-06-22,ST011,1,211.95,Accepted,RR7,true
RT001175,SO005808,1,V00122,P0006,2025-06-02,ST012,1,162.95,Accepted,RR2,true
RT001176,SO005818,2,V00200,P0009,2025-06-11,ST015,1,119.95,Accepted,RR7,true
RT001177,SO005821,1,V00364,P0016,2025-05-28,ST016,1,218.95,Accepted,RR3,true
RT001178,SO005822,1,V00005,P0001,2025-05-22,ST016,1,271.95,Rejected,RR4,false
RT001179,SO005827,2,V00220,P0010,2025-05-29,ST017,1,108.95,Accepted,RR5,true
RT001180,SO005827,3,V00339,P0015,2025-05-18,ST017,1,219.95,Accepted,RR3,true
RT001181,SO005830,3,V00302,P0013,2025-05-30,ST014,1,175.95,Accepted,RR7,true
RT001182,SO005834,1,V00177,P0008,2025-05-21,ST016,1,135.95,Accepted,RR7,true
RT001183,SO005834,3,V00006,P0001,2025-05-29,ST018,1,271.95,Rejected,RR2,false
RT001184,SO005849,3,V00150,P0007,2025-05-15,ST004,1,114.25,Pending,RR1,false
RT001185,SO005857,2,V00046,P0002,2025-05-24,ST006,1,190.95,Rejected,RR5,false
RT001186,SO005868,1,V00015,P0001,2025-06-12,ST011,1,271.95,Accepted,RR3,true
RT001187,SO005870,5,V00161,P0007,2025-05-24,ST011,1,126.95,Accepted,RR1,true
RT001188,SO005880,4,V00330,P0014,2025-05-26,ST014,1,189.95,Accepted,RR7,true
RT001189,SO005886,1,V00740,P0050,2025-05-17,ST017,1,215.95,Accepted,RR1,true
RT001190,SO005886,2,V00292,P0013,2025-06-22,ST017,1,175.95,Accepted,RR8,true
RT001191,SO005888,2,V00622,P0030,2025-05-21,ST018,1,133.95,Accepted,RR1,true
RT001192,SO005891,1,V00674,P0033,2025-05-23,ST003,1,39.16,Accepted,RR3,true
RT001193,SO005893,2,V00229,P0010,2025-05-30,ST006,1,108.95,Accepted,RR8,true
RT001194,SO005897,1,V00712,P0036,2025-06-01,ST001,1,177.95,Accepted,RR4,false
RT001195,SO005899,2,V00482,P0022,2025-06-14,ST001,1,373.96,Accepted,RR4,false
RT001196,SO005915,4,V00716,P0038,2025-06-01,ST007,1,476.95,Accepted,RR3,true
RT001197,SO005930,2,V00484,P0022,2025-05-22,ST011,1,439.95,Accepted,RR3,true
RT001198,SO005931,2,V00538,P0025,2025-06-02,ST011,1,95.95,Accepted,RR7,true
RT001199,SO005938,1,V00731,P0046,2025-06-10,ST014,1,121.95,Accepted,RR2,true
RT001200,SO005942,1,V00722,P0041,2025-06-07,ST017,2,423.90,Accepted,RR7,true
RT001201,SO005943,1,V00718,P0039,2025-06-03,ST017,1,220.95,Accepted,RR3,true
RT001202,SO005950,2,V00273,P0012,2025-05-30,ST001,1,116.95,Accepted,RR7,true
RT001203,SO005952,1,V00604,P0029,2025-06-02,ST003,1,135.95,Accepted,RR2,true
RT001204,SO005955,1,V00453,P0020,2025-06-17,ST011,1,425.95,Accepted,RR7,true
RT001205,SO005962,1,V00327,P0014,2025-06-04,ST007,1,189.95,Accepted,RR2,true
RT001206,SO005966,2,V00086,P0004,2025-05-28,ST009,1,240.95,Accepted,RR8,true
RT001207,SO005966,4,V00089,P0004,2025-06-13,ST010,1,240.95,Pending,RR4,false
RT001208,SO005969,1,V00390,P0017,2025-06-15,ST010,1,159.95,Accepted,RR7,true
RT001209,SO005989,1,V00717,P0039,2025-05-24,ST018,1,220.95,Accepted,RR5,true
RT001210,SO005997,4,V00556,P0026,2025-05-28,ST006,1,52.95,Accepted,RR6,true
RT001211,SO006012,3,V00733,P0047,2025-06-02,ST003,1,76.46,Rejected,RR1,false
RT001212,SO006012,5,V00247,P0011,2025-06-02,ST005,1,157.95,Accepted,RR8,true
RT001213,SO006014,1,V00617,P0029,2025-06-14,ST006,1,115.56,Accepted,RR7,true
RT001214,SO006022,1,V00722,P0041,2025-06-01,ST015,1,211.95,Accepted,RR3,true
RT001215,SO006030,2,V00732,P0046,2025-06-03,ST013,1,121.95,Accepted,RR7,true
RT001216,SO006032,2,V00736,P0048,2025-05-25,ST014,1,83.95,Accepted,RR8,true
RT001217,SO006038,1,V00623,P0030,2025-06-07,ST016,1,133.95,Accepted,RR3,true
RT001218,SO006045,4,V00237,P0010,2025-06-19,ST005,1,108.95,Accepted,RR2,true
RT001219,SO006049,3,V00075,P0004,2025-06-11,ST017,1,240.95,Accepted,RR3,true
RT001220,SO006050,2,V00385,P0017,2025-06-30,ST008,1,159.95,Pending,RR6,false
RT001221,SO006061,3,V00243,P0011,2025-06-01,ST002,1,157.95,Accepted,RR2,true
RT001222,SO006062,1,V00016,P0001,2025-06-11,ST002,1,271.95,Accepted,RR1,true
RT001223,SO006063,1,V00538,P0025,2025-06-05,ST004,1,95.95,Accepted,RR1,true
RT001224,SO006067,1,V00470,P0021,2025-05-23,ST005,1,278.95,Accepted,RR3,true
RT001225,SO006071,1,V00725,P0043,2025-06-08,ST006,1,138.95,Accepted,RR8,true
RT001226,SO006074,1,V00368,P0016,2025-05-28,ST009,1,218.95,Accepted,RR3,true
RT001227,SO006080,1,V00082,P0004,2025-06-02,ST011,1,240.95,Accepted,RR7,true
RT001228,SO006082,1,V00350,P0015,2025-05-20,ST011,1,219.95,Accepted,RR2,true
RT001229,SO006092,3,V00742,P0051,2025-06-11,ST015,1,73.95,Accepted,RR4,false
RT001230,SO006097,3,V00708,P0034,2025-06-17,ST016,1,61.95,Accepted,RR7,true
RT001231,SO006098,1,V00148,P0007,2025-06-25,ST001,1,126.95,Accepted,RR4,false
RT001232,SO006103,1,V00053,P0003,2025-05-27,ST016,1,164.95,Accepted,RR1,true
RT001233,SO006104,4,V00189,P0008,2025-05-26,ST008,1,135.95,Accepted,RR4,false
RT001234,SO006120,1,V00404,P0018,2025-06-01,ST004,1,180.95,Accepted,RR6,true
RT001235,SO006121,4,V00209,P0009,2025-07-01,ST018,1,119.95,Accepted,RR7,true
RT001236,SO006124,1,V00731,P0046,2025-06-09,ST008,1,121.95,Accepted,RR7,true
RT001237,SO006126,3,V00379,P0016,2025-05-26,ST004,1,218.95,Pending,RR2,false
RT001238,SO006132,2,V00185,P0008,2025-05-29,ST006,1,135.95,Accepted,RR3,true
RT001239,SO006136,3,V00737,P0049,2025-06-17,ST007,1,51.95,Accepted,RR6,true
RT001240,SO006145,1,V00603,P0029,2025-06-02,ST008,1,135.95,Accepted,RR2,true
RT001241,SO006145,2,V00127,P0006,2025-05-22,ST008,1,162.95,Accepted,RR7,true
RT001242,SO006153,3,V00056,P0003,2025-05-22,ST010,1,164.95,Rejected,RR4,false
RT001243,SO006156,1,V00058,P0003,2025-06-11,ST011,1,164.95,Accepted,RR1,true
RT001244,SO006161,2,V00077,P0004,2025-06-07,ST011,1,240.95,Accepted,RR1,true
RT001245,SO006171,1,V00196,P0009,2025-06-02,ST014,1,119.95,Accepted,RR8,true
RT001246,SO006184,3,V00593,P0028,2025-06-15,ST006,1,93.95,Accepted,RR1,true
RT001247,SO006186,1,V00081,P0004,2025-05-29,ST018,1,240.95,Accepted,RR1,true
RT001248,SO006188,2,V00653,P0031,2025-05-31,ST018,1,75.95,Accepted,RR7,true
RT001249,SO006190,1,V00021,P0001,2025-06-02,ST017,1,271.95,Accepted,RR1,true
RT001250,SO006190,3,V00257,P0011,2025-05-29,ST018,1,157.95,Accepted,RR2,true
RT001251,SO006196,2,V00140,P0006,2025-05-24,ST014,1,162.95,Accepted,RR7,true
RT001252,SO006202,2,V00364,P0016,2025-05-28,ST001,1,218.95,Accepted,RR6,true
RT001253,SO006205,2,V00067,P0003,2025-05-28,ST001,1,164.95,Accepted,RR7,true
RT001254,SO006208,2,V00025,P0002,2025-06-02,ST001,1,190.95,Accepted,RR6,true
RT001255,SO006212,3,V00734,P0047,2025-05-31,ST002,1,89.95,Accepted,RR1,true
RT001256,SO006221,1,V00236,P0010,2025-05-25,ST015,1,108.95,Accepted,RR8,true
RT001257,SO006240,1,V00727,P0044,2025-06-12,ST009,1,115.95,Accepted,RR7,true
RT001258,SO006242,1,V00281,P0012,2025-06-10,ST010,1,116.95,Accepted,RR3,true
RT001259,SO006251,1,V00718,P0039,2025-06-03,ST011,1,220.95,Accepted,RR2,true
RT001260,SO006260,3,V00718,P0039,2025-05-27,ST013,1,220.95,Accepted,RR7,true
RT001261,SO006264,1,V00637,P0031,2025-06-17,ST014,1,75.95,Accepted,RR7,true
RT001262,SO006264,3,V00127,P0006,2025-06-05,ST014,2,325.90,Pending,RR3,false
RT001263,SO006286,2,V00136,P0006,2025-05-29,ST011,1,162.95,Pending,RR2,false
RT001264,SO006292,2,V00290,P0013,2025-06-20,ST001,1,175.95,Accepted,RR7,true
RT001265,SO006292,3,V00006,P0001,2025-06-02,ST001,1,271.95,Accepted,RR1,true
RT001266,SO006293,3,V00054,P0003,2025-05-30,ST001,1,164.95,Pending,RR3,false
RT001267,SO006301,1,V00722,P0041,2025-06-18,ST005,2,423.90,Accepted,RR6,true
RT001268,SO006303,2,V00231,P0010,2025-05-27,ST005,1,108.95,Accepted,RR7,true
RT001269,SO006312,2,V00091,P0004,2025-06-01,ST008,1,240.95,Rejected,RR2,false
RT001270,SO006317,1,V00019,P0001,2025-06-06,ST010,1,271.95,Accepted,RR1,true
RT001271,SO006328,1,V00729,P0045,2025-06-17,ST015,1,93.95,Accepted,RR4,false
RT001272,SO006338,2,V00075,P0004,2025-06-07,ST013,1,240.95,Accepted,RR7,true
RT001273,SO006340,3,V00645,P0031,2025-05-28,ST013,1,75.95,Accepted,RR2,true
RT001274,SO006355,2,V00139,P0006,2025-07-06,ST004,1,162.95,Rejected,RR5,false
RT001275,SO006356,3,V00021,P0001,2025-06-05,ST004,1,271.95,Accepted,RR4,false
RT001276,SO006362,1,V00709,P0035,2025-06-17,ST007,1,192.95,Accepted,RR2,true
RT001277,SO006363,2,V00641,P0031,2025-06-13,ST007,1,75.95,Accepted,RR5,true
RT001278,SO006366,2,V00709,P0035,2025-06-07,ST008,1,164.01,Accepted,RR4,false
RT001279,SO006375,1,V00371,P0016,2025-07-02,ST011,1,218.95,Accepted,RR7,true
RT001280,SO006376,1,V00258,P0011,2025-05-29,ST011,1,157.95,Pending,RR7,false
RT001281,SO006403,1,V00127,P0006,2025-05-22,ST008,1,162.95,Accepted,RR4,false
RT001282,SO006418,1,V00572,P0027,2025-06-08,ST005,1,82.95,Accepted,RR4,false
RT001283,SO006439,1,V00537,P0025,2025-05-23,ST013,2,191.90,Accepted,RR1,true
RT001284,SO006441,2,V00365,P0016,2025-05-28,ST015,1,218.95,Pending,RR4,false
RT001285,SO006446,2,V00128,P0006,2025-06-01,ST018,1,162.95,Accepted,RR4,false
RT001286,SO006446,3,V00380,P0016,2025-06-11,ST016,1,175.16,Accepted,RR3,true
RT001287,SO006451,1,V00091,P0004,2025-06-08,ST002,1,240.95,Accepted,RR7,true
RT001288,SO006451,2,V00639,P0031,2025-06-11,ST013,1,75.95,Accepted,RR8,true
RT001289,SO006454,1,V00353,P0015,2025-05-26,ST010,1,219.95,Pending,RR1,false
RT001290,SO006455,1,V00206,P0009,2025-06-16,ST011,1,119.95,Accepted,RR4,false
RT001291,SO006456,3,V00739,P0050,2025-06-08,ST014,1,215.95,Accepted,RR2,true
RT001292,SO006464,2,V00710,P0035,2025-06-13,ST003,1,192.95,Accepted,RR6,true
RT001293,SO006467,2,V00167,P0007,2025-06-13,ST004,1,126.95,Accepted,RR2,true
RT001294,SO006468,1,V00004,P0001,2025-05-29,ST004,2,543.90,Rejected,RR1,false
RT001295,SO006481,4,V00348,P0015,2025-06-10,ST010,1,219.95,Accepted,RR3,true
RT001296,SO006499,3,V00165,P0007,2025-05-30,ST014,1,126.95,Accepted,RR7,true
RT001297,SO006511,2,V00560,P0026,2025-05-29,ST018,1,47.65,Accepted,RR2,true
RT001298,SO006518,1,V00379,P0016,2025-06-01,ST011,2,437.90,Accepted,RR2,true
RT001299,SO006519,1,V00525,P0024,2025-05-31,ST005,1,122.95,Accepted,RR1,true
RT001300,SO006523,1,V00193,P0009,2025-05-25,ST001,1,119.95,Accepted,RR7,true
RT001301,SO006544,3,V00507,P0023,2025-05-28,ST009,1,132.95,Accepted,RR2,true
RT001302,SO006558,2,V00016,P0001,2025-06-03,ST014,1,244.75,Accepted,RR1,true
RT001303,SO006560,2,V00076,P0004,2025-06-04,ST015,1,240.95,Accepted,RR4,false
RT001304,SO006568,1,V00726,P0043,2025-06-18,ST018,1,138.95,Accepted,RR3,true
RT001305,SO006579,1,V00716,P0038,2025-05-29,ST003,1,476.95,Rejected,RR2,false
RT001306,SO006583,4,V00499,P0023,2025-05-31,ST001,1,106.36,Accepted,RR8,true
RT001307,SO006585,1,V00733,P0047,2025-06-18,ST001,1,89.95,Accepted,RR7,true
RT001308,SO006589,1,V00021,P0001,2025-06-13,ST003,1,271.95,Accepted,RR1,true
RT001309,SO006597,3,V00713,P0037,2025-06-04,ST004,1,228.95,Rejected,RR3,false
RT001310,SO006605,2,V00384,P0016,2025-06-11,ST006,1,218.95,Accepted,RR2,true
RT001311,SO006608,1,V00572,P0027,2025-06-12,ST007,1,82.95,Accepted,RR1,true
RT001312,SO006609,3,V00153,P0007,2025-05-28,ST007,1,126.95,Rejected,RR8,false
RT001313,SO006611,1,V00261,P0011,2025-05-27,ST008,1,157.95,Accepted,RR7,true
RT001314,SO006625,2,V00710,P0035,2025-07-08,ST012,1,192.95,Accepted,RR3,true
RT001315,SO006641,1,V00078,P0004,2025-05-31,ST016,1,240.95,Accepted,RR6,true
RT001316,SO006656,3,V00664,P0032,2025-06-10,ST009,1,39.95,Accepted,RR2,true
RT001317,SO006658,2,V00437,P0019,2025-06-12,ST005,1,225.85,Pending,RR3,false
RT001318,SO006664,4,V00268,P0012,2025-06-04,ST001,1,116.95,Accepted,RR2,true
RT001319,SO006666,2,V00488,P0022,2025-06-15,ST001,1,439.95,Accepted,RR7,true
RT001320,SO006668,1,V00019,P0001,2025-06-11,ST001,1,271.95,Rejected,RR1,false
RT001321,SO006671,2,V00331,P0014,2025-05-29,ST002,1,189.95,Pending,RR7,false
RT001322,SO006673,5,V00721,P0041,2025-06-11,ST003,1,211.95,Accepted,RR3,true
RT001323,SO006686,1,V00336,P0014,2025-06-14,ST006,1,189.95,Accepted,RR7,true
RT001324,SO006691,2,V00519,P0024,2025-07-08,ST007,1,122.95,Accepted,RR3,true
RT001325,SO006694,3,V00573,P0027,2025-06-02,ST007,3,223.97,Accepted,RR2,true
RT001326,SO006699,3,V00095,P0004,2025-07-09,ST002,2,385.52,Accepted,RR8,true
RT001327,SO006701,3,V00240,P0010,2025-06-24,ST010,1,108.95,Accepted,RR3,true
RT001328,SO006704,2,V00381,P0016,2025-06-03,ST011,1,218.95,Accepted,RR3,true
RT001329,SO006705,1,V00609,P0029,2025-06-12,ST011,1,135.95,Accepted,RR8,true
RT001330,SO006708,1,V00233,P0010,2025-05-29,ST012,1,108.95,Accepted,RR3,true
RT001331,SO006722,1,V00199,P0009,2025-05-30,ST015,1,119.95,Accepted,RR7,true
RT001332,SO006730,3,V00078,P0004,2025-06-10,ST017,1,240.95,Accepted,RR4,false
RT001333,SO006738,1,V00575,P0027,2025-05-31,ST006,1,82.95,Accepted,RR8,true
RT001334,SO006741,1,V00234,P0010,2025-06-03,ST006,1,108.95,Accepted,RR1,true
RT001335,SO006741,2,V00727,P0044,2025-06-24,ST005,1,115.95,Accepted,RR1,true
RT001336,SO006744,1,V00040,P0002,2025-06-11,ST001,1,190.95,Accepted,RR2,true
RT001337,SO006746,1,V00258,P0011,2025-06-20,ST001,1,157.95,Rejected,RR3,false
RT001338,SO006746,3,V00221,P0010,2025-06-15,ST001,1,108.95,Accepted,RR5,true
RT001339,SO006750,1,V00150,P0007,2025-06-09,ST002,1,126.95,Rejected,RR1,false
RT001340,SO006753,2,V00225,P0010,2025-06-04,ST004,1,108.95,Accepted,RR6,true
RT001341,SO006754,1,V00295,P0013,2025-06-11,ST008,1,175.95,Accepted,RR6,true
RT001342,SO006754,2,V00512,P0024,2025-06-14,ST004,2,245.90,Accepted,RR1,true
RT001343,SO006760,1,V00414,P0018,2025-06-20,ST006,1,180.95,Pending,RR7,false
RT001344,SO006770,5,V00216,P0009,2025-06-20,ST011,1,119.95,Pending,RR7,false
RT001345,SO006779,2,V00724,P0042,2025-06-15,ST015,1,358.95,Accepted,RR1,true
RT001346,SO006794,1,V00073,P0004,2025-06-12,ST017,1,240.95,Accepted,RR1,true
RT001347,SO006795,3,V00609,P0029,2025-06-13,ST012,1,108.76,Accepted,RR2,true
RT001348,SO006803,1,V00460,P0021,2025-06-06,ST002,1,251.05,Accepted,RR8,true
RT001349,SO006806,2,V00305,P0013,2025-06-16,ST004,2,351.90,Accepted,RR7,true
RT001350,SO006807,2,V00284,P0012,2025-06-02,ST015,1,105.25,Rejected,RR3,false
RT001351,SO006812,3,V00376,P0016,2025-06-22,ST006,1,218.95,Accepted,RR1,true
RT001352,SO006821,1,V00112,P0005,2025-07-01,ST011,1,113.86,Accepted,RR8,true
RT001353,SO006821,5,V00400,P0017,2025-06-09,ST011,1,135.96,Accepted,RR4,false
RT001354,SO006825,2,V00176,P0008,2025-06-03,ST011,1,135.95,Accepted,RR1,true
RT001355,SO006827,2,V00454,P0020,2025-06-14,ST008,1,425.95,Accepted,RR1,true
RT001356,SO006830,4,V00106,P0005,2025-06-10,ST014,1,133.95,Accepted,RR3,true
RT001357,SO006832,1,V00197,P0009,2025-06-22,ST015,1,101.96,Accepted,RR3,true
RT001358,SO006839,1,V00596,P0028,2025-06-18,ST006,1,75.16,Accepted,RR7,true
RT001359,SO006840,3,V00713,P0037,2025-06-16,ST018,1,228.95,Accepted,RR1,true
RT001360,SO006850,1,V00002,P0001,2025-06-11,ST004,1,271.95,Accepted,RR6,true
RT001361,SO006854,2,V00399,P0017,2025-06-07,ST007,1,159.95,Accepted,RR6,true
RT001362,SO006859,1,V00304,P0013,2025-06-05,ST015,1,175.95,Accepted,RR7,true
RT001363,SO006876,3,V00374,P0016,2025-06-22,ST016,1,218.95,Accepted,RR2,true
RT001364,SO006884,1,V00519,P0024,2025-06-06,ST004,1,122.95,Accepted,RR7,true
RT001365,SO006905,3,V00663,P0032,2025-05-31,ST005,1,39.95,Accepted,RR3,true
RT001366,SO006906,1,V00311,P0013,2025-07-09,ST005,1,175.95,Accepted,RR1,true
RT001367,SO006906,2,V00199,P0009,2025-06-05,ST005,1,119.95,Accepted,RR4,false
RT001368,SO006922,1,V00018,P0001,2025-06-08,ST012,1,271.95,Accepted,RR1,true
RT001369,SO006923,2,V00730,P0045,2025-07-09,ST013,1,84.56,Pending,RR7,false
RT001370,SO006924,1,V00187,P0008,2025-06-27,ST013,1,135.95,Pending,RR2,false
RT001371,SO006924,4,V00267,P0012,2025-06-11,ST013,1,116.95,Accepted,RR4,false
RT001372,SO006926,2,V00555,P0026,2025-06-07,ST014,1,52.95,Accepted,RR1,true
RT001373,SO006931,1,V00153,P0007,2025-06-23,ST016,1,126.95,Accepted,RR3,true
RT001374,SO006934,1,V00330,P0014,2025-06-20,ST018,1,189.95,Accepted,RR8,true
RT001375,SO006934,2,V00722,P0041,2025-06-18,ST018,1,211.95,Accepted,RR7,true
RT001376,SO006941,5,V00268,P0012,2025-06-06,ST006,1,116.95,Accepted,RR4,false
RT001377,SO006945,2,V00221,P0010,2025-06-09,ST002,1,108.95,Rejected,RR7,false
RT001378,SO006953,2,V00162,P0007,2025-06-26,ST001,1,126.95,Accepted,RR3,true
RT001379,SO006958,1,V00005,P0001,2025-06-06,ST003,1,271.95,Accepted,RR1,true
RT001380,SO006958,3,V00153,P0007,2025-06-19,ST003,1,126.95,Accepted,RR8,true
RT001381,SO006962,1,V00223,P0010,2025-06-14,ST004,1,108.95,Accepted,RR4,false
RT001382,SO006967,1,V00722,P0041,2025-06-08,ST006,1,211.95,Accepted,RR5,true
RT001383,SO006979,3,V00721,P0041,2025-06-15,ST011,1,211.95,Accepted,RR2,true
RT001384,SO006980,2,V00046,P0002,2025-06-13,ST011,1,190.95,Rejected,RR4,false
RT001385,SO006986,2,V00662,P0032,2025-07-16,ST013,1,39.95,Accepted,RR6,true
RT001386,SO006991,1,V00260,P0011,2025-06-14,ST016,1,157.95,Accepted,RR7,true
RT001387,SO006992,1,V00506,P0023,2025-06-16,ST017,1,132.95,Accepted,RR8,true
RT001388,SO006996,3,V00059,P0003,2025-06-08,ST018,1,164.95,Accepted,RR8,true
RT001389,SO006997,2,V00190,P0008,2025-07-04,ST005,1,135.95,Accepted,RR3,true
RT001390,SO007000,2,V00283,P0012,2025-06-10,ST002,1,116.95,Accepted,RR2,true
RT001391,SO007002,1,V00280,P0012,2025-06-06,ST005,1,116.95,Accepted,RR1,true
RT001392,SO007005,3,V00119,P0005,2025-06-01,ST012,1,133.95,Accepted,RR2,true
RT001393,SO007013,1,V00633,P0030,2025-06-02,ST001,1,133.95,Accepted,RR2,true
RT001394,SO007015,1,V00742,P0051,2025-07-04,ST001,1,73.95,Pending,RR4,false
RT001395,SO007015,4,V00371,P0016,2025-06-11,ST001,2,437.90,Accepted,RR7,true
RT001396,SO007020,1,V00418,P0018,2025-06-25,ST002,1,180.95,Accepted,RR4,false
RT001397,SO007058,1,V00090,P0004,2025-06-11,ST011,1,240.95,Rejected,RR3,false
RT001398,SO007059,1,V00031,P0002,2025-06-17,ST011,1,152.76,Accepted,RR3,true
RT001399,SO007068,2,V00220,P0010,2025-06-29,ST013,1,108.95,Accepted,RR3,true
RT001400,SO007072,1,V00321,P0014,2025-07-04,ST014,1,151.96,Accepted,RR3,true
RT001401,SO007082,1,V00152,P0007,2025-06-10,ST017,2,253.90,Accepted,RR7,true
RT001402,SO007084,1,V00617,P0029,2025-06-11,ST018,1,108.76,Accepted,RR3,true
RT001403,SO007084,2,V00650,P0031,2025-07-10,ST006,1,75.95,Accepted,RR2,true
RT001404,SO007084,3,V00538,P0025,2025-07-04,ST006,1,95.95,Rejected,RR6,false
RT001405,SO007097,1,V00219,P0010,2025-06-27,ST001,1,108.95,Pending,RR2,false
RT001406,SO007100,2,V00302,P0013,2025-07-13,ST001,1,175.95,Accepted,RR7,true
RT001407,SO007105,2,V00677,P0033,2025-06-08,ST002,1,48.95,Accepted,RR7,true
RT001408,SO007112,2,V00719,P0040,2025-06-10,ST004,1,339.95,Accepted,RR5,true
RT001409,SO007121,1,V00432,P0019,2025-06-15,ST005,1,250.95,Accepted,RR4,false
RT001410,SO007137,1,V00693,P0034,2025-06-03,ST008,1,49.56,Accepted,RR2,true
RT001411,SO007155,1,V00414,P0018,2025-06-18,ST012,1,180.95,Accepted,RR6,true
RT001412,SO007156,1,V00521,P0024,2025-06-15,ST013,1,122.95,Accepted,RR7,true
RT001413,SO007174,2,V00184,P0008,2025-07-21,ST018,1,135.95,Accepted,RR4,false
RT001414,SO007186,1,V00638,P0031,2025-06-26,ST018,1,75.95,Accepted,RR1,true
RT001415,SO007188,1,V00370,P0016,2025-06-04,ST002,1,218.95,Accepted,RR4,false
RT001416,SO007192,2,V00307,P0013,2025-07-05,ST004,1,175.95,Accepted,RR7,true
RT001417,SO007202,1,V00355,P0015,2025-06-14,ST008,1,219.95,Accepted,RR1,true
RT001418,SO007210,4,V00286,P0012,2025-06-21,ST014,1,116.95,Accepted,RR8,true
RT001419,SO007218,5,V00734,P0047,2025-07-13,ST015,1,89.95,Accepted,RR4,false
RT001420,SO007220,1,V00076,P0004,2025-06-13,ST015,1,240.95,Accepted,RR7,true
RT001421,SO007229,3,V00234,P0010,2025-06-20,ST018,1,108.95,Accepted,RR1,true
RT001422,SO007232,2,V00501,P0023,2025-06-12,ST006,1,132.95,Pending,RR5,false
RT001423,SO007233,1,V00724,P0042,2025-07-03,ST010,1,358.95,Accepted,RR5,true
RT001424,SO007239,2,V00736,P0048,2025-06-21,ST018,1,75.55,Rejected,RR7,false
RT001425,SO007239,3,V00724,P0042,2025-06-28,ST005,1,358.95,Accepted,RR7,true
RT001426,SO007241,1,V00042,P0002,2025-06-14,ST007,1,190.95,Accepted,RR2,true
RT001427,SO007245,2,V00272,P0012,2025-06-20,ST001,1,93.56,Accepted,RR2,true
RT001428,SO007248,5,V00187,P0008,2025-06-07,ST003,1,135.95,Accepted,RR7,true
RT001429,SO007249,2,V00492,P0022,2025-06-21,ST004,1,439.95,Accepted,RR1,true
RT001430,SO007250,2,V00019,P0001,2025-06-11,ST018,1,231.16,Pending,RR8,false
RT001431,SO007257,2,V00669,P0032,2025-06-19,ST005,1,39.95,Accepted,RR7,true
RT001432,SO007257,3,V00727,P0044,2025-07-02,ST005,1,115.95,Accepted,RR4,false
RT001433,SO007257,4,V00063,P0003,2025-06-24,ST005,1,164.95,Accepted,RR1,true
RT001434,SO007258,1,V00316,P0014,2025-07-19,ST006,1,189.95,Accepted,RR7,true
RT001435,SO007260,2,V00744,P0052,2025-06-23,ST015,1,131.95,Accepted,RR2,true
RT001436,SO007262,1,V00126,P0006,2025-06-07,ST009,1,162.95,Accepted,RR1,true
RT001437,SO007265,3,V00376,P0016,2025-06-29,ST010,1,218.95,Accepted,RR1,true
RT001438,SO007268,2,V00186,P0008,2025-06-05,ST011,1,135.95,Accepted,RR5,true
RT001439,SO007269,2,V00698,P0034,2025-06-14,ST011,1,61.95,Pending,RR7,false
RT001440,SO007276,3,V00675,P0033,2025-06-17,ST014,1,48.95,Accepted,RR1,true
RT001441,SO007287,2,V00652,P0031,2025-06-15,ST018,1,75.95,Accepted,RR7,true
RT001442,SO007299,1,V00465,P0021,2025-06-21,ST002,1,278.95,Accepted,RR4,false
RT001443,SO007302,2,V00318,P0014,2025-07-18,ST009,1,189.95,Accepted,RR2,true
RT001444,SO007305,1,V00717,P0039,2025-07-07,ST004,1,220.95,Accepted,RR7,true
RT001445,SO007332,1,V00282,P0012,2025-06-15,ST011,1,116.95,Rejected,RR7,false
RT001446,SO007334,1,V00092,P0004,2025-06-17,ST012,1,192.76,Pending,RR2,false
RT001447,SO007343,1,V00379,P0016,2025-06-27,ST016,1,218.95,Pending,RR1,false
RT001448,SO007345,1,V00307,P0013,2025-06-16,ST017,1,175.95,Pending,RR7,false
RT001449,SO007347,2,V00657,P0032,2025-06-16,ST017,1,39.95,Accepted,RR2,true
RT001450,SO007351,2,V00715,P0038,2025-07-22,ST012,1,476.95,Accepted,RR7,true
RT001451,SO007354,2,V00010,P0001,2025-06-29,ST014,1,271.95,Accepted,RR1,true
RT001452,SO007362,2,V00250,P0011,2025-06-09,ST018,1,157.95,Accepted,RR2,true
RT001453,SO007365,1,V00076,P0004,2025-06-28,ST012,1,216.85,Accepted,RR6,true
RT001454,SO007369,1,V00075,P0004,2025-06-16,ST007,1,240.95,Accepted,RR4,false
RT001455,SO007370,4,V00424,P0019,2025-06-26,ST008,1,225.85,Accepted,RR8,true
RT001456,SO007378,1,V00740,P0050,2025-06-17,ST003,1,215.95,Accepted,RR1,true
RT001457,SO007382,2,V00344,P0015,2025-07-04,ST004,1,219.95,Accepted,RR7,true
RT001458,SO007383,3,V00508,P0023,2025-06-08,ST005,1,132.95,Accepted,RR1,true
RT001459,SO007386,1,V00741,P0051,2025-06-17,ST006,1,73.95,Accepted,RR7,true
RT001460,SO007388,1,V00737,P0049,2025-06-21,ST001,1,51.95,Accepted,RR2,true
RT001461,SO007395,3,V00741,P0051,2025-06-11,ST009,1,73.95,Accepted,RR3,true
RT001462,SO007402,1,V00295,P0013,2025-06-25,ST011,1,175.95,Accepted,RR7,true
RT001463,SO007417,2,V00357,P0015,2025-06-13,ST004,1,219.95,Rejected,RR4,false
RT001464,SO007426,1,V00353,P0015,2025-06-24,ST014,1,219.95,Accepted,RR1,true
RT001465,SO007427,2,V00530,P0025,2025-06-10,ST016,1,95.95,Accepted,RR4,false
RT001466,SO007436,1,V00053,P0003,2025-07-04,ST003,1,164.95,Accepted,RR1,true
RT001467,SO007439,1,V00730,P0045,2025-06-17,ST004,1,93.95,Accepted,RR1,true
RT001468,SO007441,1,V00466,P0021,2025-06-10,ST005,1,278.95,Accepted,RR4,false
RT001469,SO007444,2,V00416,P0018,2025-07-01,ST006,1,180.95,Accepted,RR1,true
RT001470,SO007445,1,V00300,P0013,2025-07-21,ST007,1,175.95,Pending,RR1,false
RT001471,SO007446,1,V00428,P0019,2025-07-10,ST007,1,250.95,Accepted,RR8,true
RT001472,SO007446,3,V00404,P0018,2025-06-25,ST007,1,180.95,Accepted,RR1,true
RT001473,SO007458,2,V00052,P0003,2025-07-09,ST012,1,164.95,Rejected,RR3,false
RT001474,SO007467,1,V00200,P0009,2025-06-22,ST014,1,119.95,Accepted,RR4,false
RT001475,SO007476,2,V00532,P0025,2025-06-17,ST017,1,95.95,Accepted,RR8,true
RT001476,SO007482,2,V00029,P0002,2025-07-01,ST018,1,190.95,Accepted,RR8,true
RT001477,SO007483,1,V00328,P0014,2025-07-23,ST016,1,189.95,Accepted,RR7,true
RT001478,SO007485,1,V00151,P0007,2025-07-04,ST015,1,126.95,Accepted,RR2,true
RT001479,SO007486,1,V00500,P0023,2025-06-16,ST013,1,132.95,Accepted,RR7,true
RT001480,SO007488,2,V00319,P0014,2025-07-02,ST006,1,189.95,Accepted,RR7,true
RT001481,SO007498,1,V00579,P0027,2025-06-13,ST002,1,82.95,Accepted,RR4,false
RT001482,SO007499,3,V00704,P0034,2025-06-26,ST002,1,61.95,Accepted,RR7,true
RT001483,SO007506,1,V00280,P0012,2025-06-17,ST004,1,99.41,Pending,RR2,false
RT001484,SO007508,3,V00266,P0012,2025-06-21,ST004,1,116.95,Accepted,RR8,true
RT001485,SO007517,1,V00079,P0004,2025-06-29,ST006,1,240.95,Accepted,RR2,true
RT001486,SO007520,3,V00694,P0034,2025-06-17,ST006,1,61.95,Accepted,RR5,true
RT001487,SO007522,1,V00017,P0001,2025-06-25,ST007,1,271.95,Accepted,RR1,true
RT001488,SO007538,1,V00465,P0021,2025-06-24,ST010,1,278.95,Accepted,RR5,true
RT001489,SO007541,1,V00708,P0034,2025-07-26,ST012,1,61.95,Accepted,RR5,true
RT001490,SO007546,1,V00732,P0046,2025-07-03,ST013,1,97.56,Accepted,RR6,true
RT001491,SO007548,1,V00693,P0034,2025-07-20,ST001,1,61.95,Accepted,RR6,true
RT001492,SO007548,2,V00246,P0011,2025-06-18,ST006,1,157.95,Accepted,RR4,false
RT001493,SO007552,3,V00739,P0050,2025-06-19,ST015,1,215.95,Accepted,RR1,true
RT001494,SO007556,3,V00744,P0052,2025-07-08,ST016,1,131.95,Accepted,RR7,true
RT001495,SO007563,3,V00221,P0010,2025-06-14,ST017,1,108.95,Accepted,RR3,true
RT001496,SO007565,2,V00557,P0026,2025-06-15,ST018,1,52.95,Accepted,RR2,true
RT001497,SO007567,1,V00225,P0010,2025-06-24,ST012,1,108.95,Pending,RR4,false
RT001498,SO007567,2,V00075,P0004,2025-07-26,ST018,1,240.95,Accepted,RR1,true
RT001499,SO007570,4,V00245,P0011,2025-07-10,ST018,1,157.95,Accepted,RR7,true
RT001500,SO007574,1,V00512,P0024,2025-07-01,ST006,1,122.95,Rejected,RR1,false
RT001501,SO007575,2,V00228,P0010,2025-06-29,ST013,1,108.95,Accepted,RR8,true
RT001502,SO007575,4,V00736,P0048,2025-07-02,ST012,1,83.95,Accepted,RR6,true
RT001503,SO007579,2,V00060,P0003,2025-06-25,ST003,1,164.95,Accepted,RR7,true
RT001504,SO007579,3,V00091,P0004,2025-06-23,ST014,1,240.95,Pending,RR4,false
RT001505,SO007581,2,V00743,P0052,2025-06-16,ST010,1,131.95,Accepted,RR6,true
RT001506,SO007592,3,V00177,P0008,2025-06-25,ST004,1,135.95,Accepted,RR4,false
RT001507,SO007595,1,V00234,P0010,2025-07-08,ST010,1,108.95,Accepted,RR6,true
RT001508,SO007595,3,V00479,P0022,2025-07-09,ST004,1,439.95,Accepted,RR7,true
RT001509,SO007604,2,V00161,P0007,2025-06-21,ST006,1,126.95,Accepted,RR2,true
RT001510,SO007608,1,V00067,P0003,2025-06-19,ST007,1,164.95,Pending,RR2,false
RT001511,SO007608,4,V00718,P0039,2025-07-01,ST007,1,220.95,Accepted,RR2,true
RT001512,SO007612,1,V00584,P0028,2025-06-17,ST008,1,93.95,Accepted,RR4,false
RT001513,SO007613,1,V00184,P0008,2025-07-27,ST008,1,135.95,Accepted,RR1,true
RT001514,SO007615,1,V00002,P0001,2025-07-11,ST003,1,271.95,Pending,RR1,false
RT001515,SO007615,2,V00532,P0025,2025-07-11,ST010,1,95.95,Rejected,RR8,false
RT001516,SO007616,1,V00235,P0010,2025-06-20,ST010,1,108.95,Accepted,RR8,true
RT001517,SO007632,3,V00378,P0016,2025-06-15,ST014,1,218.95,Accepted,RR7,true
RT001518,SO007632,4,V00460,P0021,2025-06-11,ST014,1,278.95,Accepted,RR7,true
RT001519,SO007637,1,V00280,P0012,2025-06-21,ST015,1,105.25,Pending,RR1,false
RT001520,SO007639,1,V00135,P0006,2025-06-25,ST015,1,162.95,Accepted,RR2,true
RT001521,SO007652,1,V00161,P0007,2025-06-11,ST002,1,126.95,Accepted,RR3,true
RT001522,SO007655,1,V00727,P0044,2025-06-12,ST009,1,115.95,Rejected,RR6,false
RT001523,SO007655,3,V00389,P0017,2025-06-30,ST016,1,159.95,Accepted,RR7,true
RT001524,SO007657,2,V00200,P0009,2025-07-09,ST003,1,119.95,Accepted,RR1,true
RT001525,SO007666,1,V00059,P0003,2025-06-29,ST001,1,164.95,Accepted,RR4,false
RT001526,SO007669,1,V00726,P0043,2025-06-18,ST014,1,138.95,Pending,RR4,false
RT001527,SO007672,1,V00248,P0011,2025-06-18,ST002,1,157.95,Accepted,RR6,true
RT001528,SO007674,1,V00464,P0021,2025-06-22,ST002,1,278.95,Accepted,RR8,true
RT001529,SO007674,2,V00078,P0004,2025-07-13,ST005,1,240.95,Pending,RR3,false
RT001530,SO007675,1,V00237,P0010,2025-06-27,ST004,1,108.95,Accepted,RR6,true
RT001531,SO007684,1,V00349,P0015,2025-07-04,ST006,1,219.95,Accepted,RR2,true
RT001532,SO007686,1,V00030,P0002,2025-06-18,ST006,1,190.95,Accepted,RR7,true
RT001533,SO007686,3,V00466,P0021,2025-06-16,ST006,1,278.95,Accepted,RR7,true
RT001534,SO007690,1,V00482,P0022,2025-06-13,ST008,1,439.95,Accepted,RR7,true
RT001535,SO007696,1,V00735,P0048,2025-06-11,ST015,1,83.95,Accepted,RR1,true
RT001536,SO007698,1,V00291,P0013,2025-07-29,ST017,1,175.95,Accepted,RR1,true
RT001537,SO007715,1,V00126,P0006,2025-06-14,ST016,1,162.95,Accepted,RR4,false
RT001538,SO007717,2,V00099,P0005,2025-06-17,ST017,1,133.95,Pending,RR1,false
RT001539,SO007722,1,V00225,P0010,2025-06-17,ST008,1,92.61,Accepted,RR2,true
RT001540,SO007724,1,V00356,P0015,2025-07-01,ST016,1,219.95,Accepted,RR1,true
RT001541,SO007726,3,V00616,P0029,2025-06-21,ST015,1,135.95,Accepted,RR4,false
RT001542,SO007726,4,V00568,P0027,2025-06-15,ST002,1,82.95,Accepted,RR1,true
RT001543,SO007728,1,V00712,P0036,2025-06-21,ST018,1,177.95,Accepted,RR1,true
RT001544,SO007729,2,V00284,P0012,2025-07-27,ST016,1,116.95,Accepted,RR7,true
RT001545,SO007735,2,V00297,P0013,2025-07-08,ST002,1,175.95,Accepted,RR3,true
RT001546,SO007737,3,V00153,P0007,2025-07-15,ST002,1,126.95,Accepted,RR2,true
RT001547,SO007738,1,V00530,P0025,2025-06-16,ST003,1,95.95,Accepted,RR7,true
RT001548,SO007741,1,V00615,P0029,2025-07-10,ST004,1,135.95,Accepted,RR1,true
RT001549,SO007742,1,V00669,P0032,2025-06-21,ST004,1,39.95,Accepted,RR2,true
RT001550,SO007743,1,V00175,P0008,2025-07-09,ST004,1,135.95,Accepted,RR1,true
RT001551,SO007755,1,V00620,P0030,2025-07-02,ST009,1,133.95,Accepted,RR4,false
RT001552,SO007763,1,V00297,P0013,2025-06-27,ST011,1,175.95,Accepted,RR6,true
RT001553,SO007765,3,V00579,P0027,2025-07-13,ST011,1,82.95,Accepted,RR3,true
RT001554,SO007766,1,V00046,P0002,2025-06-21,ST012,1,162.31,Accepted,RR6,true
RT001555,SO007775,1,V00635,P0030,2025-06-13,ST016,1,133.95,Pending,RR3,false
RT001556,SO007776,1,V00378,P0016,2025-06-19,ST017,1,218.95,Pending,RR7,false
RT001557,SO007784,1,V00103,P0005,2025-06-24,ST006,1,133.95,Accepted,RR4,false
RT001558,SO007787,4,V00118,P0005,2025-07-05,ST007,1,133.95,Accepted,RR5,true
RT001559,SO007795,1,V00187,P0008,2025-06-13,ST018,1,122.35,Accepted,RR8,true
RT001560,SO007795,2,V00234,P0010,2025-06-20,ST012,1,108.95,Pending,RR2,false
RT001561,SO007795,3,V00555,P0026,2025-06-19,ST005,2,84.72,Accepted,RR4,false
RT001562,SO007797,1,V00334,P0014,2025-06-21,ST003,1,189.95,Accepted,RR8,true
RT001563,SO007803,1,V00078,P0004,2025-07-05,ST001,1,192.76,Accepted,RR7,true
RT001564,SO007823,2,V00680,P0033,2025-06-23,ST009,1,48.95,Rejected,RR7,false
RT001565,SO007824,1,V00593,P0028,2025-06-20,ST010,1,93.95,Pending,RR4,false
RT001566,SO007826,2,V00244,P0011,2025-06-15,ST011,1,142.15,Accepted,RR2,true
RT001567,SO007826,4,V00287,P0012,2025-06-18,ST011,1,116.95,Accepted,RR6,true
RT001568,SO007829,1,V00645,P0031,2025-06-22,ST017,1,75.95,Accepted,RR2,true
RT001569,SO007847,1,V00235,P0010,2025-06-22,ST018,1,108.95,Accepted,RR7,true
RT001570,SO007847,2,V00146,P0007,2025-07-30,ST010,1,114.25,Accepted,RR3,true
RT001571,SO007852,4,V00623,P0030,2025-07-06,ST007,1,133.95,Accepted,RR7,true
RT001572,SO007855,1,V00114,P0005,2025-07-22,ST018,1,133.95,Accepted,RR7,true
RT001573,SO007857,1,V00709,P0035,2025-07-30,ST001,1,192.95,Accepted,RR2,true
RT001574,SO007863,1,V00447,P0020,2025-06-20,ST003,1,425.95,Accepted,RR5,true
RT001575,SO007869,2,V00055,P0003,2025-07-16,ST004,2,329.90,Accepted,RR4,false
RT001576,SO007869,3,V00328,P0014,2025-06-18,ST004,1,189.95,Accepted,RR7,true
RT001577,SO007873,2,V00584,P0028,2025-06-29,ST005,1,93.95,Accepted,RR7,true
RT001578,SO007878,1,V00321,P0014,2025-07-17,ST018,2,379.90,Accepted,RR5,true
RT001579,SO007882,2,V00698,P0034,2025-06-24,ST007,1,61.95,Accepted,RR5,true
RT001580,SO007894,5,V00304,P0013,2025-07-08,ST012,1,175.95,Accepted,RR7,true
RT001581,SO007896,1,V00077,P0004,2025-06-30,ST012,1,240.95,Accepted,RR4,false
RT001582,SO007897,4,V00525,P0024,2025-06-27,ST009,1,122.95,Accepted,RR4,false
RT001583,SO007899,3,V00105,P0005,2025-07-01,ST013,1,133.95,Accepted,RR1,true
RT001584,SO007905,5,V00069,P0003,2025-06-19,ST015,1,148.45,Accepted,RR5,true
RT001585,SO007906,1,V00234,P0010,2025-06-22,ST016,1,108.95,Accepted,RR2,true
RT001586,SO007907,2,V00303,P0013,2025-07-02,ST016,1,175.95,Accepted,RR8,true
RT001587,SO007911,1,V00232,P0010,2025-06-28,ST015,1,108.95,Accepted,RR1,true
RT001588,SO007917,2,V00720,P0040,2025-07-04,ST002,1,339.95,Rejected,RR1,false
RT001589,SO007921,3,V00451,P0020,2025-06-19,ST009,1,425.95,Pending,RR5,false
RT001590,SO007924,4,V00216,P0009,2025-06-27,ST007,1,119.95,Accepted,RR4,false
RT001591,SO007932,2,V00137,P0006,2025-06-28,ST003,1,162.95,Accepted,RR1,true
RT001592,SO007939,4,V00467,P0021,2025-08-02,ST004,1,278.95,Accepted,RR2,true
RT001593,SO007953,1,V00342,P0015,2025-06-23,ST010,1,219.95,Accepted,RR2,true
RT001594,SO007955,2,V00713,P0037,2025-07-26,ST010,1,228.95,Accepted,RR7,true
RT001595,SO007962,3,V00294,P0013,2025-06-23,ST012,1,175.95,Accepted,RR8,true
RT001596,SO007966,1,V00282,P0012,2025-07-08,ST014,1,116.95,Accepted,RR5,true
RT001597,SO007966,2,V00735,P0048,2025-06-24,ST014,1,83.95,Accepted,RR7,true
RT001598,SO007969,4,V00713,P0037,2025-06-20,ST015,1,194.61,Accepted,RR1,true
RT001599,SO007972,1,V00015,P0001,2025-07-01,ST017,1,271.95,Accepted,RR1,true
RT001600,SO007976,2,V00596,P0028,2025-07-04,ST004,1,93.95,Accepted,RR5,true
RT001601,SO007978,4,V00734,P0047,2025-06-23,ST006,1,89.95,Accepted,RR4,false
RT001602,SO007987,1,V00161,P0007,2025-06-26,ST001,1,126.95,Accepted,RR7,true
RT001603,SO007987,3,V00003,P0001,2025-06-26,ST001,1,271.95,Accepted,RR1,true
RT001604,SO008000,2,V00089,P0004,2025-07-16,ST002,2,481.90,Accepted,RR1,true
RT001605,SO008002,1,V00560,P0026,2025-07-04,ST002,1,52.95,Accepted,RR7,true
RT001606,SO008004,2,V00632,P0030,2025-07-03,ST003,1,133.95,Pending,RR7,false
RT001607,SO008018,1,V00004,P0001,2025-06-19,ST005,1,271.95,Accepted,RR3,true
RT001608,SO008027,1,V00568,P0027,2025-06-19,ST007,1,82.95,Accepted,RR7,true
RT001609,SO008027,2,V00604,P0029,2025-06-29,ST007,1,135.95,Accepted,RR3,true
RT001610,SO008042,3,V00056,P0003,2025-07-15,ST011,1,164.95,Accepted,RR7,true
RT001611,SO008070,5,V00219,P0010,2025-07-05,ST016,1,108.95,Accepted,RR7,true
RT001612,SO008081,2,V00665,P0032,2025-06-22,ST004,1,39.95,Accepted,RR7,true
RT001613,SO008083,4,V00100,P0005,2025-06-26,ST007,1,133.95,Accepted,RR1,true
RT001614,SO008085,3,V00032,P0002,2025-06-29,ST016,1,190.95,Accepted,RR1,true
RT001615,SO008087,2,V00723,P0042,2025-06-23,ST017,1,358.95,Accepted,RR4,false
RT001616,SO008088,2,V00005,P0001,2025-07-02,ST001,1,271.95,Rejected,RR1,false
RT001617,SO008090,3,V00493,P0023,2025-07-17,ST001,3,358.97,Accepted,RR4,false
RT001618,SO008097,1,V00633,P0030,2025-06-24,ST002,1,133.95,Accepted,RR3,true
RT001619,SO008103,1,V00495,P0023,2025-06-28,ST003,2,265.90,Accepted,RR6,true
RT001620,SO008106,3,V00411,P0018,2025-06-21,ST004,1,180.95,Accepted,RR7,true
RT001621,SO008123,3,V00118,P0005,2025-06-26,ST006,1,133.95,Accepted,RR1,true
RT001622,SO008126,3,V00018,P0001,2025-06-25,ST007,1,271.95,Accepted,RR7,true
RT001623,SO008133,1,V00282,P0012,2025-06-22,ST009,1,116.95,Accepted,RR6,true
RT001624,SO008140,1,V00496,P0023,2025-06-29,ST011,1,132.95,Accepted,RR3,true
RT001625,SO008142,1,V00375,P0016,2025-06-22,ST011,1,218.95,Accepted,RR8,true
RT001626,SO008163,4,V00367,P0016,2025-07-04,ST016,1,218.95,Accepted,RR8,true
RT001627,SO008169,1,V00120,P0005,2025-07-05,ST017,1,133.95,Accepted,RR6,true
RT001628,SO008174,3,V00597,P0028,2025-06-19,ST003,1,93.95,Accepted,RR7,true
RT001629,SO008176,1,V00314,P0014,2025-06-24,ST013,1,189.95,Accepted,RR4,false
RT001630,SO008177,4,V00344,P0015,2025-07-12,ST017,1,219.95,Accepted,RR2,true
RT001631,SO008198,1,V00067,P0003,2025-06-27,ST004,1,164.95,Accepted,RR7,true
RT001632,SO008201,1,V00720,P0040,2025-07-16,ST005,1,339.95,Accepted,RR3,true
RT001633,SO008217,3,V00709,P0035,2025-07-08,ST012,1,154.36,Accepted,RR4,false
RT001634,SO008224,3,V00148,P0007,2025-06-28,ST014,2,253.90,Accepted,RR7,true
RT001635,SO008225,2,V00091,P0004,2025-06-26,ST015,1,240.95,Accepted,RR3,true
RT001636,SO008234,2,V00390,P0017,2025-07-11,ST006,1,159.95,Accepted,RR8,true
RT001637,SO008235,3,V00143,P0006,2025-06-30,ST006,1,162.95,Pending,RR3,false
RT001638,SO008238,2,V00269,P0012,2025-07-04,ST010,1,116.95,Accepted,RR4,false
RT001639,SO008241,1,V00489,P0022,2025-06-25,ST015,1,439.95,Rejected,RR1,false
RT001640,SO008243,1,V00461,P0021,2025-06-26,ST012,1,278.95,Accepted,RR5,true
RT001641,SO008261,1,V00730,P0045,2025-07-04,ST012,1,93.95,Accepted,RR4,false
RT001642,SO008273,1,V00226,P0010,2025-06-30,ST010,2,217.90,Pending,RR5,false
RT001643,SO008279,1,V00740,P0050,2025-06-23,ST012,1,215.95,Accepted,RR3,true
RT001644,SO008286,1,V00269,P0012,2025-06-24,ST015,1,116.95,Rejected,RR6,false
RT001645,SO008293,1,V00029,P0002,2025-06-21,ST010,1,190.95,Accepted,RR4,false
RT001646,SO008296,4,V00203,P0009,2025-06-29,ST001,1,119.95,Accepted,RR2,true
RT001647,SO008298,3,V00711,P0036,2025-07-06,ST011,1,177.95,Accepted,RR1,true
RT001648,SO008301,1,V00150,P0007,2025-07-06,ST010,1,107.91,Accepted,RR1,true
RT001649,SO008301,2,V00218,P0010,2025-06-22,ST001,1,108.95,Rejected,RR1,false
RT001650,SO008306,1,V00126,P0006,2025-06-21,ST005,1,162.95,Accepted,RR3,true
RT001651,SO008308,2,V00223,P0010,2025-07-14,ST001,1,108.95,Accepted,RR4,false
RT001652,SO008312,4,V00378,P0016,2025-06-25,ST002,1,218.95,Accepted,RR7,true
RT001653,SO008312,5,V00007,P0001,2025-08-01,ST002,1,271.95,Accepted,RR1,true
RT001654,SO008320,1,V00390,P0017,2025-06-20,ST008,1,159.95,Accepted,RR1,true
RT001655,SO008320,2,V00719,P0040,2025-07-04,ST009,1,339.95,Accepted,RR7,true
RT001656,SO008322,1,V00233,P0010,2025-07-07,ST006,1,108.95,Accepted,RR8,true
RT001657,SO008323,1,V00006,P0001,2025-08-05,ST006,1,271.95,Accepted,RR7,true
RT001658,SO008330,3,V00129,P0006,2025-06-29,ST008,1,162.95,Accepted,RR1,true
RT001659,SO008340,2,V00076,P0004,2025-07-06,ST011,2,481.90,Accepted,RR4,false
RT001660,SO008355,2,V00003,P0001,2025-06-23,ST012,1,271.95,Accepted,RR1,true
RT001661,SO008357,2,V00140,P0006,2025-08-02,ST015,1,162.95,Rejected,RR2,false
RT001662,SO008360,2,V00492,P0022,2025-07-01,ST017,1,439.95,Accepted,RR8,true
RT001663,SO008368,2,V00175,P0008,2025-06-26,ST009,1,135.95,Accepted,RR7,true
RT001664,SO008368,4,V00356,P0015,2025-06-21,ST018,1,219.95,Accepted,RR7,true
RT001665,SO008370,2,V00140,P0006,2025-07-08,ST006,1,162.95,Rejected,RR3,false
RT001666,SO008376,1,V00731,P0046,2025-06-30,ST016,1,121.95,Pending,RR7,false
RT001667,SO008377,2,V00136,P0006,2025-06-20,ST006,1,138.51,Pending,RR7,false
RT001668,SO008388,1,V00734,P0047,2025-07-12,ST014,1,89.95,Pending,RR4,false
RT001669,SO008406,1,V00712,P0036,2025-06-28,ST009,1,151.26,Accepted,RR1,true
RT001670,SO008428,1,V00532,P0025,2025-07-02,ST018,1,95.95,Accepted,RR3,true
RT001671,SO008428,2,V00062,P0003,2025-07-22,ST018,1,164.95,Pending,RR4,false
RT001672,SO008438,1,V00119,P0005,2025-06-25,ST002,1,133.95,Accepted,RR8,true
RT001673,SO008438,2,V00645,P0031,2025-07-29,ST008,1,75.95,Accepted,RR1,true
RT001674,SO008439,2,V00728,P0044,2025-07-31,ST011,1,115.95,Accepted,RR7,true
RT001675,SO008454,1,V00304,P0013,2025-06-22,ST004,1,175.95,Accepted,RR1,true
RT001676,SO008464,1,V00713,P0037,2025-07-22,ST006,1,228.95,Accepted,RR4,false
RT001677,SO008471,1,V00166,P0007,2025-07-06,ST009,1,126.95,Rejected,RR2,false
RT001678,SO008471,3,V00259,P0011,2025-06-30,ST009,1,157.95,Accepted,RR2,true
RT001679,SO008477,2,V00352,P0015,2025-07-03,ST011,1,219.95,Accepted,RR2,true
RT001680,SO008484,3,V00710,P0035,2025-07-13,ST015,1,192.95,Accepted,RR6,true
RT001681,SO008486,1,V00738,P0049,2025-07-03,ST016,1,51.95,Accepted,RR8,true
RT001682,SO008486,3,V00584,P0028,2025-07-19,ST016,1,93.95,Accepted,RR2,true
RT001683,SO008488,1,V00246,P0011,2025-07-01,ST018,1,126.36,Accepted,RR3,true
RT001684,SO008489,1,V00406,P0018,2025-06-28,ST018,1,162.86,Accepted,RR8,true
RT001685,SO008500,1,V00248,P0011,2025-06-29,ST001,1,157.95,Accepted,RR2,true
RT001686,SO008507,1,V00720,P0040,2025-07-02,ST001,1,339.95,Accepted,RR4,false
RT001687,SO008510,3,V00503,P0023,2025-07-14,ST002,1,132.95,Accepted,RR4,false
RT001688,SO008521,1,V00052,P0003,2025-07-24,ST013,1,164.95,Accepted,RR7,true
RT001689,SO008524,2,V00122,P0006,2025-07-10,ST005,1,162.95,Accepted,RR2,true
RT001690,SO008524,4,V00675,P0033,2025-07-12,ST005,1,48.95,Accepted,RR4,false
RT001691,SO008532,1,V00076,P0004,2025-07-16,ST007,1,240.95,Accepted,RR1,true
RT001692,SO008533,1,V00007,P0001,2025-08-02,ST007,1,271.95,Accepted,RR7,true
RT001693,SO008534,1,V00600,P0028,2025-07-09,ST008,1,93.95,Accepted,RR4,false
RT001694,SO008535,1,V00686,P0033,2025-08-08,ST008,1,48.95,Accepted,RR8,true
RT001695,SO008538,1,V00006,P0001,2025-07-03,ST009,1,271.95,Accepted,RR1,true
RT001696,SO008541,1,V00668,P0032,2025-07-21,ST010,1,39.95,Accepted,RR8,true
RT001697,SO008544,2,V00538,P0025,2025-06-28,ST011,1,95.95,Rejected,RR2,false
RT001698,SO008547,1,V00319,P0014,2025-07-12,ST011,1,189.95,Accepted,RR5,true
RT001699,SO008548,4,V00507,P0023,2025-06-26,ST011,1,132.95,Accepted,RR1,true
RT001700,SO008552,1,V00428,P0019,2025-06-29,ST012,2,501.90,Accepted,RR4,false
RT001701,SO008561,1,V00015,P0001,2025-06-29,ST015,1,217.56,Accepted,RR6,true
RT001702,SO008577,1,V00117,P0005,2025-06-24,ST006,1,133.95,Accepted,RR4,false
RT001703,SO008577,2,V00234,P0010,2025-07-18,ST006,1,108.95,Accepted,RR1,true
RT001704,SO008581,3,V00569,P0027,2025-06-30,ST004,1,82.95,Accepted,RR1,true
RT001705,SO008586,1,V00420,P0018,2025-07-12,ST001,1,180.95,Accepted,RR7,true
RT001706,SO008591,3,V00330,P0014,2025-07-27,ST002,1,189.95,Accepted,RR4,false
RT001707,SO008595,1,V00003,P0001,2025-07-04,ST004,1,271.95,Accepted,RR1,true
RT001708,SO008616,1,V00015,P0001,2025-08-01,ST007,1,271.95,Rejected,RR1,false
RT001709,SO008616,2,V00710,P0035,2025-07-27,ST007,1,192.95,Pending,RR4,false
RT001710,SO008619,3,V00116,P0005,2025-07-15,ST017,1,133.95,Accepted,RR3,true
RT001711,SO008621,1,V00736,P0048,2025-08-05,ST009,1,83.95,Accepted,RR4,false
RT001712,SO008625,1,V00051,P0003,2025-07-23,ST010,1,164.95,Accepted,RR4,false
RT001713,SO008627,4,V00648,P0031,2025-06-25,ST010,1,75.95,Accepted,RR4,false
RT001714,SO008628,1,V00378,P0016,2025-08-07,ST010,1,218.95,Accepted,RR4,false
RT001715,SO008632,1,V00709,P0035,2025-07-16,ST011,1,164.01,Accepted,RR8,true
RT001716,SO008633,1,V00551,P0026,2025-06-29,ST011,1,52.95,Accepted,RR1,true
RT001717,SO008639,1,V00423,P0019,2025-06-28,ST012,1,213.31,Accepted,RR3,true
RT001718,SO008651,2,V00230,P0010,2025-07-11,ST014,1,108.95,Accepted,RR4,false
RT001719,SO008666,1,V00006,P0001,2025-07-05,ST018,1,271.95,Accepted,RR1,true
RT001720,SO008669,2,V00306,P0013,2025-07-11,ST014,1,175.95,Accepted,RR5,true
RT001721,SO008672,1,V00709,P0035,2025-07-09,ST012,1,192.95,Rejected,RR5,false
RT001722,SO008673,2,V00165,P0007,2025-06-27,ST016,1,126.95,Rejected,RR4,false
RT001723,SO008680,1,V00016,P0001,2025-07-04,ST001,1,271.95,Accepted,RR7,true
RT001724,SO008687,2,V00603,P0029,2025-07-03,ST003,1,115.56,Accepted,RR7,true
RT001725,SO008689,1,V00567,P0027,2025-07-23,ST003,2,165.90,Accepted,RR4,false
RT001726,SO008701,2,V00693,P0034,2025-07-15,ST007,1,61.95,Accepted,RR8,true
RT001727,SO008709,2,V00237,P0010,2025-07-02,ST010,1,108.95,Pending,RR3,false
RT001728,SO008712,1,V00514,P0024,2025-07-17,ST011,1,122.95,Accepted,RR7,true
RT001729,SO008714,1,V00365,P0016,2025-07-04,ST011,1,218.95,Rejected,RR5,false
RT001730,SO008739,1,V00130,P0006,2025-07-03,ST001,1,162.95,Accepted,RR1,true
RT001731,SO008739,3,V00147,P0007,2025-07-11,ST014,1,126.95,Pending,RR7,false
RT001732,SO008746,1,V00470,P0021,2025-07-03,ST012,1,278.95,Accepted,RR1,true
RT001733,SO008751,2,V00029,P0002,2025-07-05,ST002,1,162.31,Rejected,RR4,false
RT001734,SO008759,1,V00070,P0003,2025-07-26,ST005,1,164.95,Accepted,RR1,true
RT001735,SO008762,3,V00183,P0008,2025-06-29,ST006,1,135.95,Accepted,RR1,true
RT001736,SO008766,3,V00175,P0008,2025-07-06,ST008,1,135.95,Accepted,RR2,true
RT001737,SO008771,1,V00270,P0012,2025-07-09,ST011,1,99.41,Pending,RR5,false
RT001738,SO008776,3,V00301,P0013,2025-07-23,ST012,3,527.85,Accepted,RR4,false
RT001739,SO008778,3,V00004,P0001,2025-06-28,ST013,1,271.95,Accepted,RR1,true
RT001740,SO008786,2,V00620,P0030,2025-07-08,ST016,1,133.95,Accepted,RR7,true
RT001741,SO008792,1,V00198,P0009,2025-08-08,ST018,1,119.95,Rejected,RR1,false
RT001742,SO008792,3,V00519,P0024,2025-07-19,ST018,1,104.51,Accepted,RR7,true
RT001743,SO008793,1,V00009,P0001,2025-07-13,ST017,1,231.16,Accepted,RR3,true
RT001744,SO008793,2,V00591,P0028,2025-07-07,ST018,1,93.95,Accepted,RR2,true
RT001745,SO008794,2,V00082,P0004,2025-06-29,ST002,1,216.85,Accepted,RR7,true
RT001746,SO008795,1,V00250,P0011,2025-07-04,ST015,1,142.15,Accepted,RR3,true
RT001747,SO008798,2,V00139,P0006,2025-07-13,ST006,1,162.95,Pending,RR3,false
RT001748,SO008799,1,V00560,P0026,2025-06-27,ST018,1,52.95,Accepted,RR8,true
RT001749,SO008801,4,V00525,P0024,2025-07-06,ST002,1,122.95,Accepted,RR7,true
RT001750,SO008816,3,V00429,P0019,2025-07-03,ST003,1,250.95,Accepted,RR5,true
RT001751,SO008828,1,V00162,P0007,2025-07-10,ST007,1,126.95,Accepted,RR7,true
RT001752,SO008829,1,V00468,P0021,2025-07-06,ST008,1,278.95,Accepted,RR2,true
RT001753,SO008837,3,V00738,P0049,2025-07-27,ST011,1,51.95,Pending,RR7,false
RT001754,SO008839,2,V00714,P0037,2025-07-07,ST017,1,228.95,Accepted,RR1,true
RT001755,SO008840,1,V00078,P0004,2025-06-29,ST013,1,240.95,Accepted,RR4,false
RT001756,SO008841,4,V00072,P0003,2025-07-13,ST011,1,164.95,Accepted,RR1,true
RT001757,SO008845,1,V00518,P0024,2025-07-15,ST012,1,122.95,Accepted,RR7,true
RT001758,SO008845,2,V00575,P0027,2025-06-27,ST012,1,82.95,Accepted,RR3,true
RT001759,SO008847,1,V00596,P0028,2025-08-14,ST012,1,93.95,Accepted,RR2,true
RT001760,SO008850,2,V00005,P0001,2025-07-21,ST014,1,271.95,Rejected,RR1,false
RT001761,SO008868,1,V00461,P0021,2025-07-15,ST001,1,278.95,Accepted,RR4,false
RT001762,SO008873,2,V00080,P0004,2025-07-21,ST004,1,240.95,Accepted,RR7,true
RT001763,SO008873,3,V00633,P0030,2025-07-06,ST004,1,133.95,Accepted,RR7,true
RT001764,SO008882,3,V00726,P0043,2025-07-05,ST008,1,138.95,Accepted,RR4,false
RT001765,SO008902,1,V00066,P0003,2025-07-19,ST017,2,329.90,Accepted,RR4,false
RT001766,SO008908,1,V00678,P0033,2025-07-13,ST004,2,97.90,Rejected,RR1,false
RT001767,SO008922,1,V00686,P0033,2025-07-23,ST003,1,48.95,Accepted,RR3,true
RT001768,SO008924,1,V00067,P0003,2025-07-21,ST004,1,164.95,Accepted,RR4,false
RT001769,SO008928,3,V00225,P0010,2025-07-16,ST005,1,108.95,Accepted,RR6,true
RT001770,SO008931,3,V00337,P0015,2025-07-15,ST006,1,175.96,Accepted,RR2,true
RT001771,SO008932,1,V00550,P0026,2025-08-10,ST005,1,52.95,Accepted,RR6,true
RT001772,SO008943,1,V00364,P0016,2025-06-30,ST012,1,218.95,Accepted,RR7,true
RT001773,SO008946,1,V00090,P0004,2025-07-12,ST013,1,216.85,Accepted,RR3,true
RT001774,SO008960,2,V00054,P0003,2025-07-09,ST018,1,164.95,Pending,RR1,false
RT001775,SO008962,2,V00604,P0029,2025-07-03,ST014,1,135.95,Accepted,RR7,true
RT001776,SO008964,1,V00544,P0025,2025-07-24,ST008,1,95.95,Rejected,RR7,false
RT001777,SO008967,1,V00721,P0041,2025-07-02,ST014,1,211.95,Accepted,RR1,true
RT001778,SO008979,3,V00117,P0005,2025-06-30,ST016,1,133.95,Pending,RR4,false
RT001779,SO008983,1,V00268,P0012,2025-07-05,ST004,1,116.95,Accepted,RR1,true
RT001780,SO008984,3,V00207,P0009,2025-07-24,ST004,1,119.95,Accepted,RR7,true
RT001781,SO008986,1,V00151,P0007,2025-07-24,ST004,3,380.85,Accepted,RR1,true
RT001782,SO009005,2,V00242,P0011,2025-07-07,ST013,1,157.95,Accepted,RR4,false
RT001783,SO009015,2,V00043,P0002,2025-07-15,ST011,1,190.95,Rejected,RR1,false
RT001784,SO009027,2,V00701,P0034,2025-07-08,ST013,1,61.95,Accepted,RR4,false
RT001785,SO009027,4,V00126,P0006,2025-07-29,ST013,1,162.95,Accepted,RR7,true
RT001786,SO009031,2,V00662,P0032,2025-07-13,ST014,1,39.95,Accepted,RR8,true
RT001787,SO009036,2,V00558,P0026,2025-07-25,ST015,1,52.95,Accepted,RR8,true
RT001788,SO009048,1,V00490,P0022,2025-07-18,ST018,1,439.95,Accepted,RR3,true
RT001789,SO009064,2,V00345,P0015,2025-07-27,ST001,1,219.95,Accepted,RR7,true
RT001790,SO009065,1,V00376,P0016,2025-08-03,ST001,1,218.95,Accepted,RR3,true
RT001791,SO009066,1,V00219,P0010,2025-08-02,ST002,1,108.95,Rejected,RR2,false
RT001792,SO009082,1,V00357,P0015,2025-07-28,ST008,1,219.95,Accepted,RR2,true
RT001793,SO009089,1,V00221,P0010,2025-07-24,ST008,1,87.16,Accepted,RR7,true
RT001794,SO009089,2,V00152,P0007,2025-07-08,ST008,1,126.95,Accepted,RR7,true
RT001795,SO009090,4,V00670,P0032,2025-07-15,ST009,1,39.95,Accepted,RR7,true
RT001796,SO009096,5,V00076,P0004,2025-08-16,ST010,1,240.95,Accepted,RR1,true
RT001797,SO009101,1,V00311,P0013,2025-07-02,ST011,1,175.95,Accepted,RR2,true
RT001798,SO009104,1,V00377,P0016,2025-07-08,ST011,3,656.85,Rejected,RR3,false
RT001799,SO009125,1,V00129,P0006,2025-07-18,ST015,1,162.95,Accepted,RR2,true
RT001800,SO009129,1,V00742,P0051,2025-07-19,ST015,1,73.95,Accepted,RR7,true
RT001801,SO009133,1,V00143,P0006,2025-07-07,ST017,1,162.95,Accepted,RR2,true
RT001802,SO009138,1,V00366,P0016,2025-07-28,ST018,1,218.95,Accepted,RR4,false
RT001803,SO009139,4,V00463,P0021,2025-07-16,ST015,1,278.95,Accepted,RR2,true
RT001804,SO009140,1,V00421,P0019,2025-07-25,ST006,1,250.95,Accepted,RR8,true
RT001805,SO009141,1,V00226,P0010,2025-07-04,ST006,1,108.95,Accepted,RR2,true
RT001806,SO009141,2,V00088,P0004,2025-07-21,ST001,1,240.95,Accepted,RR8,true
RT001807,SO009143,1,V00068,P0003,2025-08-03,ST016,1,164.95,Rejected,RR2,false
RT001808,SO009149,1,V00646,P0031,2025-07-13,ST017,1,75.95,Accepted,RR7,true
RT001809,SO009149,5,V00218,P0010,2025-07-17,ST002,1,108.95,Accepted,RR4,false
RT001810,SO009151,1,V00512,P0024,2025-08-02,ST002,1,122.95,Accepted,RR6,true
RT001811,SO009151,2,V00232,P0010,2025-08-01,ST011,1,108.95,Accepted,RR8,true
RT001812,SO009152,2,V00048,P0002,2025-07-06,ST016,1,190.95,Accepted,RR3,true
RT001813,SO009159,1,V00077,P0004,2025-07-12,ST001,1,240.95,Accepted,RR1,true
RT001814,SO009159,5,V00550,P0026,2025-08-03,ST001,1,52.95,Accepted,RR4,false
RT001815,SO009161,3,V00674,P0033,2025-07-17,ST002,1,48.95,Accepted,RR7,true
RT001816,SO009163,1,V00292,P0013,2025-08-09,ST003,1,175.95,Accepted,RR2,true
RT001817,SO009163,2,V00366,P0016,2025-07-07,ST003,1,218.95,Accepted,RR1,true
RT001818,SO009168,1,V00232,P0010,2025-07-09,ST004,1,108.95,Accepted,RR2,true
RT001819,SO009184,4,V00739,P0050,2025-07-29,ST010,1,215.95,Accepted,RR8,true
RT001820,SO009189,1,V00089,P0004,2025-07-07,ST011,1,240.95,Accepted,RR4,false
RT001821,SO009197,1,V00730,P0045,2025-08-01,ST015,1,93.95,Accepted,RR7,true
RT001822,SO009203,1,V00702,P0034,2025-07-06,ST016,1,61.95,Accepted,RR4,false
RT001823,SO009205,1,V00112,P0005,2025-07-14,ST004,1,133.95,Accepted,RR4,false
RT001824,SO009211,1,V00128,P0006,2025-07-24,ST002,1,162.95,Accepted,RR4,false
RT001825,SO009211,2,V00092,P0004,2025-07-09,ST006,1,240.95,Accepted,RR5,true
RT001826,SO009211,3,V00066,P0003,2025-07-11,ST003,1,164.95,Accepted,RR7,true
RT001827,SO009213,1,V00092,P0004,2025-07-26,ST013,1,240.95,Accepted,RR8,true
RT001828,SO009217,2,V00101,P0005,2025-07-16,ST004,1,133.95,Accepted,RR2,true
RT001829,SO009220,1,V00056,P0003,2025-07-11,ST001,1,98.97,Accepted,RR7,true
RT001830,SO009226,1,V00741,P0051,2025-07-19,ST002,1,55.46,Accepted,RR1,true
RT001831,SO009227,3,V00226,P0010,2025-07-10,ST003,1,108.95,Accepted,RR7,true
RT001832,SO009231,1,V00358,P0015,2025-07-12,ST004,1,219.95,Accepted,RR8,true
RT001833,SO009234,2,V00469,P0021,2025-07-12,ST005,1,167.37,Accepted,RR6,true
RT001834,SO009234,3,V00079,P0004,2025-07-08,ST005,2,481.90,Accepted,RR1,true
RT001835,SO009235,1,V00675,P0033,2025-07-19,ST006,1,29.37,Pending,RR8,false
RT001836,SO009239,2,V00676,P0033,2025-07-05,ST007,1,39.16,Pending,RR2,false
RT001837,SO009239,4,V00115,P0005,2025-07-17,ST007,1,80.37,Accepted,RR7,true
RT001838,SO009249,2,V00551,P0026,2025-07-20,ST013,1,52.95,Accepted,RR2,true
RT001839,SO009259,1,V00711,P0036,2025-07-03,ST011,1,142.36,Accepted,RR5,true
RT001840,SO009259,2,V00176,P0008,2025-07-26,ST018,1,108.76,Accepted,RR5,true
RT001841,SO009264,2,V00165,P0007,2025-07-28,ST001,1,76.17,Rejected,RR3,false
RT001842,SO009269,2,V00574,P0027,2025-07-16,ST003,1,62.21,Rejected,RR2,false
RT001843,SO009277,1,V00710,P0035,2025-07-10,ST004,1,154.36,Accepted,RR1,true
RT001844,SO009279,1,V00095,P0004,2025-07-16,ST004,2,385.52,Accepted,RR1,true
RT001845,SO009279,3,V00270,P0012,2025-07-22,ST004,1,93.56,Accepted,RR7,true
RT001846,SO009295,1,V00232,P0010,2025-07-13,ST011,1,92.61,Accepted,RR6,true
RT001847,SO009297,3,V00234,P0010,2025-07-05,ST011,1,108.95,Accepted,RR4,false
RT001848,SO009300,1,V00446,P0020,2025-07-19,ST012,1,319.46,Pending,RR1,false
RT001849,SO009303,4,V00162,P0007,2025-07-06,ST013,1,126.95,Accepted,RR1,true
RT001850,SO009306,1,V00005,P0001,2025-07-15,ST014,1,271.95,Accepted,RR7,true
RT001851,SO009310,2,V00634,P0030,2025-07-22,ST016,1,93.76,Accepted,RR4,false
RT001852,SO009315,1,V00033,P0002,2025-07-18,ST013,1,133.67,Pending,RR3,false
RT001853,SO009316,2,V00398,P0017,2025-07-28,ST015,1,159.95,Pending,RR4,false
RT001854,SO009316,3,V00555,P0026,2025-07-30,ST008,1,39.71,Accepted,RR2,true
RT001855,SO009317,1,V00112,P0005,2025-07-13,ST003,1,113.86,Accepted,RR2,true
RT001856,SO009325,2,V00088,P0004,2025-07-08,ST005,1,204.81,Accepted,RR1,true
RT001857,SO009328,2,V00550,P0026,2025-07-14,ST003,1,31.77,Accepted,RR6,true
RT001858,SO009334,2,V00709,P0035,2025-07-10,ST004,1,192.95,Accepted,RR6,true
RT001859,SO009342,2,V00482,P0022,2025-07-07,ST007,1,439.95,Accepted,RR2,true
RT001860,SO009354,1,V00194,P0009,2025-07-29,ST011,1,119.95,Accepted,RR8,true
RT001861,SO009355,2,V00734,P0047,2025-07-19,ST011,1,89.95,Accepted,RR3,true
RT001862,SO009358,2,V00262,P0011,2025-07-31,ST016,1,157.95,Accepted,RR1,true
RT001863,SO009358,4,V00064,P0003,2025-07-26,ST014,1,98.97,Accepted,RR3,true
RT001864,SO009359,2,V00617,P0029,2025-08-14,ST014,1,95.17,Accepted,RR1,true
RT001865,SO009367,1,V00518,P0024,2025-07-13,ST001,1,86.07,Accepted,RR6,true
RT001866,SO009370,1,V00710,P0035,2025-07-13,ST012,1,192.95,Pending,RR1,false
RT001867,SO009371,2,V00519,P0024,2025-08-21,ST012,1,122.95,Accepted,RR7,true
RT001868,SO009378,3,V00306,P0013,2025-07-31,ST016,1,158.35,Accepted,RR3,true
RT001869,SO009380,1,V00525,P0024,2025-07-15,ST001,1,122.95,Accepted,RR2,true
RT001870,SO009384,1,V00173,P0008,2025-07-19,ST003,1,81.57,Accepted,RR4,false
RT001871,SO009388,1,V00654,P0031,2025-07-16,ST002,1,75.95,Accepted,RR8,true
RT001872,SO009394,1,V00709,P0035,2025-07-30,ST006,1,192.95,Accepted,RR7,true
RT001873,SO009403,1,V00021,P0001,2025-07-08,ST010,1,271.95,Accepted,RR1,true
RT001874,SO009406,1,V00178,P0008,2025-08-05,ST011,1,135.95,Accepted,RR8,true
RT001875,SO009412,1,V00207,P0009,2025-07-09,ST013,2,179.92,Accepted,RR1,true
RT001876,SO009413,1,V00075,P0004,2025-07-13,ST013,1,180.71,Accepted,RR2,true
RT001877,SO009419,3,V00189,P0008,2025-07-20,ST001,1,108.76,Accepted,RR2,true
RT001878,SO009420,2,V00171,P0008,2025-08-05,ST018,1,122.35,Accepted,RR7,true
RT001879,SO009423,2,V00075,P0004,2025-07-21,ST006,1,192.76,Pending,RR8,false
RT001880,SO009428,1,V00366,P0016,2025-08-08,ST018,1,218.95,Rejected,RR4,false
RT001881,SO009430,2,V00294,P0013,2025-07-15,ST001,1,175.95,Accepted,RR5,true
RT001882,SO009432,1,V00654,P0031,2025-07-31,ST001,1,75.95,Accepted,RR3,true
RT001883,SO009433,3,V00293,P0013,2025-08-20,ST001,1,175.95,Accepted,RR2,true
RT001884,SO009461,1,V00015,P0001,2025-08-15,ST007,1,217.56,Accepted,RR3,true
RT001885,SO009481,2,V00315,P0014,2025-07-21,ST011,1,189.95,Accepted,RR7,true
RT001886,SO009482,1,V00108,P0005,2025-07-20,ST011,1,113.86,Accepted,RR4,false
RT001887,SO009487,1,V00093,P0004,2025-07-16,ST013,1,168.67,Rejected,RR4,false
RT001888,SO009492,3,V00731,P0046,2025-07-30,ST014,1,73.17,Accepted,RR7,true
RT001889,SO009507,1,V00004,P0001,2025-07-16,ST017,1,190.37,Accepted,RR1,true
RT001890,SO009513,1,V00377,P0016,2025-07-15,ST004,1,164.21,Accepted,RR5,true
RT001891,SO009513,2,V00134,P0006,2025-07-27,ST015,1,162.95,Accepted,RR7,true
RT001892,SO009515,1,V00543,P0025,2025-07-14,ST012,1,95.95,Pending,RR2,false
RT001893,SO009518,1,V00201,P0009,2025-07-08,ST016,1,119.95,Accepted,RR7,true
RT001894,SO009519,1,V00233,P0010,2025-07-21,ST001,1,92.61,Accepted,RR7,true
RT001895,SO009520,1,V00639,P0031,2025-07-22,ST017,1,75.95,Rejected,RR3,false
RT001896,SO009520,2,V00712,P0036,2025-07-18,ST004,1,151.26,Accepted,RR4,false
RT001897,SO009521,1,V00711,P0036,2025-07-07,ST017,1,177.95,Rejected,RR8,false
RT001898,SO009525,3,V00220,P0010,2025-07-07,ST006,1,65.37,Accepted,RR4,false
RT001899,SO009532,2,V00717,P0039,2025-08-09,ST003,1,176.76,Pending,RR8,false
RT001900,SO009535,4,V00190,P0008,2025-08-01,ST004,1,135.95,Accepted,RR3,true
RT001901,SO009539,1,V00067,P0003,2025-07-31,ST004,1,164.95,Accepted,RR7,true
RT001902,SO009547,2,V00113,P0005,2025-08-25,ST013,1,133.95,Accepted,RR7,true
RT001903,SO009550,2,V00737,P0049,2025-07-11,ST006,1,36.37,Accepted,RR2,true
RT001904,SO009563,1,V00006,P0001,2025-07-08,ST010,1,271.95,Accepted,RR2,true
RT001905,SO009565,2,V00006,P0001,2025-07-26,ST014,1,271.95,Accepted,RR1,true
RT001906,SO009568,1,V00490,P0022,2025-07-12,ST011,1,439.95,Accepted,RR1,true
RT001907,SO009588,1,V00079,P0004,2025-07-11,ST012,1,240.95,Accepted,RR1,true
RT001908,SO009588,4,V00482,P0022,2025-08-07,ST016,2,791.91,Accepted,RR4,false
RT001909,SO009588,5,V00190,P0008,2025-07-09,ST016,1,135.95,Accepted,RR5,true
RT001910,SO009594,1,V00400,P0017,2025-07-22,ST017,1,135.96,Accepted,RR1,true
RT001911,SO009600,2,V00306,P0013,2025-07-24,ST003,1,131.96,Accepted,RR1,true
RT001912,SO009601,1,V00381,P0016,2025-07-08,ST014,1,164.21,Pending,RR3,false
RT001913,SO009601,2,V00233,P0010,2025-07-18,ST016,1,81.71,Rejected,RR7,false
RT001914,SO009601,5,V00033,P0002,2025-07-12,ST006,1,143.21,Accepted,RR4,false
RT001915,SO009603,1,V00150,P0007,2025-07-23,ST013,1,101.56,Accepted,RR1,true
RT001916,SO009604,1,V00423,P0019,2025-07-18,ST005,1,250.95,Accepted,RR1,true
RT001917,SO009611,4,V00744,P0052,2025-07-13,ST001,1,131.95,Accepted,RR4,false
RT001918,SO009619,1,V00099,P0005,2025-07-23,ST002,1,113.86,Accepted,RR5,true
RT001919,SO009620,5,V00501,P0023,2025-07-18,ST003,1,93.07,Accepted,RR5,true
RT001920,SO009621,2,V00489,P0022,2025-07-19,ST003,1,439.95,Accepted,RR6,true
RT001921,SO009626,2,V00376,P0016,2025-07-16,ST010,1,153.27,Accepted,RR8,true
RT001922,SO009633,1,V00209,P0009,2025-08-02,ST009,1,119.95,Accepted,RR2,true
RT001923,SO009646,3,V00430,P0019,2025-07-26,ST011,1,213.31,Accepted,RR7,true
RT001924,SO009646,4,V00175,P0008,2025-07-27,ST011,1,135.95,Rejected,RR5,false
RT001925,SO009650,3,V00309,P0013,2025-08-08,ST013,1,175.95,Pending,RR1,false
RT001926,SO009653,4,V00018,P0001,2025-07-16,ST015,1,244.75,Accepted,RR1,true
RT001927,SO009655,1,V00178,P0008,2025-07-25,ST016,1,135.95,Accepted,RR3,true
RT001928,SO009655,2,V00165,P0007,2025-07-24,ST016,1,126.95,Accepted,RR1,true
RT001929,SO009658,1,V00236,P0010,2025-07-23,ST017,1,76.27,Accepted,RR4,false
RT001930,SO009664,2,V00270,P0012,2025-07-12,ST005,1,99.41,Accepted,RR1,true
RT001931,SO009666,1,V00736,P0048,2025-07-13,ST010,1,83.95,Accepted,RR1,true
RT001932,SO009667,1,V00490,P0022,2025-07-25,ST002,1,439.95,Accepted,RR2,true
RT001933,SO009671,2,V00740,P0050,2025-08-20,ST010,1,183.56,Accepted,RR3,true
RT001934,SO009677,1,V00712,P0036,2025-07-27,ST001,1,177.95,Accepted,RR1,true
RT001935,SO009681,1,V00467,P0021,2025-08-04,ST004,1,278.95,Accepted,RR7,true
RT001936,SO009687,3,V00342,P0015,2025-07-17,ST013,1,186.96,Accepted,RR5,true
RT001937,SO009690,3,V00532,P0025,2025-08-03,ST007,1,95.95,Accepted,RR7,true
RT001938,SO009693,1,V00091,P0004,2025-07-17,ST009,1,240.95,Accepted,RR3,true
RT001939,SO009710,2,V00406,P0018,2025-08-02,ST014,1,180.95,Accepted,RR7,true
RT001940,SO009721,1,V00378,P0016,2025-08-01,ST018,1,175.16,Accepted,RR7,true
RT001941,SO009723,2,V00226,P0010,2025-07-27,ST011,1,98.05,Accepted,RR3,true
RT001942,SO009726,1,V00356,P0015,2025-07-18,ST014,1,186.96,Accepted,RR1,true
RT001943,SO009726,2,V00638,P0031,2025-08-23,ST018,1,75.95,Accepted,RR1,true
RT001944,SO009730,1,V00425,P0019,2025-07-16,ST010,1,225.85,Accepted,RR8,true
RT001945,SO009733,1,V00733,P0047,2025-08-25,ST013,1,71.96,Rejected,RR7,false
RT001946,SO009734,2,V00159,P0007,2025-07-25,ST001,1,126.95,Accepted,RR4,false
RT001947,SO009736,2,V00437,P0019,2025-08-18,ST012,1,250.95,Accepted,RR5,true
RT001948,SO009737,1,V00242,P0011,2025-07-19,ST006,1,110.56,Accepted,RR8,true
RT001949,SO009737,3,V00307,P0013,2025-08-11,ST012,2,351.90,Accepted,RR7,true
RT001950,SO009744,2,V00002,P0001,2025-08-05,ST001,1,217.56,Accepted,RR1,true
RT001951,SO009746,1,V00398,P0017,2025-07-21,ST002,1,159.95,Accepted,RR2,true
RT001952,SO009752,3,V00244,P0011,2025-07-21,ST004,1,126.36,Accepted,RR7,true
RT001953,SO009783,1,V00517,P0024,2025-07-22,ST016,1,92.21,Accepted,RR2,true
RT001954,SO009788,1,V00029,P0002,2025-07-23,ST016,2,381.90,Accepted,RR2,true
RT001955,SO009789,3,V00271,P0012,2025-07-20,ST017,1,116.95,Accepted,RR7,true
RT001956,SO009793,2,V00703,P0034,2025-08-13,ST018,1,49.56,Accepted,RR2,true
RT001957,SO009800,2,V00567,P0027,2025-07-14,ST006,1,82.95,Accepted,RR7,true
RT001958,SO009805,1,V00369,P0016,2025-07-26,ST001,1,218.95,Pending,RR7,false
RT001959,SO009808,2,V00715,P0038,2025-08-01,ST001,1,476.95,Rejected,RR6,false
RT001960,SO009817,1,V00178,P0008,2025-08-26,ST004,1,81.57,Accepted,RR7,true
RT001961,SO009820,1,V00367,P0016,2025-07-24,ST005,1,175.16,Accepted,RR3,true
RT001962,SO009826,1,V00161,P0007,2025-07-26,ST007,1,126.95,Rejected,RR2,false
RT001963,SO009827,3,V00306,P0013,2025-07-12,ST008,1,149.56,Pending,RR7,false
RT001964,SO009833,1,V00261,P0011,2025-07-19,ST011,1,110.57,Accepted,RR6,true
RT001965,SO009855,1,V00683,P0033,2025-08-05,ST001,1,34.27,Accepted,RR4,false
RT001966,SO009857,1,V00018,P0001,2025-07-18,ST014,1,271.95,Pending,RR6,false
RT001967,SO009867,1,V00257,P0011,2025-08-04,ST011,1,157.95,Accepted,RR3,true
RT001968,SO009868,1,V00407,P0018,2025-07-14,ST015,1,153.81,Rejected,RR8,false
RT001969,SO009898,2,V00115,P0005,2025-07-28,ST015,1,133.95,Accepted,RR7,true
RT001970,SO009898,3,V00593,P0028,2025-07-23,ST009,1,93.95,Accepted,RR1,true
RT001971,SO009899,2,V00724,P0042,2025-07-20,ST010,1,358.95,Rejected,RR3,false
RT001972,SO009908,4,V00706,P0034,2025-07-23,ST014,1,61.95,Accepted,RR7,true
RT001973,SO009909,1,V00134,P0006,2025-07-23,ST015,1,162.95,Accepted,RR5,true
RT001974,SO009917,1,V00460,P0021,2025-07-20,ST018,1,278.95,Accepted,RR4,false
RT001975,SO009923,1,V00288,P0012,2025-07-30,ST016,1,99.41,Accepted,RR1,true
RT001976,SO009936,3,V00380,P0016,2025-07-21,ST004,1,218.95,Accepted,RR1,true
RT001977,SO009936,4,V00305,P0013,2025-07-21,ST003,1,175.95,Accepted,RR7,true
RT001978,SO009937,1,V00726,P0043,2025-07-28,ST003,1,125.05,Accepted,RR2,true
RT001979,SO009943,1,V00624,P0030,2025-07-30,ST009,1,113.86,Accepted,RR7,true
RT001980,SO009944,3,V00596,P0028,2025-08-14,ST004,1,56.37,Accepted,RR8,true
RT001981,SO009953,1,V00726,P0043,2025-07-22,ST013,1,138.95,Accepted,RR4,false
RT001982,SO009956,2,V00694,P0034,2025-07-23,ST007,1,61.95,Accepted,RR7,true
RT001983,SO009965,1,V00039,P0002,2025-07-23,ST010,1,190.95,Accepted,RR2,true
RT001984,SO009967,4,V00021,P0001,2025-08-13,ST011,1,231.16,Accepted,RR1,true
RT001985,SO009970,2,V00741,P0051,2025-07-16,ST011,1,59.16,Accepted,RR7,true
RT001986,SO009971,1,V00556,P0026,2025-08-07,ST011,1,37.07,Accepted,RR1,true
RT001987,SO009973,2,V00071,P0003,2025-08-05,ST011,1,164.95,Accepted,RR2,true
RT001988,SO009974,1,V00622,P0030,2025-07-27,ST011,1,80.37,Accepted,RR7,true
RT001989,SO009974,3,V00081,P0004,2025-08-07,ST011,1,240.95,Rejected,RR5,false
RT001990,SO009975,3,V00002,P0001,2025-08-27,ST011,1,163.17,Accepted,RR1,true
RT001991,SO009981,1,V00445,P0020,2025-07-29,ST013,1,255.57,Accepted,RR4,false
RT001992,SO009982,3,V00244,P0011,2025-07-31,ST013,1,118.46,Accepted,RR8,true
RT001993,SO009985,1,V00708,P0034,2025-08-21,ST014,1,43.37,Accepted,RR3,true
RT001994,SO009994,2,V00183,P0008,2025-07-31,ST017,1,135.95,Accepted,RR1,true
RT001995,SO009995,1,V00460,P0021,2025-07-17,ST017,1,278.95,Pending,RR2,false
RT001996,SO009996,1,V00018,P0001,2025-08-04,ST017,1,271.95,Accepted,RR4,false
RT001997,SO010001,2,V00369,P0016,2025-08-02,ST016,1,153.27,Accepted,RR1,true
RT001998,SO010001,4,V00198,P0009,2025-08-23,ST007,1,119.95,Accepted,RR7,true
RT001999,SO010006,1,V00287,P0012,2025-07-18,ST006,1,116.95,Accepted,RR1,true
RT002000,SO010007,3,V00660,P0032,2025-07-28,ST010,1,39.95,Accepted,RR1,true
RT002001,SO010010,2,V00005,P0001,2025-07-14,ST006,1,217.56,Accepted,RR3,true
RT002002,SO010011,1,V00088,P0004,2025-08-09,ST007,1,204.81,Accepted,RR7,true
RT002003,SO010013,1,V00287,P0012,2025-07-24,ST001,1,116.95,Accepted,RR2,true
RT002004,SO010020,2,V00718,P0039,2025-08-28,ST003,1,176.76,Accepted,RR1,true
RT002005,SO010020,3,V00377,P0016,2025-07-29,ST003,1,218.95,Accepted,RR3,true
RT002006,SO010026,1,V00331,P0014,2025-07-22,ST004,1,189.95,Accepted,RR7,true
RT002007,SO010028,1,V00731,P0046,2025-08-01,ST004,1,121.95,Accepted,RR3,true
RT002008,SO010046,1,V00734,P0047,2025-07-23,ST016,1,76.46,Accepted,RR3,true
RT002009,SO010047,3,V00474,P0021,2025-08-26,ST004,2,446.32,Accepted,RR4,false
RT002010,SO010053,1,V00348,P0015,2025-07-22,ST011,1,219.95,Accepted,RR8,true
RT002011,SO010060,1,V00208,P0009,2025-07-27,ST014,1,101.96,Pending,RR7,false
RT002012,SO010073,1,V00246,P0011,2025-08-16,ST016,1,157.95,Accepted,RR1,true
RT002013,SO010079,2,V00626,P0030,2025-08-10,ST017,1,93.77,Accepted,RR5,true
RT002014,SO010082,2,V00029,P0002,2025-08-16,ST010,1,190.95,Accepted,RR5,true
RT002015,SO010086,4,V00315,P0014,2025-07-30,ST013,1,189.95,Accepted,RR6,true
RT002016,SO010087,1,V00466,P0021,2025-07-16,ST005,3,836.85,Accepted,RR7,true
RT002017,SO010089,1,V00006,P0001,2025-08-04,ST017,1,217.56,Rejected,RR1,false
RT002018,SO010111,3,V00216,P0009,2025-07-23,ST008,1,119.95,Accepted,RR4,false
RT002019,SO010113,1,V00042,P0002,2025-07-31,ST008,1,152.76,Accepted,RR2,true
RT002020,SO010116,1,V00363,P0016,2025-07-16,ST002,2,328.42,Accepted,RR7,true
RT002021,SO010119,1,V00196,P0009,2025-07-22,ST010,1,119.95,Accepted,RR3,true
RT002022,SO010123,4,V00076,P0004,2025-08-08,ST011,1,240.95,Accepted,RR4,false
RT002023,SO010132,3,V00302,P0013,2025-07-20,ST015,1,175.95,Accepted,RR4,false
RT002024,SO010134,1,V00496,P0023,2025-07-24,ST016,1,132.95,Accepted,RR8,true
RT002025,SO010139,3,V00737,P0049,2025-08-01,ST015,1,31.17,Accepted,RR5,true
RT002026,SO010139,5,V00127,P0006,2025-08-01,ST008,1,138.51,Rejected,RR2,false
RT002027,SO010142,2,V00415,P0018,2025-08-02,ST010,1,108.57,Accepted,RR8,true
RT002028,SO010143,2,V00092,P0004,2025-07-28,ST011,1,144.57,Rejected,RR7,false
RT002029,SO010144,1,V00734,P0047,2025-07-20,ST005,1,71.96,Accepted,RR4,false
RT002030,SO010149,1,V00520,P0024,2025-08-17,ST002,1,98.36,Accepted,RR2,true
RT002031,SO010155,1,V00398,P0017,2025-07-27,ST004,1,159.95,Rejected,RR7,false
RT002032,SO010158,3,V00721,P0041,2025-07-17,ST005,2,254.34,Accepted,RR7,true
RT002033,SO010163,1,V00306,P0013,2025-08-09,ST009,1,105.57,Accepted,RR1,true
RT002034,SO010183,2,V00460,P0021,2025-08-09,ST006,1,251.05,Accepted,RR1,true
RT002035,SO010186,2,V00712,P0036,2025-08-14,ST002,1,177.95,Accepted,RR2,true
RT002036,SO010189,2,V00268,P0012,2025-08-09,ST006,1,116.95,Accepted,RR1,true
RT002037,SO010191,4,V00494,P0023,2025-07-31,ST011,1,119.66,Accepted,RR1,true
RT002038,SO010194,3,V00097,P0005,2025-07-20,ST006,1,133.95,Accepted,RR7,true
RT002039,SO010197,2,V00016,P0001,2025-07-31,ST001,1,271.95,Pending,RR7,false
RT002040,SO010214,1,V00360,P0015,2025-08-04,ST006,1,153.97,Accepted,RR2,true
RT002041,SO010218,1,V00732,P0046,2025-07-18,ST007,1,121.95,Accepted,RR4,false
RT002042,SO010224,2,V00367,P0016,2025-07-23,ST011,2,350.32,Accepted,RR6,true
RT002043,SO010231,2,V00422,P0019,2025-08-11,ST012,1,188.21,Accepted,RR7,true
RT002044,SO010244,5,V00519,P0024,2025-07-27,ST017,1,98.36,Accepted,RR3,true
RT002045,SO010249,1,V00050,P0003,2025-09-01,ST001,1,123.71,Accepted,RR2,true
RT002046,SO010255,2,V00479,P0022,2025-08-08,ST002,1,439.95,Accepted,RR7,true
RT002047,SO010260,1,V00419,P0018,2025-08-12,ST004,1,180.95,Accepted,RR1,true
RT002048,SO010263,1,V00689,P0033,2025-08-18,ST005,1,36.71,Accepted,RR8,true
RT002049,SO010267,4,V00016,P0001,2025-08-14,ST007,1,271.95,Accepted,RR3,true
RT002050,SO010285,3,V00172,P0008,2025-08-04,ST015,1,101.96,Accepted,RR1,true
RT002051,SO010287,1,V00695,P0034,2025-07-19,ST015,1,37.17,Accepted,RR1,true
RT002052,SO010292,1,V00130,P0006,2025-08-03,ST016,1,162.95,Accepted,RR1,true
RT002053,SO010295,1,V00052,P0003,2025-09-04,ST018,1,164.95,Accepted,RR7,true
RT002054,SO010296,1,V00388,P0017,2025-07-29,ST018,1,135.96,Pending,RR1,false
RT002055,SO010303,1,V00627,P0030,2025-07-20,ST016,1,133.95,Accepted,RR7,true
RT002056,SO010316,1,V00003,P0001,2025-07-31,ST004,1,217.56,Accepted,RR5,true
RT002057,SO010325,1,V00179,P0008,2025-08-19,ST007,1,135.95,Accepted,RR5,true
RT002058,SO010327,1,V00340,P0015,2025-07-28,ST009,1,186.96,Accepted,RR2,true
RT002059,SO010332,2,V00647,P0031,2025-08-05,ST010,1,75.95,Accepted,RR4,false
RT002060,SO010338,2,V00035,P0002,2025-08-03,ST018,1,133.67,Accepted,RR3,true
RT002061,SO010345,1,V00188,P0008,2025-08-20,ST013,1,81.57,Accepted,RR8,true
RT002062,SO010356,1,V00726,P0043,2025-07-29,ST013,1,111.16,Accepted,RR7,true
RT002063,SO010356,2,V00232,P0010,2025-07-22,ST003,1,65.37,Accepted,RR7,true
RT002064,SO010362,1,V00739,P0050,2025-08-02,ST014,1,215.95,Rejected,RR6,false
RT002065,SO010364,2,V00081,P0004,2025-07-30,ST004,1,204.81,Accepted,RR5,true
RT002066,SO010398,1,V00735,P0048,2025-07-28,ST008,1,83.95,Accepted,RR4,false
RT002067,SO010403,4,V00140,P0006,2025-07-28,ST009,1,138.51,Accepted,RR4,false
RT002068,SO010405,2,V00122,P0006,2025-08-15,ST009,1,138.51,Accepted,RR7,true
RT002069,SO010406,1,V00282,P0012,2025-07-26,ST009,1,93.56,Accepted,RR5,true
RT002070,SO010407,3,V00723,P0042,2025-07-28,ST009,1,251.27,Accepted,RR1,true
RT002071,SO010417,1,V00341,P0015,2025-07-31,ST011,1,164.96,Accepted,RR7,true
RT002072,SO010420,1,V00071,P0003,2025-07-30,ST013,1,164.95,Accepted,RR8,true
RT002073,SO010428,1,V00363,P0016,2025-08-14,ST014,1,218.95,Accepted,RR1,true
RT002074,SO010431,1,V00568,P0027,2025-08-07,ST015,1,58.07,Accepted,RR6,true
RT002075,SO010434,5,V00350,P0015,2025-08-11,ST016,1,219.95,Accepted,RR7,true
RT002076,SO010438,1,V00207,P0009,2025-08-05,ST017,1,101.96,Accepted,RR2,true
RT002077,SO010439,5,V00308,P0013,2025-07-29,ST017,1,123.17,Accepted,RR7,true
RT002078,SO010440,1,V00127,P0006,2025-07-29,ST004,2,277.02,Accepted,RR8,true
RT002079,SO010444,1,V00151,P0007,2025-08-06,ST011,3,323.72,Pending,RR3,false
RT002080,SO010448,1,V00306,P0013,2025-07-29,ST007,1,175.95,Rejected,RR5,false
RT002081,SO010448,2,V00656,P0032,2025-08-31,ST013,1,23.97,Accepted,RR1,true
RT002082,SO010452,1,V00248,P0011,2025-09-04,ST002,1,157.95,Accepted,RR2,true
RT002083,SO010452,2,V00187,P0008,2025-07-29,ST013,2,271.90,Accepted,RR4,false
RT002084,SO010455,1,V00140,P0006,2025-08-06,ST003,1,162.95,Accepted,RR3,true
RT002085,SO010458,1,V00209,P0009,2025-07-23,ST001,1,119.95,Rejected,RR3,false
RT002086,SO010471,1,V00609,P0029,2025-08-24,ST003,1,108.76,Accepted,RR7,true
RT002087,SO010480,1,V00414,P0018,2025-08-05,ST004,1,180.95,Accepted,RR7,true
RT002088,SO010491,1,V00734,P0047,2025-07-22,ST008,1,89.95,Accepted,RR7,true
RT002089,SO010496,1,V00021,P0001,2025-07-29,ST009,1,231.16,Accepted,RR1,true
RT002090,SO010497,1,V00089,P0004,2025-08-05,ST009,1,216.85,Accepted,RR2,true
RT002091,SO010510,1,V00378,P0016,2025-07-31,ST011,1,218.95,Accepted,RR8,true
RT002092,SO010512,3,V00183,P0008,2025-08-08,ST012,1,135.95,Accepted,RR7,true
RT002093,SO010514,1,V00334,P0014,2025-07-29,ST012,1,189.95,Accepted,RR1,true
RT002094,SO010515,1,V00740,P0050,2025-08-03,ST013,1,215.95,Accepted,RR2,true
RT002095,SO010515,3,V00395,P0017,2025-07-28,ST013,1,159.95,Accepted,RR8,true
RT002096,SO010519,1,V00199,P0009,2025-08-21,ST013,1,119.95,Accepted,RR3,true
RT002097,SO010526,2,V00362,P0016,2025-08-01,ST015,1,197.05,Rejected,RR8,false
RT002098,SO010526,3,V00041,P0002,2025-07-31,ST015,1,190.95,Accepted,RR2,true
RT002099,SO010533,2,V00030,P0002,2025-07-24,ST017,1,190.95,Accepted,RR7,true
RT002100,SO010536,1,V00723,P0042,2025-08-02,ST018,1,358.95,Accepted,RR3,true
RT002101,SO010544,1,V00040,P0002,2025-07-22,ST011,1,190.95,Accepted,RR2,true
RT002102,SO010545,1,V00379,P0016,2025-07-26,ST008,1,218.95,Accepted,RR8,true
RT002103,SO010552,1,V00666,P0032,2025-08-19,ST001,1,39.95,Accepted,RR7,true
RT002104,SO010555,1,V00261,P0011,2025-08-03,ST003,1,157.95,Accepted,RR7,true
RT002105,SO010557,3,V00237,P0010,2025-08-05,ST004,1,108.95,Accepted,RR8,true
RT002106,SO010561,2,V00718,P0039,2025-07-24,ST006,1,176.76,Accepted,RR1,true
RT002107,SO010573,3,V00153,P0007,2025-08-02,ST011,1,107.91,Pending,RR6,false
RT002108,SO010580,3,V00431,P0019,2025-08-08,ST005,1,213.31,Accepted,RR5,true
RT002109,SO010581,2,V00222,P0010,2025-08-08,ST015,1,76.27,Accepted,RR1,true
RT002110,SO010585,1,V00004,P0001,2025-07-27,ST017,1,163.17,Accepted,RR7,true
RT002111,SO010588,1,V00128,P0006,2025-08-04,ST006,1,97.77,Rejected,RR1,false
RT002112,SO010589,1,V00221,P0010,2025-08-02,ST013,1,87.16,Accepted,RR4,false
RT002113,SO010595,1,V00609,P0029,2025-08-03,ST015,1,108.76,Accepted,RR8,true
RT002114,SO010613,1,V00741,P0051,2025-08-06,ST005,1,66.55,Pending,RR8,false
RT002115,SO010619,1,V00105,P0005,2025-08-22,ST008,1,100.46,Accepted,RR7,true
RT002116,SO010620,1,V00154,P0007,2025-08-10,ST009,1,126.95,Accepted,RR4,false
RT002117,SO010626,1,V00100,P0005,2025-08-04,ST011,1,133.95,Rejected,RR2,false
RT002118,SO010631,1,V00159,P0007,2025-08-07,ST013,1,126.95,Accepted,RR1,true
RT002119,SO010635,1,V00723,P0042,2025-08-26,ST015,1,251.27,Accepted,RR2,true
RT002120,SO010651,2,V00514,P0024,2025-08-06,ST001,1,86.07,Accepted,RR8,true
RT002121,SO010655,2,V00210,P0009,2025-08-18,ST001,1,119.95,Pending,RR2,false
RT002122,SO010660,2,V00716,P0038,2025-08-04,ST003,1,333.87,Accepted,RR3,true
RT002123,SO010666,1,V00612,P0029,2025-08-21,ST004,1,101.96,Rejected,RR4,false
RT002124,SO010667,2,V00700,P0034,2025-08-04,ST005,1,37.17,Accepted,RR2,true
RT002125,SO010672,2,V00696,P0034,2025-08-02,ST009,1,61.95,Accepted,RR7,true
RT002126,SO010674,2,V00186,P0008,2025-08-08,ST003,1,135.95,Pending,RR2,false
RT002127,SO010676,2,V00744,P0052,2025-08-04,ST011,1,131.95,Accepted,RR5,true
RT002128,SO010680,1,V00330,P0014,2025-08-12,ST011,2,227.94,Accepted,RR1,true
RT002129,SO010682,1,V00174,P0008,2025-08-13,ST011,1,135.95,Pending,RR3,false
RT002130,SO010687,3,V00422,P0019,2025-08-04,ST013,1,150.57,Accepted,RR3,true
RT002131,SO010689,1,V00004,P0001,2025-08-01,ST017,1,217.56,Accepted,RR1,true
RT002132,SO010697,1,V00019,P0001,2025-08-18,ST017,1,163.17,Pending,RR7,false
RT002133,SO010699,3,V00721,P0041,2025-08-01,ST017,1,211.95,Accepted,RR4,false
RT002134,SO010704,1,V00726,P0043,2025-07-26,ST014,1,83.37,Rejected,RR7,false
RT002135,SO010707,2,V00011,P0001,2025-07-31,ST012,1,271.95,Accepted,RR1,true
RT002136,SO010708,3,V00737,P0049,2025-08-11,ST006,1,44.16,Accepted,RR3,true
RT002137,SO010710,1,V00177,P0008,2025-08-22,ST012,1,101.96,Accepted,RR1,true
RT002138,SO010711,2,V00578,P0027,2025-08-04,ST009,1,82.95,Accepted,RR2,true
RT002139,SO010715,2,V00325,P0014,2025-08-18,ST001,1,151.96,Accepted,RR7,true
RT002140,SO010722,2,V00244,P0011,2025-07-31,ST004,1,110.57,Accepted,RR2,true
RT002141,SO010728,1,V00138,P0006,2025-08-02,ST006,1,162.95,Accepted,RR6,true
RT002142,SO010730,1,V00126,P0006,2025-08-05,ST007,1,162.95,Accepted,RR1,true
RT002143,SO010735,1,V00198,P0009,2025-08-13,ST005,1,119.95,Accepted,RR6,true
RT002144,SO010735,3,V00738,P0049,2025-08-12,ST009,1,44.16,Accepted,RR7,true
RT002145,SO010744,1,V00550,P0026,2025-08-03,ST013,1,39.71,Accepted,RR2,true
RT002146,SO010745,2,V00740,P0050,2025-08-16,ST014,1,215.95,Accepted,RR4,false
RT002147,SO010748,1,V00720,P0040,2025-08-02,ST015,1,237.97,Accepted,RR3,true
RT002148,SO010753,2,V00334,P0014,2025-08-02,ST016,1,189.95,Accepted,RR1,true
RT002149,SO010757,1,V00014,P0001,2025-08-28,ST018,1,190.37,Accepted,RR3,true
RT002150,SO010765,1,V00119,P0005,2025-08-05,ST012,1,100.46,Accepted,RR3,true
RT002151,SO010766,1,V00270,P0012,2025-08-08,ST006,1,116.95,Pending,RR2,false
RT002152,SO010773,5,V00153,P0007,2025-08-07,ST001,1,95.21,Pending,RR7,false
RT002153,SO010777,2,V00125,P0006,2025-09-11,ST003,1,162.95,Accepted,RR4,false
RT002154,SO010783,1,V00684,P0033,2025-08-09,ST008,1,48.95,Pending,RR7,false
RT002155,SO010804,5,V00438,P0019,2025-08-10,ST003,1,200.76,Accepted,RR7,true
RT002156,SO010809,1,V00598,P0028,2025-07-30,ST014,1,84.55,Accepted,RR1,true
RT002157,SO010809,3,V00006,P0001,2025-08-14,ST014,1,231.16,Accepted,RR1,true
RT002158,SO010814,1,V00102,P0005,2025-08-02,ST017,1,133.95,Accepted,RR1,true
RT002159,SO010814,3,V00102,P0005,2025-08-24,ST017,1,133.95,Pending,RR7,false
RT002160,SO010819,1,V00136,P0006,2025-08-18,ST007,1,138.51,Accepted,RR7,true
RT002161,SO010820,1,V00223,P0010,2025-07-27,ST001,1,92.61,Accepted,RR5,true
RT002162,SO010821,1,V00067,P0003,2025-08-03,ST012,1,164.95,Accepted,RR7,true
RT002163,SO010821,3,V00221,P0010,2025-08-28,ST017,1,76.27,Accepted,RR8,true
RT002164,SO010826,1,V00478,P0022,2025-08-28,ST001,1,351.96,Accepted,RR4,false
RT002165,SO010831,3,V00306,P0013,2025-08-07,ST001,1,175.95,Accepted,RR6,true
RT002166,SO010832,1,V00741,P0051,2025-08-11,ST002,1,59.16,Pending,RR3,false
RT002167,SO010837,1,V00140,P0006,2025-08-05,ST003,2,277.02,Accepted,RR7,true
RT002168,SO010841,1,V00304,P0013,2025-08-01,ST003,1,175.95,Accepted,RR6,true
RT002169,SO010851,1,V00380,P0016,2025-09-10,ST005,1,218.95,Accepted,RR8,true
RT002170,SO010851,2,V00736,P0048,2025-07-30,ST005,1,67.16,Accepted,RR1,true
RT002171,SO010856,2,V00377,P0016,2025-08-15,ST006,1,153.27,Pending,RR1,false
RT002172,SO010860,1,V00052,P0003,2025-09-04,ST007,1,123.71,Accepted,RR8,true
RT002173,SO010867,1,V00408,P0018,2025-08-14,ST009,1,180.95,Accepted,RR2,true
RT002174,SO010886,2,V00368,P0016,2025-08-22,ST012,1,218.95,Accepted,RR7,true
RT002175,SO010889,2,V00242,P0011,2025-08-04,ST013,1,157.95,Accepted,RR2,true
RT002176,SO010892,2,V00393,P0017,2025-08-08,ST013,1,143.95,Accepted,RR2,true
RT002177,SO010893,1,V00030,P0002,2025-08-24,ST014,1,190.95,Accepted,RR7,true
RT002178,SO010895,1,V00712,P0036,2025-08-02,ST014,1,151.26,Accepted,RR7,true
RT002179,SO010897,1,V00091,P0004,2025-08-16,ST015,1,168.67,Pending,RR4,false
RT002180,SO010902,1,V00209,P0009,2025-08-12,ST016,1,119.95,Accepted,RR2,true
RT002181,SO010903,3,V00053,P0003,2025-08-14,ST017,1,115.47,Accepted,RR7,true
RT002182,SO010908,1,V00446,P0020,2025-07-31,ST018,1,425.95,Accepted,RR4,false
RT002183,SO010910,2,V00303,P0013,2025-08-23,ST018,1,175.95,Accepted,RR3,true
RT002184,SO010911,1,V00711,P0036,2025-08-08,ST013,2,249.13,Pending,RR7,false
RT002185,SO010924,1,V00733,P0047,2025-08-21,ST001,1,89.95,Accepted,RR4,false
RT002186,SO010933,2,V00029,P0002,2025-08-23,ST003,1,190.95,Accepted,RR8,true
RT002187,SO010942,1,V00183,P0008,2025-08-10,ST013,1,135.95,Accepted,RR8,true
RT002188,SO010942,5,V00308,P0013,2025-08-07,ST005,2,281.52,Accepted,RR7,true
RT002189,SO010943,5,V00040,P0002,2025-09-08,ST006,1,190.95,Accepted,RR2,true
RT002190,SO010947,1,V00731,P0046,2025-09-05,ST007,1,121.95,Accepted,RR7,true
RT002191,SO010949,1,V00078,P0004,2025-08-05,ST008,1,204.81,Accepted,RR2,true
RT002192,SO010954,1,V00725,P0043,2025-08-14,ST009,1,138.95,Accepted,RR8,true
RT002193,SO010957,1,V00155,P0007,2025-08-06,ST010,1,101.56,Rejected,RR4,false
RT002194,SO010975,1,V00168,P0007,2025-08-03,ST015,1,107.91,Accepted,RR4,false
RT002195,SO010976,1,V00161,P0007,2025-08-13,ST015,1,126.95,Accepted,RR1,true
RT002196,SO010980,1,V00258,P0011,2025-07-29,ST016,1,134.26,Accepted,RR8,true
RT002197,SO010982,1,V00489,P0022,2025-08-03,ST016,1,373.96,Accepted,RR4,false
RT002198,SO010984,1,V00072,P0003,2025-08-14,ST017,1,164.95,Accepted,RR7,true
RT002199,SO010987,2,V00210,P0009,2025-08-07,ST018,1,119.95,Rejected,RR4,false
RT002200,SO010988,5,V00563,P0026,2025-08-19,ST018,1,37.07,Accepted,RR2,true
RT002201,SO010997,1,V00088,P0004,2025-08-15,ST003,1,204.81,Accepted,RR3,true
RT002202,SO010997,4,V00153,P0007,2025-08-05,ST007,1,107.91,Accepted,RR7,true
RT002203,SO011015,3,V00710,P0035,2025-09-14,ST005,1,192.95,Accepted,RR3,true
RT002204,SO011019,2,V00740,P0050,2025-08-27,ST008,1,172.76,Rejected,RR2,false
RT002205,SO011025,2,V00150,P0007,2025-07-30,ST011,1,101.56,Accepted,RR1,true
RT002206,SO011028,5,V00226,P0010,2025-08-13,ST012,1,108.95,Accepted,RR8,true
RT002207,SO011030,3,V00567,P0027,2025-08-15,ST014,1,82.95,Accepted,RR7,true
RT002208,SO011038,1,V00282,P0012,2025-08-08,ST017,1,116.95,Accepted,RR1,true
RT002209,SO011042,2,V00303,P0013,2025-08-15,ST007,1,149.56,Accepted,RR6,true
RT002210,SO011043,1,V00063,P0003,2025-09-13,ST017,1,164.95,Accepted,RR8,true
RT002211,SO011056,1,V00208,P0009,2025-07-31,ST014,1,71.97,Rejected,RR2,false
RT002212,SO011058,1,V00378,P0016,2025-08-23,ST004,1,218.95,Accepted,RR2,true
RT002213,SO011060,1,V00199,P0009,2025-08-11,ST017,2,239.90,Accepted,RR1,true
RT002214,SO011067,2,V00318,P0014,2025-08-30,ST007,1,189.95,Accepted,RR5,true
RT002215,SO011071,1,V00546,P0025,2025-08-11,ST009,1,95.95,Accepted,RR8,true
RT002216,SO011075,1,V00725,P0043,2025-08-05,ST011,1,118.11,Accepted,RR7,true
RT002217,SO011083,1,V00099,P0005,2025-08-13,ST014,1,133.95,Pending,RR1,false
RT002218,SO011085,1,V00039,P0002,2025-08-05,ST016,1,171.85,Accepted,RR4,false
RT002219,SO011095,3,V00170,P0008,2025-08-08,ST008,1,135.95,Accepted,RR1,true
RT002220,SO011096,2,V00270,P0012,2025-08-17,ST005,1,116.95,Accepted,RR8,true
RT002221,SO011098,4,V00174,P0008,2025-08-02,ST006,1,115.56,Accepted,RR7,true
RT002222,SO011100,4,V00326,P0014,2025-08-05,ST001,1,113.97,Accepted,RR4,false
RT002223,SO011104,2,V00639,P0031,2025-08-08,ST002,2,151.90,Rejected,RR4,false
RT002224,SO011107,2,V00225,P0010,2025-08-09,ST003,1,65.37,Accepted,RR7,true
RT002225,SO011112,1,V00330,P0014,2025-09-08,ST004,1,189.95,Accepted,RR8,true
RT002226,SO011126,3,V00060,P0003,2025-08-08,ST011,1,98.97,Accepted,RR6,true
RT002227,SO011128,1,V00512,P0024,2025-09-17,ST013,3,276.64,Accepted,RR7,true
RT002228,SO011129,1,V00724,P0042,2025-08-25,ST013,1,358.95,Accepted,RR7,true
RT002229,SO011146,1,V00315,P0014,2025-08-14,ST011,2,227.94,Accepted,RR1,true
RT002230,SO011148,3,V00219,P0010,2025-08-17,ST018,1,108.95,Accepted,RR1,true
RT002231,SO011149,1,V00321,P0014,2025-09-13,ST016,1,189.95,Accepted,RR3,true
RT002232,SO011152,5,V00067,P0003,2025-08-31,ST004,1,131.96,Pending,RR7,false
RT002233,SO011157,3,V00144,P0006,2025-08-12,ST006,1,162.95,Accepted,RR1,true
RT002234,SO011160,2,V00043,P0002,2025-08-10,ST006,3,572.85,Accepted,RR6,true
RT002235,SO011160,4,V00543,P0025,2025-08-11,ST006,1,76.76,Accepted,RR7,true
RT002236,SO011168,3,V00330,P0014,2025-08-09,ST008,1,189.95,Pending,RR7,false
RT002237,SO011178,2,V00150,P0007,2025-08-25,ST014,1,88.87,Accepted,RR3,true
RT002238,SO011184,1,V00333,P0014,2025-08-28,ST016,1,132.96,Accepted,RR4,false
RT002239,SO011185,2,V00186,P0008,2025-08-29,ST017,1,135.95,Accepted,RR8,true
RT002240,SO011192,1,V00115,P0005,2025-09-12,ST008,1,107.16,Pending,RR8,false
RT002241,SO011194,3,V00119,P0005,2025-08-06,ST007,1,133.95,Accepted,RR7,true
RT002242,SO011201,1,V00115,P0005,2025-08-13,ST001,1,93.77,Accepted,RR3,true
RT002243,SO011201,4,V00716,P0038,2025-08-24,ST001,1,476.95,Accepted,RR7,true
RT002244,SO011206,2,V00672,P0032,2025-08-06,ST004,2,79.90,Accepted,RR7,true
RT002245,SO011206,4,V00353,P0015,2025-08-09,ST004,2,439.90,Accepted,RR7,true
RT002246,SO011210,1,V00626,P0030,2025-08-10,ST006,1,133.95,Accepted,RR7,true
RT002247,SO011215,4,V00615,P0029,2025-08-16,ST007,1,115.56,Accepted,RR1,true
RT002248,SO011219,2,V00007,P0001,2025-08-16,ST016,1,231.16,Accepted,RR1,true
RT002249,SO011224,1,V00221,P0010,2025-08-14,ST012,2,217.90,Accepted,RR1,true
RT002250,SO011225,2,V00574,P0027,2025-08-29,ST012,1,58.07,Accepted,RR8,true
RT002251,SO011227,4,V00250,P0011,2025-09-05,ST012,1,157.95,Accepted,RR5,true
RT002252,SO011230,5,V00144,P0006,2025-08-19,ST016,1,162.95,Accepted,RR8,true
RT002253,SO011236,1,V00329,P0014,2025-09-20,ST018,1,189.95,Pending,RR4,false
RT002254,SO011238,1,V00561,P0026,2025-09-16,ST014,1,42.36,Accepted,RR1,true
RT002255,SO011241,1,V00563,P0026,2025-08-16,ST002,1,45.01,Accepted,RR8,true
RT002256,SO011243,2,V00377,P0016,2025-08-05,ST006,1,218.95,Accepted,RR2,true
RT002257,SO011247,3,V00009,P0001,2025-08-10,ST009,1,271.95,Accepted,RR3,true
RT002258,SO011248,1,V00429,P0019,2025-08-06,ST001,1,250.95,Accepted,RR5,true
RT002259,SO011266,1,V00210,P0009,2025-09-18,ST004,1,119.95,Accepted,RR3,true
RT002260,SO011272,1,V00283,P0012,2025-08-30,ST005,1,81.87,Accepted,RR4,false
RT002261,SO011279,2,V00105,P0005,2025-09-05,ST007,1,133.95,Accepted,RR1,true
RT002262,SO011281,2,V00377,P0016,2025-08-20,ST007,1,175.16,Accepted,RR2,true
RT002263,SO011284,1,V00027,P0002,2025-08-19,ST009,1,190.95,Accepted,RR4,false
RT002264,SO011285,3,V00556,P0026,2025-08-28,ST017,1,52.95,Accepted,RR2,true
RT002265,SO011294,2,V00006,P0001,2025-08-15,ST012,2,326.34,Pending,RR1,false
RT002266,SO011295,1,V00732,P0046,2025-08-30,ST013,1,121.95,Accepted,RR7,true
RT002267,SO011296,2,V00670,P0032,2025-08-12,ST013,1,39.95,Pending,RR1,false
RT002268,SO011297,3,V00078,P0004,2025-08-07,ST013,1,240.95,Accepted,RR8,true
RT002269,SO011300,1,V00314,P0014,2025-08-12,ST003,1,142.46,Accepted,RR1,true
RT002270,SO011305,1,V00352,P0015,2025-08-13,ST015,1,219.95,Accepted,RR3,true
RT002271,SO011309,1,V00520,P0024,2025-08-19,ST016,1,86.07,Accepted,RR8,true
RT002272,SO011313,2,V00674,P0033,2025-09-13,ST017,1,48.95,Pending,RR5,false
RT002273,SO011316,2,V00339,P0015,2025-08-27,ST012,1,219.95,Accepted,RR7,true
RT002274,SO011320,1,V00592,P0028,2025-08-14,ST016,1,93.95,Accepted,RR1,true
RT002275,SO011323,1,V00339,P0015,2025-08-12,ST001,1,153.96,Accepted,RR7,true
RT002276,SO011328,1,V00422,P0019,2025-09-16,ST001,1,213.31,Accepted,RR7,true
RT002277,SO011337,1,V00250,P0011,2025-08-14,ST004,1,157.95,Accepted,RR2,true
RT002278,SO011338,3,V00258,P0011,2025-08-18,ST004,1,157.95,Accepted,RR8,true
RT002279,SO011342,3,V00399,P0017,2025-09-04,ST006,1,111.97,Rejected,RR8,false
RT002280,SO011344,3,V00002,P0001,2025-08-25,ST006,1,271.95,Accepted,RR1,true
RT002281,SO011351,2,V00329,P0014,2025-08-20,ST007,1,161.46,Accepted,RR4,false
RT002282,SO011355,2,V00137,P0006,2025-08-13,ST008,1,162.95,Accepted,RR1,true
RT002283,SO011368,1,V00569,P0027,2025-08-10,ST011,1,70.51,Accepted,RR1,true
RT002284,SO011371,2,V00330,P0014,2025-08-12,ST011,1,113.97,Accepted,RR7,true
RT002285,SO011376,1,V00472,P0021,2025-08-18,ST013,1,278.95,Accepted,RR7,true
RT002286,SO011380,3,V00723,P0042,2025-09-15,ST013,1,215.37,Accepted,RR7,true
RT002287,SO011384,4,V00271,P0012,2025-09-22,ST015,1,99.41,Accepted,RR2,true
RT002288,SO011388,1,V00354,P0015,2025-08-29,ST015,1,219.95,Accepted,RR4,false
RT002289,SO011399,1,V00700,P0034,2025-08-07,ST007,1,49.56,Rejected,RR8,false
RT002290,SO011402,1,V00367,P0016,2025-08-20,ST006,1,218.95,Rejected,RR7,false
RT002291,SO011402,2,V00332,P0014,2025-08-15,ST003,1,189.95,Accepted,RR1,true
RT002292,SO011406,2,V00046,P0002,2025-08-21,ST001,1,190.95,Accepted,RR1,true
RT002293,SO011406,3,V00141,P0006,2025-08-11,ST009,1,162.95,Accepted,RR8,true
RT002294,SO011408,3,V00022,P0001,2025-08-29,ST003,1,231.16,Accepted,RR6,true
RT002295,SO011416,1,V00261,P0011,2025-08-20,ST004,1,157.95,Accepted,RR7,true
RT002296,SO011416,3,V00163,P0007,2025-08-18,ST004,1,95.21,Accepted,RR4,false
RT002297,SO011422,2,V00572,P0027,2025-08-12,ST007,1,82.95,Accepted,RR2,true
RT002298,SO011428,3,V00354,P0015,2025-09-06,ST010,1,219.95,Accepted,RR2,true
RT002299,SO011432,2,V00735,P0048,2025-09-03,ST012,1,62.96,Accepted,RR3,true
RT002300,SO011435,1,V00113,P0005,2025-09-02,ST013,1,107.16,Accepted,RR1,true
RT002301,SO011439,2,V00241,P0011,2025-08-13,ST015,1,157.95,Accepted,RR7,true
RT002302,SO011444,1,V00209,P0009,2025-08-07,ST018,1,119.95,Accepted,RR1,true
RT002303,SO011445,1,V00091,P0004,2025-08-29,ST008,1,204.81,Accepted,RR1,true
RT002304,SO011458,3,V00590,P0028,2025-08-21,ST002,1,93.95,Accepted,RR8,true
RT002305,SO011461,1,V00229,P0010,2025-09-03,ST006,1,81.71,Rejected,RR6,false
RT002306,SO011470,2,V00601,P0029,2025-08-21,ST011,1,135.95,Accepted,RR7,true
RT002307,SO011472,1,V00484,P0022,2025-08-18,ST012,1,439.95,Accepted,RR7,true
RT002308,SO011472,4,V00733,P0047,2025-08-14,ST012,1,89.95,Accepted,RR6,true
RT002309,SO011475,1,V00472,P0021,2025-08-17,ST015,1,278.95,Accepted,RR4,false
RT002310,SO011479,1,V00603,P0029,2025-08-22,ST017,1,81.57,Accepted,RR5,true
RT002311,SO011483,1,V00067,P0003,2025-08-30,ST018,1,164.95,Accepted,RR1,true
RT002312,SO011483,2,V00709,P0035,2025-08-30,ST001,1,115.77,Pending,RR2,false
RT002313,SO011489,1,V00713,P0037,2025-08-15,ST002,1,171.71,Accepted,RR6,true
RT002314,SO011494,3,V00305,P0013,2025-08-30,ST004,1,175.95,Accepted,RR7,true
RT002315,SO011495,1,V00732,P0046,2025-08-22,ST004,1,73.17,Accepted,RR2,true
RT002316,SO011496,3,V00018,P0001,2025-08-16,ST004,1,271.95,Accepted,RR1,true
RT002317,SO011515,3,V00719,P0040,2025-08-20,ST015,1,339.95,Pending,RR4,false
RT002318,SO011520,1,V00728,P0044,2025-09-23,ST010,1,69.57,Accepted,RR8,true
RT002319,SO011524,1,V00359,P0015,2025-09-05,ST009,1,219.95,Accepted,RR7,true
RT002320,SO011524,2,V00407,P0018,2025-08-22,ST006,1,153.81,Accepted,RR7,true
RT002321,SO011525,1,V00459,P0021,2025-08-12,ST016,1,223.16,Accepted,RR7,true
RT002322,SO011529,2,V00052,P0003,2025-08-20,ST002,1,131.96,Accepted,RR7,true
RT002323,SO011530,1,V00612,P0029,2025-08-14,ST013,1,101.96,Accepted,RR8,true
RT002324,SO011533,4,V00018,P0001,2025-08-20,ST001,1,163.17,Accepted,RR1,true
RT002325,SO011535,1,V00177,P0008,2025-09-04,ST002,1,135.95,Accepted,RR7,true
RT002326,SO011542,2,V00331,P0014,2025-09-10,ST012,1,189.95,Accepted,RR1,true
RT002327,SO011542,3,V00038,P0002,2025-08-24,ST005,1,190.95,Accepted,RR1,true
RT002328,SO011545,3,V00617,P0029,2025-08-13,ST007,1,135.95,Pending,RR1,false
RT002329,SO011555,1,V00488,P0022,2025-09-20,ST011,1,439.95,Accepted,RR3,true
RT002330,SO011555,3,V00069,P0003,2025-08-11,ST011,1,115.47,Accepted,RR7,true
RT002331,SO011560,3,V00282,P0012,2025-08-17,ST015,1,81.87,Accepted,RR8,true
RT002332,SO011576,1,V00548,P0026,2025-08-21,ST013,1,45.01,Accepted,RR4,false
RT002333,SO011583,1,V00204,P0009,2025-08-23,ST017,1,95.96,Accepted,RR1,true
RT002334,SO011588,2,V00319,P0014,2025-08-18,ST005,1,151.96,Accepted,RR4,false
RT002335,SO011602,2,V00021,P0001,2025-08-12,ST012,2,462.32,Accepted,RR1,true
RT002336,SO011618,1,V00473,P0021,2025-08-17,ST009,1,209.21,Accepted,RR4,false
RT002337,SO011619,1,V00632,P0030,2025-08-28,ST006,1,133.95,Accepted,RR1,true
RT002338,SO011625,2,V00699,P0034,2025-08-30,ST001,1,61.95,Accepted,RR6,true
RT002339,SO011642,1,V00309,P0013,2025-09-10,ST005,1,140.76,Accepted,RR4,false
RT002340,SO011644,1,V00015,P0001,2025-08-15,ST005,1,271.95,Accepted,RR2,true
RT002341,SO011647,1,V00467,P0021,2025-09-08,ST006,1,278.95,Pending,RR8,false
RT002342,SO011649,1,V00614,P0029,2025-08-11,ST015,1,95.17,Accepted,RR7,true
RT002343,SO011651,3,V00710,P0035,2025-09-07,ST007,2,328.02,Pending,RR2,false
RT002344,SO011662,1,V00091,P0004,2025-08-19,ST010,1,144.57,Accepted,RR1,true
RT002345,SO011664,1,V00253,P0011,2025-08-25,ST011,1,157.95,Accepted,RR5,true
RT002346,SO011665,1,V00101,P0005,2025-08-20,ST011,1,133.95,Accepted,RR3,true
RT002347,SO011665,3,V00470,P0021,2025-08-30,ST011,1,278.95,Accepted,RR2,true
RT002348,SO011678,1,V00724,P0042,2025-09-02,ST015,1,215.37,Accepted,RR1,true
RT002349,SO011678,2,V00497,P0023,2025-09-25,ST015,1,113.01,Accepted,RR1,true
RT002350,SO011681,1,V00446,P0020,2025-08-30,ST016,1,425.95,Accepted,RR7,true
RT002351,SO011689,1,V00711,P0036,2025-08-19,ST007,1,177.95,Rejected,RR7,false
RT002352,SO011691,4,V00245,P0011,2025-08-14,ST006,1,118.46,Accepted,RR4,false
RT002353,SO011692,1,V00709,P0035,2025-09-07,ST017,1,192.95,Accepted,RR3,true
RT002354,SO011693,3,V00681,P0033,2025-08-20,ST017,1,29.37,Accepted,RR4,false
RT002355,SO011696,3,V00162,P0007,2025-08-18,ST017,1,126.95,Pending,RR1,false
RT002356,SO011700,1,V00041,P0002,2025-08-20,ST009,1,162.31,Pending,RR2,false
RT002357,SO011701,2,V00319,P0014,2025-08-12,ST006,1,142.46,Rejected,RR2,false
RT002358,SO011703,2,V00709,P0035,2025-08-25,ST010,1,192.95,Accepted,RR4,false
RT002359,SO011707,1,V00355,P0015,2025-08-29,ST001,1,219.95,Accepted,RR7,true
RT002360,SO011718,2,V00087,P0004,2025-09-19,ST003,2,481.90,Accepted,RR8,true
RT002361,SO011720,4,V00374,P0016,2025-08-25,ST003,1,153.27,Pending,RR7,false
RT002362,SO011725,3,V00128,P0006,2025-08-17,ST004,1,162.95,Accepted,RR3,true
RT002363,SO011725,4,V00033,P0002,2025-08-14,ST004,1,162.31,Accepted,RR7,true
RT002364,SO011733,2,V00741,P0051,2025-09-02,ST017,1,59.16,Accepted,RR1,true
RT002365,SO011738,1,V00712,P0036,2025-09-10,ST007,1,124.57,Accepted,RR1,true
RT002366,SO011740,1,V00224,P0010,2025-09-20,ST008,1,65.37,Accepted,RR2,true
RT002367,SO011746,3,V00338,P0015,2025-08-30,ST009,3,659.85,Accepted,RR3,true
RT002368,SO011756,1,V00669,P0032,2025-09-24,ST011,1,39.95,Rejected,RR8,false
RT002369,SO011757,1,V00075,P0004,2025-08-24,ST011,1,240.95,Accepted,RR2,true
RT002370,SO011758,2,V00154,P0007,2025-09-26,ST012,1,126.95,Pending,RR7,false
RT002371,SO011758,4,V00231,P0010,2025-08-28,ST012,1,81.71,Accepted,RR6,true
RT002372,SO011759,2,V00259,P0011,2025-08-14,ST012,1,142.15,Accepted,RR4,false
RT002373,SO011759,4,V00064,P0003,2025-08-31,ST012,1,164.95,Rejected,RR1,false
RT002374,SO011764,3,V00233,P0010,2025-09-11,ST014,1,98.05,Accepted,RR7,true
RT002375,SO011767,3,V00528,P0024,2025-08-13,ST016,1,122.95,Accepted,RR5,true
RT002376,SO011770,2,V00565,P0027,2025-08-29,ST016,1,49.77,Accepted,RR4,false
RT002377,SO011772,1,V00719,P0040,2025-08-15,ST017,1,237.97,Accepted,RR2,true
RT002378,SO011777,1,V00725,P0043,2025-09-03,ST008,2,277.90,Accepted,RR1,true
RT002379,SO011778,1,V00575,P0027,2025-08-27,ST018,1,82.95,Pending,RR7,false
RT002380,SO011788,1,V00236,P0010,2025-08-23,ST002,1,108.95,Accepted,RR2,true
RT002381,SO011798,2,V00355,P0015,2025-09-11,ST004,1,219.95,Accepted,RR7,true
RT002382,SO011798,3,V00343,P0015,2025-09-04,ST004,1,186.96,Accepted,RR8,true
RT002383,SO011799,2,V00231,P0010,2025-09-11,ST004,1,92.61,Accepted,RR3,true
RT002384,SO011801,2,V00390,P0017,2025-09-13,ST005,1,159.95,Accepted,RR4,false
RT002385,SO011805,1,V00057,P0003,2025-08-20,ST011,1,123.71,Rejected,RR4,false
RT002386,SO011809,1,V00721,P0041,2025-08-16,ST011,1,158.96,Accepted,RR7,true
RT002387,SO011818,2,V00055,P0003,2025-08-27,ST013,1,98.97,Rejected,RR2,false
RT002388,SO011832,3,V00371,P0016,2025-08-23,ST015,1,218.95,Accepted,RR5,true
RT002389,SO011833,2,V00587,P0028,2025-09-14,ST012,1,93.95,Accepted,RR7,true
RT002390,SO011837,3,V00053,P0003,2025-09-21,ST009,1,164.95,Accepted,RR6,true
RT002391,SO011841,1,V00377,P0016,2025-08-20,ST003,1,218.95,Rejected,RR8,false
RT002392,SO011842,1,V00675,P0033,2025-08-15,ST003,1,48.95,Accepted,RR3,true
RT002393,SO011847,1,V00054,P0003,2025-08-26,ST004,1,140.21,Accepted,RR3,true
RT002394,SO011866,1,V00281,P0012,2025-08-30,ST012,1,116.95,Accepted,RR4,false
RT002395,SO011878,3,V00282,P0012,2025-09-05,ST006,1,70.17,Accepted,RR6,true
RT002396,SO011881,2,V00164,P0007,2025-08-28,ST003,1,95.21,Accepted,RR8,true
RT002397,SO011882,4,V00466,P0021,2025-08-21,ST018,1,278.95,Accepted,RR1,true
RT002398,SO011901,2,V00432,P0019,2025-08-21,ST004,1,250.95,Accepted,RR7,true
RT002399,SO011908,1,V00628,P0030,2025-08-30,ST009,1,100.46,Accepted,RR4,false
RT002400,SO011913,1,V00057,P0003,2025-08-21,ST011,2,197.94,Rejected,RR2,false
RT002401,SO011918,1,V00247,P0011,2025-08-31,ST013,1,157.95,Rejected,RR2,false
RT002402,SO011927,2,V00473,P0021,2025-08-30,ST017,1,278.95,Accepted,RR2,true
RT002403,SO011927,3,V00726,P0043,2025-09-12,ST017,1,118.11,Accepted,RR4,false
RT002404,SO011942,3,V00388,P0017,2025-08-20,ST003,1,159.95,Accepted,RR8,true
RT002405,SO011949,1,V00177,P0008,2025-08-25,ST002,1,81.57,Accepted,RR3,true
RT002406,SO011951,2,V00716,P0038,2025-08-28,ST004,1,476.95,Accepted,RR5,true
RT002407,SO011954,3,V00199,P0009,2025-08-28,ST004,1,119.95,Accepted,RR1,true
RT002408,SO011964,1,V00379,P0016,2025-09-11,ST007,1,164.21,Accepted,RR7,true
RT002409,SO011964,5,V00599,P0028,2025-09-07,ST007,1,93.95,Accepted,RR3,true
RT002410,SO011967,2,V00050,P0003,2025-09-03,ST008,2,247.42,Accepted,RR4,false
RT002411,SO011979,3,V00135,P0006,2025-08-19,ST013,1,138.51,Pending,RR8,false
RT002412,SO011980,3,V00307,P0013,2025-08-26,ST013,1,140.76,Accepted,RR5,true
RT002413,SO011990,1,V00419,P0018,2025-08-22,ST018,1,126.67,Accepted,RR7,true
RT002414,SO011991,1,V00228,P0010,2025-09-16,ST010,1,108.95,Accepted,RR2,true
RT002415,SO011991,2,V00188,P0008,2025-09-02,ST015,1,135.95,Accepted,RR7,true
RT002416,SO011993,2,V00201,P0009,2025-09-10,ST003,1,119.95,Accepted,RR7,true
RT002417,SO011997,1,V00597,P0028,2025-08-19,ST008,1,93.95,Accepted,RR3,true
RT002418,SO012001,2,V00137,P0006,2025-08-22,ST003,1,138.51,Rejected,RR7,false
RT002419,SO012007,2,V00280,P0012,2025-09-03,ST004,1,116.95,Pending,RR7,false
RT002420,SO012019,1,V00259,P0011,2025-08-25,ST008,1,126.36,Accepted,RR1,true
RT002421,SO012019,2,V00560,P0026,2025-09-28,ST008,1,52.95,Accepted,RR2,true
RT002422,SO012023,1,V00220,P0010,2025-08-31,ST010,1,92.61,Accepted,RR2,true
RT002423,SO012029,1,V00029,P0002,2025-08-21,ST011,1,152.76,Pending,RR6,false
RT002424,SO012035,2,V00362,P0016,2025-09-02,ST015,1,218.95,Accepted,RR7,true
RT002425,SO012037,3,V00569,P0027,2025-09-04,ST016,1,70.51,Accepted,RR2,true
RT002426,SO012043,1,V00718,P0039,2025-09-05,ST006,1,220.95,Accepted,RR8,true
RT002427,SO012049,1,V00465,P0021,2025-09-06,ST007,1,209.21,Accepted,RR1,true
RT002428,SO012050,1,V00610,P0029,2025-08-24,ST012,1,135.95,Rejected,RR1,false
RT002429,SO012058,1,V00259,P0011,2025-09-01,ST002,1,157.95,Accepted,RR6,true
RT002430,SO012081,1,V00613,P0029,2025-08-27,ST008,1,135.95,Rejected,RR3,false
RT002431,SO012082,1,V00646,P0031,2025-08-30,ST008,1,75.95,Accepted,RR4,false
RT002432,SO012103,1,V00089,P0004,2025-09-18,ST007,1,192.76,Accepted,RR7,true
RT002433,SO012108,1,V00233,P0010,2025-09-03,ST017,1,108.95,Rejected,RR7,false
RT002434,SO012109,2,V00004,P0001,2025-08-30,ST017,1,271.95,Accepted,RR1,true
RT002435,SO012114,1,V00670,P0032,2025-08-26,ST003,2,79.90,Accepted,RR7,true
RT002436,SO012114,3,V00126,P0006,2025-08-25,ST008,1,138.51,Rejected,RR1,false
RT002437,SO012115,1,V00067,P0003,2025-08-27,ST015,1,115.47,Accepted,RR5,true
RT002438,SO012118,2,V00080,P0004,2025-08-27,ST002,1,144.57,Accepted,RR3,true
RT002439,SO012122,1,V00646,P0031,2025-09-07,ST002,1,60.76,Accepted,RR4,false
RT002440,SO012122,2,V00737,P0049,2025-10-03,ST012,1,51.95,Accepted,RR1,true
RT002441,SO012127,2,V00232,P0010,2025-08-25,ST001,1,87.16,Accepted,RR4,false
RT002442,SO012141,1,V00633,P0030,2025-09-04,ST003,1,120.55,Accepted,RR4,false
RT002443,SO012146,1,V00247,P0011,2025-08-27,ST001,1,134.26,Accepted,RR6,true
RT002444,SO012154,1,V00376,P0016,2025-08-27,ST006,1,131.37,Accepted,RR2,true
RT002445,SO012155,1,V00208,P0009,2025-08-29,ST007,1,119.95,Accepted,RR4,false
RT002446,SO012163,1,V00246,P0011,2025-10-06,ST010,1,118.46,Accepted,RR1,true
RT002447,SO012188,3,V00175,P0008,2025-08-25,ST016,1,101.96,Accepted,RR3,true
RT002448,SO012193,2,V00317,P0014,2025-09-01,ST017,1,189.95,Rejected,RR3,false
RT002449,SO012205,2,V00164,P0007,2025-08-27,ST006,1,107.91,Accepted,RR7,true
RT002450,SO012216,1,V00009,P0001,2025-09-21,ST002,1,271.95,Accepted,RR1,true
RT002451,SO012220,5,V00734,P0047,2025-09-04,ST002,1,67.46,Accepted,RR2,true
RT002452,SO012221,1,V00196,P0009,2025-09-08,ST004,1,119.95,Accepted,RR5,true
RT002453,SO012231,3,V00042,P0002,2025-08-27,ST011,1,190.95,Accepted,RR7,true
RT002454,SO012235,2,V00173,P0008,2025-08-28,ST014,1,135.95,Accepted,RR7,true
RT002455,SO012250,3,V00640,P0031,2025-09-12,ST001,1,56.96,Accepted,RR1,true
RT002456,SO012259,2,V00502,P0023,2025-08-23,ST004,1,132.95,Accepted,RR6,true
RT002457,SO012268,1,V00078,P0004,2025-08-28,ST008,1,240.95,Accepted,RR3,true
RT002458,SO012275,1,V00731,P0046,2025-09-01,ST011,1,121.95,Accepted,RR1,true
RT002459,SO012279,1,V00141,P0006,2025-09-01,ST014,2,325.90,Accepted,RR4,false
RT002460,SO012284,2,V00697,P0034,2025-09-03,ST016,1,61.95,Pending,RR4,false
RT002461,SO012288,1,V00366,P0016,2025-08-25,ST017,1,131.37,Accepted,RR1,true
RT002462,SO012288,3,V00665,P0032,2025-09-07,ST017,1,39.95,Accepted,RR1,true
RT002463,SO012293,2,V00102,P0005,2025-09-06,ST012,1,93.77,Accepted,RR7,true
RT002464,SO012294,1,V00740,P0050,2025-08-23,ST006,1,215.95,Pending,RR7,false
RT002465,SO012294,3,V00032,P0002,2025-08-31,ST008,1,190.95,Accepted,RR5,true
RT002466,SO012295,1,V00726,P0043,2025-09-29,ST014,1,104.21,Accepted,RR2,true
RT002467,SO012296,1,V00675,P0033,2025-08-22,ST018,1,41.61,Accepted,RR7,true
RT002468,SO012299,1,V00670,P0032,2025-09-16,ST010,1,39.95,Accepted,RR1,true
RT002469,SO012301,3,V00245,P0011,2025-08-27,ST013,1,157.95,Rejected,RR4,false
RT002470,SO012304,1,V00503,P0023,2025-09-08,ST001,1,79.77,Accepted,RR6,true
RT002471,SO012306,1,V00706,P0034,2025-09-03,ST001,1,52.66,Accepted,RR5,true
RT002472,SO012309,1,V00028,P0002,2025-08-26,ST002,1,143.21,Accepted,RR1,true
RT002473,SO012320,1,V00615,P0029,2025-08-30,ST006,1,95.17,Accepted,RR8,true
RT002474,SO012329,2,V00207,P0009,2025-09-14,ST010,1,95.96,Accepted,RR6,true
RT002475,SO012338,1,V00221,P0010,2025-09-15,ST013,1,92.61,Pending,RR4,false
RT002476,SO012340,1,V00015,P0001,2025-09-06,ST014,1,231.16,Accepted,RR1,true
RT002477,SO012344,1,V00730,P0045,2025-09-01,ST017,1,93.95,Accepted,RR3,true
RT002478,SO012345,1,V00034,P0002,2025-08-24,ST017,1,190.95,Accepted,RR3,true
RT002479,SO012346,1,V00731,P0046,2025-09-17,ST018,1,97.56,Accepted,RR5,true
RT002480,SO012351,1,V00744,P0052,2025-09-05,ST001,1,131.95,Accepted,RR7,true
RT002481,SO012352,2,V00170,P0008,2025-08-29,ST012,1,108.76,Accepted,RR7,true
RT002482,SO012353,4,V00615,P0029,2025-09-05,ST015,1,135.95,Accepted,RR7,true
RT002483,SO012353,5,V00466,P0021,2025-09-05,ST008,1,237.11,Accepted,RR3,true
RT002484,SO012362,2,V00739,P0050,2025-08-27,ST014,1,215.95,Accepted,RR2,true
RT002485,SO012369,1,V00272,P0012,2025-09-12,ST006,1,93.56,Accepted,RR1,true
RT002486,SO012371,1,V00519,P0024,2025-08-26,ST006,1,122.95,Accepted,RR7,true
RT002487,SO012372,2,V00716,P0038,2025-09-13,ST007,1,286.17,Accepted,RR1,true
RT002488,SO012373,3,V00271,P0012,2025-08-29,ST007,1,99.41,Accepted,RR8,true
RT002489,SO012387,1,V00726,P0043,2025-09-01,ST005,1,97.27,Accepted,RR2,true
RT002490,SO012391,3,V00139,P0006,2025-09-01,ST017,1,162.95,Accepted,RR2,true
RT002491,SO012393,2,V00211,P0009,2025-09-11,ST018,1,119.95,Rejected,RR7,false
RT002492,SO012397,1,V00270,P0012,2025-09-10,ST007,2,175.42,Accepted,RR6,true
RT002493,SO012400,4,V00741,P0051,2025-08-30,ST011,1,73.95,Accepted,RR1,true
RT002494,SO012415,1,V00702,P0034,2025-09-10,ST005,1,49.56,Rejected,RR6,false
RT002495,SO012420,1,V00728,P0044,2025-10-01,ST007,1,115.95,Accepted,RR7,true
RT002496,SO012421,4,V00151,P0007,2025-10-10,ST007,1,95.21,Accepted,RR1,true
RT002497,SO012422,2,V00709,P0035,2025-09-24,ST008,1,135.07,Pending,RR3,false
RT002498,SO012424,1,V00080,P0004,2025-09-09,ST009,1,180.71,Accepted,RR1,true
RT002499,SO012433,1,V00621,P0030,2025-09-08,ST012,1,113.86,Accepted,RR2,true
RT002500,SO012443,1,V00245,P0011,2025-08-28,ST013,1,157.95,Accepted,RR7,true
RT002501,SO012451,3,V00221,P0010,2025-09-05,ST001,1,108.95,Accepted,RR6,true
RT002502,SO012455,1,V00549,P0026,2025-09-13,ST001,1,52.95,Accepted,RR2,true
RT002503,SO012459,1,V00100,P0005,2025-09-09,ST002,1,107.16,Accepted,RR7,true
RT002504,SO012460,1,V00387,P0017,2025-09-19,ST002,1,135.96,Rejected,RR5,false
RT002505,SO012465,2,V00078,P0004,2025-09-15,ST003,1,240.95,Accepted,RR7,true
RT002506,SO012467,1,V00580,P0027,2025-10-12,ST004,1,82.95,Accepted,RR6,true
RT002507,SO012473,1,V00005,P0001,2025-08-29,ST004,1,271.95,Accepted,RR2,true
RT002508,SO012479,1,V00032,P0002,2025-09-15,ST005,1,190.95,Accepted,RR8,true
RT002509,SO012483,1,V00065,P0003,2025-09-14,ST006,1,164.95,Pending,RR8,false
RT002510,SO012488,3,V00452,P0020,2025-09-09,ST007,1,340.76,Pending,RR8,false
RT002511,SO012506,3,V00203,P0009,2025-09-02,ST012,1,119.95,Accepted,RR2,true
RT002512,SO012519,1,V00068,P0003,2025-08-27,ST018,1,164.95,Rejected,RR8,false
RT002513,SO012520,1,V00009,P0001,2025-08-31,ST018,1,203.96,Rejected,RR1,false
RT002514,SO012521,1,V00199,P0009,2025-08-30,ST018,1,89.96,Accepted,RR7,true
RT002515,SO012525,1,V00270,P0012,2025-09-11,ST005,1,116.95,Pending,RR7,false
RT002516,SO012527,4,V00037,P0002,2025-08-31,ST008,1,114.57,Accepted,RR3,true
RT002517,SO012529,3,V00459,P0021,2025-08-25,ST009,1,209.21,Rejected,RR7,false
RT002518,SO012532,4,V00740,P0050,2025-08-26,ST001,2,259.14,Accepted,RR4,false
RT002519,SO012534,4,V00741,P0051,2025-08-27,ST001,1,73.95,Accepted,RR4,false
RT002520,SO012536,1,V00009,P0001,2025-09-17,ST001,1,231.16,Accepted,RR1,true
RT002521,SO012548,1,V00233,P0010,2025-09-23,ST005,1,76.27,Pending,RR3,false
RT002522,SO012549,1,V00294,P0013,2025-09-12,ST006,1,175.95,Accepted,RR3,true
RT002523,SO012549,2,V00329,P0014,2025-09-07,ST006,1,113.97,Accepted,RR7,true
RT002524,SO012552,1,V00358,P0015,2025-09-28,ST006,1,164.96,Accepted,RR1,true
RT002525,SO012552,2,V00280,P0012,2025-09-12,ST006,1,116.95,Accepted,RR7,true
RT002526,SO012553,1,V00542,P0025,2025-08-29,ST006,1,95.95,Accepted,RR8,true
RT002527,SO012553,2,V00118,P0005,2025-09-03,ST006,1,133.95,Pending,RR8,false
RT002528,SO012554,3,V00051,P0003,2025-08-30,ST008,1,164.95,Accepted,RR3,true
RT002529,SO012564,2,V00162,P0007,2025-09-21,ST010,1,126.95,Accepted,RR2,true
RT002530,SO012566,1,V00161,P0007,2025-08-26,ST011,2,253.90,Accepted,RR1,true
RT002531,SO012570,2,V00663,P0032,2025-09-08,ST011,1,39.95,Accepted,RR2,true
RT002532,SO012572,2,V00256,P0011,2025-09-16,ST012,1,157.95,Accepted,RR4,false
RT002533,SO012574,2,V00138,P0006,2025-09-04,ST012,1,122.21,Rejected,RR3,false
RT002534,SO012582,2,V00712,P0036,2025-09-11,ST013,1,151.26,Accepted,RR1,true
RT002535,SO012588,2,V00018,P0001,2025-08-27,ST016,1,217.56,Accepted,RR1,true
RT002536,SO012589,5,V00569,P0027,2025-09-18,ST017,1,82.95,Accepted,RR1,true
RT002537,SO012592,1,V00672,P0032,2025-09-02,ST017,1,39.95,Accepted,RR6,true
RT002538,SO012599,5,V00399,P0017,2025-09-07,ST018,1,159.95,Accepted,RR7,true
RT002539,SO012603,1,V00052,P0003,2025-08-27,ST008,1,164.95,Accepted,RR7,true
RT002540,SO012603,2,V00209,P0009,2025-09-03,ST007,1,119.95,Rejected,RR6,false
RT002541,SO012606,2,V00030,P0002,2025-09-18,ST001,1,190.95,Accepted,RR7,true
RT002542,SO012610,2,V00256,P0011,2025-09-05,ST001,1,110.57,Accepted,RR7,true
RT002543,SO012612,1,V00532,P0025,2025-09-15,ST001,2,191.90,Accepted,RR7,true
RT002544,SO012621,3,V00404,P0018,2025-09-19,ST005,1,180.95,Accepted,RR1,true
RT002545,SO012624,1,V00743,P0052,2025-09-12,ST006,1,105.56,Accepted,RR1,true
RT002546,SO012636,1,V00221,P0010,2025-09-10,ST011,1,108.95,Accepted,RR3,true
RT002547,SO012637,3,V00738,P0049,2025-09-13,ST011,1,51.95,Accepted,RR2,true
RT002548,SO012640,2,V00160,P0007,2025-09-04,ST011,1,88.87,Accepted,RR7,true
RT002549,SO012655,4,V00460,P0021,2025-09-06,ST001,1,278.95,Accepted,RR6,true
RT002550,SO012660,2,V00710,P0035,2025-09-05,ST001,1,192.95,Accepted,RR2,true
RT002551,SO012661,1,V00495,P0023,2025-09-22,ST001,1,93.07,Accepted,RR3,true
RT002552,SO012665,1,V00308,P0013,2025-09-05,ST001,1,140.76,Accepted,RR1,true
RT002553,SO012665,2,V00246,P0011,2025-09-14,ST001,3,379.08,Rejected,RR7,false
RT002554,SO012676,3,V00089,P0004,2025-09-09,ST005,1,144.57,Accepted,RR5,true
RT002555,SO012681,1,V00467,P0021,2025-09-28,ST006,2,334.74,Accepted,RR4,false
RT002556,SO012684,2,V00460,P0021,2025-09-05,ST007,1,278.95,Rejected,RR4,false
RT002557,SO012691,1,V00495,P0023,2025-09-11,ST010,1,106.36,Accepted,RR7,true
RT002558,SO012696,2,V00484,P0022,2025-09-24,ST012,1,439.95,Accepted,RR7,true
RT002559,SO012697,1,V00176,P0008,2025-09-03,ST012,1,108.76,Accepted,RR8,true
RT002560,SO012698,1,V00555,P0026,2025-09-09,ST013,1,42.36,Accepted,RR1,true
RT002561,SO012703,1,V00550,P0026,2025-09-11,ST015,1,52.95,Accepted,RR7,true
RT002562,SO012713,3,V00541,P0025,2025-09-03,ST017,1,81.56,Accepted,RR8,true
RT002563,SO012727,1,V00620,P0030,2025-09-07,ST017,1,120.55,Accepted,RR3,true
RT002564,SO012729,2,V00117,P0005,2025-09-05,ST006,1,80.37,Rejected,RR6,false
RT002565,SO012730,2,V00310,P0013,2025-08-30,ST006,1,175.95,Accepted,RR3,true
RT002566,SO012739,5,V00282,P0012,2025-09-08,ST011,1,93.56,Accepted,RR1,true
RT002567,SO012751,4,V00713,P0037,2025-09-12,ST015,1,228.95,Accepted,RR5,true
RT002568,SO012754,3,V00222,P0010,2025-09-21,ST016,1,76.27,Accepted,RR4,false
RT002569,SO012761,4,V00519,P0024,2025-08-29,ST009,1,122.95,Accepted,RR4,false
RT002570,SO012764,1,V00185,P0008,2025-09-07,ST001,1,81.57,Accepted,RR2,true
RT002571,SO012765,1,V00115,P0005,2025-09-06,ST012,1,113.86,Accepted,RR3,true
RT002572,SO012786,2,V00124,P0006,2025-09-16,ST008,1,122.21,Pending,RR1,false
RT002573,SO012813,3,V00638,P0031,2025-09-03,ST015,1,75.95,Accepted,RR2,true
RT002574,SO012815,2,V00220,P0010,2025-09-25,ST002,1,81.71,Accepted,RR2,true
RT002575,SO012818,1,V00525,P0024,2025-09-12,ST017,1,98.36,Accepted,RR3,true
RT002576,SO012818,3,V00574,P0027,2025-09-14,ST007,1,70.51,Accepted,RR1,true
RT002577,SO012820,2,V00591,P0028,2025-09-19,ST006,1,93.95,Accepted,RR2,true
RT002578,SO012821,1,V00179,P0008,2025-09-06,ST015,1,135.95,Accepted,RR2,true
RT002579,SO012821,2,V00041,P0002,2025-09-19,ST012,1,162.31,Accepted,RR7,true
RT002580,SO012825,1,V00409,P0018,2025-09-06,ST008,1,153.81,Accepted,RR4,false
RT002581,SO012825,4,V00724,P0042,2025-09-07,ST003,1,251.27,Accepted,RR5,true
RT002582,SO012830,2,V00591,P0028,2025-09-16,ST001,1,93.95,Accepted,RR7,true
RT002583,SO012835,5,V00005,P0001,2025-09-05,ST008,1,271.95,Accepted,RR1,true
RT002584,SO012840,2,V00647,P0031,2025-09-10,ST005,1,75.95,Pending,RR8,false
RT002585,SO012856,1,V00669,P0032,2025-09-21,ST011,1,39.95,Accepted,RR3,true
RT002586,SO012862,1,V00340,P0015,2025-09-18,ST015,1,219.95,Rejected,RR7,false
RT002587,SO012863,1,V00693,P0034,2025-09-09,ST015,1,61.95,Accepted,RR7,true
RT002588,SO012869,1,V00404,P0018,2025-09-08,ST006,1,180.95,Accepted,RR7,true
RT002589,SO012869,2,V00056,P0003,2025-09-08,ST005,1,164.95,Accepted,RR2,true
RT002590,SO012872,1,V00724,P0042,2025-09-06,ST013,1,215.37,Accepted,RR3,true
RT002591,SO012874,1,V00716,P0038,2025-09-12,ST013,1,333.87,Accepted,RR7,true
RT002592,SO012874,2,V00267,P0012,2025-09-26,ST002,1,81.87,Pending,RR7,false
RT002593,SO012879,3,V00108,P0005,2025-09-18,ST001,1,100.46,Accepted,RR1,true
RT002594,SO012880,1,V00152,P0007,2025-09-17,ST001,1,76.17,Accepted,RR3,true
RT002595,SO012886,1,V00032,P0002,2025-09-07,ST002,1,143.21,Accepted,RR7,true
RT002596,SO012890,3,V00560,P0026,2025-09-17,ST003,1,45.01,Accepted,RR7,true
RT002597,SO012894,3,V00094,P0004,2025-10-02,ST004,1,240.95,Accepted,RR1,true
RT002598,SO012895,1,V00351,P0015,2025-09-22,ST004,1,219.95,Accepted,RR1,true
RT002599,SO012898,2,V00715,P0038,2025-09-04,ST004,1,476.95,Accepted,RR6,true
RT002600,SO012901,2,V00610,P0029,2025-09-09,ST005,1,135.95,Accepted,RR1,true
RT002601,SO012905,4,V00124,P0006,2025-09-04,ST001,1,162.95,Accepted,RR5,true
RT002602,SO012909,1,V00135,P0006,2025-09-25,ST007,1,138.51,Pending,RR3,false
RT002603,SO012911,1,V00585,P0028,2025-09-11,ST008,1,93.95,Accepted,RR1,true
RT002604,SO012919,3,V00623,P0030,2025-09-03,ST009,1,93.77,Pending,RR7,false
RT002605,SO012919,4,V00234,P0010,2025-09-10,ST009,1,76.27,Pending,RR6,false
RT002606,SO012927,2,V00521,P0024,2025-09-01,ST001,1,92.21,Accepted,RR1,true
RT002607,SO012928,1,V00707,P0034,2025-09-09,ST011,1,61.95,Accepted,RR2,true
RT002608,SO012931,1,V00305,P0013,2025-09-13,ST012,1,175.95,Accepted,RR2,true
RT002609,SO012939,1,V00660,P0032,2025-09-04,ST015,1,39.95,Accepted,RR4,false
RT002610,SO012941,1,V00131,P0006,2025-09-21,ST016,1,162.95,Accepted,RR5,true
RT002611,SO012942,1,V00560,P0026,2025-09-08,ST016,1,52.95,Accepted,RR1,true
RT002612,SO012947,2,V00716,P0038,2025-09-18,ST017,1,476.95,Accepted,RR4,false
RT002613,SO012948,1,V00410,P0018,2025-09-13,ST017,1,126.67,Accepted,RR7,true
RT002614,SO012950,1,V00738,P0049,2025-09-08,ST018,1,36.37,Accepted,RR7,true
RT002615,SO012955,2,V00471,P0021,2025-09-04,ST001,1,278.95,Pending,RR7,false
RT002616,SO012955,3,V00652,P0031,2025-09-07,ST012,1,75.95,Accepted,RR7,true
RT002617,SO012968,1,V00140,P0006,2025-09-28,ST010,1,162.95,Accepted,RR4,false
RT002618,SO012971,4,V00090,P0004,2025-09-04,ST004,1,204.81,Accepted,RR7,true
RT002619,SO012972,1,V00183,P0008,2025-09-18,ST003,1,115.56,Accepted,RR4,false
RT002620,SO012973,1,V00117,P0005,2025-09-11,ST004,1,80.37,Pending,RR4,false
RT002621,SO012981,2,V00460,P0021,2025-09-24,ST005,1,278.95,Accepted,RR1,true
RT002622,SO012985,2,V00465,P0021,2025-09-17,ST006,1,278.95,Pending,RR1,false
RT002623,SO013002,1,V00282,P0012,2025-09-09,ST011,1,87.71,Accepted,RR1,true
RT002624,SO013010,2,V00362,P0016,2025-09-12,ST013,1,218.95,Accepted,RR7,true
RT002625,SO013025,1,V00499,P0023,2025-09-18,ST018,1,99.71,Accepted,RR2,true
RT002626,SO013034,1,V00331,P0014,2025-09-20,ST001,1,189.95,Accepted,RR7,true
RT002627,SO013036,2,V00729,P0045,2025-10-14,ST004,1,93.95,Accepted,RR6,true
RT002628,SO013047,1,V00050,P0003,2025-09-09,ST005,1,164.95,Accepted,RR1,true
RT002629,SO013051,2,V00264,P0011,2025-09-18,ST006,1,134.26,Accepted,RR8,true
RT002630,SO013053,1,V00645,P0031,2025-09-18,ST007,1,75.95,Accepted,RR4,false
RT002631,SO013081,4,V00518,P0024,2025-09-23,ST009,1,122.95,Pending,RR4,false
RT002632,SO013084,2,V00610,P0029,2025-09-11,ST016,1,108.76,Accepted,RR5,true
RT002633,SO013085,1,V00722,P0041,2025-09-30,ST012,1,211.95,Accepted,RR7,true
RT002634,SO013098,3,V00246,P0011,2025-09-13,ST004,1,157.95,Accepted,RR7,true
RT002635,SO013101,2,V00318,P0014,2025-09-16,ST005,1,189.95,Accepted,RR7,true
RT002636,SO013105,1,V00352,P0015,2025-09-27,ST007,1,219.95,Pending,RR2,false
RT002637,SO013106,2,V00699,P0034,2025-09-28,ST007,1,55.75,Rejected,RR3,false
RT002638,SO013110,1,V00561,P0026,2025-09-13,ST010,1,52.95,Accepted,RR4,false
RT002639,SO013110,2,V00085,P0004,2025-09-12,ST010,3,722.85,Accepted,RR7,true
RT002640,SO013118,2,V00186,P0008,2025-10-15,ST013,1,115.56,Pending,RR2,false
RT002641,SO013120,1,V00018,P0001,2025-09-09,ST014,1,271.95,Pending,RR3,false
RT002642,SO013122,1,V00464,P0021,2025-10-03,ST002,1,278.95,Accepted,RR8,true
RT002643,SO013124,2,V00678,P0033,2025-10-06,ST015,1,48.95,Accepted,RR8,true
RT002644,SO013129,4,V00283,P0012,2025-09-18,ST018,2,233.90,Accepted,RR3,true
RT002645,SO013134,1,V00636,P0030,2025-10-12,ST003,1,133.95,Accepted,RR7,true
RT002646,SO013136,1,V00085,P0004,2025-09-05,ST017,2,481.90,Accepted,RR7,true
RT002647,SO013144,2,V00568,P0027,2025-09-20,ST001,1,82.95,Accepted,RR1,true
RT002648,SO013155,2,V00681,P0033,2025-09-05,ST005,1,48.95,Accepted,RR7,true
RT002649,SO013155,4,V00650,P0031,2025-09-15,ST005,1,75.95,Accepted,RR3,true
RT002650,SO013156,1,V00605,P0029,2025-09-18,ST007,1,135.95,Accepted,RR4,false
RT002651,SO013182,1,V00276,P0012,2025-09-15,ST007,1,116.95,Accepted,RR4,false
RT002652,SO013187,3,V00463,P0021,2025-09-12,ST002,1,251.05,Accepted,RR1,true
RT002653,SO013189,1,V00327,P0014,2025-09-17,ST001,1,161.46,Accepted,RR7,true
RT002654,SO013201,1,V00032,P0002,2025-09-15,ST008,3,572.85,Accepted,RR7,true
RT002655,SO013207,2,V00267,P0012,2025-09-30,ST011,1,99.41,Accepted,RR2,true
RT002656,SO013216,5,V00125,P0006,2025-09-09,ST016,1,162.95,Accepted,RR4,false
RT002657,SO013221,1,V00508,P0023,2025-10-21,ST018,1,132.95,Accepted,RR1,true
RT002658,SO013222,1,V00574,P0027,2025-10-14,ST004,1,82.95,Accepted,RR1,true
RT002659,SO013222,5,V00454,P0020,2025-09-13,ST003,1,425.95,Accepted,RR4,false
RT002660,SO013223,2,V00149,P0007,2025-09-26,ST003,1,126.95,Rejected,RR2,false
RT002661,SO013229,1,V00680,P0033,2025-09-07,ST013,1,48.95,Accepted,RR8,true
RT002662,SO013230,1,V00530,P0025,2025-09-23,ST001,1,95.95,Accepted,RR8,true
RT002663,SO013235,3,V00352,P0015,2025-09-27,ST003,1,219.95,Rejected,RR1,false
RT002664,SO013235,5,V00367,P0016,2025-09-11,ST003,1,218.95,Accepted,RR8,true
RT002665,SO013236,1,V00432,P0019,2025-10-09,ST003,1,250.95,Accepted,RR4,false
RT002666,SO013236,4,V00591,P0028,2025-09-15,ST003,1,79.86,Accepted,RR2,true
RT002667,SO013242,1,V00280,P0012,2025-10-04,ST005,1,116.95,Accepted,RR1,true
RT002668,SO013254,2,V00661,P0032,2025-09-10,ST011,1,39.95,Accepted,RR4,false
RT002669,SO013256,2,V00373,P0016,2025-09-11,ST004,1,218.95,Accepted,RR7,true
RT002670,SO013260,1,V00004,P0001,2025-09-21,ST014,1,271.95,Pending,RR1,false
RT002671,SO013274,1,V00531,P0025,2025-09-17,ST015,1,95.95,Accepted,RR8,true
RT002672,SO013277,4,V00257,P0011,2025-09-23,ST001,1,157.95,Accepted,RR4,false
RT002673,SO013288,3,V00508,P0023,2025-10-01,ST003,1,132.95,Accepted,RR2,true
RT002674,SO013289,1,V00676,P0033,2025-09-12,ST004,1,48.95,Pending,RR8,false
RT002675,SO013293,2,V00196,P0009,2025-09-25,ST018,1,119.95,Accepted,RR5,true
RT002676,SO013308,1,V00722,P0041,2025-09-08,ST008,1,211.95,Accepted,RR8,true
RT002677,SO013310,1,V00091,P0004,2025-10-03,ST008,1,240.95,Pending,RR8,false
RT002678,SO013311,1,V00059,P0003,2025-09-23,ST009,1,164.95,Rejected,RR7,false
RT002679,SO013314,2,V00223,P0010,2025-09-28,ST008,2,217.90,Accepted,RR2,true
RT002680,SO013315,1,V00669,P0032,2025-10-20,ST010,1,39.95,Accepted,RR1,true
RT002681,SO013316,1,V00447,P0020,2025-09-15,ST010,1,425.95,Accepted,RR7,true
RT002682,SO013324,1,V00184,P0008,2025-09-24,ST011,1,135.95,Accepted,RR3,true
RT002683,SO013346,1,V00494,P0023,2025-10-09,ST017,1,132.95,Accepted,RR2,true
RT002684,SO013353,1,V00740,P0050,2025-09-22,ST013,1,215.95,Accepted,RR4,false
RT002685,SO013356,1,V00723,P0042,2025-10-08,ST004,1,305.11,Accepted,RR5,true
RT002686,SO013357,2,V00284,P0012,2025-09-17,ST018,1,116.95,Accepted,RR7,true
RT002687,SO013359,1,V00341,P0015,2025-09-24,ST003,1,219.95,Accepted,RR1,true
RT002688,SO013363,1,V00542,P0025,2025-09-11,ST005,1,95.95,Accepted,RR4,false
RT002689,SO013368,3,V00464,P0021,2025-10-23,ST001,1,223.16,Accepted,RR7,true
RT002690,SO013371,4,V00500,P0023,2025-09-12,ST001,1,132.95,Accepted,RR8,true
RT002691,SO013378,3,V00068,P0003,2025-10-09,ST003,1,164.95,Accepted,RR5,true
RT002692,SO013378,5,V00644,P0031,2025-10-03,ST003,1,75.95,Accepted,RR1,true
RT002693,SO013386,2,V00016,P0001,2025-10-02,ST005,1,271.95,Pending,RR1,false
RT002694,SO013394,2,V00326,P0014,2025-09-17,ST006,1,189.95,Accepted,RR5,true
RT002695,SO013397,1,V00735,P0048,2025-09-16,ST007,1,83.95,Accepted,RR4,false
RT002696,SO013397,2,V00502,P0023,2025-09-19,ST007,1,132.95,Accepted,RR3,true
RT002697,SO013405,1,V00635,P0030,2025-09-10,ST010,1,133.95,Accepted,RR4,false
RT002698,SO013412,1,V00542,P0025,2025-09-17,ST011,1,95.95,Pending,RR5,false
RT002699,SO013423,2,V00584,P0028,2025-10-10,ST014,1,93.95,Accepted,RR3,true
RT002700,SO013423,3,V00356,P0015,2025-09-11,ST014,1,219.95,Accepted,RR3,true
RT002701,SO013426,2,V00729,P0045,2025-09-13,ST015,1,93.95,Accepted,RR2,true
RT002702,SO013427,3,V00064,P0003,2025-09-20,ST015,1,164.95,Accepted,RR3,true
RT002703,SO013430,1,V00551,P0026,2025-10-11,ST014,1,52.95,Accepted,RR5,true
RT002704,SO013434,1,V00076,P0004,2025-09-19,ST017,1,240.95,Accepted,RR8,true
RT002705,SO013438,1,V00445,P0020,2025-09-13,ST016,1,425.95,Accepted,RR6,true
RT002706,SO013439,1,V00645,P0031,2025-09-24,ST017,1,75.95,Accepted,RR1,true
RT002707,SO013441,1,V00198,P0009,2025-10-02,ST008,1,119.95,Accepted,RR7,true
RT002708,SO013445,1,V00041,P0002,2025-09-19,ST018,1,190.95,Accepted,RR5,true
RT002709,SO013447,1,V00453,P0020,2025-09-26,ST007,1,425.95,Accepted,RR7,true
RT002710,SO013447,2,V00124,P0006,2025-09-15,ST005,1,162.95,Accepted,RR2,true
RT002711,SO013453,3,V00711,P0036,2025-10-22,ST001,1,151.26,Accepted,RR1,true
RT002712,SO013457,1,V00187,P0008,2025-09-21,ST003,1,135.95,Accepted,RR2,true
RT002713,SO013460,1,V00675,P0033,2025-09-19,ST004,1,48.95,Accepted,RR3,true
RT002714,SO013469,3,V00716,P0038,2025-09-23,ST006,1,476.95,Accepted,RR2,true
RT002715,SO013472,1,V00495,P0023,2025-09-24,ST007,1,113.01,Pending,RR4,false
RT002716,SO013474,1,V00629,P0030,2025-10-25,ST008,1,133.95,Accepted,RR4,false
RT002717,SO013474,3,V00421,P0019,2025-09-25,ST008,1,250.95,Accepted,RR7,true
RT002718,SO013476,1,V00030,P0002,2025-09-14,ST007,1,190.95,Accepted,RR1,true
RT002719,SO013478,4,V00245,P0011,2025-10-09,ST010,1,157.95,Accepted,RR4,false
RT002720,SO013479,2,V00365,P0016,2025-09-10,ST010,1,218.95,Accepted,RR7,true
RT002721,SO013481,1,V00725,P0043,2025-09-24,ST011,1,138.95,Accepted,RR7,true
RT002722,SO013482,2,V00725,P0043,2025-09-18,ST011,1,138.95,Accepted,RR8,true
RT002723,SO013483,1,V00483,P0022,2025-09-27,ST011,1,439.95,Accepted,RR3,true
RT002724,SO013486,1,V00453,P0020,2025-09-26,ST012,1,425.95,Accepted,RR4,false
RT002725,SO013490,5,V00470,P0021,2025-09-20,ST015,1,278.95,Accepted,RR6,true
RT002726,SO013493,1,V00275,P0012,2025-10-13,ST002,1,116.95,Pending,RR2,false
RT002727,SO013498,1,V00735,P0048,2025-10-19,ST006,1,83.95,Rejected,RR6,false
RT002728,SO013499,1,V00093,P0004,2025-09-14,ST005,1,240.95,Accepted,RR1,true
RT002729,SO013503,4,V00366,P0016,2025-09-11,ST005,1,218.95,Accepted,RR3,true
RT002730,SO013518,1,V00034,P0002,2025-09-27,ST017,1,190.95,Accepted,RR1,true
RT002731,SO013524,1,V00739,P0050,2025-09-25,ST010,1,194.35,Accepted,RR4,false
RT002732,SO013528,1,V00003,P0001,2025-09-18,ST011,1,271.95,Accepted,RR1,true
RT002733,SO013529,3,V00242,P0011,2025-09-25,ST011,2,315.90,Accepted,RR7,true
RT002734,SO013530,1,V00489,P0022,2025-09-27,ST012,1,439.95,Accepted,RR5,true
RT002735,SO013538,1,V00521,P0024,2025-09-22,ST016,1,122.95,Accepted,RR7,true
RT002736,SO013541,1,V00300,P0013,2025-09-16,ST018,1,175.95,Rejected,RR3,false
RT002737,SO013542,1,V00725,P0043,2025-09-25,ST003,1,138.95,Accepted,RR8,true
RT002738,SO013552,3,V00140,P0006,2025-09-29,ST003,1,162.95,Accepted,RR8,true
RT002739,SO013565,1,V00524,P0024,2025-10-23,ST006,1,122.95,Accepted,RR8,true
RT002740,SO013580,2,V00696,P0034,2025-10-10,ST015,1,61.95,Accepted,RR1,true
RT002741,SO013586,2,V00507,P0023,2025-09-21,ST001,1,132.95,Accepted,RR6,true
RT002742,SO013588,2,V00621,P0030,2025-10-06,ST018,1,133.95,Accepted,RR7,true
RT002743,SO013598,1,V00575,P0027,2025-09-17,ST001,1,82.95,Accepted,RR7,true
RT002744,SO013601,3,V00575,P0027,2025-09-20,ST003,1,82.95,Accepted,RR1,true
RT002745,SO013601,4,V00580,P0027,2025-09-21,ST017,1,66.36,Pending,RR7,false
RT002746,SO013611,1,V00291,P0013,2025-10-07,ST010,1,175.95,Accepted,RR7,true
RT002747,SO013613,2,V00103,P0005,2025-10-04,ST013,1,133.95,Accepted,RR3,true
RT002748,SO013619,1,V00569,P0027,2025-10-06,ST013,1,82.95,Accepted,RR3,true
RT002749,SO013619,3,V00399,P0017,2025-09-20,ST013,2,319.90,Accepted,RR2,true
RT002750,SO013625,3,V00458,P0021,2025-09-18,ST016,1,223.16,Accepted,RR7,true
RT002751,SO013631,2,V00256,P0011,2025-09-16,ST018,1,157.95,Accepted,RR8,true
RT002752,SO013634,1,V00170,P0008,2025-09-26,ST015,1,135.95,Accepted,RR1,true
RT002753,SO013638,3,V00543,P0025,2025-09-27,ST012,1,95.95,Accepted,RR4,false
RT002754,SO013646,1,V00598,P0028,2025-09-19,ST002,1,93.95,Rejected,RR8,false
RT002755,SO013648,1,V00279,P0012,2025-10-12,ST018,1,116.95,Rejected,RR7,false
RT002756,SO013651,1,V00254,P0011,2025-10-01,ST003,1,157.95,Accepted,RR1,true
RT002757,SO013658,1,V00291,P0013,2025-10-05,ST004,1,175.95,Accepted,RR8,true
RT002758,SO013663,1,V00579,P0027,2025-09-21,ST005,1,82.95,Accepted,RR5,true
RT002759,SO013665,1,V00235,P0010,2025-09-29,ST006,1,108.95,Accepted,RR4,false
RT002760,SO013673,3,V00038,P0002,2025-10-01,ST011,1,190.95,Rejected,RR5,false
RT002761,SO013680,1,V00220,P0010,2025-09-23,ST014,1,108.95,Accepted,RR1,true
RT002762,SO013682,3,V00711,P0036,2025-09-14,ST016,1,177.95,Accepted,RR2,true
RT002763,SO013690,1,V00425,P0019,2025-10-23,ST017,1,250.95,Accepted,RR1,true
RT002764,SO013691,1,V00090,P0004,2025-09-17,ST001,1,240.95,Accepted,RR1,true
RT002765,SO013691,4,V00459,P0021,2025-10-10,ST004,1,278.95,Accepted,RR4,false
RT002766,SO013693,1,V00123,P0006,2025-09-25,ST013,1,162.95,Accepted,RR1,true
RT002767,SO013694,3,V00202,P0009,2025-10-14,ST018,1,119.95,Accepted,RR4,false
RT002768,SO013694,4,V00699,P0034,2025-10-01,ST011,2,123.90,Accepted,RR3,true
RT002769,SO013698,2,V00615,P0029,2025-09-23,ST003,1,135.95,Accepted,RR7,true
RT002770,SO013711,1,V00018,P0001,2025-09-19,ST005,1,271.95,Accepted,RR1,true
RT002771,SO013713,1,V00580,P0027,2025-10-08,ST005,1,82.95,Accepted,RR2,true
RT002772,SO013726,4,V00538,P0025,2025-09-26,ST010,1,95.95,Accepted,RR7,true
RT002773,SO013735,1,V00102,P0005,2025-09-24,ST012,1,133.95,Accepted,RR7,true
RT002774,SO013736,2,V00436,P0019,2025-10-04,ST012,1,250.95,Accepted,RR5,true
RT002775,SO013736,5,V00233,P0010,2025-09-15,ST012,1,108.95,Accepted,RR8,true
RT002776,SO013737,2,V00731,P0046,2025-09-30,ST012,2,243.90,Accepted,RR7,true
RT002777,SO013741,3,V00719,P0040,2025-10-11,ST013,1,339.95,Accepted,RR2,true
RT002778,SO013748,2,V00646,P0031,2025-09-24,ST015,1,75.95,Accepted,RR1,true
RT002779,SO013749,1,V00143,P0006,2025-10-04,ST015,1,146.65,Accepted,RR7,true
RT002780,SO013752,4,V00710,P0035,2025-11-01,ST015,1,192.95,Accepted,RR3,true
RT002781,SO013754,1,V00719,P0040,2025-09-20,ST016,1,288.96,Pending,RR7,false
RT002782,SO013759,2,V00710,P0035,2025-09-25,ST018,1,173.65,Accepted,RR1,true
RT002783,SO013762,3,V00429,P0019,2025-09-26,ST006,1,250.95,Accepted,RR6,true
RT002784,SO013763,2,V00363,P0016,2025-09-20,ST017,1,218.95,Accepted,RR7,true
RT002785,SO013764,2,V00162,P0007,2025-09-29,ST009,1,126.95,Accepted,RR7,true
RT002786,SO013768,1,V00453,P0020,2025-10-07,ST008,1,425.95,Accepted,RR1,true
RT002787,SO013771,2,V00147,P0007,2025-09-16,ST017,1,126.95,Accepted,RR4,false
RT002788,SO013774,2,V00109,P0005,2025-10-01,ST001,1,133.95,Accepted,RR4,false
RT002789,SO013779,1,V00161,P0007,2025-10-28,ST016,1,126.95,Accepted,RR1,true
RT002790,SO013784,2,V00597,P0028,2025-10-08,ST004,1,75.16,Accepted,RR6,true
RT002791,SO013788,1,V00683,P0033,2025-09-26,ST004,1,41.61,Accepted,RR3,true
RT002792,SO013790,1,V00217,P0010,2025-10-09,ST005,1,108.95,Accepted,RR2,true
RT002793,SO013791,1,V00082,P0004,2025-09-26,ST006,1,240.95,Rejected,RR1,false
RT002794,SO013795,2,V00018,P0001,2025-10-25,ST008,1,271.95,Accepted,RR5,true
RT002795,SO013805,1,V00721,P0041,2025-10-31,ST015,1,211.95,Accepted,RR4,false
RT002796,SO013816,1,V00332,P0014,2025-09-22,ST012,1,189.95,Accepted,RR4,false
RT002797,SO013823,1,V00622,P0030,2025-09-23,ST015,1,133.95,Accepted,RR7,true
RT002798,SO013824,2,V00248,P0011,2025-10-13,ST015,1,157.95,Accepted,RR4,false
RT002799,SO013825,2,V00190,P0008,2025-10-03,ST015,1,135.95,Accepted,RR3,true
RT002800,SO013828,1,V00105,P0005,2025-09-26,ST016,1,133.95,Accepted,RR2,true
RT002801,SO013839,1,V00284,P0012,2025-09-26,ST017,2,233.90,Accepted,RR4,false
RT002802,SO013843,2,V00233,P0010,2025-10-29,ST011,1,108.95,Accepted,RR7,true
RT002803,SO013847,2,V00220,P0010,2025-09-23,ST002,1,108.95,Accepted,RR1,true
RT002804,SO013852,1,V00162,P0007,2025-10-08,ST006,1,126.95,Accepted,RR7,true
RT002805,SO013854,1,V00724,P0042,2025-09-27,ST007,1,358.95,Accepted,RR4,false
RT002806,SO013857,4,V00398,P0017,2025-09-27,ST011,1,159.95,Accepted,RR1,true
RT002807,SO013861,1,V00188,P0008,2025-10-08,ST014,1,135.95,Accepted,RR3,true
RT002808,SO013866,2,V00248,P0011,2025-10-10,ST016,1,157.95,Rejected,RR1,false
RT002809,SO013874,1,V00194,P0009,2025-09-27,ST011,1,119.95,Accepted,RR3,true
RT002810,SO013885,1,V00405,P0018,2025-09-18,ST003,1,180.95,Accepted,RR4,false
RT002811,SO013891,1,V00493,P0023,2025-10-21,ST005,1,132.95,Accepted,RR7,true
RT002812,SO013900,1,V00186,P0008,2025-09-22,ST011,1,135.95,Accepted,RR5,true
RT002813,SO013900,2,V00605,P0029,2025-10-08,ST011,1,135.95,Accepted,RR1,true
RT002814,SO013909,2,V00698,P0034,2025-09-18,ST016,1,61.95,Accepted,RR4,false
RT002815,SO013910,3,V00224,P0010,2025-09-26,ST010,1,108.95,Accepted,RR1,true
RT002816,SO013915,1,V00448,P0020,2025-10-04,ST003,1,425.95,Rejected,RR1,false
RT002817,SO013916,2,V00743,P0052,2025-10-13,ST001,1,131.95,Accepted,RR3,true
RT002818,SO013916,3,V00400,P0017,2025-09-23,ST001,1,159.95,Accepted,RR5,true
RT002819,SO013917,1,V00042,P0002,2025-10-05,ST001,1,152.76,Accepted,RR4,false
RT002820,SO013921,2,V00539,P0025,2025-10-01,ST003,2,191.90,Accepted,RR7,true
RT002821,SO013932,1,V00702,P0034,2025-10-18,ST007,1,61.95,Rejected,RR3,false
RT002822,SO013938,2,V00676,P0033,2025-10-07,ST009,1,48.95,Accepted,RR5,true
RT002823,SO013941,1,V00291,P0013,2025-10-12,ST011,1,175.95,Rejected,RR7,false
RT002824,SO013942,1,V00256,P0011,2025-10-21,ST013,1,157.95,Accepted,RR8,true
RT002825,SO013951,1,V00486,P0022,2025-09-21,ST016,1,395.95,Pending,RR6,false
RT002826,SO013960,1,V00438,P0019,2025-09-21,ST013,3,752.85,Pending,RR1,false
RT002827,SO013960,2,V00541,P0025,2025-09-27,ST011,1,95.95,Accepted,RR8,true
RT002828,SO013961,2,V00638,P0031,2025-10-17,ST006,1,75.95,Rejected,RR6,false
RT002829,SO013964,1,V00006,P0001,2025-10-04,ST011,1,271.95,Accepted,RR1,true
RT002830,SO013968,4,V00712,P0036,2025-10-10,ST008,1,177.95,Accepted,RR4,false
RT002831,SO013972,1,V00161,P0007,2025-09-23,ST001,1,126.95,Accepted,RR7,true
RT002832,SO013975,5,V00260,P0011,2025-10-16,ST001,1,157.95,Pending,RR8,false
RT002833,SO013981,1,V00557,P0026,2025-10-17,ST004,1,52.95,Rejected,RR1,false
RT002834,SO013981,2,V00635,P0030,2025-10-29,ST004,1,133.95,Accepted,RR2,true
RT002835,SO013985,4,V00406,P0018,2025-09-24,ST005,1,180.95,Accepted,RR3,true
RT002836,SO013988,1,V00196,P0009,2025-10-05,ST008,1,119.95,Accepted,RR3,true
RT002837,SO013997,5,V00698,P0034,2025-10-06,ST011,1,61.95,Accepted,RR2,true
RT002838,SO014001,3,V00101,P0005,2025-09-30,ST013,1,133.95,Accepted,RR4,false
RT002839,SO014004,1,V00339,P0015,2025-09-20,ST014,1,219.95,Accepted,RR3,true
RT002840,SO014008,1,V00728,P0044,2025-10-01,ST018,1,115.95,Accepted,RR6,true
RT002841,SO014014,2,V00662,P0032,2025-09-27,ST010,1,33.96,Accepted,RR5,true
RT002842,SO014022,3,V00315,P0014,2025-09-24,ST004,1,189.95,Accepted,RR2,true
RT002843,SO014029,1,V00243,P0011,2025-09-23,ST008,1,157.95,Accepted,RR7,true
RT002844,SO014038,1,V00744,P0052,2025-10-17,ST008,1,131.95,Accepted,RR7,true
RT002845,SO014043,1,V00228,P0010,2025-10-22,ST015,1,108.95,Pending,RR8,false
RT002846,SO014048,3,V00102,P0005,2025-10-21,ST018,1,133.95,Accepted,RR7,true
RT002847,SO014061,1,V00566,P0027,2025-09-29,ST018,1,82.95,Accepted,RR4,false
RT002848,SO014063,1,V00321,P0014,2025-09-30,ST002,1,189.95,Accepted,RR7,true
RT002849,SO014075,2,V00424,P0019,2025-10-31,ST004,1,200.76,Accepted,RR6,true
RT002850,SO014076,1,V00408,P0018,2025-09-25,ST005,1,180.95,Accepted,RR8,true
RT002851,SO014092,1,V00518,P0024,2025-09-26,ST009,1,122.95,Accepted,RR4,false
RT002852,SO014102,1,V00154,P0007,2025-10-10,ST012,1,126.95,Accepted,RR7,true
RT002853,SO014104,1,V00647,P0031,2025-10-08,ST013,1,75.95,Accepted,RR2,true
RT002854,SO014105,1,V00709,P0035,2025-11-02,ST014,1,192.95,Accepted,RR8,true
RT002855,SO014105,2,V00273,P0012,2025-10-13,ST014,1,93.56,Accepted,RR7,true
RT002856,SO014109,1,V00076,P0004,2025-10-17,ST014,1,240.95,Accepted,RR7,true
RT002857,SO014109,3,V00387,P0017,2025-09-30,ST009,1,159.95,Accepted,RR8,true
RT002858,SO014118,1,V00700,P0034,2025-10-12,ST018,1,61.95,Accepted,RR7,true
RT002859,SO014121,2,V00342,P0015,2025-10-09,ST006,1,219.95,Accepted,RR2,true
RT002860,SO014122,1,V00088,P0004,2025-09-30,ST002,1,204.81,Accepted,RR1,true
RT002861,SO014123,3,V00458,P0021,2025-10-22,ST016,1,278.95,Accepted,RR1,true
RT002862,SO014127,1,V00054,P0003,2025-09-28,ST001,1,140.21,Accepted,RR4,false
RT002863,SO014129,4,V00674,P0033,2025-10-17,ST001,1,48.95,Accepted,RR6,true
RT002864,SO014135,1,V00721,P0041,2025-11-07,ST004,1,169.56,Accepted,RR1,true
RT002865,SO014140,1,V00188,P0008,2025-09-26,ST004,1,135.95,Pending,RR5,false
RT002866,SO014151,4,V00209,P0009,2025-09-30,ST006,1,119.95,Accepted,RR8,true
RT002867,SO014152,4,V00110,P0005,2025-10-17,ST006,1,133.95,Pending,RR7,false
RT002868,SO014159,1,V00127,P0006,2025-10-31,ST009,1,162.95,Rejected,RR3,false
RT002869,SO014168,1,V00153,P0007,2025-10-07,ST011,1,126.95,Accepted,RR4,false
RT002870,SO014171,1,V00005,P0001,2025-10-16,ST011,1,271.95,Accepted,RR1,true
RT002871,SO014176,1,V00279,P0012,2025-10-16,ST009,1,93.56,Accepted,RR3,true
RT002872,SO014176,2,V00055,P0003,2025-10-02,ST006,1,164.95,Rejected,RR1,false
RT002873,SO014190,1,V00399,P0017,2025-10-07,ST018,1,159.95,Accepted,RR1,true
RT002874,SO014195,1,V00328,P0014,2025-11-06,ST009,1,189.95,Accepted,RR4,false
RT002875,SO014196,1,V00303,P0013,2025-10-16,ST017,1,175.95,Accepted,RR7,true
RT002876,SO014204,1,V00103,P0005,2025-10-02,ST003,1,133.95,Accepted,RR4,false
RT002877,SO014205,1,V00490,P0022,2025-10-02,ST012,1,351.96,Pending,RR2,false
RT002878,SO014215,1,V00161,P0007,2025-09-28,ST004,1,126.95,Accepted,RR1,true
RT002879,SO014221,3,V00005,P0001,2025-09-29,ST005,1,244.75,Pending,RR2,false
RT002880,SO014222,2,V00484,P0022,2025-10-20,ST006,1,439.95,Accepted,RR7,true
RT002881,SO014241,3,V00689,P0033,2025-09-29,ST016,1,48.95,Accepted,RR1,true
RT002882,SO014243,1,V00714,P0037,2025-11-10,ST017,2,457.90,Accepted,RR1,true
RT002883,SO014243,2,V00458,P0021,2025-10-16,ST017,1,278.95,Accepted,RR1,true
RT002884,SO014244,1,V00269,P0012,2025-10-06,ST017,1,116.95,Accepted,RR6,true
RT002885,SO014244,2,V00399,P0017,2025-10-24,ST017,1,159.95,Rejected,RR2,false
RT002886,SO014245,1,V00734,P0047,2025-10-04,ST018,1,89.95,Accepted,RR8,true
RT002887,SO014256,2,V00200,P0009,2025-09-29,ST013,1,95.96,Accepted,RR3,true
RT002888,SO014257,1,V00730,P0045,2025-09-27,ST006,1,93.95,Accepted,RR5,true
RT002889,SO014257,2,V00184,P0008,2025-10-12,ST006,1,135.95,Accepted,RR6,true
RT002890,SO014267,3,V00683,P0033,2025-10-10,ST006,1,48.95,Accepted,RR7,true
RT002891,SO014273,3,V00723,P0042,2025-10-07,ST009,1,287.16,Accepted,RR2,true
RT002892,SO014277,2,V00057,P0003,2025-10-22,ST010,1,131.96,Accepted,RR3,true
RT002893,SO014281,1,V00216,P0009,2025-11-08,ST012,1,119.95,Accepted,RR2,true
RT002894,SO014288,1,V00453,P0020,2025-11-06,ST015,1,425.95,Accepted,RR7,true
RT002895,SO014288,2,V00611,P0029,2025-11-08,ST015,1,135.95,Rejected,RR7,false
RT002896,SO014290,1,V00077,P0004,2025-09-27,ST017,1,192.76,Accepted,RR2,true
RT002897,SO014293,1,V00739,P0050,2025-10-10,ST011,1,215.95,Accepted,RR8,true
RT002898,SO014293,2,V00712,P0036,2025-10-06,ST018,1,160.15,Accepted,RR1,true
RT002899,SO014295,3,V00709,P0035,2025-10-21,ST016,1,192.95,Accepted,RR7,true
RT002900,SO014296,2,V00733,P0047,2025-11-02,ST003,1,89.95,Accepted,RR4,false
RT002901,SO014301,2,V00390,P0017,2025-10-08,ST004,1,159.95,Accepted,RR2,true
RT002902,SO014303,1,V00395,P0017,2025-10-10,ST005,1,159.95,Accepted,RR5,true
RT002903,SO014304,2,V00598,P0028,2025-11-03,ST005,1,93.95,Accepted,RR3,true
RT002904,SO014308,3,V00411,P0018,2025-09-29,ST008,1,180.95,Accepted,RR7,true
RT002905,SO014313,1,V00313,P0014,2025-10-23,ST010,1,189.95,Pending,RR3,false
RT002906,SO014314,1,V00720,P0040,2025-10-20,ST011,1,339.95,Accepted,RR7,true
RT002907,SO014318,1,V00006,P0001,2025-10-13,ST008,1,271.95,Accepted,RR1,true
RT002908,SO014323,3,V00676,P0033,2025-10-07,ST015,1,48.95,Accepted,RR4,false
RT002909,SO014327,2,V00725,P0043,2025-09-27,ST017,1,138.95,Rejected,RR4,false
RT002910,SO014330,1,V00221,P0010,2025-10-10,ST018,1,108.95,Accepted,RR2,true
RT002911,SO014338,2,V00274,P0012,2025-10-13,ST017,1,116.95,Accepted,RR5,true
RT002912,SO014346,2,V00188,P0008,2025-10-03,ST003,2,271.90,Accepted,RR8,true
RT002913,SO014349,4,V00434,P0019,2025-10-02,ST004,1,213.31,Accepted,RR7,true
RT002914,SO014350,1,V00598,P0028,2025-10-21,ST014,1,79.86,Accepted,RR7,true
RT002915,SO014353,3,V00091,P0004,2025-10-13,ST005,1,240.95,Accepted,RR5,true
RT002916,SO014354,1,V00015,P0001,2025-10-27,ST006,1,271.95,Accepted,RR1,true
RT002917,SO014358,1,V00373,P0016,2025-09-27,ST009,1,218.95,Accepted,RR2,true
RT002918,SO014358,5,V00076,P0004,2025-10-26,ST009,1,240.95,Accepted,RR2,true
RT002919,SO014361,1,V00632,P0030,2025-10-30,ST012,1,133.95,Accepted,RR7,true
RT002920,SO014375,1,V00207,P0009,2025-10-14,ST017,1,119.95,Accepted,RR7,true
RT002921,SO014376,2,V00257,P0011,2025-09-29,ST018,1,157.95,Accepted,RR1,true
RT002922,SO014380,2,V00354,P0015,2025-10-06,ST001,1,219.95,Accepted,RR2,true
RT002923,SO014381,1,V00003,P0001,2025-09-27,ST005,1,271.95,Pending,RR1,false
RT002924,SO014382,1,V00275,P0012,2025-10-18,ST015,1,116.95,Accepted,RR1,true
RT002925,SO014383,2,V00307,P0013,2025-09-28,ST010,1,175.95,Accepted,RR1,true
RT002926,SO014385,3,V00116,P0005,2025-10-28,ST015,1,133.95,Accepted,RR1,true
RT002927,SO014389,1,V00413,P0018,2025-10-21,ST001,1,180.95,Accepted,RR2,true
RT002928,SO014398,2,V00657,P0032,2025-10-01,ST004,1,39.95,Accepted,RR1,true
RT002929,SO014406,3,V00596,P0028,2025-10-22,ST007,1,84.55,Accepted,RR8,true
RT002930,SO014410,1,V00131,P0006,2025-10-06,ST009,1,162.95,Accepted,RR1,true
RT002931,SO014412,1,V00310,P0013,2025-10-15,ST010,1,175.95,Accepted,RR5,true
RT002932,SO014416,1,V00423,P0019,2025-10-14,ST011,1,250.95,Accepted,RR7,true
RT002933,SO014421,1,V00294,P0013,2025-09-28,ST013,1,175.95,Accepted,RR7,true
RT002934,SO014426,1,V00364,P0016,2025-09-28,ST016,1,218.95,Accepted,RR4,false
RT002935,SO014431,1,V00238,P0010,2025-10-12,ST018,1,108.95,Accepted,RR4,false
RT002936,SO014438,4,V00725,P0043,2025-10-08,ST002,1,138.95,Accepted,RR4,false
RT002937,SO014440,2,V00032,P0002,2025-10-06,ST006,1,190.95,Accepted,RR4,false
RT002938,SO014440,3,V00729,P0045,2025-09-28,ST010,1,93.95,Accepted,RR3,true
RT002939,SO014442,1,V00412,P0018,2025-11-07,ST005,1,153.81,Accepted,RR1,true
RT002940,SO014468,1,V00176,P0008,2025-10-06,ST005,1,135.95,Accepted,RR1,true
RT002941,SO014478,2,V00345,P0015,2025-10-10,ST007,1,219.95,Accepted,RR2,true
RT002942,SO014485,4,V00665,P0032,2025-10-06,ST009,1,39.95,Accepted,RR2,true
RT002943,SO014499,2,V00398,P0017,2025-10-30,ST011,1,159.95,Accepted,RR3,true
RT002944,SO014501,2,V00736,P0048,2025-10-06,ST012,1,83.95,Accepted,RR2,true
RT002945,SO014502,1,V00478,P0022,2025-11-16,ST012,1,395.95,Accepted,RR1,true
RT002946,SO014505,1,V00258,P0011,2025-10-12,ST013,1,157.95,Accepted,RR8,true
RT002947,SO014506,1,V00195,P0009,2025-10-01,ST013,1,119.95,Accepted,RR4,false
RT002948,SO014511,2,V00411,P0018,2025-10-04,ST015,1,180.95,Accepted,RR1,true
RT002949,SO014518,3,V00137,P0006,2025-10-09,ST017,1,162.95,Accepted,RR4,false
RT002950,SO014530,1,V00389,P0017,2025-11-15,ST012,2,319.90,Rejected,RR8,false
RT002951,SO014537,3,V00160,P0007,2025-10-14,ST001,1,126.95,Pending,RR1,false
RT002952,SO014539,2,V00176,P0008,2025-10-24,ST001,1,135.95,Rejected,RR8,false
RT002953,SO014549,1,V00101,P0005,2025-10-21,ST003,1,133.95,Accepted,RR4,false
RT002954,SO014554,2,V00526,P0024,2025-10-31,ST004,1,122.95,Accepted,RR2,true
RT002955,SO014555,4,V00508,P0023,2025-10-02,ST004,1,132.95,Accepted,RR7,true
RT002956,SO014571,4,V00122,P0006,2025-10-19,ST009,1,162.95,Accepted,RR4,false
RT002957,SO014579,1,V00467,P0021,2025-10-16,ST011,1,278.95,Accepted,RR3,true
RT002958,SO014599,1,V00007,P0001,2025-10-18,ST017,1,231.16,Pending,RR1,false
RT002959,SO014603,2,V00744,P0052,2025-10-07,ST001,1,131.95,Accepted,RR3,true
RT002960,SO014604,2,V00700,P0034,2025-10-09,ST011,1,61.95,Accepted,RR7,true
RT002961,SO014606,1,V00305,P0013,2025-10-05,ST006,1,175.95,Accepted,RR1,true
RT002962,SO014608,2,V00740,P0050,2025-10-19,ST011,1,215.95,Pending,RR8,false
RT002963,SO014609,1,V00568,P0027,2025-10-23,ST016,1,82.95,Accepted,RR3,true
RT002964,SO014609,3,V00087,P0004,2025-10-15,ST015,1,240.95,Accepted,RR6,true
RT002965,SO014611,3,V00730,P0045,2025-10-09,ST001,1,93.95,Accepted,RR7,true
RT002966,SO014614,3,V00053,P0003,2025-10-15,ST002,1,164.95,Accepted,RR8,true
RT002967,SO014627,2,V00343,P0015,2025-10-29,ST004,1,219.95,Accepted,RR2,true
RT002968,SO014632,3,V00336,P0014,2025-10-17,ST006,1,189.95,Accepted,RR3,true
RT002969,SO014633,1,V00405,P0018,2025-10-20,ST008,1,180.95,Accepted,RR6,true
RT002970,SO014637,1,V00104,P0005,2025-10-04,ST009,1,133.95,Accepted,RR8,true
RT002971,SO014637,2,V00304,P0013,2025-10-13,ST009,1,175.95,Pending,RR7,false
RT002972,SO014643,1,V00345,P0015,2025-10-15,ST012,1,219.95,Accepted,RR8,true
RT002973,SO014648,1,V00105,P0005,2025-10-21,ST013,1,133.95,Accepted,RR1,true
RT002974,SO014649,1,V00018,P0001,2025-10-23,ST017,1,271.95,Accepted,RR7,true
RT002975,SO014649,3,V00043,P0002,2025-10-08,ST014,1,190.95,Accepted,RR7,true
RT002976,SO014657,3,V00727,P0044,2025-11-13,ST018,1,115.95,Pending,RR7,false
RT002977,SO014664,1,V00706,P0034,2025-10-04,ST001,1,61.95,Accepted,RR5,true
RT002978,SO014665,1,V00097,P0005,2025-10-17,ST001,1,133.95,Accepted,RR7,true
RT002979,SO014668,1,V00005,P0001,2025-11-09,ST001,1,271.95,Accepted,RR7,true
RT002980,SO014668,3,V00567,P0027,2025-10-20,ST001,1,82.95,Accepted,RR1,true
RT002981,SO014672,1,V00561,P0026,2025-10-15,ST003,1,52.95,Accepted,RR2,true
RT002982,SO014673,1,V00441,P0020,2025-10-09,ST004,1,425.95,Rejected,RR2,false
RT002983,SO014678,1,V00520,P0024,2025-10-21,ST005,1,122.95,Accepted,RR3,true
RT002984,SO014678,2,V00066,P0003,2025-11-01,ST005,1,164.95,Accepted,RR8,true
RT002985,SO014678,4,V00227,P0010,2025-11-03,ST005,1,108.95,Accepted,RR3,true
RT002986,SO014679,5,V00648,P0031,2025-11-02,ST007,1,75.95,Accepted,RR4,false
RT002987,SO014680,5,V00717,P0039,2025-11-12,ST011,1,220.95,Accepted,RR7,true
RT002988,SO014688,1,V00089,P0004,2025-11-14,ST011,1,240.95,Accepted,RR3,true
RT002989,SO014690,3,V00266,P0012,2025-10-05,ST012,1,116.95,Accepted,RR8,true
RT002990,SO014692,3,V00230,P0010,2025-10-05,ST013,1,108.95,Accepted,RR7,true
RT002991,SO014692,4,V00114,P0005,2025-10-16,ST013,1,133.95,Accepted,RR8,true
RT002992,SO014699,3,V00719,P0040,2025-10-14,ST017,1,339.95,Accepted,RR8,true
RT002993,SO014699,4,V00519,P0024,2025-10-19,ST017,3,368.85,Accepted,RR1,true
RT002994,SO014702,2,V00419,P0018,2025-10-10,ST005,1,180.95,Accepted,RR3,true
RT002995,SO014705,2,V00017,P0001,2025-10-14,ST014,1,271.95,Accepted,RR5,true
RT002996,SO014722,1,V00029,P0002,2025-10-10,ST005,1,152.76,Accepted,RR7,true
RT002997,SO014725,1,V00139,P0006,2025-10-25,ST007,1,162.95,Accepted,RR8,true
RT002998,SO014726,4,V00513,P0024,2025-10-10,ST007,1,104.51,Accepted,RR6,true
RT002999,SO014732,1,V00399,P0017,2025-10-22,ST007,1,143.95,Accepted,RR6,true
RT003000,SO014734,1,V00325,P0014,2025-10-10,ST011,1,189.95,Pending,RR7,false
RT003001,SO014734,4,V00465,P0021,2025-10-19,ST011,1,278.95,Accepted,RR2,true
RT003002,SO014742,1,V00655,P0032,2025-10-31,ST016,1,39.95,Accepted,RR1,true
RT003003,SO014749,2,V00391,P0017,2025-10-07,ST017,1,159.95,Accepted,RR3,true
RT003004,SO014750,1,V00159,P0007,2025-10-24,ST017,1,126.95,Pending,RR7,false
RT003005,SO014755,1,V00283,P0012,2025-10-27,ST012,1,116.95,Accepted,RR2,true
RT003006,SO014758,1,V00727,P0044,2025-10-12,ST009,1,115.95,Accepted,RR8,true
RT003007,SO014777,2,V00705,P0034,2025-10-24,ST011,1,61.95,Accepted,RR3,true
RT003008,SO014778,1,V00591,P0028,2025-10-05,ST011,1,93.95,Pending,RR5,false
RT003009,SO014781,1,V00342,P0015,2025-10-12,ST013,1,219.95,Rejected,RR4,false
RT003010,SO014785,1,V00209,P0009,2025-10-16,ST015,1,119.95,Rejected,RR7,false
RT003011,SO014794,1,V00465,P0021,2025-10-07,ST016,1,278.95,Accepted,RR1,true
RT003012,SO014804,1,V00234,P0010,2025-10-21,ST004,1,108.95,Accepted,RR3,true
RT003013,SO014809,2,V00003,P0001,2025-10-10,ST003,1,271.95,Accepted,RR4,false
RT003014,SO014814,3,V00570,P0027,2025-10-23,ST005,1,82.95,Accepted,RR6,true
RT003015,SO014815,2,V00328,P0014,2025-10-22,ST005,1,189.95,Accepted,RR4,false
RT003016,SO014834,1,V00466,P0021,2025-10-05,ST015,2,557.90,Accepted,RR7,true
RT003017,SO014835,2,V00398,P0017,2025-10-29,ST016,1,159.95,Accepted,RR7,true
RT003018,SO014842,3,V00287,P0012,2025-10-11,ST011,1,116.95,Accepted,RR7,true
RT003019,SO014854,1,V00603,P0029,2025-10-13,ST003,1,135.95,Accepted,RR7,true
RT003020,SO014855,2,V00101,P0005,2025-11-16,ST004,1,133.95,Accepted,RR1,true
RT003021,SO014858,2,V00401,P0017,2025-10-23,ST004,1,159.95,Accepted,RR7,true
RT003022,SO014871,1,V00651,P0031,2025-11-19,ST007,1,68.35,Accepted,RR2,true
RT003023,SO014884,1,V00573,P0027,2025-10-26,ST011,1,82.95,Accepted,RR3,true
RT003024,SO014885,2,V00354,P0015,2025-10-19,ST012,1,219.95,Pending,RR1,false
RT003025,SO014894,1,V00195,P0009,2025-10-31,ST014,2,239.90,Accepted,RR3,true
RT003026,SO014898,2,V00656,P0032,2025-10-15,ST015,1,39.95,Accepted,RR7,true
RT003027,SO014903,3,V00085,P0004,2025-11-07,ST018,1,240.95,Accepted,RR2,true
RT003028,SO014909,2,V00668,P0032,2025-10-31,ST004,1,39.95,Accepted,RR5,true
RT003029,SO014915,1,V00161,P0007,2025-10-12,ST013,1,126.95,Accepted,RR7,true
RT003030,SO014916,3,V00731,P0046,2025-11-15,ST008,1,121.95,Accepted,RR3,true
RT003031,SO014919,2,V00431,P0019,2025-11-04,ST007,1,250.95,Accepted,RR4,false
RT003032,SO014920,1,V00514,P0024,2025-10-12,ST001,1,122.95,Accepted,RR2,true
RT003033,SO014923,2,V00203,P0009,2025-11-08,ST001,2,239.90,Accepted,RR7,true
RT003034,SO014926,1,V00186,P0008,2025-10-07,ST001,1,135.95,Accepted,RR8,true
RT003035,SO014933,1,V00550,P0026,2025-11-08,ST004,1,52.95,Accepted,RR1,true
RT003036,SO014939,1,V00234,P0010,2025-10-20,ST002,1,108.95,Accepted,RR7,true
RT003037,SO014948,1,V00586,P0028,2025-10-31,ST008,1,93.95,Accepted,RR3,true
RT003038,SO014950,1,V00730,P0045,2025-11-21,ST009,1,93.95,Pending,RR4,false
RT003039,SO014956,5,V00497,P0023,2025-10-21,ST011,1,132.95,Accepted,RR2,true
RT003040,SO014970,2,V00429,P0019,2025-10-09,ST014,1,250.95,Accepted,RR2,true
RT003041,SO014982,1,V00389,P0017,2025-10-10,ST018,1,159.95,Accepted,RR7,true
RT003042,SO014988,2,V00411,P0018,2025-10-13,ST011,1,180.95,Accepted,RR7,true
RT003043,SO014990,4,V00182,P0008,2025-10-11,ST004,1,135.95,Accepted,RR6,true
RT003044,SO014991,1,V00246,P0011,2025-10-17,ST006,1,157.95,Accepted,RR3,true
RT003045,SO014993,2,V00377,P0016,2025-11-09,ST018,1,218.95,Accepted,RR3,true
RT003046,SO014995,2,V00466,P0021,2025-10-07,ST001,1,278.95,Accepted,RR7,true
RT003047,SO014997,2,V00398,P0017,2025-11-01,ST005,1,159.95,Rejected,RR4,false
RT003048,SO014999,3,V00066,P0003,2025-10-24,ST001,1,164.95,Accepted,RR4,false
RT003049,SO015002,1,V00278,P0012,2025-10-10,ST001,1,116.95,Rejected,RR3,false
RT003050,SO015009,2,V00638,P0031,2025-10-18,ST004,1,75.95,Accepted,RR7,true
RT003051,SO015021,2,V00443,P0020,2025-10-09,ST011,1,425.95,Accepted,RR2,true
RT003052,SO015028,1,V00395,P0017,2025-10-13,ST013,1,159.95,Accepted,RR5,true
RT003053,SO015039,1,V00029,P0002,2025-10-18,ST007,1,190.95,Accepted,RR7,true
RT003054,SO015041,1,V00240,P0010,2025-10-08,ST013,1,108.95,Accepted,RR7,true
RT003055,SO015042,1,V00344,P0015,2025-10-09,ST005,1,219.95,Accepted,RR7,true
RT003056,SO015045,1,V00297,P0013,2025-10-17,ST001,1,175.95,Accepted,RR3,true
RT003057,SO015045,4,V00476,P0022,2025-10-21,ST001,1,439.95,Accepted,RR8,true
RT003058,SO015047,2,V00627,P0030,2025-11-03,ST001,1,133.95,Accepted,RR3,true
RT003059,SO015050,1,V00151,P0007,2025-10-13,ST001,1,126.95,Accepted,RR7,true
RT003060,SO015060,4,V00429,P0019,2025-10-16,ST006,1,250.95,Accepted,RR7,true
RT003061,SO015074,3,V00723,P0042,2025-11-01,ST012,1,358.95,Accepted,RR2,true
RT003062,SO015081,1,V00330,P0014,2025-10-19,ST015,1,189.95,Accepted,RR8,true
RT003063,SO015081,3,V00512,P0024,2025-10-18,ST015,1,122.95,Pending,RR2,false
RT003064,SO015089,2,V00400,P0017,2025-10-20,ST001,1,159.95,Accepted,RR2,true
RT003065,SO015089,3,V00679,P0033,2025-11-26,ST011,1,48.95,Accepted,RR4,false
RT003066,SO015089,4,V00743,P0052,2025-10-25,ST010,1,131.95,Accepted,RR1,true
RT003067,SO015091,1,V00328,P0014,2025-10-11,ST003,1,189.95,Accepted,RR7,true
RT003068,SO015091,2,V00609,P0029,2025-11-09,ST003,1,135.95,Accepted,RR7,true
RT003069,SO015104,2,V00639,P0031,2025-10-15,ST010,1,75.95,Rejected,RR3,false
RT003070,SO015104,3,V00105,P0005,2025-10-25,ST010,1,133.95,Accepted,RR1,true
RT003071,SO015111,1,V00704,P0034,2025-10-20,ST015,1,61.95,Accepted,RR4,false
RT003072,SO015113,1,V00592,P0028,2025-11-27,ST015,1,93.95,Accepted,RR4,false
RT003073,SO015113,4,V00739,P0050,2025-10-23,ST015,1,194.35,Accepted,RR8,true
RT003074,SO015121,1,V00261,P0011,2025-10-18,ST010,1,157.95,Accepted,RR5,true
RT003075,SO015122,4,V00328,P0014,2025-10-25,ST008,1,189.95,Accepted,RR7,true
RT003076,SO015123,2,V00504,P0023,2025-10-29,ST005,1,132.95,Pending,RR5,false
RT003077,SO015130,1,V00731,P0046,2025-11-04,ST004,1,121.95,Accepted,RR8,true
RT003078,SO015146,1,V00471,P0021,2025-10-19,ST013,1,278.95,Accepted,RR3,true
RT003079,SO015164,2,V00187,P0008,2025-11-03,ST012,3,407.85,Accepted,RR1,true
RT003080,SO015166,2,V00032,P0002,2025-11-03,ST006,1,190.95,Accepted,RR1,true
RT003081,SO015176,2,V00141,P0006,2025-10-20,ST004,1,162.95,Accepted,RR6,true
RT003082,SO015191,3,V00223,P0010,2025-10-15,ST013,1,108.95,Accepted,RR4,false
RT003083,SO015196,1,V00079,P0004,2025-11-08,ST018,1,240.95,Accepted,RR8,true
RT003084,SO015197,1,V00179,P0008,2025-10-20,ST012,1,135.95,Accepted,RR8,true
RT003085,SO015201,2,V00734,P0047,2025-10-26,ST006,1,89.95,Rejected,RR1,false
RT003086,SO015203,1,V00737,P0049,2025-11-23,ST014,1,51.95,Accepted,RR8,true
RT003087,SO015207,3,V00705,P0034,2025-10-15,ST006,1,52.66,Rejected,RR7,false
RT003088,SO015210,1,V00270,P0012,2025-10-29,ST006,1,116.95,Accepted,RR8,true
RT003089,SO015211,1,V00646,P0031,2025-10-12,ST004,1,75.95,Rejected,RR1,false
RT003090,SO015231,2,V00292,P0013,2025-10-23,ST005,1,175.95,Accepted,RR1,true
RT003091,SO015240,3,V00652,P0031,2025-10-21,ST007,1,75.95,Accepted,RR5,true
RT003092,SO015250,1,V00657,P0032,2025-10-27,ST009,1,39.95,Accepted,RR2,true
RT003093,SO015250,3,V00015,P0001,2025-11-08,ST009,1,271.95,Rejected,RR1,false
RT003094,SO015251,1,V00641,P0031,2025-10-18,ST010,1,75.95,Accepted,RR4,false
RT003095,SO015251,3,V00077,P0004,2025-10-20,ST010,1,240.95,Pending,RR1,false
RT003096,SO015258,3,V00477,P0022,2025-11-06,ST013,1,439.95,Accepted,RR6,true
RT003097,SO015263,2,V00351,P0015,2025-10-27,ST004,1,175.96,Accepted,RR2,true
RT003098,SO015264,1,V00471,P0021,2025-11-10,ST015,1,278.95,Accepted,RR2,true
RT003099,SO015265,1,V00004,P0001,2025-10-15,ST015,1,271.95,Accepted,RR1,true
RT003100,SO015271,1,V00388,P0017,2025-10-23,ST017,1,159.95,Accepted,RR3,true
RT003101,SO015275,2,V00580,P0027,2025-10-13,ST008,1,82.95,Pending,RR3,false
RT003102,SO015277,2,V00501,P0023,2025-11-08,ST010,1,132.95,Pending,RR1,false
RT003103,SO015280,4,V00574,P0027,2025-10-30,ST005,1,82.95,Accepted,RR3,true
RT003104,SO015286,3,V00277,P0012,2025-10-15,ST001,1,116.95,Accepted,RR7,true
RT003105,SO015287,2,V00550,P0026,2025-11-16,ST001,1,52.95,Pending,RR4,false
RT003106,SO015295,2,V00727,P0044,2025-10-25,ST001,1,115.95,Accepted,RR7,true
RT003107,SO015305,2,V00567,P0027,2025-10-23,ST005,1,82.95,Accepted,RR7,true
RT003108,SO015306,1,V00295,P0013,2025-10-20,ST005,1,175.95,Accepted,RR4,false
RT003109,SO015314,1,V00423,P0019,2025-10-22,ST007,1,250.95,Accepted,RR2,true
RT003110,SO015317,2,V00335,P0014,2025-10-29,ST008,1,189.95,Accepted,RR5,true
RT003111,SO015319,1,V00150,P0007,2025-10-23,ST009,1,126.95,Rejected,RR2,false
RT003112,SO015322,1,V00223,P0010,2025-10-16,ST010,1,92.61,Accepted,RR1,true
RT003113,SO015332,1,V00269,P0012,2025-10-27,ST012,1,116.95,Accepted,RR7,true
RT003114,SO015339,3,V00727,P0044,2025-10-22,ST015,1,115.95,Accepted,RR4,false
RT003115,SO015347,1,V00021,P0001,2025-11-05,ST018,1,271.95,Accepted,RR2,true
RT003116,SO015349,1,V00342,P0015,2025-10-14,ST018,1,219.95,Accepted,RR1,true
RT003117,SO015349,2,V00354,P0015,2025-10-26,ST006,1,219.95,Accepted,RR7,true
RT003118,SO015358,1,V00244,P0011,2025-10-20,ST016,1,157.95,Accepted,RR5,true
RT003119,SO015376,2,V00700,P0034,2025-10-26,ST005,1,61.95,Accepted,RR4,false
RT003120,SO015380,3,V00580,P0027,2025-10-23,ST011,1,82.95,Accepted,RR4,false
RT003121,SO015384,3,V00629,P0030,2025-10-24,ST012,1,133.95,Pending,RR7,false
RT003122,SO015391,3,V00403,P0018,2025-11-01,ST016,1,180.95,Pending,RR7,false
RT003123,SO015399,3,V00633,P0030,2025-10-15,ST002,1,133.95,Accepted,RR3,true
RT003124,SO015407,2,V00174,P0008,2025-11-12,ST003,1,115.56,Accepted,RR2,true
RT003125,SO015408,1,V00016,P0001,2025-10-31,ST003,1,271.95,Accepted,RR4,false
RT003126,SO015410,3,V00363,P0016,2025-11-27,ST005,1,197.05,Accepted,RR7,true
RT003127,SO015413,1,V00131,P0006,2025-10-19,ST006,1,162.95,Accepted,RR2,true
RT003128,SO015429,1,V00740,P0050,2025-10-23,ST014,1,215.95,Pending,RR5,false
RT003129,SO015433,3,V00022,P0001,2025-10-23,ST016,1,271.95,Pending,RR3,false
RT003130,SO015439,1,V00628,P0030,2025-12-01,ST018,1,133.95,Accepted,RR3,true
RT003131,SO015441,1,V00089,P0004,2025-11-01,ST006,1,240.95,Accepted,RR7,true
RT003132,SO015441,3,V00604,P0029,2025-10-19,ST017,1,135.95,Accepted,RR3,true
RT003133,SO015445,1,V00206,P0009,2025-11-02,ST008,1,119.95,Accepted,RR7,true
RT003134,SO015454,3,V00709,P0035,2025-10-30,ST004,1,192.95,Accepted,RR1,true
RT003135,SO015459,3,V00138,P0006,2025-10-29,ST006,1,162.95,Accepted,RR3,true
RT003136,SO015470,1,V00724,P0042,2025-10-19,ST016,1,358.95,Rejected,RR3,false
RT003137,SO015473,1,V00130,P0006,2025-11-17,ST011,1,138.51,Accepted,RR2,true
RT003138,SO015479,3,V00261,P0011,2025-10-24,ST015,1,157.95,Rejected,RR7,false
RT003139,SO015483,2,V00070,P0003,2025-10-19,ST018,1,164.95,Pending,RR2,false
RT003140,SO015487,1,V00557,P0026,2025-10-24,ST011,1,52.95,Accepted,RR4,false
RT003141,SO015492,1,V00261,P0011,2025-10-19,ST006,1,157.95,Accepted,RR7,true
RT003142,SO015494,2,V00484,P0022,2025-11-07,ST018,1,439.95,Accepted,RR3,true
RT003143,SO015495,2,V00466,P0021,2025-10-25,ST001,1,278.95,Accepted,RR7,true
RT003144,SO015497,2,V00573,P0027,2025-11-19,ST001,1,82.95,Pending,RR7,false
RT003145,SO015502,1,V00612,P0029,2025-10-28,ST002,1,135.95,Accepted,RR3,true
RT003146,SO015505,1,V00600,P0028,2025-10-26,ST004,1,93.95,Pending,RR1,false
RT003147,SO015516,1,V00710,P0035,2025-10-19,ST009,1,192.95,Pending,RR8,false
RT003148,SO015522,4,V00019,P0001,2025-11-12,ST011,1,244.75,Accepted,RR1,true
RT003149,SO015528,1,V00318,P0014,2025-10-19,ST015,1,189.95,Accepted,RR1,true
RT003150,SO015539,2,V00174,P0008,2025-11-17,ST005,2,271.90,Accepted,RR1,true
RT003151,SO015540,1,V00513,P0024,2025-10-21,ST011,1,122.95,Accepted,RR3,true
RT003152,SO015541,2,V00072,P0003,2025-10-31,ST006,1,164.95,Accepted,RR4,false
RT003153,SO015542,1,V00104,P0005,2025-11-06,ST018,1,133.95,Accepted,RR2,true
RT003154,SO015543,1,V00080,P0004,2025-11-07,ST001,1,240.95,Accepted,RR8,true
RT003155,SO015549,1,V00260,P0011,2025-10-20,ST004,1,157.95,Rejected,RR8,false
RT003156,SO015551,1,V00045,P0002,2025-11-04,ST004,1,190.95,Accepted,RR7,true
RT003157,SO015554,3,V00689,P0033,2025-11-02,ST005,1,48.95,Accepted,RR6,true
RT003158,SO015557,1,V00287,P0012,2025-11-04,ST006,1,105.25,Pending,RR4,false
RT003159,SO015580,2,V00091,P0004,2025-11-06,ST003,1,240.95,Rejected,RR1,false
RT003160,SO015583,2,V00526,P0024,2025-10-23,ST006,1,122.95,Accepted,RR7,true
RT003161,SO015583,4,V00363,P0016,2025-11-05,ST005,1,218.95,Accepted,RR2,true
RT003162,SO015583,5,V00627,P0030,2025-10-20,ST008,2,267.90,Rejected,RR4,false
RT003163,SO015591,2,V00508,P0023,2025-10-27,ST001,1,132.95,Accepted,RR4,false
RT003164,SO015594,2,V00670,P0032,2025-10-30,ST001,1,39.95,Accepted,RR4,false
RT003165,SO015600,4,V00500,P0023,2025-10-30,ST003,1,132.95,Accepted,RR7,true
RT003166,SO015603,1,V00379,P0016,2025-12-01,ST004,1,218.95,Accepted,RR2,true
RT003167,SO015604,2,V00003,P0001,2025-11-15,ST004,1,271.95,Accepted,RR1,true
RT003168,SO015607,2,V00423,P0019,2025-10-31,ST006,1,250.95,Accepted,RR7,true
RT003169,SO015618,2,V00450,P0020,2025-10-25,ST010,1,425.95,Accepted,RR4,false
RT003170,SO015621,1,V00247,P0011,2025-10-27,ST011,1,157.95,Accepted,RR4,false
RT003171,SO015625,1,V00738,P0049,2025-11-04,ST011,1,51.95,Accepted,RR3,true
RT003172,SO015627,2,V00209,P0009,2025-11-08,ST012,1,119.95,Accepted,RR1,true
RT003173,SO015633,1,V00252,P0011,2025-10-29,ST014,1,157.95,Accepted,RR4,false
RT003174,SO015633,2,V00641,P0031,2025-11-06,ST014,1,75.95,Accepted,RR3,true
RT003175,SO015647,1,V00675,P0033,2025-11-10,ST001,1,48.95,Accepted,RR7,true
RT003176,SO015647,2,V00367,P0016,2025-11-09,ST003,1,218.95,Rejected,RR7,false
RT003177,SO015648,1,V00346,P0015,2025-10-30,ST005,1,219.95,Accepted,RR7,true
RT003178,SO015649,2,V00466,P0021,2025-10-21,ST006,1,278.95,Pending,RR3,false
RT003179,SO015650,1,V00111,P0005,2025-10-21,ST006,1,133.95,Accepted,RR1,true
RT003180,SO015655,1,V00706,P0034,2025-11-06,ST017,1,61.95,Accepted,RR2,true
RT003181,SO015659,1,V00427,P0019,2025-11-04,ST001,1,250.95,Accepted,RR7,true
RT003182,SO015659,4,V00050,P0003,2025-11-03,ST001,1,131.96,Accepted,RR2,true
RT003183,SO015665,1,V00479,P0022,2025-11-09,ST002,1,439.95,Accepted,RR8,true
RT003184,SO015670,2,V00017,P0001,2025-10-29,ST003,1,271.95,Rejected,RR1,false
RT003185,SO015672,1,V00615,P0029,2025-10-28,ST004,1,135.95,Accepted,RR2,true
RT003186,SO015676,2,V00245,P0011,2025-11-06,ST004,1,157.95,Accepted,RR7,true
RT003187,SO015681,1,V00447,P0020,2025-11-13,ST006,1,425.95,Rejected,RR1,false
RT003188,SO015686,1,V00387,P0017,2025-11-20,ST008,1,159.95,Accepted,RR5,true
RT003189,SO015694,1,V00379,P0016,2025-11-08,ST010,1,218.95,Rejected,RR5,false
RT003190,SO015696,2,V00733,P0047,2025-11-06,ST011,1,89.95,Accepted,RR1,true
RT003191,SO015699,3,V00568,P0027,2025-11-05,ST012,1,70.51,Accepted,RR1,true
RT003192,SO015705,1,V00113,P0005,2025-10-27,ST014,1,133.95,Accepted,RR7,true
RT003193,SO015706,2,V00204,P0009,2025-11-23,ST014,1,119.95,Accepted,RR8,true
RT003194,SO015709,1,V00247,P0011,2025-10-30,ST015,1,157.95,Accepted,RR3,true
RT003195,SO015710,1,V00367,P0016,2025-11-13,ST015,1,218.95,Accepted,RR8,true
RT003196,SO015719,1,V00694,P0034,2025-11-07,ST015,1,61.95,Accepted,RR4,false
RT003197,SO015721,1,V00112,P0005,2025-10-30,ST006,1,133.95,Accepted,RR7,true
RT003198,SO015723,3,V00733,P0047,2025-12-06,ST006,1,89.95,Accepted,RR7,true
RT003199,SO015728,2,V00377,P0016,2025-11-03,ST001,1,175.16,Pending,RR3,false
RT003200,SO015735,2,V00644,P0031,2025-11-14,ST004,1,60.76,Accepted,RR1,true
RT003201,SO015736,3,V00689,P0033,2025-11-07,ST001,1,48.95,Pending,RR7,false
RT003202,SO015752,2,V00627,P0030,2025-10-27,ST013,1,133.95,Accepted,RR4,false
RT003203,SO015754,1,V00016,P0001,2025-12-03,ST014,1,271.95,Accepted,RR1,true
RT003204,SO015765,2,V00644,P0031,2025-11-11,ST012,1,75.95,Accepted,RR7,true
RT003205,SO015768,1,V00422,P0019,2025-10-26,ST017,1,250.95,Accepted,RR1,true
RT003206,SO015770,3,V00460,P0021,2025-11-14,ST012,1,278.95,Accepted,RR3,true
RT003207,SO015783,2,V00128,P0006,2025-11-04,ST004,1,162.95,Pending,RR4,false
RT003208,SO015783,3,V00586,P0028,2025-10-23,ST004,1,93.95,Accepted,RR3,true
RT003209,SO015785,1,V00591,P0028,2025-10-25,ST005,1,93.95,Accepted,RR8,true
RT003210,SO015790,1,V00658,P0032,2025-11-23,ST007,1,39.95,Accepted,RR2,true
RT003211,SO015790,2,V00503,P0023,2025-11-06,ST007,1,132.95,Accepted,RR8,true
RT003212,SO015794,1,V00610,P0029,2025-11-08,ST008,1,135.95,Accepted,RR3,true
RT003213,SO015800,1,V00111,P0005,2025-11-07,ST011,1,133.95,Accepted,RR3,true
RT003214,SO015802,2,V00674,P0033,2025-10-29,ST011,1,48.95,Accepted,RR8,true
RT003215,SO015803,1,V00669,P0032,2025-11-09,ST011,1,39.95,Accepted,RR3,true
RT003216,SO015808,2,V00029,P0002,2025-11-02,ST015,1,190.95,Accepted,RR4,false
RT003217,SO015811,2,V00602,P0029,2025-11-04,ST016,1,135.95,Accepted,RR1,true
RT003218,SO015817,1,V00331,P0014,2025-10-23,ST013,1,189.95,Accepted,RR1,true
RT003219,SO015818,2,V00471,P0021,2025-10-31,ST003,1,278.95,Accepted,RR1,true
RT003220,SO015821,2,V00017,P0001,2025-11-07,ST002,1,271.95,Pending,RR1,false
RT003221,SO015825,1,V00488,P0022,2025-11-23,ST008,1,439.95,Pending,RR7,false
RT003222,SO015826,1,V00656,P0032,2025-11-26,ST006,1,39.95,Pending,RR1,false
RT003223,SO015839,1,V00629,P0030,2025-11-12,ST005,1,133.95,Accepted,RR3,true
RT003224,SO015841,1,V00236,P0010,2025-12-07,ST006,1,108.95,Accepted,RR4,false
RT003225,SO015844,2,V00652,P0031,2025-11-02,ST008,1,75.95,Accepted,RR3,true
RT003226,SO015846,5,V00610,P0029,2025-10-27,ST009,1,135.95,Pending,RR7,false
RT003227,SO015848,1,V00004,P0001,2025-11-08,ST010,1,271.95,Pending,RR1,false
RT003228,SO015860,1,V00561,P0026,2025-10-29,ST014,2,105.90,Accepted,RR1,true
RT003229,SO015866,3,V00714,P0037,2025-10-26,ST018,1,228.95,Pending,RR3,false
RT003230,SO015866,4,V00138,P0006,2025-11-21,ST018,1,162.95,Accepted,RR1,true
RT003231,SO015867,1,V00074,P0004,2025-10-31,ST009,1,240.95,Accepted,RR2,true
RT003232,SO015874,1,V00563,P0026,2025-10-31,ST001,1,52.95,Accepted,RR4,false
RT003233,SO015875,1,V00387,P0017,2025-11-18,ST001,1,159.95,Accepted,RR4,false
RT003234,SO015879,2,V00423,P0019,2025-11-05,ST004,1,250.95,Accepted,RR2,true
RT003235,SO015886,1,V00621,P0030,2025-11-05,ST009,1,133.95,Accepted,RR6,true
RT003236,SO015890,1,V00076,P0004,2025-10-27,ST013,1,240.95,Accepted,RR2,true
RT003237,SO015895,1,V00380,P0016,2025-12-08,ST017,3,656.85,Accepted,RR3,true
RT003238,SO015896,1,V00393,P0017,2025-11-18,ST016,1,159.95,Accepted,RR8,true
RT003239,SO015900,3,V00488,P0022,2025-10-25,ST007,1,439.95,Accepted,RR7,true
RT003240,SO015903,1,V00311,P0013,2025-11-03,ST006,1,175.95,Accepted,RR4,false
RT003241,SO015904,1,V00410,P0018,2025-10-29,ST001,1,180.95,Rejected,RR7,false
RT003242,SO015904,2,V00513,P0024,2025-10-30,ST001,1,122.95,Accepted,RR2,true
RT003243,SO015905,1,V00361,P0016,2025-11-19,ST002,1,186.11,Accepted,RR4,false
RT003244,SO015907,1,V00677,P0033,2025-11-12,ST004,1,48.95,Accepted,RR3,true
RT003245,SO015910,1,V00359,P0015,2025-10-27,ST009,1,219.95,Accepted,RR2,true
RT003246,SO015925,1,V00508,P0023,2025-11-12,ST011,1,132.95,Accepted,RR1,true
RT003247,SO015926,2,V00416,P0018,2025-11-11,ST012,1,180.95,Accepted,RR2,true
RT003248,SO015932,2,V00225,P0010,2025-11-24,ST015,1,108.95,Pending,RR8,false
RT003249,SO015941,1,V00598,P0028,2025-11-06,ST001,1,93.95,Accepted,RR4,false
RT003250,SO015942,3,V00238,P0010,2025-11-03,ST006,1,108.95,Accepted,RR2,true
RT003251,SO015947,1,V00621,P0030,2025-11-05,ST004,1,133.95,Accepted,RR4,false
RT003252,SO015951,2,V00742,P0051,2025-11-19,ST001,1,73.95,Accepted,RR3,true
RT003253,SO015957,1,V00233,P0010,2025-10-28,ST002,1,108.95,Accepted,RR4,false
RT003254,SO015966,2,V00724,P0042,2025-11-06,ST004,1,358.95,Pending,RR5,false
RT003255,SO015971,3,V00735,P0048,2025-11-06,ST006,1,83.95,Accepted,RR8,true
RT003256,SO015972,3,V00642,P0031,2025-11-06,ST006,1,75.95,Accepted,RR8,true
RT003257,SO015974,1,V00006,P0001,2025-11-01,ST007,1,244.75,Accepted,RR1,true
RT003258,SO015975,1,V00592,P0028,2025-12-08,ST007,1,93.95,Accepted,RR8,true
RT003259,SO015977,2,V00367,P0016,2025-12-06,ST008,1,218.95,Accepted,RR1,true
RT003260,SO015979,1,V00532,P0025,2025-11-11,ST009,1,95.95,Pending,RR7,false
RT003261,SO015984,4,V00232,P0010,2025-11-10,ST011,1,108.95,Accepted,RR2,true
RT003262,SO015985,1,V00417,P0018,2025-11-27,ST011,1,180.95,Accepted,RR4,false
RT003263,SO015986,4,V00199,P0009,2025-11-11,ST011,1,119.95,Accepted,RR3,true
RT003264,SO015992,2,V00492,P0022,2025-11-03,ST012,1,439.95,Rejected,RR8,false
RT003265,SO015992,3,V00091,P0004,2025-11-13,ST012,1,240.95,Accepted,RR5,true
RT003266,SO015993,1,V00629,P0030,2025-11-11,ST012,1,133.95,Accepted,RR3,true
RT003267,SO015995,1,V00035,P0002,2025-12-06,ST006,1,190.95,Accepted,RR7,true
RT003268,SO015998,1,V00626,P0030,2025-11-05,ST014,1,133.95,Accepted,RR7,true
RT003269,SO015999,3,V00668,P0032,2025-11-26,ST014,1,39.95,Accepted,RR7,true
RT003270,SO016002,1,V00136,P0006,2025-11-19,ST015,1,138.51,Accepted,RR7,true
RT003271,SO016013,2,V00494,P0023,2025-11-26,ST018,1,132.95,Accepted,RR8,true
RT003272,SO016016,2,V00135,P0006,2025-11-02,ST011,1,162.95,Pending,RR1,false
RT003273,SO016017,1,V00229,P0010,2025-11-15,ST012,1,108.95,Accepted,RR8,true
RT003274,SO016022,1,V00399,P0017,2025-11-22,ST017,1,143.95,Accepted,RR3,true
RT003275,SO016026,2,V00213,P0009,2025-11-10,ST001,1,119.95,Accepted,RR3,true
RT003276,SO016026,3,V00622,P0030,2025-11-13,ST001,2,267.90,Accepted,RR6,true
RT003277,SO016030,4,V00520,P0024,2025-11-02,ST002,1,122.95,Pending,RR1,false
RT003278,SO016033,2,V00713,P0037,2025-11-02,ST003,1,228.95,Accepted,RR4,false
RT003279,SO016038,1,V00726,P0043,2025-11-08,ST004,1,138.95,Accepted,RR7,true
RT003280,SO016043,2,V00501,P0023,2025-11-13,ST005,1,132.95,Accepted,RR7,true
RT003281,SO016046,2,V00293,P0013,2025-12-14,ST006,1,175.95,Pending,RR7,false
RT003282,SO016057,1,V00380,P0016,2025-11-12,ST010,1,218.95,Accepted,RR1,true
RT003283,SO016061,1,V00175,P0008,2025-11-14,ST011,1,135.95,Accepted,RR3,true
RT003284,SO016063,1,V00040,P0002,2025-11-20,ST011,1,190.95,Accepted,RR3,true
RT003285,SO016065,2,V00496,P0023,2025-11-15,ST011,1,113.01,Accepted,RR7,true
RT003286,SO016069,2,V00713,P0037,2025-10-28,ST012,1,206.05,Pending,RR2,false
RT003287,SO016076,1,V00171,P0008,2025-10-28,ST014,2,271.90,Accepted,RR2,true
RT003288,SO016086,1,V00412,P0018,2025-10-28,ST018,3,542.85,Accepted,RR3,true
RT003289,SO016087,3,V00700,P0034,2025-11-06,ST018,1,61.95,Accepted,RR3,true
RT003290,SO016093,1,V00612,P0029,2025-11-03,ST007,1,135.95,Accepted,RR7,true
RT003291,SO016094,2,V00666,P0032,2025-11-26,ST011,1,39.95,Accepted,RR3,true
RT003292,SO016105,1,V00634,P0030,2025-11-04,ST002,1,133.95,Accepted,RR8,true
RT003293,SO016124,1,V00163,P0007,2025-11-03,ST011,1,126.95,Accepted,RR6,true
RT003294,SO016126,1,V00333,P0014,2025-11-22,ST011,1,189.95,Accepted,RR6,true
RT003295,SO016130,1,V00304,P0013,2025-11-15,ST013,1,175.95,Rejected,RR3,false
RT003296,SO016133,1,V00697,P0034,2025-11-29,ST014,1,61.95,Accepted,RR1,true
RT003297,SO016144,1,V00065,P0003,2025-11-21,ST013,1,164.95,Accepted,RR7,true
RT003298,SO016155,1,V00681,P0033,2025-12-10,ST003,1,44.05,Accepted,RR8,true
RT003299,SO016155,5,V00233,P0010,2025-11-09,ST017,1,108.95,Accepted,RR4,false
RT003300,SO016159,1,V00259,P0011,2025-11-12,ST004,1,157.95,Accepted,RR2,true
RT003301,SO016167,2,V00189,P0008,2025-11-07,ST007,1,135.95,Accepted,RR7,true
RT003302,SO016171,1,V00380,P0016,2025-12-01,ST011,1,218.95,Accepted,RR7,true
RT003303,SO016173,3,V00593,P0028,2025-11-15,ST012,1,93.95,Rejected,RR1,false
RT003304,SO016174,1,V00739,P0050,2025-11-23,ST013,1,215.95,Accepted,RR7,true
RT003305,SO016181,3,V00477,P0022,2025-11-14,ST017,1,439.95,Accepted,RR1,true
RT003306,SO016183,1,V00585,P0028,2025-12-01,ST018,1,93.95,Accepted,RR4,false
RT003307,SO016186,2,V00668,P0032,2025-12-02,ST006,1,31.96,Accepted,RR7,true
RT003308,SO016187,2,V00542,P0025,2025-11-10,ST005,1,95.95,Accepted,RR1,true
RT003309,SO016198,4,V00287,P0012,2025-11-10,ST004,1,116.95,Accepted,RR7,true
RT003310,SO016212,1,V00504,P0023,2025-11-20,ST012,1,132.95,Accepted,RR1,true
RT003311,SO016216,2,V00462,P0021,2025-11-01,ST003,1,278.95,Accepted,RR2,true
RT003312,SO016223,2,V00341,P0015,2025-11-04,ST018,1,219.95,Accepted,RR4,false
RT003313,SO016226,2,V00362,P0016,2025-11-13,ST006,1,218.95,Accepted,RR7,true
RT003314,SO016232,1,V00303,P0013,2025-11-09,ST007,1,175.95,Accepted,RR1,true
RT003315,SO016246,1,V00561,P0026,2025-11-12,ST014,1,52.95,Pending,RR2,false
RT003316,SO016275,2,V00628,P0030,2025-11-18,ST014,1,133.95,Accepted,RR8,true
RT003317,SO016276,2,V00152,P0007,2025-11-29,ST012,1,126.95,Accepted,RR8,true
RT003318,SO016277,2,V00117,P0005,2025-12-09,ST006,1,113.86,Accepted,RR7,true
RT003319,SO016278,2,V00681,P0033,2025-11-04,ST006,1,48.95,Accepted,RR8,true
RT003320,SO016280,1,V00471,P0021,2025-11-29,ST005,1,278.95,Accepted,RR5,true
RT003321,SO016281,1,V00055,P0003,2025-12-17,ST012,1,164.95,Accepted,RR6,true
RT003322,SO016282,2,V00435,P0019,2025-11-16,ST001,1,250.95,Accepted,RR7,true
RT003323,SO016282,4,V00281,P0012,2025-11-17,ST001,1,116.95,Accepted,RR2,true
RT003324,SO016288,2,V00725,P0043,2025-11-26,ST003,1,138.95,Accepted,RR1,true
RT003325,SO016291,1,V00650,P0031,2025-11-30,ST004,1,64.56,Accepted,RR1,true
RT003326,SO016296,2,V00018,P0001,2025-11-03,ST007,1,271.95,Accepted,RR1,true
RT003327,SO016301,1,V00328,P0014,2025-12-10,ST010,1,189.95,Accepted,RR7,true
RT003328,SO016306,1,V00593,P0028,2025-12-05,ST011,1,93.95,Accepted,RR8,true
RT003329,SO016308,3,V00587,P0028,2025-11-17,ST012,1,93.95,Accepted,RR7,true
RT003330,SO016319,2,V00550,P0026,2025-11-11,ST004,1,52.95,Accepted,RR3,true
RT003331,SO016319,3,V00009,P0001,2025-12-03,ST003,1,271.95,Accepted,RR1,true
RT003332,SO016329,2,V00495,P0023,2025-11-30,ST001,1,132.95,Accepted,RR3,true
RT003333,SO016358,1,V00685,P0033,2025-11-03,ST006,1,39.16,Accepted,RR8,true
RT003334,SO016358,2,V00561,P0026,2025-11-19,ST006,1,52.95,Accepted,RR8,true
RT003335,SO016368,5,V00210,P0009,2025-11-14,ST008,1,119.95,Accepted,RR7,true
RT003336,SO016369,1,V00017,P0001,2025-11-27,ST009,1,271.95,Accepted,RR1,true
RT003337,SO016374,3,V00177,P0008,2025-11-10,ST010,1,135.95,Accepted,RR1,true
RT003338,SO016377,3,V00245,P0011,2025-11-19,ST011,1,157.95,Accepted,RR4,false
RT003339,SO016379,4,V00354,P0015,2025-11-20,ST011,1,197.95,Accepted,RR2,true
RT003340,SO016385,2,V00018,P0001,2025-11-18,ST011,1,271.95,Rejected,RR1,false
RT003341,SO016395,1,V00688,P0033,2025-11-17,ST016,1,48.95,Accepted,RR1,true
RT003342,SO016401,1,V00550,P0026,2025-11-22,ST017,1,52.95,Accepted,RR7,true
RT003343,SO016404,1,V00305,P0013,2025-11-18,ST018,1,140.76,Accepted,RR8,true
RT003344,SO016405,1,V00561,P0026,2025-11-03,ST018,1,52.95,Pending,RR2,false
RT003345,SO016406,1,V00584,P0028,2025-11-26,ST009,1,93.95,Rejected,RR6,false
RT003346,SO016410,1,V00188,P0008,2025-12-16,ST008,1,135.95,Accepted,RR1,true
RT003347,SO016431,1,V00435,P0019,2025-11-21,ST004,2,501.90,Accepted,RR1,true
RT003348,SO016431,2,V00528,P0024,2025-11-20,ST004,1,122.95,Accepted,RR7,true
RT003349,SO016449,1,V00637,P0031,2025-12-04,ST016,1,75.95,Pending,RR2,false
RT003350,SO016449,2,V00075,P0004,2025-12-01,ST009,1,240.95,Accepted,RR1,true
RT003351,SO016459,1,V00064,P0003,2025-11-21,ST012,1,164.95,Pending,RR1,false
RT003352,SO016460,1,V00726,P0043,2025-11-19,ST012,1,118.11,Pending,RR4,false
RT003353,SO016463,1,V00557,P0026,2025-11-20,ST011,1,52.95,Accepted,RR7,true
RT003354,SO016466,1,V00344,P0015,2025-11-11,ST014,1,219.95,Accepted,RR2,true
RT003355,SO016475,2,V00533,P0025,2025-12-06,ST018,1,95.95,Accepted,RR1,true
RT003356,SO016478,1,V00579,P0027,2025-11-14,ST018,1,82.95,Accepted,RR2,true
RT003357,SO016479,1,V00744,P0052,2025-11-04,ST017,1,112.16,Accepted,RR7,true
RT003358,SO016482,1,V00177,P0008,2025-11-12,ST010,1,108.76,Accepted,RR4,false
RT003359,SO016491,2,V00662,P0032,2025-11-23,ST002,1,39.95,Rejected,RR5,false
RT003360,SO016496,1,V00142,P0006,2025-12-03,ST002,1,162.95,Accepted,RR3,true
RT003361,SO016502,1,V00009,P0001,2025-11-10,ST004,1,271.95,Accepted,RR2,true
RT003362,SO016513,2,V00151,P0007,2025-11-19,ST009,1,126.95,Accepted,RR7,true
RT003363,SO016525,1,V00721,P0041,2025-11-28,ST014,1,211.95,Accepted,RR5,true
RT003364,SO016526,1,V00719,P0040,2025-11-27,ST015,1,339.95,Pending,RR7,false
RT003365,SO016526,2,V00737,P0049,2025-11-14,ST015,1,51.95,Pending,RR6,false
RT003366,SO016529,2,V00423,P0019,2025-11-20,ST016,1,250.95,Pending,RR4,false
RT003367,SO016529,3,V00604,P0029,2025-12-03,ST016,1,135.95,Accepted,RR3,true
RT003368,SO016542,2,V00744,P0052,2025-11-28,ST012,1,131.95,Accepted,RR4,false
RT003369,SO016542,4,V00400,P0017,2025-11-08,ST001,1,159.95,Rejected,RR4,false
RT003370,SO016543,3,V00149,P0007,2025-11-17,ST014,1,126.95,Accepted,RR3,true
RT003371,SO016549,3,V00006,P0001,2025-11-27,ST003,1,217.56,Accepted,RR1,true
RT003372,SO016550,2,V00329,P0014,2025-12-08,ST004,1,189.95,Rejected,RR1,false
RT003373,SO016553,1,V00196,P0009,2025-11-09,ST004,1,119.95,Accepted,RR1,true
RT003374,SO016553,3,V00200,P0009,2025-11-13,ST004,1,119.95,Accepted,RR2,true
RT003375,SO016556,1,V00728,P0044,2025-11-06,ST005,1,115.95,Accepted,RR6,true
RT003376,SO016561,1,V00285,P0012,2025-11-07,ST007,1,116.95,Accepted,RR1,true
RT003377,SO016570,1,V00127,P0006,2025-11-13,ST011,1,162.95,Accepted,RR4,false
RT003378,SO016572,1,V00128,P0006,2025-11-13,ST017,1,138.51,Accepted,RR2,true
RT003379,SO016572,3,V00728,P0044,2025-12-08,ST003,1,115.95,Pending,RR7,false
RT003380,SO016576,1,V00744,P0052,2025-11-27,ST011,1,131.95,Accepted,RR5,true
RT003381,SO016576,2,V00721,P0041,2025-11-22,ST011,1,211.95,Rejected,RR1,false
RT003382,SO016591,2,V00230,P0010,2025-11-10,ST017,1,108.95,Pending,RR6,false
RT003383,SO016595,2,V00388,P0017,2025-11-19,ST006,1,159.95,Accepted,RR3,true
RT003384,SO016595,3,V00005,P0001,2025-12-08,ST004,1,271.95,Accepted,RR1,true
RT003385,SO016601,1,V00367,P0016,2025-11-23,ST003,1,218.95,Accepted,RR4,false
RT003386,SO016606,1,V00459,P0021,2025-11-23,ST002,1,278.95,Accepted,RR3,true
RT003387,SO016615,1,V00694,P0034,2025-11-30,ST004,1,61.95,Rejected,RR7,false
RT003388,SO016618,2,V00720,P0040,2025-11-19,ST005,1,339.95,Accepted,RR2,true
RT003389,SO016621,1,V00539,P0025,2025-11-14,ST005,2,191.90,Accepted,RR4,false
RT003390,SO016641,1,V00722,P0041,2025-11-13,ST012,1,211.95,Rejected,RR8,false
RT003391,SO016651,3,V00639,P0031,2025-12-07,ST015,1,75.95,Pending,RR4,false
RT003392,SO016662,3,V00399,P0017,2025-11-21,ST012,1,135.96,Accepted,RR4,false
RT003393,SO016663,2,V00395,P0017,2025-11-08,ST006,1,159.95,Accepted,RR5,true
RT003394,SO016664,1,V00739,P0050,2025-12-01,ST001,1,215.95,Accepted,RR5,true
RT003395,SO016665,1,V00207,P0009,2025-11-19,ST018,1,119.95,Accepted,RR2,true
RT003396,SO016670,3,V00715,P0038,2025-12-16,ST001,1,476.95,Accepted,RR8,true
RT003397,SO016672,3,V00032,P0002,2025-11-26,ST001,1,190.95,Accepted,RR7,true
RT003398,SO016710,2,V00250,P0011,2025-11-23,ST015,1,157.95,Accepted,RR4,false
RT003399,SO016714,1,V00075,P0004,2025-11-28,ST017,1,240.95,Accepted,RR8,true
RT003400,SO016717,4,V00659,P0032,2025-11-16,ST018,1,39.95,Accepted,RR4,false
RT003401,SO016721,1,V00270,P0012,2025-11-09,ST007,1,116.95,Accepted,RR7,true
RT003402,SO016722,3,V00029,P0002,2025-11-20,ST014,1,190.95,Accepted,RR7,true
RT003403,SO016723,2,V00478,P0022,2025-11-11,ST003,1,439.95,Rejected,RR3,false
RT003404,SO016725,1,V00526,P0024,2025-12-22,ST003,1,122.95,Pending,RR7,false
RT003405,SO016725,2,V00404,P0018,2025-11-20,ST014,1,180.95,Accepted,RR4,false
RT003406,SO016727,1,V00693,P0034,2025-12-01,ST005,1,61.95,Accepted,RR8,true
RT003407,SO016727,2,V00401,P0017,2025-11-23,ST009,1,159.95,Accepted,RR3,true
RT003408,SO016728,1,V00196,P0009,2025-11-24,ST010,1,119.95,Accepted,RR7,true
RT003409,SO016733,1,V00246,P0011,2025-11-09,ST001,1,157.95,Accepted,RR1,true
RT003410,SO016749,1,V00685,P0033,2025-12-05,ST008,1,48.95,Accepted,RR2,true
RT003411,SO016751,1,V00330,P0014,2025-11-21,ST009,1,189.95,Accepted,RR7,true
RT003412,SO016751,2,V00332,P0014,2025-11-17,ST009,1,189.95,Pending,RR2,false
RT003413,SO016752,2,V00292,P0013,2025-12-09,ST009,1,175.95,Accepted,RR1,true
RT003414,SO016752,3,V00018,P0001,2025-11-14,ST009,1,271.95,Accepted,RR1,true
RT003415,SO016759,1,V00556,P0026,2025-12-03,ST011,1,52.95,Accepted,RR1,true
RT003416,SO016761,1,V00199,P0009,2025-11-29,ST011,1,119.95,Accepted,RR8,true
RT003417,SO016768,1,V00393,P0017,2025-11-18,ST015,1,159.95,Accepted,RR4,false
RT003418,SO016769,2,V00111,P0005,2025-12-02,ST016,1,133.95,Accepted,RR4,false
RT003419,SO016771,2,V00314,P0014,2025-12-09,ST018,1,151.96,Accepted,RR7,true
RT003420,SO016772,2,V00602,P0029,2025-11-17,ST017,1,135.95,Accepted,RR3,true
RT003421,SO016782,2,V00142,P0006,2025-11-17,ST009,1,162.95,Accepted,RR6,true
RT003422,SO016784,1,V00526,P0024,2025-11-18,ST001,1,122.95,Accepted,RR8,true
RT003423,SO016803,3,V00683,P0033,2025-11-27,ST004,1,48.95,Accepted,RR7,true
RT003424,SO016809,2,V00353,P0015,2025-12-23,ST004,1,219.95,Accepted,RR3,true
RT003425,SO016809,3,V00163,P0007,2025-11-27,ST004,1,126.95,Pending,RR1,false
RT003426,SO016820,4,V00023,P0001,2025-11-15,ST009,1,271.95,Accepted,RR4,false
RT003427,SO016821,2,V00391,P0017,2025-12-24,ST009,1,159.95,Rejected,RR7,false
RT003428,SO016824,1,V00456,P0020,2025-11-18,ST009,1,425.95,Accepted,RR8,true
RT003429,SO016825,1,V00611,P0029,2025-12-25,ST010,1,135.95,Accepted,RR4,false
RT003430,SO016826,1,V00428,P0019,2025-11-10,ST010,1,250.95,Accepted,RR6,true
RT003431,SO016830,1,V00368,P0016,2025-11-17,ST011,1,175.16,Accepted,RR5,true
RT003432,SO016831,1,V00334,P0014,2025-12-04,ST011,1,189.95,Accepted,RR7,true
RT003433,SO016831,2,V00410,P0018,2025-11-21,ST011,1,180.95,Accepted,RR8,true
RT003434,SO016834,1,V00482,P0022,2025-12-03,ST011,1,439.95,Accepted,RR8,true
RT003435,SO016836,1,V00006,P0001,2025-12-25,ST011,1,271.95,Accepted,RR1,true
RT003436,SO016842,1,V00139,P0006,2025-11-29,ST012,1,162.95,Accepted,RR1,true
RT003437,SO016849,1,V00598,P0028,2025-12-19,ST014,1,84.55,Rejected,RR7,false
RT003438,SO016855,1,V00543,P0025,2025-11-15,ST015,1,95.95,Accepted,RR7,true
RT003439,SO016857,3,V00428,P0019,2025-11-26,ST014,1,250.95,Rejected,RR1,false
RT003440,SO016865,1,V00714,P0037,2025-11-23,ST006,1,228.95,Accepted,RR4,false
RT003441,SO016867,1,V00533,P0025,2025-11-13,ST013,1,95.95,Accepted,RR8,true
RT003442,SO016875,2,V00743,P0052,2025-11-14,ST001,1,131.95,Accepted,RR1,true
RT003443,SO016878,1,V00569,P0027,2025-11-28,ST002,1,82.95,Accepted,RR1,true
RT003444,SO016884,2,V00112,P0005,2025-12-04,ST004,1,133.95,Accepted,RR2,true
RT003445,SO016888,1,V00496,P0023,2025-11-21,ST004,1,132.95,Accepted,RR1,true
RT003446,SO016890,1,V00245,P0011,2025-11-26,ST004,2,315.90,Accepted,RR1,true
RT003447,SO016894,3,V00290,P0013,2025-12-04,ST005,1,175.95,Accepted,RR7,true
RT003448,SO016895,2,V00627,P0030,2025-12-13,ST005,1,133.95,Accepted,RR3,true
RT003449,SO016896,3,V00743,P0052,2025-12-06,ST005,1,131.95,Accepted,RR4,false
RT003450,SO016901,1,V00536,P0025,2025-11-18,ST007,1,95.95,Accepted,RR4,false
RT003451,SO016917,3,V00744,P0052,2025-12-28,ST011,1,131.95,Accepted,RR1,true
RT003452,SO016919,1,V00141,P0006,2025-11-16,ST011,1,162.95,Accepted,RR5,true
RT003453,SO016921,4,V00501,P0023,2025-11-28,ST011,1,132.95,Accepted,RR7,true
RT003454,SO016926,2,V00564,P0026,2025-11-21,ST013,1,52.95,Accepted,RR7,true
RT003455,SO016928,1,V00667,P0032,2025-11-20,ST013,1,39.95,Accepted,RR8,true
RT003456,SO016928,2,V00270,P0012,2025-11-30,ST005,1,116.95,Accepted,RR3,true
RT003457,SO016938,1,V00558,P0026,2025-12-08,ST015,1,52.95,Accepted,RR3,true
RT003458,SO016940,2,V00676,P0033,2025-11-20,ST016,1,48.95,Accepted,RR3,true
RT003459,SO016945,3,V00731,P0046,2025-11-20,ST017,1,121.95,Accepted,RR1,true
RT003460,SO016948,2,V00565,P0027,2025-12-04,ST018,1,82.95,Rejected,RR7,false
RT003461,SO016949,1,V00225,P0010,2025-12-09,ST018,1,108.95,Accepted,RR8,true
RT003462,SO016951,2,V00519,P0024,2025-11-25,ST016,1,122.95,Rejected,RR3,false
RT003463,SO016952,1,V00550,P0026,2025-11-15,ST015,1,52.95,Accepted,RR7,true
RT003464,SO016956,2,V00117,P0005,2025-12-02,ST006,1,133.95,Accepted,RR7,true
RT003465,SO016956,3,V00737,P0049,2025-12-08,ST018,2,103.90,Accepted,RR2,true
RT003466,SO016961,1,V00585,P0028,2025-11-18,ST005,1,84.56,Accepted,RR3,true
RT003467,SO016964,1,V00016,P0001,2025-11-25,ST002,1,271.95,Accepted,RR3,true
RT003468,SO016967,1,V00640,P0031,2025-12-11,ST003,1,68.35,Pending,RR2,false
RT003469,SO016970,1,V00735,P0048,2025-12-09,ST004,1,83.95,Accepted,RR3,true
RT003470,SO016973,1,V00639,P0031,2025-12-15,ST005,1,75.95,Accepted,RR7,true
RT003471,SO016978,3,V00456,P0020,2025-12-01,ST007,1,425.95,Accepted,RR2,true
RT003472,SO016980,2,V00405,P0018,2025-11-15,ST008,1,144.76,Accepted,RR8,true
RT003473,SO016993,1,V00617,P0029,2025-11-19,ST014,1,135.95,Accepted,RR8,true
RT003474,SO016995,1,V00136,P0006,2025-11-24,ST015,1,162.95,Accepted,RR2,true
RT003475,SO016996,3,V00406,P0018,2025-11-24,ST018,1,180.95,Accepted,RR7,true
RT003476,SO016999,2,V00442,P0020,2025-11-27,ST017,1,425.95,Accepted,RR4,false
RT003477,SO017000,1,V00633,P0030,2025-11-12,ST017,1,133.95,Accepted,RR1,true
RT003478,SO017002,1,V00700,P0034,2025-12-13,ST018,1,61.95,Accepted,RR4,false
RT003479,SO017008,1,V00232,P0010,2025-11-15,ST002,1,98.05,Pending,RR1,false
RT003480,SO017011,1,V00635,P0030,2025-11-14,ST001,1,133.95,Accepted,RR4,false
RT003481,SO017012,1,V00162,P0007,2025-11-22,ST006,1,126.95,Accepted,RR1,true
RT003482,SO017013,2,V00410,P0018,2025-11-22,ST013,1,180.95,Accepted,RR7,true
RT003483,SO017019,2,V00017,P0001,2025-12-30,ST001,1,271.95,Rejected,RR1,false
RT003484,SO017022,3,V00176,P0008,2025-12-13,ST001,1,135.95,Accepted,RR2,true
RT003485,SO017023,2,V00073,P0004,2025-12-24,ST002,1,240.95,Accepted,RR1,true
RT003486,SO017025,2,V00018,P0001,2025-11-20,ST003,1,271.95,Accepted,RR1,true
RT003487,SO017030,1,V00393,P0017,2025-11-17,ST003,2,319.90,Accepted,RR4,false
RT003488,SO017031,1,V00730,P0045,2025-11-19,ST004,1,93.95,Accepted,RR2,true
RT003489,SO017031,4,V00592,P0028,2025-11-21,ST004,1,93.95,Pending,RR8,false
RT003490,SO017040,3,V00056,P0003,2025-11-30,ST008,1,164.95,Accepted,RR7,true
RT003491,SO017063,1,V00090,P0004,2025-11-20,ST018,1,240.95,Accepted,RR8,true
RT003492,SO017063,2,V00575,P0027,2025-12-07,ST018,1,66.36,Accepted,RR5,true
RT003493,SO017068,1,V00589,P0028,2025-11-30,ST012,1,93.95,Accepted,RR3,true
RT003494,SO017069,1,V00437,P0019,2025-11-13,ST002,1,250.95,Accepted,RR5,true
RT003495,SO017074,3,V00441,P0020,2025-11-30,ST001,1,362.06,Accepted,RR5,true
RT003496,SO017082,3,V00736,P0048,2025-11-28,ST003,1,67.16,Accepted,RR7,true
RT003497,SO017083,1,V00473,P0021,2025-12-14,ST012,1,278.95,Accepted,RR7,true
RT003498,SO017090,4,V00739,P0050,2025-11-26,ST006,1,215.95,Rejected,RR7,false
RT003499,SO017096,3,V00333,P0014,2025-11-29,ST017,1,189.95,Rejected,RR6,false
RT003500,SO017096,4,V00209,P0009,2025-12-01,ST010,1,119.95,Rejected,RR7,false
RT003501,SO017101,3,V00491,P0022,2025-11-28,ST012,1,439.95,Accepted,RR7,true
RT003502,SO017104,1,V00243,P0011,2025-12-14,ST012,1,157.95,Accepted,RR3,true
RT003503,SO017106,2,V00112,P0005,2025-12-31,ST013,1,133.95,Accepted,RR4,false
RT003504,SO017107,1,V00719,P0040,2025-11-21,ST013,1,339.95,Accepted,RR4,false
RT003505,SO017113,1,V00653,P0031,2025-12-10,ST016,1,75.95,Accepted,RR7,true
RT003506,SO017120,1,V00461,P0021,2025-12-11,ST018,1,278.95,Pending,RR4,false
RT003507,SO017121,2,V00115,P0005,2025-11-23,ST007,1,133.95,Accepted,RR5,true
RT003508,SO017121,4,V00185,P0008,2025-11-27,ST008,1,135.95,Accepted,RR2,true
RT003509,SO017123,2,V00560,P0026,2025-12-01,ST006,1,52.95,Accepted,RR4,false
RT003510,SO017124,2,V00417,P0018,2025-12-25,ST007,1,144.76,Accepted,RR7,true
RT003511,SO017124,3,V00551,P0026,2025-12-22,ST009,1,52.95,Accepted,RR8,true
RT003512,SO017144,3,V00721,P0041,2025-12-02,ST006,1,190.75,Accepted,RR1,true
RT003513,SO017145,1,V00742,P0051,2025-12-25,ST007,1,73.95,Accepted,RR4,false
RT003514,SO017156,1,V00496,P0023,2025-11-24,ST010,1,132.95,Accepted,RR4,false
RT003515,SO017159,2,V00033,P0002,2025-11-23,ST006,1,190.95,Accepted,RR8,true
RT003516,SO017159,3,V00132,P0006,2025-11-30,ST011,1,162.95,Accepted,RR7,true
RT003517,SO017165,1,V00066,P0003,2025-11-22,ST013,1,164.95,Rejected,RR7,false
RT003518,SO017165,2,V00609,P0029,2025-11-26,ST013,1,135.95,Accepted,RR7,true
RT003519,SO017169,1,V00449,P0020,2025-12-02,ST015,1,425.95,Accepted,RR7,true
RT003520,SO017176,1,V00533,P0025,2025-11-19,ST012,1,95.95,Accepted,RR7,true
RT003521,SO017178,1,V00092,P0004,2025-11-19,ST002,1,240.95,Accepted,RR2,true
RT003522,SO017182,1,V00412,P0018,2025-12-14,ST011,2,361.90,Accepted,RR3,true
RT003523,SO017194,2,V00545,P0025,2025-12-25,ST004,1,86.36,Accepted,RR8,true
RT003524,SO017198,1,V00672,P0032,2025-11-16,ST005,1,39.95,Accepted,RR7,true
RT003525,SO017200,1,V00592,P0028,2025-11-27,ST006,1,93.95,Accepted,RR3,true
RT003526,SO017202,1,V00453,P0020,2025-12-01,ST016,1,383.35,Accepted,RR7,true
RT003527,SO017207,2,V00482,P0022,2025-12-03,ST009,1,439.95,Accepted,RR7,true
RT003528,SO017208,1,V00375,P0016,2025-11-24,ST009,1,218.95,Accepted,RR7,true
RT003529,SO017211,1,V00424,P0019,2025-12-11,ST011,1,250.95,Accepted,RR3,true
RT003530,SO017214,1,V00029,P0002,2025-11-17,ST011,1,190.95,Accepted,RR2,true
RT003531,SO017222,1,V00714,P0037,2025-11-27,ST015,1,228.95,Accepted,RR7,true
RT003532,SO017223,1,V00275,P0012,2025-12-03,ST016,1,105.25,Accepted,RR4,false
RT003533,SO017231,1,V00411,P0018,2025-11-29,ST001,1,180.95,Accepted,RR6,true
RT003534,SO017233,1,V00378,P0016,2026-01-01,ST001,1,218.95,Rejected,RR1,false
RT003535,SO017236,1,V00736,P0048,2025-12-28,ST016,1,83.95,Accepted,RR7,true
RT003536,SO017236,3,V00459,P0021,2025-12-03,ST018,1,278.95,Accepted,RR3,true
RT003537,SO017239,1,V00737,P0049,2025-12-02,ST012,1,51.95,Accepted,RR7,true
RT003538,SO017243,1,V00083,P0004,2025-11-27,ST001,1,240.95,Accepted,RR4,false
RT003539,SO017245,3,V00077,P0004,2025-11-23,ST001,1,240.95,Pending,RR6,false
RT003540,SO017247,1,V00176,P0008,2025-11-21,ST001,1,135.95,Accepted,RR6,true
RT003541,SO017249,1,V00694,P0034,2025-11-18,ST001,1,61.95,Accepted,RR8,true
RT003542,SO017254,2,V00554,P0026,2025-12-16,ST014,1,52.95,Accepted,RR8,true
RT003543,SO017264,3,V00569,P0027,2025-12-03,ST004,1,82.95,Accepted,RR5,true
RT003544,SO017265,3,V00517,P0024,2025-12-02,ST004,1,122.95,Accepted,RR1,true
RT003545,SO017268,3,V00075,P0004,2025-11-24,ST005,1,240.95,Accepted,RR3,true
RT003546,SO017275,2,V00010,P0001,2025-11-23,ST006,1,244.75,Accepted,RR1,true
RT003547,SO017278,2,V00714,P0037,2025-11-27,ST006,1,228.95,Accepted,RR4,false
RT003548,SO017282,1,V00635,P0030,2026-01-04,ST007,1,133.95,Accepted,RR8,true
RT003549,SO017294,1,V00459,P0021,2025-12-04,ST010,1,278.95,Accepted,RR7,true
RT003550,SO017296,2,V00404,P0018,2025-12-06,ST010,1,180.95,Rejected,RR4,false
RT003551,SO017303,3,V00113,P0005,2025-12-09,ST011,1,133.95,Rejected,RR4,false
RT003552,SO017306,1,V00415,P0018,2025-11-27,ST012,1,180.95,Rejected,RR4,false
RT003553,SO017319,2,V00094,P0004,2025-11-18,ST014,1,240.95,Accepted,RR5,true
RT003554,SO017320,2,V00628,P0030,2025-12-17,ST014,1,133.95,Accepted,RR6,true
RT003555,SO017322,3,V00429,P0019,2025-11-17,ST015,1,250.95,Accepted,RR5,true
RT003556,SO017325,3,V00003,P0001,2025-12-05,ST016,1,271.95,Accepted,RR1,true
RT003557,SO017328,3,V00187,P0008,2025-12-01,ST017,1,135.95,Accepted,RR1,true
RT003558,SO017329,1,V00032,P0002,2025-12-02,ST017,1,190.95,Accepted,RR8,true
RT003559,SO017339,2,V00005,P0001,2025-12-16,ST008,1,271.95,Pending,RR2,false
RT003560,SO017341,3,V00284,P0012,2025-11-17,ST018,1,116.95,Accepted,RR1,true
RT003561,SO017347,1,V00136,P0006,2025-12-14,ST004,1,162.95,Accepted,RR8,true
RT003562,SO017348,1,V00225,P0010,2025-12-18,ST001,1,92.61,Accepted,RR2,true
RT003563,SO017350,1,V00353,P0015,2025-11-24,ST001,1,219.95,Accepted,RR7,true
RT003564,SO017365,4,V00280,P0012,2025-11-18,ST003,1,116.95,Pending,RR1,false
RT003565,SO017366,3,V00124,P0006,2025-12-26,ST003,1,162.95,Rejected,RR1,false
RT003566,SO017371,1,V00368,P0016,2025-12-03,ST005,1,218.95,Accepted,RR7,true
RT003567,SO017371,4,V00161,P0007,2025-11-27,ST005,1,126.95,Accepted,RR5,true
RT003568,SO017375,3,V00658,P0032,2025-12-05,ST006,1,39.95,Rejected,RR7,false
RT003569,SO017380,2,V00448,P0020,2025-11-24,ST008,1,425.95,Accepted,RR7,true
RT003570,SO017383,1,V00089,P0004,2025-11-19,ST008,1,240.95,Accepted,RR1,true
RT003571,SO017386,3,V00388,P0017,2025-12-18,ST009,1,159.95,Accepted,RR6,true
RT003572,SO017408,2,V00067,P0003,2025-12-06,ST015,1,164.95,Accepted,RR1,true
RT003573,SO017409,1,V00637,P0031,2025-11-29,ST006,1,75.95,Accepted,RR1,true
RT003574,SO017413,1,V00506,P0023,2025-12-08,ST016,1,132.95,Accepted,RR5,true
RT003575,SO017417,1,V00357,P0015,2026-01-02,ST017,1,219.95,Rejected,RR7,false
RT003576,SO017418,2,V00631,P0030,2025-12-02,ST017,1,133.95,Accepted,RR6,true
RT003577,SO017419,1,V00493,P0023,2025-12-07,ST018,1,132.95,Accepted,RR7,true
RT003578,SO017421,1,V00676,P0033,2025-11-21,ST018,1,48.95,Accepted,RR4,false
RT003579,SO017422,1,V00057,P0003,2025-12-12,ST018,1,164.95,Accepted,RR5,true
RT003580,SO017423,1,V00458,P0021,2025-12-01,ST014,1,251.05,Accepted,RR2,true
RT003581,SO017431,1,V00620,P0030,2025-11-23,ST018,1,133.95,Accepted,RR4,false
RT003582,SO017437,1,V00480,P0022,2026-01-01,ST003,1,439.95,Accepted,RR4,false
RT003583,SO017437,2,V00603,P0029,2025-11-30,ST008,1,108.76,Accepted,RR7,true
RT003584,SO017438,3,V00640,P0031,2025-11-25,ST004,1,75.95,Accepted,RR2,true
RT003585,SO017446,1,V00520,P0024,2025-11-24,ST001,1,122.95,Accepted,RR3,true
RT003586,SO017450,1,V00501,P0023,2025-12-02,ST003,1,132.95,Rejected,RR5,false
RT003587,SO017455,3,V00719,P0040,2025-12-13,ST004,1,339.95,Accepted,RR2,true
RT003588,SO017463,1,V00473,P0021,2025-11-21,ST010,1,223.16,Accepted,RR7,true
RT003589,SO017465,1,V00268,P0012,2025-12-09,ST008,1,116.95,Accepted,RR5,true
RT003590,SO017472,1,V00638,P0031,2025-12-04,ST011,2,151.90,Accepted,RR7,true
RT003591,SO017475,1,V00435,P0019,2025-11-26,ST011,1,250.95,Accepted,RR7,true
RT003592,SO017480,1,V00705,P0034,2025-12-14,ST013,1,61.95,Accepted,RR5,true
RT003593,SO017480,2,V00658,P0032,2026-01-04,ST013,1,33.96,Accepted,RR4,false
RT003594,SO017483,2,V00191,P0008,2025-12-16,ST004,1,135.95,Accepted,RR6,true
RT003595,SO017490,2,V00101,P0005,2025-11-21,ST018,1,133.95,Accepted,RR7,true
RT003596,SO017491,1,V00543,P0025,2025-12-18,ST018,1,86.35,Accepted,RR8,true
RT003597,SO017498,2,V00399,P0017,2025-12-02,ST010,1,159.95,Accepted,RR1,true
RT003598,SO017499,2,V00643,P0031,2025-11-28,ST001,1,75.95,Accepted,RR1,true
RT003599,SO017514,3,V00402,P0017,2025-12-01,ST004,1,159.95,Accepted,RR7,true
RT003600,SO017521,2,V00266,P0012,2025-11-25,ST006,1,116.95,Accepted,RR4,false
RT003601,SO017522,1,V00729,P0045,2025-12-03,ST006,1,93.95,Accepted,RR3,true
RT003602,SO017528,1,V00072,P0003,2025-12-14,ST009,1,164.95,Accepted,RR8,true
RT003603,SO017529,2,V00417,P0018,2026-01-04,ST009,1,144.76,Accepted,RR1,true
RT003604,SO017541,2,V00471,P0021,2025-11-26,ST014,1,278.95,Accepted,RR6,true
RT003605,SO017549,2,V00234,P0010,2025-12-13,ST018,1,98.06,Accepted,RR7,true
RT003606,SO017560,2,V00075,P0004,2025-11-27,ST018,1,240.95,Accepted,RR6,true
RT003607,SO017563,1,V00108,P0005,2025-11-20,ST014,1,133.95,Rejected,RR4,false
RT003608,SO017566,3,V00439,P0020,2025-12-21,ST001,1,425.95,Pending,RR7,false
RT003609,SO017573,1,V00544,P0025,2025-12-02,ST001,1,95.95,Accepted,RR4,false
RT003610,SO017577,2,V00034,P0002,2025-12-14,ST003,1,152.76,Accepted,RR7,true
RT003611,SO017598,2,V00076,P0004,2025-12-29,ST011,1,240.95,Pending,RR2,false
RT003612,SO017607,1,V00111,P0005,2025-12-01,ST014,1,133.95,Accepted,RR2,true
RT003613,SO017611,1,V00180,P0008,2025-12-31,ST015,1,135.95,Accepted,RR2,true
RT003614,SO017624,1,V00441,P0020,2025-11-24,ST001,1,425.95,Accepted,RR2,true
RT003615,SO017630,1,V00474,P0021,2025-12-21,ST003,1,278.95,Rejected,RR8,false
RT003616,SO017632,3,V00017,P0001,2025-12-10,ST004,1,271.95,Accepted,RR1,true
RT003617,SO017637,1,V00127,P0006,2025-11-23,ST005,1,130.36,Accepted,RR1,true
RT003618,SO017645,3,V00006,P0001,2025-12-17,ST011,1,271.95,Accepted,RR8,true
RT003619,SO017651,1,V00623,P0030,2025-12-12,ST013,1,133.95,Accepted,RR5,true
RT003620,SO017662,1,V00428,P0019,2025-11-28,ST017,1,250.95,Accepted,RR3,true
RT003621,SO017665,1,V00470,P0021,2025-12-08,ST018,1,278.95,Rejected,RR5,false
RT003622,SO017670,1,V00305,P0013,2025-12-19,ST017,1,175.95,Accepted,RR7,true
RT003623,SO017675,1,V00634,P0030,2025-12-06,ST017,1,133.95,Pending,RR4,false
RT003624,SO017677,2,V00236,P0010,2025-12-07,ST002,1,108.95,Accepted,RR4,false
RT003625,SO017682,1,V00687,P0033,2025-12-19,ST004,1,48.95,Accepted,RR7,true
RT003626,SO017687,2,V00389,P0017,2025-11-27,ST006,1,159.95,Rejected,RR2,false
RT003627,SO017687,3,V00716,P0038,2026-01-07,ST009,1,476.95,Accepted,RR8,true
RT003628,SO017695,1,V00641,P0031,2025-11-30,ST008,1,60.76,Accepted,RR1,true
RT003629,SO017696,1,V00616,P0029,2025-11-24,ST008,1,135.95,Accepted,RR7,true
RT003630,SO017698,2,V00128,P0006,2025-12-13,ST009,1,162.95,Accepted,RR2,true
RT003631,SO017702,1,V00168,P0007,2025-12-12,ST010,1,126.95,Accepted,RR3,true
RT003632,SO017702,3,V00003,P0001,2025-12-03,ST010,1,271.95,Accepted,RR1,true
RT003633,SO017702,4,V00218,P0010,2025-12-11,ST010,1,108.95,Accepted,RR1,true
RT003634,SO017702,5,V00497,P0023,2025-12-15,ST010,1,132.95,Accepted,RR1,true
RT003635,SO017707,1,V00384,P0016,2025-11-29,ST013,1,186.11,Accepted,RR3,true
RT003636,SO017711,1,V00318,P0014,2025-11-26,ST014,1,170.96,Rejected,RR8,false
RT003637,SO017714,1,V00299,P0013,2025-12-08,ST016,1,175.95,Accepted,RR1,true
RT003638,SO017716,3,V00179,P0008,2025-11-28,ST018,1,122.35,Accepted,RR7,true
RT003639,SO017718,1,V00124,P0006,2025-12-04,ST011,1,162.95,Accepted,RR7,true
RT003640,SO017723,3,V00203,P0009,2025-12-26,ST002,1,119.95,Accepted,RR4,false
RT003641,SO017728,1,V00574,P0027,2025-11-24,ST001,1,66.36,Accepted,RR3,true
RT003642,SO017730,1,V00102,P0005,2025-11-26,ST001,1,133.95,Accepted,RR2,true
RT003643,SO017738,4,V00620,P0030,2025-12-11,ST001,1,133.95,Accepted,RR1,true
RT003644,SO017743,3,V00091,P0004,2025-12-04,ST003,1,240.95,Accepted,RR4,false
RT003645,SO017743,5,V00037,P0002,2026-01-11,ST013,1,190.95,Accepted,RR4,false
RT003646,SO017744,1,V00737,P0049,2025-12-13,ST004,1,51.95,Accepted,RR1,true
RT003647,SO017746,1,V00711,P0036,2025-12-21,ST004,1,177.95,Accepted,RR8,true
RT003648,SO017756,1,V00184,P0008,2025-12-13,ST006,1,135.95,Accepted,RR4,false
RT003649,SO017763,2,V00416,P0018,2025-12-04,ST007,1,180.95,Pending,RR7,false
RT003650,SO017771,1,V00586,P0028,2025-12-11,ST011,1,93.95,Accepted,RR7,true
RT003651,SO017775,1,V00290,P0013,2025-11-29,ST011,1,175.95,Rejected,RR8,false
RT003652,SO017777,1,V00471,P0021,2025-11-27,ST011,1,278.95,Accepted,RR7,true
RT003653,SO017792,1,V00508,P0023,2025-12-19,ST015,1,132.95,Accepted,RR7,true
RT003654,SO017806,3,V00185,P0008,2025-12-17,ST015,1,135.95,Accepted,RR4,false
RT003655,SO017812,1,V00295,P0013,2025-12-17,ST006,1,140.76,Accepted,RR4,false
RT003656,SO017812,2,V00739,P0050,2025-12-09,ST006,1,215.95,Accepted,RR4,false
RT003657,SO017814,1,V00109,P0005,2025-12-02,ST001,1,133.95,Accepted,RR8,true
RT003658,SO017831,1,V00411,P0018,2025-11-30,ST003,1,162.85,Accepted,RR2,true
RT003659,SO017832,1,V00635,P0030,2026-01-12,ST004,1,133.95,Accepted,RR8,true
RT003660,SO017848,1,V00737,P0049,2025-11-26,ST006,1,44.16,Accepted,RR4,false
RT003661,SO017859,1,V00681,P0033,2025-12-09,ST009,1,48.95,Accepted,RR7,true
RT003662,SO017859,2,V00598,P0028,2025-12-14,ST009,1,93.95,Accepted,RR4,false
RT003663,SO017862,2,V00640,P0031,2025-12-14,ST011,1,75.95,Accepted,RR8,true
RT003664,SO017864,1,V00733,P0047,2025-11-30,ST011,1,89.95,Accepted,RR3,true
RT003665,SO017866,2,V00311,P0013,2025-12-11,ST009,1,175.95,Accepted,RR6,true
RT003666,SO017871,1,V00349,P0015,2025-12-08,ST012,1,175.96,Accepted,RR4,false
RT003667,SO017877,1,V00430,P0019,2025-11-27,ST014,1,250.95,Accepted,RR8,true
RT003668,SO017889,3,V00603,P0029,2025-12-03,ST009,1,135.95,Accepted,RR7,true
RT003669,SO017895,3,V00519,P0024,2025-12-03,ST018,1,122.95,Accepted,RR7,true
RT003670,SO017898,1,V00139,P0006,2025-12-23,ST017,1,162.95,Accepted,RR2,true
RT003671,SO017898,2,V00161,P0007,2025-11-30,ST008,1,126.95,Accepted,RR3,true
RT003672,SO017905,2,V00243,P0011,2025-12-21,ST013,1,157.95,Accepted,RR1,true
RT003673,SO017906,1,V00524,P0024,2025-12-10,ST006,1,104.51,Accepted,RR4,false
RT003674,SO017910,1,V00598,P0028,2025-12-10,ST001,1,93.95,Rejected,RR1,false
RT003675,SO017929,2,V00116,P0005,2025-12-16,ST009,1,133.95,Accepted,RR2,true
RT003676,SO017931,3,V00743,P0052,2025-12-07,ST011,1,131.95,Accepted,RR4,false
RT003677,SO017933,3,V00737,P0049,2025-12-10,ST011,1,44.16,Accepted,RR8,true
RT003678,SO017950,2,V00585,P0028,2025-12-19,ST017,1,93.95,Pending,RR6,false
RT003679,SO017951,1,V00176,P0008,2025-12-21,ST018,1,135.95,Pending,RR4,false
RT003680,SO017954,1,V00562,P0026,2025-12-05,ST013,3,158.85,Accepted,RR5,true
RT003681,SO017957,1,V00136,P0006,2025-12-03,ST006,1,162.95,Accepted,RR7,true
RT003682,SO017961,3,V00113,P0005,2025-12-18,ST017,1,133.95,Accepted,RR2,true
RT003683,SO017971,2,V00740,P0050,2025-12-04,ST004,1,215.95,Accepted,RR3,true
RT003684,SO017975,3,V00334,P0014,2025-12-12,ST004,1,161.46,Accepted,RR2,true
RT003685,SO017988,2,V00054,P0003,2025-11-30,ST010,1,164.95,Accepted,RR4,false
RT003686,SO017996,1,V00437,P0019,2025-12-08,ST012,1,250.95,Accepted,RR1,true
RT003687,SO017999,2,V00194,P0009,2025-12-18,ST005,1,119.95,Accepted,RR2,true
RT003688,SO018000,1,V00737,P0049,2025-11-29,ST014,1,51.95,Rejected,RR1,false
RT003689,SO018002,2,V00065,P0003,2026-01-05,ST015,2,329.90,Accepted,RR3,true
RT003690,SO018004,1,V00650,P0031,2025-11-28,ST016,1,75.95,Pending,RR8,false
RT003691,SO018005,1,V00672,P0032,2025-12-10,ST017,1,39.95,Accepted,RR7,true
RT003692,SO018006,2,V00471,P0021,2025-12-12,ST017,1,251.05,Accepted,RR2,true
RT003693,SO018011,1,V00296,P0013,2025-12-09,ST010,1,175.95,Accepted,RR3,true
RT003694,SO018013,1,V00029,P0002,2025-12-11,ST012,1,190.95,Accepted,RR4,false
RT003695,SO018017,1,V00532,P0025,2025-12-27,ST014,1,86.35,Accepted,RR2,true
RT003696,SO018018,2,V00111,P0005,2025-12-07,ST005,1,107.16,Accepted,RR7,true
RT003697,SO018018,3,V00688,P0033,2025-12-12,ST014,1,48.95,Accepted,RR2,true
RT003698,SO018022,2,V00404,P0018,2025-12-04,ST001,1,180.95,Accepted,RR2,true
RT003699,SO018036,1,V00520,P0024,2025-12-07,ST007,1,122.95,Accepted,RR5,true
RT003700,SO018040,1,V00322,P0014,2025-12-16,ST008,1,189.95,Accepted,RR7,true
RT003701,SO018046,3,V00412,P0018,2025-12-29,ST011,1,180.95,Accepted,RR4,false
RT003702,SO018052,1,V00317,P0014,2025-12-29,ST013,1,189.95,Accepted,RR5,true
RT003703,SO018061,1,V00674,P0033,2025-12-05,ST017,1,48.95,Pending,RR8,false
RT003704,SO018064,3,V00532,P0025,2025-12-02,ST018,1,95.95,Accepted,RR7,true
RT003705,SO018084,1,V00404,P0018,2026-01-01,ST008,1,180.95,Accepted,RR1,true
RT003706,SO018090,1,V00005,P0001,2025-12-07,ST004,1,271.95,Pending,RR1,false
RT003707,SO018094,1,V00031,P0002,2025-12-07,ST008,1,190.95,Accepted,RR1,true
RT003708,SO018099,2,V00092,P0004,2026-01-01,ST011,1,240.95,Accepted,RR3,true
RT003709,SO018101,2,V00547,P0026,2025-12-26,ST011,1,52.95,Pending,RR1,false
RT003710,SO018110,1,V00423,P0019,2025-11-29,ST014,2,501.90,Accepted,RR7,true
RT003711,SO018111,1,V00344,P0015,2025-12-01,ST015,1,219.95,Accepted,RR7,true
RT003712,SO018121,1,V00186,P0008,2025-12-07,ST002,1,135.95,Accepted,RR1,true
RT003713,SO018127,1,V00327,P0014,2025-12-13,ST004,1,189.95,Pending,RR4,false
RT003714,SO018128,1,V00165,P0007,2025-12-15,ST004,1,126.95,Accepted,RR7,true
RT003715,SO018129,1,V00304,P0013,2025-12-05,ST004,1,175.95,Accepted,RR8,true
RT003716,SO018129,3,V00188,P0008,2025-12-06,ST004,1,135.95,Accepted,RR3,true
RT003717,SO018131,1,V00569,P0027,2025-12-15,ST005,1,82.95,Accepted,RR8,true
RT003718,SO018133,1,V00440,P0020,2025-12-17,ST006,1,383.35,Rejected,RR6,false
RT003719,SO018139,1,V00705,P0034,2026-01-13,ST008,1,61.95,Rejected,RR7,false
RT003720,SO018143,1,V00410,P0018,2025-12-16,ST010,1,180.95,Accepted,RR7,true
RT003721,SO018146,1,V00687,P0033,2025-12-15,ST011,1,48.95,Accepted,RR1,true
RT003722,SO018147,2,V00528,P0024,2026-01-01,ST011,1,122.95,Accepted,RR1,true
RT003723,SO018153,1,V00582,P0027,2026-01-01,ST013,1,70.51,Accepted,RR3,true
RT003724,SO018154,1,V00347,P0015,2026-01-01,ST015,1,219.95,Rejected,RR1,false
RT003725,SO018162,2,V00657,P0032,2025-12-12,ST017,1,39.95,Accepted,RR1,true
RT003726,SO018163,1,V00027,P0002,2025-12-29,ST017,1,190.95,Pending,RR7,false
RT003727,SO018168,1,V00620,P0030,2025-12-22,ST006,1,133.95,Accepted,RR3,true
RT003728,SO018169,1,V00447,P0020,2025-12-08,ST010,1,362.06,Accepted,RR3,true
RT003729,SO018172,1,V00698,P0034,2025-12-20,ST006,1,61.95,Pending,RR8,false
RT003730,SO018173,1,V00514,P0024,2025-12-18,ST007,1,122.95,Accepted,RR3,true
RT003731,SO018178,1,V00089,P0004,2025-12-02,ST016,1,240.95,Accepted,RR2,true
RT003732,SO018182,1,V00286,P0012,2025-12-08,ST001,1,105.25,Accepted,RR2,true
RT003733,SO018189,2,V00125,P0006,2026-01-10,ST004,1,162.95,Accepted,RR7,true
RT003734,SO018195,3,V00291,P0013,2025-12-05,ST006,1,175.95,Accepted,RR7,true
RT003735,SO018213,1,V00367,P0016,2025-12-14,ST018,1,218.95,Accepted,RR6,true
RT003736,SO018221,2,V00658,P0032,2025-12-16,ST013,1,39.95,Accepted,RR1,true
RT003737,SO018231,2,V00089,P0004,2026-01-09,ST016,2,481.90,Accepted,RR7,true
RT003738,SO018236,1,V00007,P0001,2026-01-17,ST018,1,271.95,Accepted,RR1,true
RT003739,SO018239,1,V00644,P0031,2025-12-10,ST007,1,75.95,Accepted,RR4,false
RT003740,SO018246,2,V00129,P0006,2025-12-02,ST001,1,162.95,Accepted,RR1,true
RT003741,SO018254,1,V00676,P0033,2025-12-06,ST002,1,48.95,Accepted,RR5,true
RT003742,SO018272,2,V00452,P0020,2025-12-17,ST006,1,425.95,Accepted,RR1,true
RT003743,SO018277,1,V00216,P0009,2025-12-23,ST008,1,119.95,Accepted,RR2,true
RT003744,SO018283,3,V00543,P0025,2025-12-08,ST009,2,191.90,Pending,RR4,false
RT003745,SO018284,1,V00103,P0005,2025-12-19,ST009,1,133.95,Accepted,RR7,true
RT003746,SO018286,1,V00260,P0011,2025-12-11,ST010,1,157.95,Accepted,RR2,true
RT003747,SO018299,3,V00259,P0011,2025-12-08,ST012,1,157.95,Accepted,RR1,true
RT003748,SO018303,4,V00633,P0030,2025-12-19,ST014,1,107.16,Pending,RR1,false
RT003749,SO018303,5,V00584,P0028,2025-12-13,ST014,1,93.95,Rejected,RR1,false
RT003750,SO018309,1,V00091,P0004,2025-12-18,ST015,1,240.95,Accepted,RR7,true
RT003751,SO018310,1,V00493,P0023,2026-01-19,ST001,1,132.95,Accepted,RR3,true
RT003752,SO018319,1,V00688,P0033,2025-12-11,ST014,1,48.95,Accepted,RR7,true
RT003753,SO018322,1,V00633,P0030,2025-12-14,ST010,1,133.95,Accepted,RR3,true
RT003754,SO018326,1,V00740,P0050,2025-12-31,ST008,1,215.95,Accepted,RR3,true
RT003755,SO018341,1,V00009,P0001,2025-12-29,ST004,1,271.95,Accepted,RR1,true
RT003756,SO018352,2,V00291,P0013,2025-12-20,ST008,3,527.85,Accepted,RR1,true
RT003757,SO018358,4,V00466,P0021,2025-12-18,ST010,1,278.95,Pending,RR4,false
RT003758,SO018360,1,V00580,P0027,2025-12-23,ST011,1,82.95,Accepted,RR8,true
RT003759,SO018363,3,V00734,P0047,2026-01-20,ST011,1,89.95,Accepted,RR8,true
RT003760,SO018363,4,V00304,P0013,2025-12-04,ST011,1,175.95,Accepted,RR7,true
RT003761,SO018372,1,V00640,P0031,2025-12-28,ST014,1,75.95,Accepted,RR7,true
RT003762,SO018378,2,V00640,P0031,2026-01-13,ST017,1,75.95,Accepted,RR7,true
RT003763,SO018382,2,V00478,P0022,2025-12-12,ST018,1,395.95,Accepted,RR4,false
RT003764,SO018383,1,V00316,P0014,2025-12-10,ST018,1,189.95,Accepted,RR2,true
RT003765,SO018384,1,V00629,P0030,2025-12-18,ST018,1,133.95,Accepted,RR7,true
RT003766,SO018385,1,V00663,P0032,2025-12-30,ST013,1,39.95,Accepted,RR7,true
RT003767,SO018388,1,V00525,P0024,2025-12-03,ST004,1,122.95,Accepted,RR2,true
RT003768,SO018393,1,V00718,P0039,2026-01-11,ST017,1,220.95,Accepted,RR7,true
RT003769,SO018400,2,V00641,P0031,2025-12-22,ST004,1,68.35,Accepted,RR7,true
RT003770,SO018403,2,V00377,P0016,2025-12-26,ST004,1,218.95,Accepted,RR6,true
RT003771,SO018409,3,V00193,P0009,2025-12-10,ST016,1,95.96,Accepted,RR4,false
RT003772,SO018411,1,V00540,P0025,2026-01-04,ST015,1,95.95,Accepted,RR6,true
RT003773,SO018411,4,V00089,P0004,2025-12-14,ST006,1,240.95,Accepted,RR4,false
RT003774,SO018417,3,V00740,P0050,2025-12-28,ST008,1,215.95,Rejected,RR7,false
RT003775,SO018422,2,V00233,P0010,2025-12-07,ST011,1,108.95,Accepted,RR2,true
RT003776,SO018424,2,V00482,P0022,2025-12-20,ST011,1,439.95,Accepted,RR4,false
RT003777,SO018446,1,V00467,P0021,2025-12-31,ST015,1,278.95,Accepted,RR2,true
RT003778,SO018448,3,V00715,P0038,2025-12-11,ST002,1,476.95,Accepted,RR3,true
RT003779,SO018448,4,V00588,P0028,2025-12-28,ST012,1,93.95,Accepted,RR5,true
RT003780,SO018454,2,V00338,P0015,2025-12-15,ST001,1,219.95,Accepted,RR1,true
RT003781,SO018454,3,V00724,P0042,2025-12-21,ST001,1,358.95,Accepted,RR1,true
RT003782,SO018468,2,V00139,P0006,2025-12-17,ST006,1,162.95,Accepted,RR1,true
RT003783,SO018486,1,V00592,P0028,2025-12-20,ST014,1,93.95,Accepted,RR3,true
RT003784,SO018487,2,V00286,P0012,2025-12-13,ST014,1,116.95,Accepted,RR1,true
RT003785,SO018489,1,V00489,P0022,2026-01-18,ST014,1,373.96,Accepted,RR7,true
RT003786,SO018493,1,V00533,P0025,2026-01-02,ST015,1,95.95,Accepted,RR2,true
RT003787,SO018493,2,V00052,P0003,2025-12-09,ST015,1,164.95,Accepted,RR1,true
RT003788,SO018501,1,V00712,P0036,2026-01-17,ST018,1,177.95,Pending,RR1,false
RT003789,SO018515,2,V00015,P0001,2025-12-15,ST001,1,271.95,Accepted,RR5,true
RT003790,SO018517,2,V00328,P0014,2025-12-14,ST002,1,151.96,Accepted,RR7,true
RT003791,SO018526,2,V00050,P0003,2025-12-29,ST004,1,164.95,Accepted,RR3,true
RT003792,SO018528,2,V00470,P0021,2026-01-14,ST004,1,278.95,Accepted,RR4,false
RT003793,SO018531,1,V00007,P0001,2025-12-14,ST001,1,271.95,Rejected,RR1,false
RT003794,SO018544,1,V00062,P0003,2026-01-03,ST010,1,148.45,Accepted,RR6,true
RT003795,SO018553,2,V00711,P0036,2025-12-09,ST014,1,177.95,Rejected,RR1,false
RT003796,SO018555,1,V00691,P0034,2025-12-08,ST015,1,61.95,Accepted,RR2,true
RT003797,SO018566,1,V00716,P0038,2026-01-07,ST005,1,476.95,Pending,RR2,false
RT003798,SO018567,1,V00280,P0012,2025-12-12,ST004,1,116.95,Accepted,RR2,true
RT003799,SO018574,1,V00079,P0004,2025-12-23,ST017,1,240.95,Accepted,RR5,true
RT003800,SO018586,2,V00544,P0025,2025-12-28,ST005,1,95.95,Accepted,RR2,true
RT003801,SO018587,1,V00608,P0029,2025-12-29,ST017,3,407.85,Rejected,RR4,false
RT003802,SO018588,1,V00333,P0014,2026-01-21,ST006,3,569.85,Accepted,RR7,true
RT003803,SO018594,3,V00530,P0025,2026-01-01,ST009,1,95.95,Accepted,RR3,true
RT003804,SO018607,3,V00645,P0031,2025-12-21,ST014,1,75.95,Accepted,RR1,true
RT003805,SO018610,1,V00533,P0025,2025-12-16,ST016,1,95.95,Rejected,RR1,false
RT003806,SO018620,3,V00610,P0029,2025-12-14,ST006,1,135.95,Accepted,RR7,true
RT003807,SO018625,2,V00651,P0031,2026-01-02,ST006,1,75.95,Accepted,RR1,true
RT003808,SO018625,3,V00659,P0032,2025-12-23,ST006,1,39.95,Pending,RR2,false
RT003809,SO018632,1,V00292,P0013,2026-01-22,ST002,1,149.56,Accepted,RR1,true
RT003810,SO018632,4,V00164,P0007,2026-01-05,ST018,1,126.95,Accepted,RR1,true
RT003811,SO018632,5,V00453,P0020,2025-12-11,ST002,1,425.95,Accepted,RR3,true
RT003812,SO018635,1,V00718,P0039,2026-01-07,ST003,1,220.95,Accepted,RR3,true
RT003813,SO018635,2,V00476,P0022,2025-12-09,ST003,1,439.95,Accepted,RR4,false
RT003814,SO018638,1,V00284,P0012,2025-12-17,ST004,1,116.95,Accepted,RR1,true
RT003815,SO018644,3,V00651,P0031,2025-12-31,ST004,1,75.95,Accepted,RR5,true
RT003816,SO018647,2,V00733,P0047,2025-12-16,ST005,1,89.95,Accepted,RR6,true
RT003817,SO018648,1,V00604,P0029,2025-12-23,ST006,1,135.95,Accepted,RR3,true
RT003818,SO018650,2,V00003,P0001,2026-01-01,ST018,1,271.95,Accepted,RR1,true
RT003819,SO018659,3,V00174,P0008,2025-12-15,ST007,1,135.95,Accepted,RR1,true
RT003820,SO018664,2,V00525,P0024,2025-12-17,ST009,1,122.95,Accepted,RR7,true
RT003821,SO018667,1,V00297,P0013,2025-12-30,ST009,1,175.95,Accepted,RR4,false
RT003822,SO018679,2,V00740,P0050,2026-01-01,ST012,1,215.95,Pending,RR8,false
RT003823,SO018682,2,V00584,P0028,2025-12-12,ST013,1,93.95,Accepted,RR1,true
RT003824,SO018684,1,V00388,P0017,2025-12-20,ST014,1,159.95,Accepted,RR1,true
RT003825,SO018685,1,V00452,P0020,2025-12-15,ST014,3,1086.17,Accepted,RR8,true
RT003826,SO018691,3,V00163,P0007,2025-12-18,ST015,2,253.90,Pending,RR5,false
RT003827,SO018702,4,V00709,P0035,2025-12-08,ST018,1,154.36,Accepted,RR5,true
RT003828,SO018706,1,V00705,P0034,2025-12-09,ST006,1,61.95,Accepted,RR4,false
RT003829,SO018709,2,V00387,P0017,2026-01-02,ST008,1,159.95,Accepted,RR8,true
RT003830,SO018710,2,V00331,P0014,2025-12-16,ST009,2,379.90,Accepted,RR3,true
RT003831,SO018711,1,V00596,P0028,2025-12-22,ST006,1,93.95,Accepted,RR1,true
RT003832,SO018715,2,V00596,P0028,2025-12-16,ST001,1,93.95,Accepted,RR2,true
RT003833,SO018715,3,V00466,P0021,2026-01-09,ST001,1,278.95,Rejected,RR7,false
RT003834,SO018718,1,V00422,P0019,2025-12-10,ST001,1,250.95,Accepted,RR8,true
RT003835,SO018719,2,V00043,P0002,2025-12-26,ST001,1,190.95,Accepted,RR1,true
RT003836,SO018730,4,V00478,P0022,2025-12-18,ST003,1,395.95,Accepted,RR4,false
RT003837,SO018746,1,V00365,P0016,2026-01-20,ST005,1,218.95,Accepted,RR4,false
RT003838,SO018749,1,V00734,P0047,2025-12-14,ST006,1,89.95,Accepted,RR7,true
RT003839,SO018751,3,V00419,P0018,2026-01-01,ST006,1,180.95,Accepted,RR8,true
RT003840,SO018753,1,V00700,P0034,2025-12-11,ST006,1,61.95,Accepted,RR7,true
RT003841,SO018755,2,V00690,P0033,2025-12-24,ST006,1,48.95,Accepted,RR5,true
RT003842,SO018758,1,V00549,P0026,2026-01-03,ST007,1,52.95,Accepted,RR5,true
RT003843,SO018761,1,V00657,P0032,2025-12-29,ST007,1,39.95,Accepted,RR1,true
RT003844,SO018764,2,V00566,P0027,2026-01-06,ST008,1,82.95,Pending,RR3,false
RT003845,SO018775,1,V00333,P0014,2026-01-26,ST011,1,189.95,Accepted,RR8,true
RT003846,SO018776,1,V00098,P0005,2025-12-21,ST011,2,267.90,Accepted,RR1,true
RT003847,SO018777,1,V00085,P0004,2026-01-01,ST011,1,240.95,Accepted,RR4,false
RT003848,SO018778,1,V00393,P0017,2026-01-08,ST001,1,159.95,Accepted,RR7,true
RT003849,SO018792,1,V00389,P0017,2025-12-20,ST013,2,319.90,Accepted,RR7,true
RT003850,SO018797,2,V00174,P0008,2026-01-07,ST018,1,135.95,Pending,RR7,false
RT003851,SO018800,1,V00656,P0032,2026-01-16,ST016,1,33.96,Accepted,RR1,true
RT003852,SO018804,3,V00706,P0034,2025-12-13,ST015,1,61.95,Accepted,RR6,true
RT003853,SO018809,1,V00597,P0028,2025-12-18,ST013,1,84.55,Accepted,RR1,true
RT003854,SO018815,1,V00327,P0014,2025-12-26,ST018,1,189.95,Accepted,RR1,true
RT003855,SO018823,1,V00578,P0027,2025-12-30,ST018,1,82.95,Pending,RR1,false
RT003856,SO018824,1,V00716,P0038,2025-12-26,ST006,1,476.95,Accepted,RR4,false
RT003857,SO018835,1,V00118,P0005,2026-01-03,ST003,1,133.95,Accepted,RR7,true
RT003858,SO018842,3,V00604,P0029,2025-12-26,ST005,1,135.95,Accepted,RR7,true
RT003859,SO018846,1,V00730,P0045,2025-12-25,ST006,1,93.95,Accepted,RR2,true
RT003860,SO018854,1,V00527,P0024,2025-12-27,ST009,1,122.95,Accepted,RR8,true
RT003861,SO018861,1,V00363,P0016,2025-12-11,ST011,1,218.95,Accepted,RR1,true
RT003862,SO018866,1,V00211,P0009,2026-01-11,ST013,1,119.95,Accepted,RR8,true
RT003863,SO018868,1,V00616,P0029,2025-12-29,ST013,2,271.90,Accepted,RR6,true
RT003864,SO018870,2,V00620,P0030,2025-12-20,ST014,1,133.95,Accepted,RR3,true
RT003865,SO018874,2,V00663,P0032,2025-12-26,ST015,1,39.95,Accepted,RR8,true
RT003866,SO018878,3,V00222,P0010,2025-12-17,ST017,1,98.05,Accepted,RR8,true
RT003867,SO018887,2,V00709,P0035,2025-12-11,ST012,1,192.95,Accepted,RR1,true
RT003868,SO018890,1,V00367,P0016,2026-01-08,ST012,1,175.16,Pending,RR7,false
RT003869,SO018892,2,V00343,P0015,2026-01-11,ST005,1,219.95,Accepted,RR7,true
RT003870,SO018892,5,V00006,P0001,2025-12-30,ST004,1,271.95,Pending,RR1,false
RT003871,SO018895,4,V00592,P0028,2026-01-05,ST012,1,93.95,Accepted,RR4,false
RT003872,SO018908,1,V00002,P0001,2025-12-30,ST005,1,271.95,Accepted,RR1,true
RT003873,SO018913,2,V00306,P0013,2026-01-12,ST007,1,175.95,Accepted,RR8,true
RT003874,SO018916,1,V00514,P0024,2025-12-26,ST008,1,122.95,Pending,RR4,false
RT003875,SO018922,1,V00479,P0022,2025-12-20,ST010,1,351.96,Accepted,RR4,false
RT003876,SO018929,1,V00206,P0009,2025-12-31,ST011,1,119.95,Accepted,RR2,true
RT003877,SO018932,3,V00224,P0010,2025-12-14,ST013,1,108.95,Accepted,RR3,true
RT003878,SO018937,1,V00207,P0009,2026-01-03,ST015,1,107.95,Pending,RR3,false
RT003879,SO018943,4,V00404,P0018,2025-12-28,ST003,3,542.85,Accepted,RR4,false
RT003880,SO018945,1,V00610,P0029,2025-12-27,ST008,1,135.95,Rejected,RR7,false
RT003881,SO018948,3,V00371,P0016,2026-01-18,ST006,1,218.95,Accepted,RR4,false
RT003882,SO018949,2,V00129,P0006,2025-12-26,ST006,1,162.95,Accepted,RR4,false
RT003883,SO018950,4,V00416,P0018,2025-12-25,ST005,3,542.85,Accepted,RR7,true
RT003884,SO018952,3,V00527,P0024,2025-12-21,ST005,1,122.95,Accepted,RR7,true
RT003885,SO018953,4,V00363,P0016,2025-12-20,ST010,1,218.95,Accepted,RR1,true
RT003886,SO018954,1,V00260,P0011,2026-01-03,ST002,1,157.95,Accepted,RR6,true
RT003887,SO018955,1,V00293,P0013,2026-01-26,ST007,1,175.95,Accepted,RR1,true
RT003888,SO018961,2,V00723,P0042,2025-12-29,ST001,1,358.95,Accepted,RR7,true
RT003889,SO018964,1,V00495,P0023,2026-01-09,ST002,1,132.95,Accepted,RR7,true
RT003890,SO018970,2,V00728,P0044,2025-12-27,ST004,1,98.56,Rejected,RR7,false
RT003891,SO018979,1,V00540,P0025,2025-12-19,ST006,1,95.95,Rejected,RR4,false
RT003892,SO018981,1,V00428,P0019,2025-12-14,ST014,1,250.95,Pending,RR4,false
RT003893,SO018983,2,V00719,P0040,2026-01-05,ST007,1,339.95,Accepted,RR7,true
RT003894,SO018984,2,V00705,P0034,2026-01-04,ST007,1,61.95,Accepted,RR4,false
RT003895,SO018985,1,V00169,P0008,2025-12-27,ST008,1,135.95,Accepted,RR8,true
RT003896,SO018988,1,V00561,P0026,2025-12-19,ST009,1,47.65,Accepted,RR1,true
RT003897,SO018992,2,V00478,P0022,2025-12-21,ST011,1,439.95,Accepted,RR3,true
RT003898,SO018995,2,V00005,P0001,2026-01-13,ST011,1,271.95,Accepted,RR5,true
RT003899,SO018998,1,V00509,P0023,2025-12-23,ST012,1,132.95,Accepted,RR1,true
RT003900,SO019006,1,V00716,P0038,2025-12-19,ST015,1,476.95,Accepted,RR7,true
RT003901,SO019009,5,V00380,P0016,2025-12-13,ST015,2,437.90,Accepted,RR7,true
RT003902,SO019010,1,V00015,P0001,2025-12-21,ST016,1,271.95,Pending,RR1,false
RT003903,SO019012,2,V00021,P0001,2025-12-24,ST017,1,271.95,Accepted,RR1,true
RT003904,SO019018,2,V00423,P0019,2026-01-05,ST011,1,250.95,Accepted,RR1,true
RT003905,SO019020,2,V00272,P0012,2025-12-26,ST018,1,116.95,Accepted,RR2,true
RT003906,SO019022,2,V00507,P0023,2025-12-28,ST006,1,132.95,Accepted,RR7,true
RT003907,SO019024,1,V00042,P0002,2026-01-04,ST015,1,190.95,Accepted,RR1,true
RT003908,SO019026,2,V00246,P0011,2025-12-18,ST006,1,157.95,Accepted,RR6,true
RT003909,SO019028,2,V00458,P0021,2025-12-17,ST018,1,278.95,Accepted,RR8,true
RT003910,SO019030,3,V00070,P0003,2025-12-26,ST003,1,164.95,Accepted,RR3,true
RT003911,SO019043,1,V00187,P0008,2026-01-05,ST004,1,135.95,Accepted,RR4,false
RT003912,SO019043,3,V00280,P0012,2025-12-20,ST004,1,116.95,Accepted,RR7,true
RT003913,SO019044,1,V00043,P0002,2026-01-10,ST004,1,190.95,Rejected,RR6,false
RT003914,SO019044,2,V00214,P0009,2025-12-14,ST014,1,119.95,Accepted,RR7,true
RT003915,SO019049,1,V00112,P0005,2025-12-26,ST005,1,133.95,Pending,RR7,false
RT003916,SO019055,1,V00628,P0030,2025-12-28,ST012,1,133.95,Rejected,RR8,false
RT003917,SO019059,1,V00114,P0005,2026-01-30,ST010,1,133.95,Accepted,RR2,true
RT003918,SO019064,2,V00283,P0012,2025-12-13,ST011,1,116.95,Accepted,RR8,true
RT003919,SO019073,2,V00503,P0023,2025-12-17,ST017,1,132.95,Accepted,RR1,true
RT003920,SO019075,2,V00534,P0025,2025-12-21,ST006,1,95.95,Accepted,RR8,true
RT003921,SO019083,2,V00315,P0014,2026-01-22,ST006,1,189.95,Accepted,RR2,true
RT003922,SO019087,3,V00186,P0008,2025-12-27,ST010,1,135.95,Accepted,RR2,true
RT003923,SO019092,1,V00691,P0034,2025-12-31,ST011,1,61.95,Accepted,RR3,true
RT003924,SO019095,2,V00018,P0001,2026-01-25,ST001,1,271.95,Accepted,RR1,true
RT003925,SO019106,2,V00134,P0006,2026-01-31,ST004,1,162.95,Accepted,RR4,false
RT003926,SO019108,4,V00709,P0035,2026-01-07,ST004,1,192.95,Accepted,RR8,true
RT003927,SO019109,2,V00531,P0025,2025-12-22,ST005,1,95.95,Accepted,RR2,true
RT003928,SO019117,3,V00720,P0040,2026-01-08,ST008,1,305.95,Accepted,RR7,true
RT003929,SO019119,2,V00568,P0027,2025-12-28,ST009,1,82.95,Accepted,RR1,true
RT003930,SO019128,2,V00699,P0034,2026-01-14,ST014,1,61.95,Accepted,RR8,true
RT003931,SO019131,1,V00280,P0012,2025-12-16,ST015,1,116.95,Accepted,RR1,true
RT003932,SO019133,1,V00642,P0031,2026-01-11,ST016,2,151.90,Accepted,RR7,true
RT003933,SO019144,2,V00112,P0005,2025-12-31,ST013,1,133.95,Accepted,RR8,true
RT003934,SO019145,1,V00738,P0049,2026-01-01,ST016,1,51.95,Accepted,RR3,true
RT003935,SO019151,1,V00698,P0034,2025-12-29,ST008,1,55.75,Pending,RR6,false
RT003936,SO019151,3,V00283,P0012,2025-12-17,ST002,1,116.95,Accepted,RR7,true
RT003937,SO019152,2,V00339,P0015,2025-12-22,ST002,1,186.96,Accepted,RR3,true
RT003938,SO019154,2,V00467,P0021,2025-12-25,ST001,1,278.95,Accepted,RR7,true
RT003939,SO019159,2,V00645,P0031,2026-01-04,ST001,1,75.95,Accepted,RR3,true
RT003940,SO019175,2,V00712,P0036,2025-12-25,ST004,1,177.95,Accepted,RR7,true
RT003941,SO019177,1,V00530,P0025,2026-01-15,ST004,1,95.95,Rejected,RR7,false
RT003942,SO019178,3,V00134,P0006,2026-01-10,ST004,1,162.95,Accepted,RR1,true
RT003943,SO019183,1,V00471,P0021,2025-12-31,ST004,1,278.95,Accepted,RR7,true
RT003944,SO019191,1,V00214,P0009,2026-01-14,ST006,1,119.95,Accepted,RR4,false
RT003945,SO019194,5,V00239,P0010,2025-12-28,ST006,1,108.95,Accepted,RR6,true
RT003946,SO019195,1,V00411,P0018,2025-12-29,ST006,1,153.81,Accepted,RR6,true
RT003947,SO019209,1,V00120,P0005,2025-12-22,ST010,2,267.90,Accepted,RR7,true
RT003948,SO019209,2,V00598,P0028,2026-01-08,ST010,1,93.95,Accepted,RR7,true
RT003949,SO019216,1,V00394,P0017,2025-12-21,ST010,1,159.95,Accepted,RR3,true
RT003950,SO019224,1,V00366,P0016,2025-12-19,ST012,1,218.95,Accepted,RR1,true
RT003951,SO019225,1,V00234,P0010,2025-12-26,ST004,1,108.95,Accepted,RR4,false
RT003952,SO019234,3,V00376,P0016,2025-12-28,ST015,1,218.95,Accepted,RR8,true
RT003953,SO019235,4,V00667,P0032,2025-12-30,ST016,1,39.95,Accepted,RR8,true
RT003954,SO019239,1,V00694,P0034,2025-12-17,ST010,1,61.95,Pending,RR8,false
RT003955,SO019240,1,V00738,P0049,2026-01-29,ST017,1,51.95,Accepted,RR7,true
RT003956,SO019244,1,V00645,P0031,2025-12-18,ST004,1,75.95,Accepted,RR2,true
RT003957,SO019250,2,V00494,P0023,2025-12-22,ST013,1,132.95,Accepted,RR2,true
RT003958,SO019254,2,V00358,P0015,2026-01-30,ST007,1,219.95,Accepted,RR1,true
RT003959,SO019255,2,V00659,P0032,2025-12-23,ST001,1,39.95,Accepted,RR4,false
RT003960,SO019258,1,V00676,P0033,2025-12-30,ST001,1,48.95,Accepted,RR1,true
RT003961,SO019259,1,V00704,P0034,2025-12-30,ST001,1,61.95,Accepted,RR4,false
RT003962,SO019282,1,V00393,P0017,2025-12-25,ST004,1,159.95,Accepted,RR6,true
RT003963,SO019288,1,V00267,P0012,2025-12-31,ST005,1,116.95,Accepted,RR8,true
RT003964,SO019288,3,V00006,P0001,2025-12-24,ST005,1,271.95,Pending,RR1,false
RT003965,SO019296,1,V00413,P0018,2025-12-18,ST006,1,180.95,Accepted,RR7,true
RT003966,SO019299,2,V00657,P0032,2026-01-02,ST008,1,39.95,Accepted,RR7,true
RT003967,SO019299,3,V00661,P0032,2025-12-25,ST008,1,39.95,Accepted,RR6,true
RT003968,SO019301,1,V00235,P0010,2026-01-01,ST009,1,108.95,Accepted,RR4,false
RT003969,SO019309,3,V00440,P0020,2026-01-09,ST011,1,425.95,Accepted,RR8,true
RT003970,SO019310,1,V00465,P0021,2025-12-21,ST011,1,278.95,Accepted,RR2,true
RT003971,SO019310,2,V00003,P0001,2025-12-16,ST011,1,271.95,Accepted,RR7,true
RT003972,SO019318,1,V00626,P0030,2026-01-06,ST012,1,133.95,Accepted,RR2,true
RT003973,SO019326,2,V00418,P0018,2025-12-18,ST013,1,180.95,Accepted,RR5,true
RT003974,SO019327,2,V00483,P0022,2025-12-29,ST014,1,439.95,Accepted,RR1,true
RT003975,SO019334,1,V00563,P0026,2026-01-08,ST016,1,52.95,Pending,RR3,false
RT003976,SO019340,1,V00714,P0037,2026-01-24,ST017,3,686.85,Accepted,RR7,true
RT003977,SO019347,1,V00536,P0025,2025-12-23,ST012,1,95.95,Accepted,RR4,false
RT003978,SO019349,1,V00615,P0029,2025-12-24,ST008,2,244.71,Accepted,RR5,true
RT003979,SO019349,3,V00466,P0021,2025-12-29,ST008,1,278.95,Accepted,RR3,true
RT003980,SO019351,1,V00726,P0043,2025-12-16,ST006,1,138.95,Accepted,RR7,true
RT003981,SO019357,3,V00413,P0018,2025-12-17,ST013,1,180.95,Accepted,RR1,true
RT003982,SO019379,2,V00738,P0049,2026-01-03,ST008,1,51.95,Accepted,RR7,true
RT003983,SO019379,4,V00449,P0020,2026-01-01,ST008,1,425.95,Accepted,RR6,true
RT003984,SO019384,2,V00241,P0011,2026-01-08,ST010,1,157.95,Accepted,RR1,true
RT003985,SO019386,1,V00645,P0031,2025-12-21,ST011,1,75.95,Accepted,RR6,true
RT003986,SO019394,1,V00675,P0033,2026-01-25,ST001,1,48.95,Accepted,RR7,true
RT003987,SO019395,1,V00263,P0011,2026-01-01,ST014,1,157.95,Accepted,RR7,true
RT003988,SO019406,3,V00692,P0034,2025-12-25,ST012,1,61.95,Accepted,RR7,true
RT003989,SO019416,1,V00126,P0006,2026-01-25,ST003,1,162.95,Accepted,RR4,false
RT003990,SO019421,2,V00460,P0021,2025-12-20,ST004,1,278.95,Accepted,RR4,false
RT003991,SO019431,1,V00711,P0036,2025-12-18,ST006,1,142.36,Accepted,RR7,true
RT003992,SO019435,3,V00686,P0033,2025-12-30,ST008,1,48.95,Accepted,RR6,true
RT003993,SO019441,1,V00623,P0030,2025-12-28,ST011,1,133.95,Accepted,RR4,false
RT003994,SO019446,1,V00472,P0021,2026-01-11,ST013,1,278.95,Rejected,RR2,false
RT003995,SO019459,2,V00636,P0030,2026-01-27,ST017,1,133.95,Rejected,RR1,false
RT003996,SO019466,1,V00731,P0046,2026-01-15,ST017,1,121.95,Accepted,RR7,true
RT003997,SO019467,1,V00394,P0017,2026-01-01,ST008,1,159.95,Accepted,RR7,true
RT003998,SO019467,2,V00627,P0030,2026-01-11,ST006,1,133.95,Accepted,RR7,true
RT003999,SO019469,1,V00101,P0005,2026-01-29,ST002,1,133.95,Accepted,RR3,true
RT004000,SO019472,1,V00391,P0017,2026-01-03,ST015,1,159.95,Accepted,RR3,true
RT004001,SO019474,1,V00379,P0016,2026-02-01,ST009,1,175.16,Rejected,RR3,false
RT004002,SO019478,1,V00671,P0032,2025-12-19,ST006,1,39.95,Accepted,RR7,true
RT004003,SO019479,3,V00612,P0029,2026-01-25,ST008,2,271.90,Accepted,RR4,false
RT004004,SO019481,4,V00531,P0025,2026-02-01,ST001,1,95.95,Accepted,RR3,true
RT004005,SO019483,2,V00490,P0022,2026-01-04,ST001,1,439.95,Accepted,RR8,true
RT004006,SO019484,1,V00694,P0034,2026-02-03,ST002,1,61.95,Accepted,RR2,true
RT004007,SO019485,1,V00474,P0021,2025-12-27,ST002,1,278.95,Accepted,RR3,true
RT004008,SO019489,1,V00675,P0033,2026-01-03,ST005,1,48.95,Accepted,RR8,true
RT004009,SO019489,3,V00014,P0001,2025-12-25,ST005,1,271.95,Accepted,RR1,true
RT004010,SO019491,2,V00446,P0020,2025-12-28,ST005,1,362.06,Accepted,RR7,true
RT004011,SO019494,1,V00430,P0019,2025-12-23,ST007,1,250.95,Accepted,RR2,true
RT004012,SO019495,3,V00150,P0007,2026-01-12,ST007,1,126.95,Accepted,RR8,true
RT004013,SO019497,1,V00656,P0032,2025-12-28,ST008,1,39.95,Accepted,RR8,true
RT004014,SO019501,2,V00003,P0001,2026-01-12,ST011,1,271.95,Accepted,RR1,true
RT004015,SO019515,1,V00005,P0001,2025-12-24,ST014,1,271.95,Accepted,RR1,true
RT004016,SO019522,3,V00729,P0045,2026-02-03,ST016,1,93.95,Accepted,RR7,true
RT004017,SO019523,2,V00446,P0020,2026-01-07,ST017,1,425.95,Accepted,RR3,true
RT004018,SO019532,1,V00112,P0005,2026-01-02,ST011,1,133.95,Accepted,RR4,false
RT004019,SO019538,1,V00691,P0034,2025-12-27,ST006,1,61.95,Accepted,RR6,true
RT004020,SO019541,3,V00712,P0036,2026-01-16,ST007,1,177.95,Rejected,RR4,false
RT004021,SO019544,1,V00721,P0041,2025-12-28,ST001,1,211.95,Accepted,RR4,false
RT004022,SO019547,1,V00633,P0030,2026-01-13,ST003,1,133.95,Accepted,RR4,false
RT004023,SO019547,2,V00113,P0005,2025-12-27,ST003,1,133.95,Accepted,RR7,true
RT004024,SO019547,3,V00152,P0007,2025-12-22,ST003,1,126.95,Accepted,RR2,true
RT004025,SO019548,1,V00159,P0007,2026-01-06,ST003,1,126.95,Rejected,RR1,false
RT004026,SO019548,2,V00341,P0015,2026-01-04,ST003,1,186.96,Accepted,RR7,true
RT004027,SO019550,1,V00650,P0031,2026-01-04,ST004,1,75.95,Accepted,RR2,true
RT004028,SO019551,1,V00297,P0013,2026-01-11,ST004,1,140.76,Accepted,RR5,true
RT004029,SO019554,2,V00548,P0026,2026-01-14,ST015,1,52.95,Accepted,RR1,true
RT004030,SO019555,3,V00081,P0004,2025-12-29,ST004,1,240.95,Accepted,RR1,true
RT004031,SO019565,1,V00137,P0006,2026-01-12,ST006,1,162.95,Rejected,RR7,false
RT004032,SO019588,2,V00623,P0030,2025-12-21,ST012,1,133.95,Accepted,RR7,true
RT004033,SO019591,1,V00580,P0027,2026-01-22,ST013,1,82.95,Accepted,RR4,false
RT004034,SO019592,2,V00733,P0047,2026-01-10,ST014,1,89.95,Accepted,RR2,true
RT004035,SO019596,2,V00669,P0032,2025-12-27,ST016,1,39.95,Accepted,RR2,true
RT004036,SO019597,2,V00436,P0019,2026-01-01,ST016,1,250.95,Pending,RR5,false
RT004037,SO019599,1,V00675,P0033,2026-01-15,ST018,1,48.95,Accepted,RR3,true
RT004038,SO019603,2,V00251,P0011,2025-12-21,ST015,1,157.95,Accepted,RR3,true
RT004039,SO019608,1,V00602,P0029,2026-01-29,ST016,1,135.95,Accepted,RR4,false
RT004040,SO019611,2,V00633,P0030,2026-01-04,ST003,1,133.95,Accepted,RR7,true
RT004041,SO019625,1,V00486,P0022,2026-01-12,ST004,1,439.95,Accepted,RR7,true
RT004042,SO019629,3,V00719,P0040,2026-01-05,ST006,1,288.96,Accepted,RR6,true
RT004043,SO019636,2,V00128,P0006,2026-01-02,ST008,1,162.95,Rejected,RR1,false
RT004044,SO019640,1,V00416,P0018,2026-01-13,ST010,1,180.95,Accepted,RR3,true
RT004045,SO019654,2,V00329,P0014,2026-01-08,ST015,1,189.95,Accepted,RR7,true
RT004046,SO019664,1,V00456,P0020,2026-02-05,ST017,1,425.95,Accepted,RR5,true
RT004047,SO019667,1,V00105,P0005,2026-01-06,ST010,1,133.95,Accepted,RR4,false
RT004048,SO019675,1,V00294,P0013,2025-12-28,ST001,1,149.56,Accepted,RR8,true
RT004049,SO019686,2,V00401,P0017,2025-12-25,ST002,1,159.95,Rejected,RR7,false
RT004050,SO019691,3,V00056,P0003,2026-01-01,ST003,1,164.95,Accepted,RR7,true
RT004051,SO019701,1,V00119,P0005,2026-01-01,ST005,1,133.95,Accepted,RR8,true
RT004052,SO019716,1,V00310,P0013,2026-01-07,ST008,1,175.95,Accepted,RR3,true
RT004053,SO019718,2,V00126,P0006,2025-12-24,ST009,1,138.51,Accepted,RR2,true
RT004054,SO019721,1,V00272,P0012,2026-01-18,ST009,1,116.95,Accepted,RR7,true
RT004055,SO019737,1,V00597,P0028,2026-01-01,ST014,1,93.95,Accepted,RR4,false
RT004056,SO019741,2,V00214,P0009,2026-01-01,ST012,1,119.95,Accepted,RR2,true
RT004057,SO019750,2,V00380,P0016,2026-01-05,ST015,1,218.95,Accepted,RR1,true
RT004058,SO019751,3,V00471,P0021,2026-01-08,ST015,1,278.95,Accepted,RR3,true
RT004059,SO019760,1,V00377,P0016,2026-01-04,ST018,1,218.95,Accepted,RR2,true
RT004060,SO019765,1,V00135,P0006,2026-02-08,ST005,1,130.36,Rejected,RR6,false
RT004061,SO019781,3,V00185,P0008,2026-01-05,ST016,1,135.95,Accepted,RR3,true
RT004062,SO019782,1,V00416,P0018,2026-01-03,ST003,1,180.95,Accepted,RR8,true
RT004063,SO019783,1,V00715,P0038,2026-01-16,ST015,1,476.95,Accepted,RR2,true
RT004064,SO019790,1,V00136,P0006,2025-12-23,ST004,1,162.95,Accepted,RR7,true
RT004065,SO019795,1,V00159,P0007,2026-01-06,ST008,1,126.95,Accepted,RR3,true
RT004066,SO019795,2,V00710,P0035,2025-12-25,ST004,1,192.95,Accepted,RR1,true
RT004067,SO019798,3,V00470,P0021,2026-01-08,ST004,1,278.95,Pending,RR1,false
RT004068,SO019799,2,V00601,P0029,2026-01-06,ST005,1,135.95,Rejected,RR8,false
RT004069,SO019808,1,V00549,P0026,2026-01-23,ST006,1,42.36,Accepted,RR4,false
RT004070,SO019841,2,V00628,P0030,2026-01-24,ST014,1,133.95,Accepted,RR4,false
RT004071,SO019842,3,V00664,P0032,2026-02-02,ST014,1,39.95,Accepted,RR2,true
RT004072,SO019853,2,V00700,P0034,2026-01-16,ST016,1,61.95,Accepted,RR1,true
RT004073,SO019854,3,V00495,P0023,2026-01-09,ST017,1,132.95,Accepted,RR2,true
RT004074,SO019856,1,V00573,P0027,2026-02-09,ST017,1,82.95,Accepted,RR8,true
RT004075,SO019861,1,V00644,P0031,2026-01-01,ST018,1,75.95,Accepted,RR1,true
RT004076,SO019863,4,V00678,P0033,2026-01-13,ST018,1,41.61,Accepted,RR7,true
RT004077,SO019865,1,V00705,P0034,2026-01-31,ST003,1,61.95,Pending,RR2,false
RT004078,SO019867,1,V00567,P0027,2025-12-27,ST017,1,82.95,Accepted,RR3,true
RT004079,SO019871,2,V00460,P0021,2026-01-15,ST005,1,278.95,Accepted,RR1,true
RT004080,SO019875,1,V00508,P0023,2025-12-30,ST001,1,119.65,Accepted,RR8,true
RT004081,SO019878,2,V00408,P0018,2026-01-02,ST001,1,180.95,Rejected,RR1,false
RT004082,SO019879,1,V00423,P0019,2025-12-29,ST009,1,250.95,Accepted,RR7,true
RT004083,SO019886,3,V00368,P0016,2026-01-06,ST004,1,218.95,Accepted,RR1,true
RT004084,SO019887,1,V00646,P0031,2026-01-17,ST004,1,75.95,Accepted,RR2,true
RT004085,SO019888,2,V00268,P0012,2026-01-07,ST004,1,116.95,Accepted,RR1,true
RT004086,SO019890,1,V00185,P0008,2025-12-29,ST005,1,108.76,Accepted,RR3,true
RT004087,SO019895,1,V00533,P0025,2026-01-16,ST006,1,95.95,Accepted,RR8,true
RT004088,SO019908,1,V00734,P0047,2026-02-08,ST012,1,89.95,Accepted,RR2,true
RT004089,SO019908,2,V00203,P0009,2026-01-10,ST012,1,119.95,Accepted,RR1,true
RT004090,SO019910,1,V00373,P0016,2026-01-14,ST012,1,218.95,Rejected,RR8,false
RT004091,SO019911,2,V00003,P0001,2025-12-29,ST013,1,271.95,Accepted,RR1,true
RT004092,SO019914,1,V00645,P0031,2026-01-16,ST014,1,75.95,Accepted,RR2,true
RT004093,SO019919,1,V00628,P0030,2026-01-02,ST015,1,113.86,Accepted,RR1,true
RT004094,SO019921,1,V00173,P0008,2025-12-30,ST015,1,135.95,Accepted,RR8,true
RT004095,SO019926,1,V00614,P0029,2026-01-18,ST018,1,135.95,Accepted,RR1,true
RT004096,SO019929,1,V00718,P0039,2026-01-09,ST001,1,187.81,Accepted,RR4,false
RT004097,SO019930,1,V00275,P0012,2026-01-03,ST001,1,116.95,Accepted,RR7,true
RT004098,SO019943,2,V00193,P0009,2025-12-30,ST006,1,119.95,Accepted,RR3,true
RT004099,SO019952,3,V00586,P0028,2026-01-02,ST011,1,93.95,Rejected,RR1,false
RT004100,SO019957,1,V00625,P0030,2026-01-10,ST011,2,267.90,Accepted,RR2,true
RT004101,SO019965,2,V00387,P0017,2026-01-11,ST016,1,143.95,Accepted,RR2,true
RT004102,SO019968,4,V00700,P0034,2026-01-03,ST018,1,61.95,Accepted,RR7,true
RT004103,SO019976,1,V00381,P0016,2026-01-27,ST001,1,218.95,Accepted,RR7,true
RT004104,SO019976,2,V00426,P0019,2026-01-07,ST001,2,501.90,Accepted,RR8,true
RT004105,SO019977,1,V00103,P0005,2026-01-14,ST001,1,133.95,Accepted,RR7,true
RT004106,SO019977,2,V00676,P0033,2026-01-28,ST001,1,48.95,Rejected,RR7,false
RT004107,SO019977,4,V00138,P0006,2026-01-08,ST015,1,162.95,Rejected,RR8,false
RT004108,SO019983,1,V00597,P0028,2026-01-12,ST005,1,93.95,Accepted,RR4,false
RT004109,SO019989,2,V00739,P0050,2026-02-06,ST004,1,215.95,Accepted,RR3,true
RT004110,SO019990,2,V00550,P0026,2026-02-08,ST004,1,52.95,Accepted,RR1,true
RT004111,SO019990,5,V00006,P0001,2026-02-07,ST004,1,244.76,Accepted,RR1,true
RT004112,SO019993,2,V00215,P0009,2026-01-07,ST006,1,119.95,Rejected,RR5,false
RT004113,SO019995,1,V00389,P0017,2026-01-05,ST012,1,159.95,Accepted,RR7,true
RT004114,SO020002,1,V00382,P0016,2026-01-15,ST009,1,218.95,Accepted,RR7,true
RT004115,SO020014,1,V00560,P0026,2026-02-06,ST011,1,52.95,Accepted,RR7,true
RT004116,SO020023,2,V00441,P0020,2026-02-10,ST015,1,383.35,Pending,RR4,false
RT004117,SO020028,1,V00191,P0008,2026-01-19,ST016,1,135.95,Accepted,RR2,true
RT004118,SO020030,1,V00692,P0034,2026-01-09,ST018,1,61.95,Accepted,RR7,true
RT004119,SO020034,2,V00710,P0035,2026-01-24,ST010,1,192.95,Accepted,RR1,true
RT004120,SO020038,1,V00281,P0012,2025-12-28,ST006,1,116.95,Accepted,RR4,false
RT004121,SO020043,1,V00732,P0046,2025-12-26,ST009,2,243.90,Pending,RR4,false
RT004122,SO020043,2,V00733,P0047,2026-01-18,ST006,1,89.95,Rejected,RR8,false
RT004123,SO020050,3,V00726,P0043,2026-01-06,ST001,1,138.95,Accepted,RR8,true
RT004124,SO020057,2,V00333,P0014,2026-01-18,ST003,1,189.95,Accepted,RR4,false
RT004125,SO020060,3,V00670,P0032,2026-02-08,ST004,1,39.95,Accepted,RR1,true
RT004126,SO020066,1,V00598,P0028,2026-01-08,ST005,2,187.90,Accepted,RR8,true
RT004127,SO020079,2,V00105,P0005,2026-01-13,ST010,1,133.95,Accepted,RR6,true
RT004128,SO020083,1,V00737,P0049,2025-12-29,ST011,1,51.95,Accepted,RR3,true
RT004129,SO020092,2,V00652,P0031,2026-01-05,ST014,1,64.56,Accepted,RR7,true
RT004130,SO020096,2,V00423,P0019,2026-01-05,ST016,1,250.95,Accepted,RR2,true
RT004131,SO020104,3,V00639,P0031,2026-02-03,ST018,1,75.95,Accepted,RR2,true
RT004132,SO020107,1,V00484,P0022,2026-01-06,ST005,1,439.95,Accepted,RR8,true
RT004133,SO020108,2,V00466,P0021,2026-01-18,ST002,1,278.95,Rejected,RR8,false
RT004134,SO020112,1,V00563,P0026,2026-02-07,ST008,2,105.90,Accepted,RR4,false
RT004135,SO020114,1,V00056,P0003,2026-01-05,ST006,1,164.95,Pending,RR3,false
RT004136,SO020115,3,V00707,P0034,2025-12-30,ST010,1,61.95,Accepted,RR1,true
RT004137,SO020121,2,V00405,P0018,2026-01-20,ST001,1,180.95,Accepted,RR7,true
RT004138,SO020128,3,V00622,P0030,2026-01-18,ST004,1,133.95,Accepted,RR2,true
RT004139,SO020147,5,V00448,P0020,2026-01-19,ST011,1,425.95,Rejected,RR2,false
RT004140,SO020156,1,V00089,P0004,2026-01-05,ST015,1,240.95,Accepted,RR2,true
RT004141,SO020156,2,V00594,P0028,2025-12-28,ST015,1,93.95,Accepted,RR7,true
RT004142,SO020157,1,V00267,P0012,2026-01-22,ST015,1,116.95,Accepted,RR4,false
RT004143,SO020159,1,V00353,P0015,2026-01-09,ST016,1,219.95,Accepted,RR7,true
RT004144,SO020160,2,V00669,P0032,2026-01-07,ST016,1,31.96,Accepted,RR7,true
RT004145,SO020170,2,V00423,P0019,2026-01-03,ST014,1,250.95,Accepted,RR4,false
RT004146,SO020179,1,V00530,P0025,2026-01-01,ST016,1,76.76,Accepted,RR4,false
RT004147,SO020181,1,V00585,P0028,2026-01-22,ST001,1,93.95,Accepted,RR3,true
RT004148,SO020181,2,V00296,P0013,2026-01-02,ST018,1,175.95,Accepted,RR7,true
RT004149,SO020182,1,V00658,P0032,2026-01-07,ST015,1,39.95,Accepted,RR7,true
RT004150,SO020201,1,V00627,P0030,2026-01-31,ST004,1,133.95,Rejected,RR4,false
RT004151,SO020205,3,V00466,P0021,2026-01-06,ST005,1,278.95,Accepted,RR4,false
RT004152,SO020207,2,V00242,P0011,2026-01-12,ST005,1,134.26,Accepted,RR8,true
RT004153,SO020207,4,V00008,P0001,2025-12-31,ST005,1,244.75,Accepted,RR4,false
RT004154,SO020210,1,V00718,P0039,2026-01-13,ST001,1,220.95,Pending,RR2,false
RT004155,SO020212,2,V00433,P0019,2026-01-22,ST006,1,250.95,Accepted,RR2,true
RT004156,SO020221,3,V00742,P0051,2026-01-21,ST007,1,73.95,Pending,RR7,false
RT004157,SO020228,4,V00506,P0023,2026-01-10,ST009,1,132.95,Accepted,RR8,true
RT004158,SO020234,1,V00680,P0033,2026-02-07,ST011,1,48.95,Accepted,RR2,true
RT004159,SO020234,3,V00619,P0030,2026-01-13,ST011,1,133.95,Accepted,RR3,true
RT004160,SO020235,1,V00246,P0011,2026-01-13,ST002,1,157.95,Rejected,RR1,false
RT004161,SO020241,2,V00591,P0028,2026-01-25,ST013,1,93.95,Rejected,RR1,false
RT004162,SO020246,2,V00705,P0034,2026-01-15,ST015,1,61.95,Accepted,RR1,true
RT004163,SO020248,2,V00182,P0008,2026-01-13,ST016,1,135.95,Accepted,RR7,true
RT004164,SO020249,2,V00017,P0001,2026-01-14,ST016,1,271.95,Accepted,RR1,true
RT004165,SO020251,2,V00568,P0027,2026-01-30,ST001,1,82.95,Accepted,RR6,true
RT004166,SO020257,2,V00675,P0033,2026-02-13,ST006,2,97.90,Accepted,RR3,true
RT004167,SO020258,1,V00030,P0002,2026-01-08,ST001,1,190.95,Accepted,RR3,true
RT004168,SO020259,1,V00387,P0017,2025-12-30,ST015,1,159.95,Rejected,RR8,false
RT004169,SO020260,2,V00574,P0027,2026-02-14,ST012,1,82.95,Accepted,RR2,true
RT004170,SO020262,1,V00405,P0018,2026-02-15,ST014,1,180.95,Accepted,RR5,true
RT004171,SO020263,1,V00616,P0029,2026-01-08,ST009,1,108.76,Accepted,RR4,false
RT004172,SO020270,1,V00448,P0020,2026-01-11,ST010,1,383.35,Pending,RR6,false
RT004173,SO020271,1,V00624,P0030,2026-01-10,ST001,1,120.55,Accepted,RR5,true
RT004174,SO020286,1,V00716,P0038,2026-01-21,ST001,1,476.95,Accepted,RR7,true
RT004175,SO020293,3,V00363,P0016,2026-01-08,ST006,1,218.95,Accepted,RR1,true
RT004176,SO020294,1,V00604,P0029,2026-01-09,ST006,1,135.95,Accepted,RR8,true
RT004177,SO020295,2,V00401,P0017,2025-12-31,ST010,1,159.95,Accepted,RR7,true
RT004178,SO020298,2,V00053,P0003,2026-02-06,ST008,1,164.95,Accepted,RR2,true
RT004179,SO020305,1,V00018,P0001,2026-01-09,ST009,1,271.95,Accepted,RR1,true
RT004180,SO020310,2,V00519,P0024,2026-01-01,ST011,1,122.95,Accepted,RR3,true
RT004181,SO020318,2,V00724,P0042,2026-01-29,ST011,1,358.95,Pending,RR8,false
RT004182,SO020328,2,V00626,P0030,2026-01-09,ST009,1,133.95,Accepted,RR2,true
RT004183,SO020331,3,V00453,P0020,2026-02-10,ST014,1,425.95,Accepted,RR8,true
RT004184,SO020338,1,V00744,P0052,2026-01-06,ST016,1,131.95,Accepted,RR4,false
RT004185,SO020340,4,V00032,P0002,2026-01-01,ST009,1,190.95,Accepted,RR2,true
RT004186,SO020341,3,V00485,P0022,2026-01-09,ST005,1,439.95,Accepted,RR8,true
RT004187,SO020345,2,V00514,P0024,2026-01-18,ST018,1,122.95,Accepted,RR5,true
RT004188,SO020348,1,V00230,P0010,2026-01-12,ST001,1,108.95,Accepted,RR1,true
RT004189,SO020349,2,V00676,P0033,2026-01-26,ST004,1,48.95,Accepted,RR2,true
RT004190,SO020349,3,V00680,P0033,2026-01-12,ST006,1,48.95,Rejected,RR7,false
RT004191,SO020349,4,V00168,P0007,2025-12-31,ST010,1,126.95,Accepted,RR4,false
RT004192,SO020352,1,V00449,P0020,2026-01-10,ST018,1,425.95,Accepted,RR8,true
RT004193,SO020359,2,V00578,P0027,2026-01-02,ST001,1,66.36,Accepted,RR6,true
RT004194,SO020366,3,V00380,P0016,2026-01-16,ST002,1,175.16,Accepted,RR1,true
RT004195,SO020369,2,V00628,P0030,2026-01-17,ST004,1,133.95,Accepted,RR7,true
RT004196,SO020375,2,V00690,P0033,2026-01-09,ST005,1,48.95,Accepted,RR1,true
RT004197,SO020386,2,V00101,P0005,2026-01-07,ST010,1,133.95,Accepted,RR1,true
RT004198,SO020400,2,V00319,P0014,2026-01-23,ST015,1,189.95,Accepted,RR1,true
RT004199,SO020403,2,V00004,P0001,2026-01-07,ST016,1,271.95,Accepted,RR1,true
RT004200,SO020414,3,V00589,P0028,2026-01-10,ST015,1,93.95,Accepted,RR1,true
RT004201,SO020415,1,V00442,P0020,2026-01-08,ST011,1,425.95,Accepted,RR6,true
RT004202,SO020416,1,V00560,P0026,2026-01-13,ST008,1,52.95,Accepted,RR5,true
RT004203,SO020422,1,V00575,P0027,2026-02-13,ST013,1,82.95,Accepted,RR8,true
RT004204,SO020422,4,V00436,P0019,2026-01-19,ST013,1,250.95,Accepted,RR5,true
RT004205,SO020424,2,V00028,P0002,2026-01-10,ST006,1,190.95,Accepted,RR7,true
RT004206,SO020424,3,V00585,P0028,2026-01-07,ST007,1,93.95,Accepted,RR7,true
RT004207,SO020428,2,V00449,P0020,2026-02-14,ST004,1,340.76,Accepted,RR6,true
RT004208,SO020431,3,V00709,P0035,2026-01-18,ST001,2,385.90,Accepted,RR4,false
RT004209,SO020433,2,V00738,P0049,2026-02-08,ST005,1,51.95,Accepted,RR1,true
RT004210,SO020436,2,V00476,P0022,2026-01-06,ST004,1,439.95,Accepted,RR1,true
RT004211,SO020445,1,V00023,P0001,2026-01-13,ST006,1,271.95,Accepted,RR1,true
RT004212,SO020451,4,V00519,P0024,2026-02-17,ST009,1,122.95,Accepted,RR4,false
RT004213,SO020453,2,V00591,P0028,2026-01-16,ST004,1,93.95,Accepted,RR1,true
RT004214,SO020459,3,V00155,P0007,2026-01-20,ST012,1,126.95,Rejected,RR7,false
RT004215,SO020469,4,V00714,P0037,2026-01-16,ST014,1,228.95,Accepted,RR4,false
RT004216,SO020470,1,V00676,P0033,2026-01-11,ST014,1,48.95,Rejected,RR6,false
RT004217,SO020475,1,V00512,P0024,2026-01-18,ST015,1,122.95,Accepted,RR5,true
RT004218,SO020479,1,V00611,P0029,2026-01-02,ST017,1,135.95,Accepted,RR1,true
RT004219,SO020481,1,V00703,P0034,2026-01-09,ST018,1,55.75,Accepted,RR2,true
RT004220,SO020482,1,V00318,P0014,2026-01-10,ST001,3,569.85,Accepted,RR3,true
RT004221,SO020484,4,V00688,P0033,2026-01-15,ST011,1,39.16,Accepted,RR1,true
RT004222,SO020487,1,V00734,P0047,2026-01-13,ST005,1,89.95,Accepted,RR3,true
RT004223,SO020489,1,V00502,P0023,2026-01-16,ST006,1,132.95,Accepted,RR1,true
RT004224,SO020504,1,V00121,P0006,2026-01-18,ST006,1,162.95,Pending,RR1,false
RT004225,SO020512,1,V00524,P0024,2026-02-10,ST009,1,122.95,Accepted,RR5,true
RT004226,SO020517,2,V00305,P0013,2026-01-19,ST010,2,351.90,Accepted,RR7,true
RT004227,SO020526,3,V00716,P0038,2026-01-29,ST001,1,476.95,Accepted,RR2,true
RT004228,SO020535,1,V00259,P0011,2026-01-05,ST017,1,142.16,Accepted,RR2,true
RT004229,SO020539,3,V00247,P0011,2026-01-10,ST018,1,157.95,Accepted,RR8,true
RT004230,SO020539,4,V00449,P0020,2026-01-06,ST018,1,425.95,Accepted,RR5,true
RT004231,SO020540,2,V00744,P0052,2026-01-18,ST015,1,118.75,Accepted,RR8,true
RT004232,SO020541,1,V00573,P0027,2026-01-16,ST001,1,82.95,Accepted,RR8,true
RT004233,SO020543,1,V00705,P0034,2026-01-16,ST004,1,61.95,Accepted,RR7,true
RT004234,SO020544,2,V00726,P0043,2026-01-18,ST012,1,138.95,Accepted,RR3,true
RT004235,SO020544,3,V00729,P0045,2026-01-16,ST014,1,93.95,Accepted,RR7,true
RT004236,SO020548,1,V00508,P0023,2026-01-22,ST002,1,132.95,Accepted,RR1,true
RT004237,SO020555,1,V00003,P0001,2026-02-04,ST006,1,271.95,Accepted,RR1,true
RT004238,SO020563,2,V00744,P0052,2026-01-05,ST002,1,118.75,Accepted,RR1,true
RT004239,SO020572,1,V00261,P0011,2026-01-22,ST008,1,110.57,Accepted,RR5,true
RT004240,SO020573,1,V00365,P0016,2026-01-20,ST003,1,218.95,Accepted,RR2,true
RT004241,SO020577,2,V00409,P0018,2026-01-26,ST003,1,144.76,Rejected,RR7,false
RT004242,SO020591,3,V00742,P0051,2026-01-04,ST011,1,44.37,Accepted,RR7,true
RT004243,SO020611,2,V00647,P0031,2026-01-10,ST013,1,75.95,Accepted,RR5,true
RT004244,SO020617,1,V00657,P0032,2026-01-21,ST005,1,39.95,Accepted,RR8,true
RT004245,SO020628,1,V00729,P0045,2026-01-19,ST011,2,131.53,Accepted,RR7,true
RT004246,SO020631,1,V00657,P0032,2026-01-05,ST011,1,39.95,Rejected,RR1,false
RT004247,SO020631,4,V00724,P0042,2026-01-16,ST008,1,215.37,Accepted,RR2,true
RT004248,SO020634,1,V00516,P0024,2026-01-27,ST013,1,92.21,Accepted,RR4,false
RT004249,SO020636,3,V00349,P0015,2026-01-20,ST014,1,219.95,Accepted,RR6,true
RT004250,SO020638,1,V00049,P0003,2026-01-28,ST015,1,131.96,Accepted,RR1,true
RT004251,SO020642,3,V00090,P0004,2026-01-12,ST009,1,168.66,Accepted,RR1,true
RT004252,SO020646,1,V00135,P0006,2026-01-24,ST006,1,130.36,Pending,RR4,false
RT004253,SO020647,4,V00520,P0024,2026-01-17,ST010,1,122.95,Pending,RR7,false
RT004254,SO020657,1,V00558,P0026,2026-01-16,ST004,1,52.95,Accepted,RR7,true
RT004255,SO020665,1,V00181,P0008,2026-02-20,ST008,1,135.95,Accepted,RR5,true
RT004256,SO020665,2,V00215,P0009,2026-01-13,ST008,1,119.95,Pending,RR3,false
RT004257,SO020670,1,V00542,P0025,2026-01-29,ST011,1,86.35,Rejected,RR2,false
RT004258,SO020686,1,V00199,P0009,2026-01-17,ST014,1,83.96,Accepted,RR3,true
RT004259,SO020689,5,V00053,P0003,2026-01-25,ST017,1,123.71,Accepted,RR4,false
RT004260,SO020690,1,V00120,P0005,2026-01-27,ST018,1,133.95,Accepted,RR1,true
RT004261,SO020697,1,V00395,P0017,2026-01-17,ST002,1,159.95,Pending,RR4,false
RT004262,SO020700,3,V00245,P0011,2026-01-15,ST001,1,134.26,Accepted,RR5,true
RT004263,SO020710,1,V00152,P0007,2026-01-14,ST011,1,126.95,Accepted,RR2,true
RT004264,SO020713,1,V00561,P0026,2026-01-16,ST015,1,52.95,Accepted,RR3,true
RT004265,SO020714,2,V00533,P0025,2026-02-09,ST012,2,191.90,Accepted,RR7,true
RT004266,SO020718,2,V00287,P0012,2026-02-14,ST006,1,81.87,Accepted,RR1,true
RT004267,SO020748,4,V00053,P0003,2026-01-28,ST018,1,131.96,Rejected,RR2,false
RT004268,SO020755,1,V00490,P0022,2026-02-06,ST016,1,439.95,Accepted,RR3,true
RT004269,SO020760,1,V00354,P0015,2026-02-05,ST005,1,219.95,Rejected,RR2,false
RT004270,SO020775,1,V00189,P0008,2026-01-16,ST007,1,115.56,Accepted,RR2,true
RT004271,SO020775,2,V00554,P0026,2026-02-02,ST008,1,52.95,Pending,RR3,false
RT004272,SO020776,3,V00569,P0027,2026-02-07,ST016,1,82.95,Accepted,RR7,true
RT004273,SO020779,1,V00197,P0009,2026-01-13,ST006,1,101.96,Pending,RR7,false
RT004274,SO020781,3,V00669,P0032,2026-01-17,ST016,1,35.95,Accepted,RR2,true
RT004275,SO020786,1,V00053,P0003,2026-01-13,ST004,1,123.71,Accepted,RR2,true
RT004276,SO020791,1,V00716,P0038,2026-02-12,ST007,1,476.95,Accepted,RR8,true
RT004277,SO020796,5,V00447,P0020,2026-01-20,ST010,1,425.95,Pending,RR3,false
RT004278,SO020800,3,V00563,P0026,2026-02-11,ST014,1,31.77,Accepted,RR2,true
RT004279,SO020803,2,V00733,P0047,2026-01-26,ST017,1,67.46,Rejected,RR8,false
RT004280,SO020804,1,V00638,P0031,2026-01-16,ST018,1,75.95,Accepted,RR1,true
RT004281,SO020805,1,V00306,P0013,2026-01-19,ST006,1,131.96,Accepted,RR1,true
RT004282,SO020806,2,V00029,P0002,2026-02-23,ST004,1,133.67,Accepted,RR3,true
RT004283,SO020807,1,V00281,P0012,2026-01-21,ST009,2,233.90,Accepted,RR4,false
RT004284,SO020807,5,V00142,P0006,2026-02-25,ST015,1,162.95,Accepted,RR8,true
RT004285,SO020818,3,V00068,P0003,2026-01-17,ST005,1,164.95,Accepted,RR7,true
RT004286,SO020819,2,V00485,P0022,2026-01-25,ST006,1,439.95,Accepted,RR2,true
RT004287,SO020822,1,V00224,P0010,2026-01-25,ST009,1,92.61,Accepted,RR1,true
RT004288,SO020836,1,V00598,P0028,2026-01-20,ST001,1,93.95,Pending,RR1,false
RT004289,SO020854,1,V00544,P0025,2026-01-22,ST008,1,95.95,Accepted,RR7,true
RT004290,SO020859,2,V00003,P0001,2026-01-31,ST011,1,203.96,Accepted,RR1,true
RT004291,SO020865,5,V00140,P0006,2026-01-30,ST012,1,162.95,Accepted,RR7,true
RT004292,SO020866,1,V00129,P0006,2026-01-22,ST013,1,122.21,Accepted,RR3,true
RT004293,SO020874,1,V00293,P0013,2026-01-28,ST017,1,140.76,Accepted,RR8,true
RT004294,SO020875,3,V00423,P0019,2026-02-02,ST018,1,250.95,Accepted,RR7,true
RT004295,SO020878,1,V00657,P0032,2026-01-22,ST003,1,27.97,Accepted,RR4,false
RT004296,SO020883,1,V00115,P0005,2026-01-23,ST001,1,133.95,Pending,RR5,false
RT004297,SO020886,1,V00435,P0019,2026-02-05,ST005,1,200.76,Pending,RR4,false
RT004298,SO020888,1,V00286,P0012,2026-01-16,ST005,1,116.95,Accepted,RR1,true
RT004299,SO020889,1,V00725,P0043,2026-02-04,ST001,1,138.95,Accepted,RR6,true
RT004300,SO020890,1,V00287,P0012,2026-02-26,ST006,1,81.87,Accepted,RR7,true
RT004301,SO020892,2,V00126,P0006,2026-01-29,ST007,1,138.51,Accepted,RR2,true
RT004302,SO020892,3,V00151,P0007,2026-02-14,ST007,1,126.95,Accepted,RR8,true
RT004303,SO020896,1,V00010,P0001,2026-01-20,ST009,2,435.12,Accepted,RR1,true
RT004304,SO020899,1,V00736,P0048,2026-01-27,ST011,1,62.96,Accepted,RR7,true
RT004305,SO020906,2,V00056,P0003,2026-01-16,ST013,1,123.71,Accepted,RR2,true
RT004306,SO020906,3,V00080,P0004,2026-01-22,ST003,1,240.95,Accepted,RR1,true
RT004307,SO020915,1,V00107,P0005,2026-01-26,ST016,1,133.95,Accepted,RR8,true
RT004308,SO020915,2,V00744,P0052,2026-01-23,ST015,1,131.95,Accepted,RR1,true
RT004309,SO020915,3,V00464,P0021,2026-03-02,ST009,1,278.95,Accepted,RR7,true
RT004310,SO020916,3,V00230,P0010,2026-01-20,ST010,1,108.95,Accepted,RR7,true
RT004311,SO020919,1,V00704,P0034,2026-01-21,ST002,1,52.66,Accepted,RR4,false
RT004312,SO020919,2,V00008,P0001,2026-01-18,ST002,1,190.37,Accepted,RR1,true
RT004313,SO020928,1,V00272,P0012,2026-01-25,ST009,1,87.71,Accepted,RR2,true
RT004314,SO020932,3,V00003,P0001,2026-01-24,ST011,1,271.95,Accepted,RR5,true
RT004315,SO020936,1,V00416,P0018,2026-02-25,ST015,1,108.57,Accepted,RR1,true
RT004316,SO020936,3,V00563,P0026,2026-01-19,ST015,1,45.01,Accepted,RR7,true
RT004317,SO020946,2,V00666,P0032,2026-01-22,ST001,1,23.97,Accepted,RR8,true
RT004318,SO020949,2,V00659,P0032,2026-01-16,ST003,1,23.97,Accepted,RR6,true
RT004319,SO020964,2,V00431,P0019,2026-01-30,ST016,1,213.31,Accepted,RR8,true
RT004320,SO020965,1,V00230,P0010,2026-02-08,ST016,1,108.95,Rejected,RR3,false
RT004321,SO020968,1,V00184,P0008,2026-02-11,ST004,1,95.17,Accepted,RR7,true
RT004322,SO020972,2,V00392,P0017,2026-02-01,ST018,1,159.95,Pending,RR2,false
RT004323,SO020973,1,V00137,P0006,2026-01-23,ST015,1,122.21,Accepted,RR7,true
RT004324,SO020977,1,V00041,P0002,2026-02-08,ST002,1,190.95,Accepted,RR3,true
RT004325,SO020977,5,V00597,P0028,2026-02-09,ST002,2,140.92,Accepted,RR7,true
RT004326,SO020981,1,V00184,P0008,2026-02-26,ST004,1,115.56,Pending,RR5,false
RT004327,SO020987,3,V00222,P0010,2026-01-24,ST015,1,87.16,Accepted,RR4,false
RT004328,SO020990,1,V00069,P0003,2026-01-17,ST012,1,164.95,Accepted,RR4,false
RT004329,SO020992,1,V00476,P0022,2026-02-09,ST015,1,439.95,Rejected,RR4,false
RT004330,SO021010,1,V00121,P0006,2026-02-02,ST006,2,325.90,Accepted,RR1,true
RT004331,SO021012,2,V00234,P0010,2026-02-24,ST007,1,81.71,Rejected,RR4,false
RT004332,SO021027,1,V00429,P0019,2026-02-03,ST012,1,200.76,Pending,RR8,false
RT004333,SO021030,1,V00275,P0012,2026-01-24,ST008,1,99.41,Rejected,RR7,false
RT004334,SO021031,2,V00416,P0018,2026-02-07,ST001,1,180.95,Accepted,RR2,true
RT004335,SO021033,1,V00406,P0018,2026-01-18,ST001,1,135.71,Rejected,RR7,false
RT004336,SO021037,1,V00131,P0006,2026-01-25,ST004,1,162.95,Accepted,RR1,true
RT004337,SO021040,2,V00454,P0020,2026-02-26,ST015,1,425.95,Accepted,RR4,false
RT004338,SO021059,1,V00284,P0012,2026-01-26,ST010,1,70.17,Accepted,RR1,true
RT004339,SO021060,1,V00296,P0013,2026-01-22,ST014,1,175.95,Accepted,RR1,true
RT004340,SO021062,2,V00331,P0014,2026-01-27,ST018,1,189.95,Accepted,RR1,true
RT004341,SO021062,3,V00706,P0034,2026-01-21,ST006,1,61.95,Accepted,RR3,true
RT004342,SO021063,1,V00334,P0014,2026-02-01,ST006,1,151.96,Accepted,RR8,true
RT004343,SO021066,1,V00185,P0008,2026-01-27,ST002,1,115.56,Accepted,RR8,true
RT004344,SO021068,2,V00356,P0015,2026-01-30,ST003,1,219.95,Accepted,RR8,true
RT004345,SO021068,4,V00446,P0020,2026-01-26,ST003,1,425.95,Accepted,RR2,true
RT004346,SO021069,1,V00150,P0007,2026-02-11,ST004,1,95.21,Accepted,RR1,true
RT004347,SO021070,2,V00722,P0041,2026-02-14,ST004,1,180.16,Accepted,RR2,true
RT004348,SO021073,2,V00343,P0015,2026-02-11,ST004,1,153.97,Accepted,RR8,true
RT004349,SO021074,1,V00403,P0018,2026-02-07,ST004,1,180.95,Accepted,RR7,true
RT004350,SO021078,1,V00478,P0022,2026-01-23,ST006,1,439.95,Rejected,RR8,false
RT004351,SO021083,2,V00440,P0020,2026-01-28,ST009,1,340.76,Accepted,RR8,true
RT004352,SO021084,2,V00393,P0017,2026-02-06,ST011,1,127.96,Accepted,RR8,true
RT004353,SO021085,1,V00569,P0027,2026-01-28,ST010,1,82.95,Accepted,RR5,true
RT004354,SO021091,1,V00731,P0046,2026-01-20,ST013,1,103.66,Accepted,RR7,true
RT004355,SO021102,1,V00598,P0028,2026-02-03,ST013,1,75.16,Accepted,RR7,true
RT004356,SO021103,1,V00185,P0008,2026-02-20,ST005,3,326.28,Accepted,RR4,false
RT004357,SO021108,4,V00721,P0041,2026-01-25,ST001,1,211.95,Pending,RR3,false
RT004358,SO021114,4,V00485,P0022,2026-02-18,ST003,1,439.95,Pending,RR3,false
RT004359,SO021116,1,V00512,P0024,2026-02-03,ST004,1,122.95,Accepted,RR5,true
RT004360,SO021118,1,V00700,P0034,2026-03-08,ST004,1,46.46,Accepted,RR4,false
RT004361,SO021121,1,V00454,P0020,2026-01-27,ST005,1,425.95,Accepted,RR1,true
RT004362,SO021127,1,V00076,P0004,2026-02-18,ST007,1,240.95,Accepted,RR6,true
RT004363,SO021129,1,V00364,P0016,2026-03-08,ST008,1,218.95,Accepted,RR1,true
RT004364,SO021138,1,V00185,P0008,2026-03-09,ST012,1,81.57,Accepted,RR7,true
RT004365,SO021142,2,V00355,P0015,2026-01-28,ST008,1,219.95,Accepted,RR1,true
RT004366,SO021149,1,V00602,P0029,2026-02-09,ST016,1,135.95,Accepted,RR1,true
RT004367,SO021149,2,V00129,P0006,2026-01-28,ST011,1,162.95,Accepted,RR8,true
RT004368,SO021150,2,V00721,P0041,2026-02-12,ST018,1,158.96,Accepted,RR1,true
RT004369,SO021151,1,V00447,P0020,2026-02-09,ST018,1,425.95,Accepted,RR7,true
RT004370,SO021152,1,V00494,P0023,2026-02-28,ST002,1,132.95,Accepted,RR3,true
RT004371,SO021153,2,V00550,P0026,2026-02-01,ST006,1,52.95,Accepted,RR3,true
RT004372,SO021156,1,V00598,P0028,2026-02-20,ST004,1,93.95,Accepted,RR4,false
RT004373,SO021157,1,V00041,P0002,2026-01-27,ST004,1,190.95,Accepted,RR7,true
RT004374,SO021157,5,V00644,P0031,2026-02-01,ST004,1,75.95,Accepted,RR5,true
RT004375,SO021162,1,V00381,P0016,2026-01-25,ST008,1,153.26,Accepted,RR6,true
RT004376,SO021164,1,V00657,P0032,2026-01-31,ST010,1,33.96,Accepted,RR5,true
RT004377,SO021169,4,V00329,P0014,2026-01-27,ST014,1,151.96,Accepted,RR5,true
RT004378,SO021172,2,V00342,P0015,2026-01-30,ST018,1,219.95,Accepted,RR4,false
RT004379,SO021173,1,V00496,P0023,2026-02-01,ST017,1,132.95,Accepted,RR7,true
RT004380,SO021173,2,V00536,P0025,2026-02-18,ST012,1,57.57,Accepted,RR3,true
RT004381,SO021174,1,V00737,P0049,2026-02-08,ST009,1,36.37,Accepted,RR2,true
RT004382,SO021174,4,V00169,P0008,2026-01-23,ST006,1,108.76,Accepted,RR2,true
RT004383,SO021181,2,V00245,P0011,2026-02-24,ST002,1,110.56,Accepted,RR1,true
RT004384,SO021186,1,V00736,P0048,2026-03-03,ST006,1,83.95,Accepted,RR4,false
RT004385,SO021189,4,V00057,P0003,2026-02-11,ST011,1,115.47,Accepted,RR1,true
RT004386,SO021196,1,V00626,P0030,2026-02-01,ST010,1,133.95,Accepted,RR8,true
RT004387,SO021196,2,V00018,P0001,2026-02-11,ST017,1,190.36,Accepted,RR1,true
RT004388,SO021204,1,V00718,P0039,2026-02-01,ST002,1,220.95,Accepted,RR4,false
RT004389,SO021204,2,V00223,P0010,2026-01-29,ST002,1,108.95,Accepted,RR2,true
RT004390,SO021204,3,V00022,P0001,2026-01-31,ST002,1,271.95,Accepted,RR7,true
RT004391,SO021207,1,V00514,P0024,2026-02-19,ST004,1,122.95,Accepted,RR1,true
RT004392,SO021207,3,V00698,P0034,2026-02-04,ST004,1,61.95,Accepted,RR4,false
RT004393,SO021213,5,V00740,P0050,2026-02-25,ST009,1,183.56,Accepted,RR1,true
RT004394,SO021214,1,V00718,P0039,2026-02-11,ST011,1,154.66,Accepted,RR7,true
RT004395,SO021215,2,V00293,P0013,2026-02-07,ST012,1,175.95,Accepted,RR1,true
RT004396,SO021221,1,V00141,P0006,2026-02-19,ST018,1,162.95,Accepted,RR6,true
RT004397,SO021230,1,V00737,P0049,2026-02-04,ST005,1,36.37,Pending,RR7,false
RT004398,SO021235,1,V00498,P0023,2026-02-03,ST011,1,132.95,Accepted,RR7,true
RT004399,SO021239,2,V00579,P0027,2026-02-16,ST014,1,70.51,Accepted,RR2,true
RT004400,SO021243,1,V00447,P0020,2026-02-03,ST016,1,425.95,Accepted,RR4,false
RT004401,SO021244,2,V00306,P0013,2026-02-10,ST017,1,123.17,Accepted,RR1,true
RT004402,SO021244,3,V00434,P0019,2026-01-24,ST017,1,250.95,Accepted,RR4,false
RT004403,SO021247,2,V00740,P0050,2026-03-03,ST011,1,151.17,Accepted,RR1,true
RT004404,SO021249,2,V00067,P0003,2026-03-09,ST001,1,164.95,Accepted,RR4,false
RT004405,SO021261,1,V00519,P0024,2026-02-16,ST010,1,86.07,Accepted,RR7,true
RT004406,SO021286,3,V00683,P0033,2026-02-04,ST010,1,48.95,Accepted,RR3,true
RT004407,SO021304,2,V00296,P0013,2026-02-02,ST006,1,175.95,Accepted,RR7,true
RT004408,SO021308,1,V00604,P0029,2026-02-10,ST012,1,135.95,Pending,RR5,false
RT004409,SO021316,2,V00150,P0007,2026-02-11,ST009,1,101.56,Accepted,RR8,true
RT004410,SO021321,3,V00604,P0029,2026-02-08,ST002,1,115.56,Rejected,RR4,false
RT004411,SO021326,1,V00201,P0009,2026-02-15,ST001,1,101.96,Accepted,RR4,false
RT004412,SO021326,3,V00699,P0034,2026-02-06,ST001,1,49.56,Accepted,RR8,true
RT004413,SO021327,1,V00273,P0012,2026-02-02,ST001,1,81.87,Accepted,RR8,true
RT004414,SO021327,3,V00197,P0009,2026-02-05,ST001,1,119.95,Accepted,RR7,true
RT004415,SO021333,2,V00609,P0029,2026-01-29,ST004,1,101.96,Accepted,RR4,false
RT004416,SO021339,1,V00170,P0008,2026-02-04,ST005,2,271.90,Accepted,RR7,true
RT004417,SO021340,1,V00653,P0031,2026-02-10,ST006,1,56.96,Accepted,RR8,true
RT004418,SO021348,1,V00294,P0013,2026-02-06,ST008,1,175.95,Accepted,RR2,true
RT004419,SO021349,2,V00328,P0014,2026-02-10,ST009,1,189.95,Accepted,RR3,true
RT004420,SO021350,1,V00380,P0016,2026-01-30,ST006,1,175.16,Accepted,RR5,true
RT004421,SO021352,1,V00262,P0011,2026-02-06,ST010,1,157.95,Rejected,RR5,false
RT004422,SO021358,1,V00140,P0006,2026-02-06,ST013,2,293.31,Accepted,RR8,true
RT004423,SO021366,2,V00152,P0007,2026-02-08,ST018,1,126.95,Rejected,RR2,false
RT004424,SO021367,1,V00076,P0004,2026-02-26,ST017,1,204.81,Accepted,RR7,true
RT004425,SO021371,1,V00126,P0006,2026-01-29,ST011,1,162.95,Accepted,RR1,true
RT004426,SO021374,1,V00737,P0049,2026-01-31,ST008,1,38.96,Accepted,RR7,true
RT004427,SO021376,1,V00189,P0008,2026-02-12,ST001,1,115.56,Accepted,RR4,false
RT004428,SO021379,4,V00113,P0005,2026-01-31,ST002,1,93.77,Rejected,RR1,false
RT004429,SO021381,2,V00454,P0020,2026-02-08,ST003,1,425.95,Accepted,RR7,true
RT004430,SO021384,1,V00292,P0013,2026-02-19,ST005,1,175.95,Rejected,RR3,false
RT004431,SO021386,3,V00724,P0042,2026-02-12,ST006,1,358.95,Accepted,RR3,true
RT004432,SO021388,1,V00744,P0052,2026-02-01,ST008,1,105.56,Accepted,RR6,true
RT004433,SO021389,1,V00360,P0015,2026-02-21,ST010,1,175.96,Accepted,RR8,true
RT004434,SO021389,4,V00405,P0018,2026-02-11,ST010,1,126.67,Accepted,RR2,true
RT004435,SO021391,1,V00293,P0013,2026-02-10,ST011,1,175.95,Accepted,RR4,false
RT004436,SO021392,2,V00591,P0028,2026-02-07,ST014,1,70.46,Accepted,RR4,false
RT004437,SO021415,1,V00731,P0046,2026-02-13,ST010,1,121.95,Accepted,RR3,true
RT004438,SO021419,1,V00008,P0001,2026-02-05,ST013,1,217.56,Accepted,RR1,true
RT004439,SO021427,1,V00711,P0036,2026-02-08,ST001,1,151.26,Accepted,RR8,true
RT004440,SO021428,1,V00687,P0033,2026-02-16,ST001,1,39.16,Accepted,RR1,true
RT004441,SO021428,2,V00717,P0039,2026-03-18,ST018,1,187.81,Rejected,RR7,false
RT004442,SO021434,1,V00163,P0007,2026-02-23,ST003,1,126.95,Accepted,RR1,true
RT004443,SO021443,1,V00137,P0006,2026-01-31,ST001,1,130.36,Accepted,RR4,false
RT004444,SO021449,4,V00477,P0022,2026-03-11,ST012,2,615.93,Accepted,RR5,true
RT004445,SO021451,1,V00733,P0047,2026-02-02,ST015,1,89.95,Accepted,RR4,false
RT004446,SO021452,2,V00474,P0021,2026-03-04,ST015,1,278.95,Accepted,RR4,false
RT004447,SO021455,1,V00692,P0034,2026-02-02,ST018,1,61.95,Accepted,RR3,true
RT004448,SO021462,1,V00030,P0002,2026-02-15,ST005,1,190.95,Accepted,RR1,true
RT004449,SO021469,1,V00196,P0009,2026-02-24,ST012,2,239.90,Accepted,RR8,true
RT004450,SO021470,2,V00161,P0007,2026-02-17,ST013,1,126.95,Accepted,RR7,true
RT004451,SO021473,1,V00102,P0005,2026-02-01,ST016,1,80.37,Accepted,RR8,true
RT004452,SO021475,2,V00634,P0030,2026-03-19,ST017,1,93.77,Accepted,RR4,false
RT004453,SO021476,3,V00269,P0012,2026-02-10,ST018,1,116.95,Accepted,RR4,false
RT004454,SO021477,1,V00623,P0030,2026-03-15,ST018,1,133.95,Accepted,RR1,true
RT004455,SO021485,1,V00328,P0014,2026-02-12,ST008,1,189.95,Accepted,RR5,true
RT004456,SO021501,2,V00319,P0014,2026-02-18,ST011,1,189.95,Accepted,RR5,true
RT004457,SO021501,3,V00665,P0032,2026-02-07,ST011,1,33.96,Accepted,RR7,true
RT004458,SO021503,1,V00446,P0020,2026-02-26,ST014,1,425.95,Accepted,RR7,true
RT004459,SO021510,2,V00499,P0023,2026-02-01,ST011,1,132.95,Rejected,RR2,false
RT004460,SO021510,4,V00540,P0025,2026-03-15,ST006,1,67.17,Accepted,RR8,true
RT004461,SO021511,4,V00105,P0005,2026-02-09,ST018,1,107.16,Accepted,RR7,true
RT004462,SO021513,1,V00724,P0042,2026-02-16,ST009,1,358.95,Accepted,RR3,true
RT004463,SO021516,1,V00111,P0005,2026-02-19,ST001,1,100.46,Accepted,RR2,true
RT004464,SO021522,1,V00004,P0001,2026-03-03,ST003,1,271.95,Accepted,RR4,false
RT004465,SO021523,1,V00354,P0015,2026-02-09,ST003,1,219.95,Accepted,RR4,false
RT004466,SO021526,1,V00404,P0018,2026-02-06,ST004,1,180.95,Accepted,RR2,true
RT004467,SO021533,3,V00078,P0004,2026-02-03,ST005,1,144.57,Accepted,RR6,true
RT004468,SO021543,2,V00274,P0012,2026-02-25,ST009,1,81.87,Accepted,RR7,true
RT004469,SO021543,4,V00114,P0005,2026-02-20,ST009,1,93.77,Accepted,RR7,true
RT004470,SO021544,1,V00135,P0006,2026-02-04,ST015,2,244.42,Accepted,RR7,true
RT004471,SO021548,1,V00164,P0007,2026-02-16,ST012,1,88.87,Accepted,RR1,true
RT004472,SO021548,3,V00716,P0038,2026-03-12,ST012,1,286.17,Accepted,RR5,true
RT004473,SO021551,3,V00232,P0010,2026-02-13,ST014,1,76.27,Accepted,RR1,true
RT004474,SO021556,1,V00726,P0043,2026-02-18,ST017,1,138.95,Accepted,RR1,true
RT004475,SO021562,2,V00175,P0008,2026-02-11,ST006,1,135.95,Accepted,RR7,true
RT004476,SO021562,3,V00139,P0006,2026-03-13,ST007,2,325.90,Accepted,RR4,false
RT004477,SO021566,1,V00483,P0022,2026-02-08,ST002,1,439.95,Accepted,RR7,true
RT004478,SO021573,1,V00622,P0030,2026-02-12,ST005,1,120.55,Accepted,RR2,true
RT004479,SO021581,3,V00246,P0011,2026-02-07,ST012,1,157.95,Accepted,RR4,false
RT004480,SO021583,4,V00081,P0004,2026-02-05,ST014,1,144.57,Accepted,RR7,true
RT004481,SO021587,2,V00548,P0026,2026-02-27,ST015,2,105.90,Accepted,RR7,true
RT004482,SO021587,4,V00051,P0003,2026-02-04,ST015,1,164.95,Accepted,RR2,true
RT004483,SO021597,1,V00357,P0015,2026-02-22,ST017,1,219.95,Accepted,RR7,true
RT004484,SO021598,3,V00137,P0006,2026-02-13,ST006,1,162.95,Accepted,RR6,true
RT004485,SO021599,1,V00257,P0011,2026-02-05,ST001,1,157.95,Accepted,RR1,true
RT004486,SO021599,2,V00089,P0004,2026-02-05,ST007,1,192.76,Accepted,RR3,true
RT004487,SO021599,3,V00647,P0031,2026-02-05,ST001,1,53.17,Accepted,RR2,true
RT004488,SO021604,2,V00221,P0010,2026-02-28,ST008,1,65.37,Accepted,RR1,true
RT004489,SO021605,3,V00085,P0004,2026-02-13,ST002,1,204.81,Accepted,RR3,true
RT004490,SO021606,4,V00705,P0034,2026-02-05,ST004,1,37.17,Accepted,RR2,true
RT004491,SO021607,1,V00662,P0032,2026-02-08,ST005,1,39.95,Accepted,RR1,true
RT004492,SO021608,1,V00071,P0003,2026-02-14,ST006,1,98.97,Accepted,RR4,false
RT004493,SO021621,2,V00403,P0018,2026-02-12,ST014,1,180.95,Accepted,RR1,true
RT004494,SO021627,1,V00015,P0001,2026-02-12,ST006,2,380.73,Accepted,RR1,true
RT004495,SO021637,2,V00353,P0015,2026-02-14,ST006,1,153.97,Accepted,RR5,true
RT004496,SO021644,2,V00400,P0017,2026-02-13,ST009,1,135.96,Accepted,RR7,true
RT004497,SO021649,1,V00533,P0025,2026-02-17,ST012,1,95.95,Pending,RR8,false
RT004498,SO021652,1,V00669,P0032,2026-02-25,ST014,1,39.95,Accepted,RR1,true
RT004499,SO021657,2,V00286,P0012,2026-02-15,ST006,1,99.41,Accepted,RR2,true
RT004500,SO021657,3,V00562,P0026,2026-03-17,ST015,1,52.95,Accepted,RR1,true
RT004501,SO021659,2,V00457,P0021,2026-03-07,ST006,1,278.95,Accepted,RR2,true
RT004502,SO021673,2,V00687,P0033,2026-02-23,ST007,3,88.11,Accepted,RR7,true
RT004503,SO021673,3,V00054,P0003,2026-02-22,ST007,1,164.95,Accepted,RR7,true
RT004504,SO021675,2,V00330,P0014,2026-02-23,ST010,1,189.95,Accepted,RR3,true
RT004505,SO021675,3,V00592,P0028,2026-02-22,ST010,1,93.95,Rejected,RR1,false
RT004506,SO021675,4,V00465,P0021,2026-02-20,ST010,1,278.95,Accepted,RR5,true
RT004507,SO021676,1,V00624,P0030,2026-02-16,ST011,1,80.37,Accepted,RR3,true
RT004508,SO021680,4,V00719,P0040,2026-02-13,ST012,1,237.97,Accepted,RR2,true
RT004509,SO021681,1,V00350,P0015,2026-03-26,ST013,1,131.97,Pending,RR1,false
RT004510,SO021684,1,V00729,P0045,2026-02-28,ST017,1,70.46,Accepted,RR1,true
RT004511,SO021686,1,V00281,P0012,2026-02-20,ST008,1,116.95,Accepted,RR5,true
RT004512,SO021703,1,V00689,P0033,2026-02-26,ST011,1,39.16,Accepted,RR8,true
RT004513,SO021711,2,V00063,P0003,2026-02-16,ST018,1,131.96,Accepted,RR1,true
RT004514,SO021714,2,V00233,P0010,2026-02-16,ST011,1,65.37,Accepted,RR1,true
RT004515,SO021715,2,V00584,P0028,2026-03-24,ST013,1,93.95,Accepted,RR1,true
RT004516,SO021717,1,V00545,P0025,2026-03-02,ST002,1,67.17,Accepted,RR8,true
RT004517,SO021731,1,V00436,P0019,2026-02-23,ST010,1,188.21,Accepted,RR5,true
RT004518,SO021734,4,V00540,P0025,2026-02-16,ST015,1,95.95,Pending,RR3,false
RT004519,SO021744,5,V00028,P0002,2026-03-12,ST006,1,162.31,Pending,RR8,false
RT004520,SO021747,2,V00137,P0006,2026-03-06,ST001,1,162.95,Accepted,RR8,true
RT004521,SO021748,1,V00032,P0002,2026-03-11,ST001,1,114.57,Accepted,RR1,true
RT004522,SO021764,2,V00593,P0028,2026-02-20,ST005,1,65.77,Accepted,RR4,false
RT004523,SO021766,1,V00706,P0034,2026-02-25,ST006,1,61.95,Accepted,RR8,true
RT004524,SO021772,2,V00306,P0013,2026-02-22,ST008,1,131.96,Accepted,RR2,true
RT004525,SO021773,1,V00512,P0024,2026-02-22,ST009,1,104.51,Accepted,RR2,true
RT004526,SO021780,1,V00638,P0031,2026-02-23,ST004,1,75.95,Accepted,RR7,true
RT004527,SO021788,1,V00632,P0030,2026-02-22,ST015,1,133.95,Rejected,RR5,false
RT004528,SO021792,2,V00237,P0010,2026-03-04,ST007,1,92.61,Accepted,RR2,true
RT004529,SO021793,2,V00141,P0006,2026-02-09,ST017,1,162.95,Accepted,RR2,true
RT004530,SO021793,3,V00575,P0027,2026-02-20,ST017,1,82.95,Accepted,RR4,false
RT004531,SO021794,1,V00304,P0013,2026-02-14,ST017,1,158.35,Accepted,RR8,true
RT004532,SO021802,1,V00610,P0029,2026-02-12,ST012,1,135.95,Accepted,RR4,false
RT004533,SO021802,2,V00496,P0023,2026-03-02,ST009,1,113.01,Accepted,RR7,true
RT004534,SO021809,1,V00727,P0044,2026-02-15,ST004,1,69.57,Accepted,RR2,true
RT004535,SO021811,1,V00374,P0016,2026-02-15,ST004,1,218.95,Accepted,RR1,true
RT004536,SO021816,1,V00338,P0015,2026-03-14,ST006,1,153.97,Accepted,RR8,true
RT004537,SO021825,2,V00412,P0018,2026-02-14,ST010,1,153.81,Pending,RR1,false
RT004538,SO021831,3,V00019,P0001,2026-02-26,ST012,1,271.95,Rejected,RR2,false
RT004539,SO021841,3,V00016,P0001,2026-03-03,ST018,1,190.37,Accepted,RR4,false
RT004540,SO021843,1,V00443,P0020,2026-02-17,ST001,1,425.95,Pending,RR8,false
RT004541,SO021845,1,V00289,P0013,2026-02-19,ST016,1,149.56,Accepted,RR3,true
RT004542,SO021854,1,V00485,P0022,2026-02-26,ST004,1,439.95,Accepted,RR3,true
RT004543,SO021856,1,V00221,P0010,2026-03-06,ST007,1,81.71,Accepted,RR4,false
RT004544,SO021857,3,V00666,P0032,2026-02-17,ST007,1,39.95,Accepted,RR4,false
RT004545,SO021858,1,V00220,P0010,2026-03-07,ST010,1,108.95,Accepted,RR4,false
RT004546,SO021862,1,V00526,P0024,2026-02-19,ST013,1,122.95,Rejected,RR3,false
RT004547,SO021863,1,V00591,P0028,2026-03-16,ST012,1,93.95,Accepted,RR4,false
RT004548,SO021868,1,V00602,P0029,2026-03-15,ST004,1,115.56,Accepted,RR4,false
RT004549,SO021870,1,V00373,P0016,2026-02-20,ST001,1,218.95,Accepted,RR7,true
RT004550,SO021870,2,V00478,P0022,2026-02-19,ST018,1,439.95,Accepted,RR2,true
RT004551,SO021873,1,V00503,P0023,2026-03-07,ST002,1,93.07,Accepted,RR2,true
RT004552,SO021885,3,V00286,P0012,2026-02-18,ST004,1,70.17,Accepted,RR2,true
RT004553,SO021885,4,V00403,P0018,2026-03-07,ST007,1,180.95,Accepted,RR8,true
RT004554,SO021886,2,V00280,P0012,2026-03-07,ST001,1,70.17,Accepted,RR8,true
RT004555,SO021887,2,V00308,P0013,2026-03-01,ST009,1,149.56,Accepted,RR5,true
RT004556,SO021890,2,V00286,P0012,2026-02-20,ST011,1,116.95,Accepted,RR3,true
RT004557,SO021892,3,V00086,P0004,2026-02-19,ST011,1,240.95,Accepted,RR2,true
RT004558,SO021899,1,V00200,P0009,2026-02-18,ST006,1,119.95,Accepted,RR6,true
RT004559,SO021902,1,V00151,P0007,2026-02-12,ST016,1,107.91,Accepted,RR1,true
RT004560,SO021905,1,V00634,P0030,2026-03-31,ST001,1,93.77,Accepted,RR7,true
RT004561,SO021912,3,V00551,P0026,2026-03-03,ST005,2,90.02,Accepted,RR7,true
RT004562,SO021920,1,V00627,P0030,2026-03-11,ST009,1,133.95,Accepted,RR8,true
RT004563,SO021928,2,V00189,P0008,2026-02-13,ST017,1,95.17,Rejected,RR8,false
RT004564,SO021928,3,V00317,P0014,2026-02-17,ST017,1,189.95,Accepted,RR8,true
RT004565,SO021931,1,V00415,P0018,2026-03-01,ST003,1,153.81,Accepted,RR1,true
RT004566,SO021937,2,V00355,P0015,2026-02-21,ST002,1,164.96,Accepted,RR7,true
RT004567,SO021939,4,V00148,P0007,2026-03-07,ST007,1,126.95,Accepted,RR8,true
RT004568,SO021943,1,V00199,P0009,2026-03-03,ST006,1,119.95,Accepted,RR1,true
RT004569,SO021946,1,V00458,P0021,2026-03-01,ST009,1,278.95,Accepted,RR1,true
RT004570,SO021953,2,V00615,P0029,2026-03-12,ST014,1,81.57,Accepted,RR1,true
RT004571,SO021960,1,V00313,P0014,2026-02-24,ST009,1,142.46,Accepted,RR8,true
RT004572,SO021961,3,V00286,P0012,2026-02-15,ST004,1,116.95,Accepted,RR6,true
RT004573,SO021964,1,V00305,P0013,2026-03-01,ST001,1,158.35,Accepted,RR6,true
RT004574,SO021964,2,V00158,P0007,2026-02-15,ST012,1,101.56,Accepted,RR8,true
RT004575,SO021975,3,V00395,P0017,2026-03-18,ST004,1,159.95,Rejected,RR7,false
RT004576,SO021978,2,V00355,P0015,2026-03-18,ST010,1,153.97,Accepted,RR1,true
RT004577,SO021986,1,V00398,P0017,2026-02-15,ST014,1,119.96,Pending,RR7,false
RT004578,SO022002,2,V00621,P0030,2026-04-04,ST002,1,133.95,Accepted,RR7,true
RT004579,SO022006,3,V00016,P0001,2026-02-26,ST018,1,231.16,Accepted,RR8,true
RT004580,SO022007,2,V00740,P0050,2026-03-02,ST004,1,183.56,Accepted,RR4,false
RT004581,SO022017,1,V00228,P0010,2026-03-04,ST008,1,92.61,Accepted,RR1,true
RT004582,SO022020,3,V00095,P0004,2026-03-03,ST010,1,240.95,Accepted,RR8,true
RT004583,SO022032,2,V00532,P0025,2026-02-22,ST015,1,95.95,Accepted,RR8,true
RT004584,SO022044,1,V00663,P0032,2026-03-20,ST001,1,23.97,Accepted,RR1,true
RT004585,SO022048,3,V00118,P0005,2026-02-19,ST003,1,133.95,Accepted,RR1,true
RT004586,SO022056,1,V00254,P0011,2026-03-21,ST005,1,157.95,Accepted,RR3,true
RT004587,SO022057,1,V00318,P0014,2026-02-22,ST003,1,151.96,Accepted,RR1,true
RT004588,SO022060,2,V00744,P0052,2026-03-08,ST007,1,131.95,Accepted,RR7,true
RT004589,SO022060,4,V00305,P0013,2026-04-06,ST001,1,175.95,Accepted,RR2,true
RT004590,SO022062,1,V00465,P0021,2026-03-11,ST008,1,223.16,Rejected,RR5,false
RT004591,SO022065,1,V00727,P0044,2026-02-23,ST009,1,115.95,Accepted,RR2,true
RT004592,SO022087,2,V00619,P0030,2026-02-18,ST006,1,133.95,Accepted,RR1,true
RT004593,SO022089,1,V00307,P0013,2026-02-25,ST006,1,149.56,Accepted,RR4,false
RT004594,SO022090,1,V00234,P0010,2026-02-18,ST004,1,108.95,Accepted,RR1,true
RT004595,SO022107,4,V00245,P0011,2026-03-07,ST010,1,157.95,Accepted,RR5,true
RT004596,SO022109,2,V00005,P0001,2026-04-04,ST013,1,190.37,Accepted,RR2,true
RT004597,SO022109,3,V00016,P0001,2026-02-27,ST004,1,271.95,Accepted,RR2,true
RT004598,SO022112,1,V00694,P0034,2026-03-03,ST015,1,52.66,Pending,RR1,false
RT004599,SO022117,2,V00386,P0017,2026-02-28,ST015,1,135.96,Pending,RR1,false
RT004600,SO022120,2,V00234,P0010,2026-03-13,ST004,1,87.16,Accepted,RR7,true
RT004601,SO022120,3,V00228,P0010,2026-03-21,ST004,1,87.16,Accepted,RR8,true
RT004602,SO022122,2,V00710,P0035,2026-03-01,ST001,1,164.01,Accepted,RR7,true
RT004603,SO022125,3,V00273,P0012,2026-03-14,ST002,1,81.87,Accepted,RR4,false
RT004604,SO022127,1,V00381,P0016,2026-03-08,ST004,1,218.95,Accepted,RR2,true
RT004605,SO022133,1,V00376,P0016,2026-03-06,ST007,1,131.37,Accepted,RR3,true
RT004606,SO022134,1,V00615,P0029,2026-04-01,ST008,1,135.95,Accepted,RR2,true
RT004607,SO022140,2,V00197,P0009,2026-03-09,ST012,1,83.97,Accepted,RR4,false
RT004608,SO022142,4,V00488,P0022,2026-03-23,ST014,1,439.95,Accepted,RR7,true
RT004609,SO022152,1,V00224,P0010,2026-03-15,ST001,1,108.95,Accepted,RR8,true
RT004610,SO022154,2,V00103,P0005,2026-03-04,ST002,1,133.95,Accepted,RR7,true
RT004611,SO022158,2,V00008,P0001,2026-03-10,ST005,1,190.37,Accepted,RR1,true
RT004612,SO022164,2,V00258,P0011,2026-03-01,ST010,1,157.95,Accepted,RR4,false
RT004613,SO022172,1,V00716,P0038,2026-03-07,ST017,1,333.87,Accepted,RR3,true
RT004614,SO022173,2,V00686,P0033,2026-04-04,ST013,1,48.95,Pending,RR7,false
RT004615,SO022179,2,V00304,P0013,2026-02-26,ST001,1,175.95,Accepted,RR4,false
RT004616,SO022183,2,V00383,P0016,2026-02-28,ST011,1,218.95,Accepted,RR2,true
RT004617,SO022183,4,V00540,P0025,2026-02-23,ST003,1,95.95,Accepted,RR7,true
RT004618,SO022193,1,V00718,P0039,2026-03-01,ST012,1,220.95,Accepted,RR3,true
RT004619,SO022199,3,V00553,P0026,2026-03-01,ST017,1,45.01,Accepted,RR4,false
RT004620,SO022203,1,V00707,P0034,2026-02-28,ST014,1,61.95,Accepted,RR2,true
RT004621,SO022211,4,V00005,P0001,2026-03-05,ST001,1,231.16,Accepted,RR1,true
RT004622,SO022213,2,V00562,P0026,2026-04-10,ST001,1,42.36,Accepted,RR7,true
RT004623,SO022226,2,V00716,P0038,2026-03-01,ST012,1,405.41,Accepted,RR2,true
RT004624,SO022230,1,V00527,P0024,2026-03-02,ST015,1,73.77,Accepted,RR2,true
RT004625,SO022241,2,V00356,P0015,2026-03-12,ST002,1,164.96,Accepted,RR2,true
RT004626,SO022242,1,V00734,P0047,2026-03-12,ST001,1,62.97,Accepted,RR3,true
RT004627,SO022248,5,V00211,P0009,2026-03-24,ST004,1,119.95,Accepted,RR1,true
RT004628,SO022255,4,V00099,P0005,2026-03-26,ST006,3,241.11,Accepted,RR4,false
RT004629,SO022258,1,V00259,P0011,2026-03-24,ST008,1,94.77,Accepted,RR2,true
RT004630,SO022259,2,V00473,P0021,2026-03-26,ST008,1,278.95,Accepted,RR1,true
RT004631,SO022272,2,V00429,P0019,2026-03-12,ST007,1,188.21,Accepted,RR1,true
RT004632,SO022272,3,V00724,P0042,2026-03-09,ST013,1,251.27,Accepted,RR7,true
RT004633,SO022283,1,V00088,P0004,2026-03-19,ST008,1,240.95,Accepted,RR2,true
RT004634,SO022290,3,V00164,P0007,2026-03-05,ST001,1,107.91,Accepted,RR7,true
RT004635,SO022295,4,V00072,P0003,2026-03-02,ST002,1,164.95,Accepted,RR4,false
RT004636,SO022302,3,V00569,P0027,2026-03-11,ST006,1,82.95,Accepted,RR1,true
RT004637,SO022307,1,V00018,P0001,2026-03-13,ST008,1,190.37,Accepted,RR4,false
RT004638,SO022315,1,V00718,P0039,2026-03-24,ST013,1,220.95,Accepted,RR8,true
RT004639,SO022318,1,V00357,P0015,2026-03-06,ST014,1,197.95,Accepted,RR7,true
RT004640,SO022320,1,V00327,P0014,2026-02-28,ST014,1,132.97,Accepted,RR8,true
RT004641,SO022321,2,V00545,P0025,2026-02-26,ST015,1,76.76,Pending,RR4,false
RT004642,SO022328,1,V00736,P0048,2026-03-20,ST018,1,58.77,Accepted,RR3,true
RT004643,SO022329,5,V00551,P0026,2026-03-05,ST018,1,31.77,Accepted,RR7,true
RT004644,SO022331,2,V00627,P0030,2026-03-10,ST018,1,107.16,Accepted,RR8,true
RT004645,SO022333,1,V00183,P0008,2026-03-13,ST006,1,108.76,Accepted,RR5,true
RT004646,SO022354,2,V00294,P0013,2026-02-27,ST011,2,263.92,Pending,RR8,false
RT004647,SO022356,1,V00466,P0021,2026-03-05,ST013,1,278.95,Accepted,RR7,true
RT004648,SO022357,3,V00080,P0004,2026-03-20,ST014,1,240.95,Accepted,RR3,true
RT004649,SO022357,4,V00726,P0043,2026-03-12,ST014,2,277.90,Accepted,RR4,false
RT004650,SO022362,1,V00658,P0032,2026-02-26,ST010,1,27.97,Accepted,RR1,true
RT004651,SO022364,1,V00362,P0016,2026-03-25,ST017,1,218.95,Accepted,RR1,true
RT004652,SO022366,3,V00015,P0001,2026-03-27,ST003,1,231.16,Accepted,RR1,true
RT004653,SO022401,5,V00261,P0011,2026-03-03,ST006,1,94.77,Accepted,RR4,false
RT004654,SO022403,2,V00197,P0009,2026-03-21,ST008,1,71.97,Accepted,RR4,false
RT004655,SO022406,1,V00587,P0028,2026-03-14,ST011,1,75.16,Accepted,RR1,true
RT004656,SO022410,3,V00602,P0029,2026-03-23,ST013,1,108.76,Accepted,RR4,false
RT004657,SO022413,1,V00417,P0018,2026-03-01,ST008,1,153.81,Accepted,RR4,false
RT004658,SO022419,1,V00400,P0017,2026-03-16,ST001,1,159.95,Accepted,RR3,true
RT004659,SO022426,1,V00710,P0035,2026-03-17,ST006,1,154.36,Accepted,RR8,true
RT004660,SO022431,1,V00381,P0016,2026-03-14,ST015,1,186.11,Accepted,RR1,true
RT004661,SO022431,2,V00459,P0021,2026-03-28,ST015,1,223.16,Accepted,RR7,true
RT004662,SO022433,3,V00186,P0008,2026-03-01,ST017,1,135.95,Pending,RR1,false
RT004663,SO022439,3,V00516,P0024,2026-03-21,ST013,1,98.36,Accepted,RR3,true
RT004664,SO022453,1,V00453,P0020,2026-03-15,ST007,1,298.16,Accepted,RR4,false
RT004665,SO022455,1,V00411,P0018,2026-03-06,ST008,1,144.76,Accepted,RR4,false
RT004666,SO022459,1,V00464,P0021,2026-03-06,ST011,1,223.16,Accepted,RR2,true
RT004667,SO022463,2,V00531,P0025,2026-03-07,ST009,1,81.56,Accepted,RR3,true
RT004668,SO022466,1,V00344,P0015,2026-03-08,ST015,1,153.97,Pending,RR4,false
RT004669,SO022469,1,V00282,P0012,2026-03-07,ST018,1,116.95,Accepted,RR7,true
RT004670,SO022473,1,V00354,P0015,2026-03-30,ST010,1,219.95,Rejected,RR1,false
RT004671,SO022475,1,V00386,P0017,2026-03-17,ST005,2,319.90,Accepted,RR4,false
RT004672,SO022476,2,V00115,P0005,2026-03-14,ST001,1,120.55,Accepted,RR6,true
RT004673,SO022479,1,V00627,P0030,2026-03-29,ST001,1,133.95,Accepted,RR4,false
RT004674,SO022487,1,V00585,P0028,2026-03-09,ST005,1,93.95,Accepted,RR6,true
RT004675,SO022487,3,V00389,P0017,2026-03-03,ST005,1,111.97,Accepted,RR3,true
RT004676,SO022495,2,V00735,P0048,2026-03-09,ST011,1,71.36,Accepted,RR1,true
RT004677,SO022499,2,V00234,P0010,2026-03-12,ST011,1,108.95,Accepted,RR7,true
RT004678,SO022500,3,V00734,P0047,2026-03-02,ST011,2,179.90,Accepted,RR8,true
RT004679,SO022502,3,V00304,P0013,2026-03-18,ST012,1,158.35,Pending,RR1,false
RT004680,SO022504,1,V00460,P0021,2026-03-21,ST013,1,278.95,Accepted,RR4,false
RT004681,SO022513,1,V00676,P0033,2026-03-23,ST018,1,34.27,Accepted,RR1,true
RT004682,SO022516,2,V00271,P0012,2026-03-19,ST014,1,116.95,Accepted,RR8,true
RT004683,SO022517,3,V00035,P0002,2026-04-03,ST011,1,133.67,Accepted,RR8,true
RT004684,SO022519,1,V00706,P0034,2026-03-18,ST014,1,61.95,Accepted,RR3,true
RT004685,SO022525,2,V00461,P0021,2026-03-18,ST001,1,278.95,Accepted,RR7,true
RT004686,SO022536,1,V00732,P0046,2026-03-10,ST005,1,103.66,Accepted,RR4,false
RT004687,SO022543,1,V00417,P0018,2026-03-18,ST007,1,180.95,Accepted,RR1,true
RT004688,SO022545,1,V00615,P0029,2026-04-04,ST008,1,135.95,Accepted,RR4,false
RT004689,SO022551,2,V00591,P0028,2026-03-09,ST011,1,93.95,Rejected,RR8,false
RT004690,SO022558,5,V00422,P0019,2026-03-16,ST013,1,250.95,Accepted,RR4,false
RT004691,SO022561,1,V00743,P0052,2026-03-23,ST014,1,131.95,Pending,RR6,false
RT004692,SO022562,2,V00609,P0029,2026-03-13,ST015,1,135.95,Accepted,RR1,true
RT004693,SO022564,3,V00248,P0011,2026-03-25,ST015,1,157.95,Accepted,RR3,true
RT004694,SO022565,1,V00005,P0001,2026-03-13,ST016,1,271.95,Pending,RR4,false
RT004695,SO022565,3,V00162,P0007,2026-03-19,ST016,1,126.95,Accepted,RR2,true
RT004696,SO022572,3,V00635,P0030,2026-03-19,ST015,1,133.95,Accepted,RR7,true
RT004697,SO022573,3,V00246,P0011,2026-03-18,ST011,1,157.95,Rejected,RR8,false
RT004698,SO022573,5,V00003,P0001,2026-03-12,ST014,1,271.95,Accepted,RR1,true
RT004699,SO022574,1,V00371,P0016,2026-03-09,ST011,1,218.95,Accepted,RR7,true
RT004700,SO022584,1,V00321,P0014,2026-03-26,ST001,1,189.95,Accepted,RR5,true
RT004701,SO022584,2,V00155,P0007,2026-03-28,ST018,1,126.95,Accepted,RR3,true
RT004702,SO022587,1,V00189,P0008,2026-03-17,ST002,1,135.95,Accepted,RR2,true
RT004703,SO022600,1,V00613,P0029,2026-03-15,ST008,1,135.95,Accepted,RR4,false
RT004704,SO022612,1,V00331,P0014,2026-03-18,ST016,1,189.95,Accepted,RR1,true
RT004705,SO022642,1,V00006,P0001,2026-04-05,ST011,1,271.95,Accepted,RR8,true
RT004706,SO022642,2,V00398,P0017,2026-04-05,ST011,1,159.95,Accepted,RR2,true
RT004707,SO022643,1,V00163,P0007,2026-03-19,ST012,1,126.95,Accepted,RR3,true
RT004708,SO022645,1,V00738,P0049,2026-03-22,ST015,1,51.95,Accepted,RR7,true
RT004709,SO022649,2,V00694,P0034,2026-03-12,ST017,1,61.95,Accepted,RR8,true
RT004710,SO022651,1,V00234,P0010,2026-03-17,ST007,1,87.16,Accepted,RR8,true
RT004711,SO022652,1,V00270,P0012,2026-04-21,ST003,1,116.95,Accepted,RR4,false
RT004712,SO022664,1,V00237,P0010,2026-03-15,ST001,1,108.95,Accepted,RR7,true
RT004713,SO022666,1,V00573,P0027,2026-03-07,ST004,1,82.95,Accepted,RR1,true
RT004714,SO022669,1,V00243,P0011,2026-03-16,ST004,1,157.95,Accepted,RR3,true
RT004715,SO022670,1,V00729,P0045,2026-03-23,ST004,1,93.95,Accepted,RR2,true
RT004716,SO022670,4,V00688,P0033,2026-04-02,ST004,2,97.90,Accepted,RR5,true
RT004717,SO022681,1,V00585,P0028,2026-03-06,ST011,1,93.95,Accepted,RR1,true
RT004718,SO022683,1,V00513,P0024,2026-04-07,ST011,1,122.95,Accepted,RR8,true
RT004719,SO022689,2,V00240,P0010,2026-03-30,ST014,1,98.05,Accepted,RR1,true
RT004720,SO022703,2,V00029,P0002,2026-03-23,ST010,1,190.95,Accepted,RR4,false
RT004721,SO022707,1,V00016,P0001,2026-03-25,ST002,1,271.95,Accepted,RR1,true
RT004722,SO022708,1,V00238,P0010,2026-03-16,ST007,1,108.95,Accepted,RR8,true
RT004723,SO022709,1,V00658,P0032,2026-03-29,ST009,1,39.95,Accepted,RR2,true
RT004724,SO022712,3,V00101,P0005,2026-04-02,ST001,1,133.95,Accepted,RR1,true
RT004725,SO022713,3,V00189,P0008,2026-03-11,ST001,1,135.95,Accepted,RR7,true
RT004726,SO022720,1,V00445,P0020,2026-04-04,ST004,1,425.95,Accepted,RR8,true
RT004727,SO022721,2,V00206,P0009,2026-03-28,ST004,1,119.95,Accepted,RR3,true
RT004728,SO022722,1,V00483,P0022,2026-03-15,ST006,1,439.95,Accepted,RR3,true
RT004729,SO022724,1,V00346,P0015,2026-03-30,ST007,1,219.95,Accepted,RR8,true
RT004730,SO022731,1,V00404,P0018,2026-04-17,ST011,2,361.90,Pending,RR7,false
RT004731,SO022767,2,V00720,P0040,2026-03-28,ST009,1,339.95,Accepted,RR5,true
RT004732,SO022772,1,V00065,P0003,2026-03-24,ST011,1,164.95,Accepted,RR2,true
RT004733,SO022784,2,V00479,P0022,2026-03-25,ST009,1,439.95,Accepted,RR3,true
RT004734,SO022792,1,V00339,P0015,2026-03-29,ST002,1,219.95,Accepted,RR6,true
RT004735,SO022797,3,V00550,P0026,2026-03-18,ST004,1,52.95,Accepted,RR3,true
RT004736,SO022801,3,V00714,P0037,2026-03-30,ST004,1,206.06,Accepted,RR6,true
RT004737,SO022803,1,V00453,P0020,2026-03-27,ST005,1,425.95,Accepted,RR8,true
RT004738,SO022818,1,V00713,P0037,2026-03-17,ST011,1,228.95,Accepted,RR2,true
RT004739,SO022821,3,V00424,P0019,2026-03-11,ST011,1,250.95,Accepted,RR2,true
RT004740,SO022823,1,V00206,P0009,2026-03-19,ST011,1,119.95,Accepted,RR7,true
RT004741,SO022825,1,V00399,P0017,2026-04-20,ST014,2,319.90,Accepted,RR2,true
RT004742,SO022828,1,V00275,P0012,2026-03-26,ST015,1,116.95,Accepted,RR7,true
RT004743,SO022829,1,V00267,P0012,2026-03-13,ST015,1,116.95,Accepted,RR7,true
RT004744,SO022833,1,V00221,P0010,2026-03-15,ST016,1,108.95,Rejected,RR1,false
RT004745,SO022841,3,V00513,P0024,2026-03-26,ST003,1,122.95,Accepted,RR1,true
RT004746,SO022843,3,V00633,P0030,2026-03-18,ST008,1,133.95,Accepted,RR7,true
RT004747,SO022845,1,V00411,P0018,2026-04-08,ST014,1,180.95,Accepted,RR4,false
RT004748,SO022849,3,V00114,P0005,2026-03-25,ST001,1,107.16,Accepted,RR6,true
RT004749,SO022850,2,V00279,P0012,2026-04-03,ST001,1,116.95,Accepted,RR1,true
RT004750,SO022861,1,V00716,P0038,2026-03-16,ST006,3,1430.85,Pending,RR6,false
RT004751,SO022862,2,V00656,P0032,2026-03-15,ST006,1,31.96,Accepted,RR7,true
RT004752,SO022865,5,V00465,P0021,2026-03-24,ST007,1,278.95,Accepted,RR1,true
RT004753,SO022885,3,V00460,P0021,2026-03-13,ST017,1,278.95,Accepted,RR8,true
RT004754,SO022888,1,V00699,P0034,2026-03-12,ST015,1,61.95,Accepted,RR7,true
RT004755,SO022896,1,V00322,P0014,2026-03-18,ST018,1,189.95,Accepted,RR3,true
RT004756,SO022898,1,V00018,P0001,2026-03-13,ST018,1,271.95,Accepted,RR1,true
RT004757,SO022898,2,V00091,P0004,2026-03-18,ST010,1,240.95,Accepted,RR5,true
RT004758,SO022899,4,V00518,P0024,2026-03-31,ST006,1,98.36,Accepted,RR4,false
RT004759,SO022900,1,V00188,P0008,2026-03-28,ST018,1,135.95,Accepted,RR5,true
RT004760,SO022901,2,V00525,P0024,2026-03-17,ST006,1,122.95,Accepted,RR7,true
RT004761,SO022902,2,V00429,P0019,2026-04-01,ST016,1,250.95,Pending,RR7,false
RT004762,SO022910,1,V00190,P0008,2026-03-19,ST004,1,135.95,Accepted,RR2,true
RT004763,SO022917,1,V00150,P0007,2026-03-31,ST010,1,126.95,Accepted,RR7,true
RT004764,SO022917,4,V00006,P0001,2026-04-26,ST010,1,271.95,Accepted,RR1,true
RT004765,SO022919,2,V00028,P0002,2026-04-08,ST002,1,190.95,Accepted,RR5,true
RT004766,SO022931,2,V00512,P0024,2026-03-27,ST018,1,122.95,Accepted,RR7,true
RT004767,SO022932,3,V00388,P0017,2026-04-11,ST018,1,159.95,Accepted,RR3,true
RT004768,SO022933,1,V00561,P0026,2026-04-03,ST016,3,158.85,Accepted,RR5,true
RT004769,SO022935,1,V00494,P0023,2026-03-17,ST010,1,119.65,Rejected,RR6,false
RT004770,SO022936,2,V00261,P0011,2026-03-28,ST018,1,157.95,Pending,RR1,false
RT004771,SO022936,4,V00443,P0020,2026-03-26,ST011,1,383.35,Accepted,RR1,true
RT004772,SO022937,1,V00201,P0009,2026-03-25,ST006,1,119.95,Accepted,RR4,false
RT004773,SO022940,1,V00361,P0016,2026-04-01,ST001,2,437.90,Accepted,RR7,true
RT004774,SO022944,5,V00737,P0049,2026-04-10,ST002,1,51.95,Accepted,RR4,false
RT004775,SO022948,2,V00033,P0002,2026-03-19,ST004,1,190.95,Accepted,RR4,false
RT004776,SO022958,1,V00215,P0009,2026-03-30,ST009,1,95.96,Accepted,RR2,true
RT004777,SO022969,2,V00295,P0013,2026-03-26,ST014,1,175.95,Accepted,RR1,true
RT004778,SO022982,1,V00093,P0004,2026-04-09,ST005,1,240.95,Accepted,RR3,true
RT004779,SO022987,1,V00049,P0003,2026-03-31,ST016,1,131.96,Accepted,RR1,true
RT004780,SO022990,2,V00707,P0034,2026-03-19,ST016,1,61.95,Accepted,RR3,true
RT004781,SO023005,1,V00424,P0019,2026-03-29,ST010,1,250.95,Accepted,RR4,false
RT004782,SO023006,1,V00526,P0024,2026-03-20,ST010,1,122.95,Accepted,RR4,false
RT004783,SO023011,2,V00137,P0006,2026-04-14,ST014,1,162.95,Accepted,RR4,false
RT004784,SO023019,4,V00185,P0008,2026-03-19,ST011,1,135.95,Accepted,RR1,true
RT004785,SO023020,3,V00303,P0013,2026-03-15,ST008,2,351.90,Accepted,RR4,false
RT004786,SO023036,3,V00183,P0008,2026-03-24,ST008,1,122.36,Pending,RR8,false
RT004787,SO023043,1,V00566,P0027,2026-03-20,ST014,2,165.90,Accepted,RR3,true
RT004788,SO023052,1,V00193,P0009,2026-04-10,ST006,1,119.95,Accepted,RR5,true
RT004789,SO023052,3,V00710,P0035,2026-04-26,ST010,1,192.95,Accepted,RR6,true
RT004790,SO023055,1,V00423,P0019,2026-03-26,ST001,1,250.95,Accepted,RR1,true
RT004791,SO023056,1,V00113,P0005,2026-03-21,ST008,1,133.95,Pending,RR2,false
RT004792,SO023067,3,V00209,P0009,2026-04-10,ST004,1,119.95,Accepted,RR1,true
RT004793,SO023078,1,V00329,P0014,2026-04-01,ST011,1,189.95,Accepted,RR1,true
RT004794,SO023086,1,V00460,P0021,2026-03-22,ST014,1,278.95,Accepted,RR4,false
RT004795,SO023087,1,V00178,P0008,2026-03-25,ST015,1,135.95,Accepted,RR8,true
RT004796,SO023091,1,V00733,P0047,2026-04-06,ST017,1,89.95,Accepted,RR1,true
RT004797,SO023093,1,V00126,P0006,2026-03-26,ST011,1,130.36,Accepted,RR3,true
RT004798,SO023095,1,V00725,P0043,2026-03-21,ST007,1,138.95,Accepted,RR5,true
RT004799,SO023096,1,V00356,P0015,2026-03-24,ST014,1,219.95,Accepted,RR2,true
RT004800,SO023096,2,V00460,P0021,2026-04-13,ST012,1,278.95,Accepted,RR4,false
RT004801,SO023096,3,V00304,P0013,2026-03-23,ST006,2,351.90,Pending,RR7,false
RT004802,SO023101,1,V00016,P0001,2026-04-01,ST009,1,271.95,Accepted,RR1,true
RT004803,SO023109,1,V00621,P0030,2026-03-29,ST014,1,133.95,Accepted,RR7,true
RT004804,SO023116,2,V00129,P0006,2026-04-08,ST004,1,162.95,Accepted,RR7,true
RT004805,SO023116,3,V00735,P0048,2026-03-25,ST004,1,67.16,Accepted,RR1,true
RT004806,SO023119,1,V00016,P0001,2026-03-30,ST005,1,271.95,Accepted,RR1,true
RT004807,SO023119,2,V00465,P0021,2026-04-29,ST005,1,278.95,Accepted,RR6,true
RT004808,SO023121,2,V00079,P0004,2026-04-02,ST002,1,240.95,Accepted,RR3,true
RT004809,SO023123,1,V00730,P0045,2026-03-23,ST007,1,84.55,Accepted,RR4,false
RT004810,SO023125,2,V00734,P0047,2026-03-21,ST008,1,80.95,Pending,RR6,false
RT004811,SO023128,2,V00352,P0015,2026-03-16,ST010,1,219.95,Accepted,RR5,true
RT004812,SO023135,3,V00466,P0021,2026-04-24,ST014,2,557.90,Accepted,RR8,true
RT004813,SO023143,2,V00591,P0028,2026-03-25,ST017,1,93.95,Accepted,RR7,true
RT004814,SO023145,1,V00705,P0034,2026-04-28,ST018,1,61.95,Accepted,RR4,false
RT004815,SO023146,3,V00209,P0009,2026-03-17,ST018,1,119.95,Accepted,RR5,true
RT004816,SO023155,3,V00489,P0022,2026-04-16,ST001,1,439.95,Accepted,RR7,true
RT004817,SO023159,2,V00286,P0012,2026-03-25,ST002,1,105.25,Accepted,RR8,true
RT004818,SO023165,1,V00670,P0032,2026-03-31,ST004,1,39.95,Pending,RR7,false
RT004819,SO023166,2,V00465,P0021,2026-04-29,ST018,1,278.95,Accepted,RR8,true
RT004820,SO023168,4,V00295,P0013,2026-05-02,ST006,1,175.95,Accepted,RR1,true
RT004821,SO023174,1,V00734,P0047,2026-04-03,ST008,1,89.95,Accepted,RR2,true
RT004822,SO023180,2,V00302,P0013,2026-04-04,ST011,1,175.95,Accepted,RR2,true
RT004823,SO023181,1,V00143,P0006,2026-04-10,ST011,1,162.95,Accepted,RR4,false
RT004824,SO023184,3,V00490,P0022,2026-04-05,ST011,1,439.95,Accepted,RR8,true
RT004825,SO023190,1,V00123,P0006,2026-04-03,ST014,1,162.95,Accepted,RR1,true
RT004826,SO023204,1,V00500,P0023,2026-03-27,ST007,1,132.95,Accepted,RR6,true
RT004827,SO023210,1,V00307,P0013,2026-04-15,ST001,1,175.95,Accepted,RR7,true
RT004828,SO023213,2,V00352,P0015,2026-04-13,ST002,1,219.95,Rejected,RR3,false
RT004829,SO023234,4,V00446,P0020,2026-03-30,ST014,1,340.76,Accepted,RR1,true
RT004830,SO023237,1,V00318,P0014,2026-03-28,ST014,1,189.95,Accepted,RR1,true
RT004831,SO023246,1,V00199,P0009,2026-03-30,ST018,1,107.95,Accepted,RR3,true
RT004832,SO023255,2,V00059,P0003,2026-04-07,ST008,1,164.95,Accepted,RR5,true
RT004833,SO023256,2,V00126,P0006,2026-03-30,ST002,1,162.95,Accepted,RR1,true
RT004834,SO023261,2,V00150,P0007,2026-03-31,ST005,1,126.95,Accepted,RR7,true
RT004835,SO023262,2,V00514,P0024,2026-04-12,ST006,1,110.65,Accepted,RR1,true
RT004836,SO023263,1,V00167,P0007,2026-04-17,ST006,1,126.95,Accepted,RR2,true
RT004837,SO023266,2,V00312,P0013,2026-03-28,ST002,1,158.35,Accepted,RR4,false
RT004838,SO023267,2,V00190,P0008,2026-04-04,ST017,1,135.95,Accepted,RR6,true
RT004839,SO023271,3,V00164,P0007,2026-03-23,ST010,1,126.95,Accepted,RR2,true
RT004840,SO023277,3,V00245,P0011,2026-03-26,ST013,1,157.95,Accepted,RR5,true
RT004841,SO023281,4,V00385,P0017,2026-04-20,ST016,1,159.95,Accepted,RR8,true
RT004842,SO023282,1,V00737,P0049,2026-04-12,ST016,1,51.95,Accepted,RR7,true
RT004843,SO023287,1,V00733,P0047,2026-04-10,ST005,1,89.95,Accepted,RR7,true
RT004844,SO023293,2,V00280,P0012,2026-03-30,ST001,1,116.95,Accepted,RR2,true
RT004845,SO023293,4,V00394,P0017,2026-03-21,ST006,1,143.95,Rejected,RR5,false
RT004846,SO023294,1,V00728,P0044,2026-04-20,ST005,1,115.95,Accepted,RR2,true
RT004847,SO023295,2,V00406,P0018,2026-04-02,ST016,1,180.95,Accepted,RR7,true
RT004848,SO023297,2,V00621,P0030,2026-03-30,ST014,1,133.95,Accepted,RR1,true
RT004849,SO023303,3,V00147,P0007,2026-03-29,ST004,1,126.95,Accepted,RR2,true
RT004850,SO023307,3,V00734,P0047,2026-03-28,ST016,1,89.95,Rejected,RR8,false
RT004851,SO023309,3,V00539,P0025,2026-03-24,ST007,1,95.95,Accepted,RR7,true
RT004852,SO023313,1,V00206,P0009,2026-04-19,ST009,1,119.95,Accepted,RR4,false
RT004853,SO023319,4,V00584,P0028,2026-04-04,ST011,1,93.95,Accepted,RR5,true
RT004854,SO023320,1,V00007,P0001,2026-03-28,ST011,1,271.95,Accepted,RR1,true
RT004855,SO023322,1,V00221,P0010,2026-05-05,ST012,1,92.61,Pending,RR7,false
RT004856,SO023328,1,V00615,P0029,2026-04-05,ST016,1,135.95,Accepted,RR8,true
RT004857,SO023333,1,V00194,P0009,2026-04-09,ST014,1,119.95,Rejected,RR6,false
RT004858,SO023338,1,V00327,P0014,2026-03-29,ST012,1,189.95,Accepted,RR3,true
RT004859,SO023341,1,V00367,P0016,2026-04-19,ST007,1,218.95,Accepted,RR2,true
RT004860,SO023350,2,V00533,P0025,2026-04-13,ST005,1,95.95,Accepted,RR1,true
RT004861,SO023352,1,V00560,P0026,2026-04-07,ST004,1,52.95,Accepted,RR1,true
RT004862,SO023366,2,V00153,P0007,2026-03-25,ST011,1,126.95,Accepted,RR3,true
RT004863,SO023367,1,V00271,P0012,2026-04-13,ST011,1,116.95,Accepted,RR1,true
RT004864,SO023368,1,V00639,P0031,2026-03-22,ST014,1,75.95,Pending,RR5,false
RT004865,SO023369,2,V00377,P0016,2026-03-27,ST011,1,218.95,Accepted,RR7,true
RT004866,SO023373,1,V00197,P0009,2026-05-05,ST013,1,119.95,Accepted,RR4,false
RT004867,SO023385,1,V00709,P0035,2026-04-10,ST003,1,173.65,Accepted,RR4,false
RT004868,SO023386,2,V00293,P0013,2026-04-01,ST004,1,175.95,Accepted,RR4,false
RT004869,SO023391,3,V00355,P0015,2026-04-08,ST002,1,219.95,Accepted,RR1,true
RT004870,SO023393,2,V00496,P0023,2026-03-31,ST003,1,132.95,Accepted,RR7,true
RT004871,SO023396,1,V00502,P0023,2026-04-11,ST004,1,132.95,Accepted,RR8,true
RT004872,SO023396,2,V00006,P0001,2026-05-09,ST004,1,271.95,Accepted,RR1,true
RT004873,SO023396,3,V00591,P0028,2026-03-29,ST004,1,93.95,Accepted,RR6,true
RT004874,SO023397,1,V00460,P0021,2026-03-23,ST005,1,251.05,Accepted,RR1,true
RT004875,SO023401,1,V00341,P0015,2026-04-08,ST008,1,219.95,Accepted,RR3,true
RT004876,SO023406,1,V00723,P0042,2026-04-01,ST010,1,358.95,Accepted,RR1,true
RT004877,SO023412,1,V00305,P0013,2026-04-17,ST007,1,175.95,Pending,RR7,false
RT004878,SO023422,1,V00012,P0001,2026-04-09,ST002,1,271.95,Accepted,RR2,true
RT004879,SO023423,1,V00597,P0028,2026-04-20,ST005,1,93.95,Accepted,RR3,true
RT004880,SO023423,3,V00393,P0017,2026-03-30,ST003,1,159.95,Accepted,RR7,true
RT004881,SO023426,4,V00658,P0032,2026-04-04,ST008,1,39.95,Accepted,RR7,true
RT004882,SO023430,1,V00731,P0046,2026-04-21,ST016,1,121.95,Accepted,RR2,true
RT004883,SO023435,3,V00549,P0026,2026-04-13,ST001,1,52.95,Accepted,RR5,true
RT004884,SO023437,1,V00724,P0042,2026-04-03,ST002,1,358.95,Pending,RR3,false
RT004885,SO023438,4,V00711,P0036,2026-04-16,ST002,2,355.90,Rejected,RR4,false
RT004886,SO023440,1,V00400,P0017,2026-04-01,ST003,1,159.95,Accepted,RR1,true
RT004887,SO023446,3,V00111,P0005,2026-05-01,ST004,1,133.95,Accepted,RR4,false
RT004888,SO023460,1,V00282,P0012,2026-03-23,ST007,1,116.95,Accepted,RR1,true
RT004889,SO023461,2,V00588,P0028,2026-04-12,ST008,1,93.95,Rejected,RR5,false
RT004890,SO023464,2,V00026,P0002,2026-04-19,ST009,1,190.95,Accepted,RR7,true
RT004891,SO023470,2,V00256,P0011,2026-04-22,ST011,1,157.95,Accepted,RR7,true
RT004892,SO023473,1,V00246,P0011,2026-04-06,ST012,1,157.95,Accepted,RR4,false
RT004893,SO023491,3,V00503,P0023,2026-03-31,ST004,2,265.90,Accepted,RR1,true
RT004894,SO023493,2,V00245,P0011,2026-04-08,ST003,1,157.95,Rejected,RR8,false
RT004895,SO023514,1,V00578,P0027,2026-04-09,ST005,2,165.90,Accepted,RR6,true
RT004896,SO023520,3,V00163,P0007,2026-04-23,ST008,1,126.95,Accepted,RR4,false
RT004897,SO023523,3,V00005,P0001,2026-04-24,ST010,1,271.95,Accepted,RR1,true
RT004898,SO023524,2,V00725,P0043,2026-03-28,ST010,1,138.95,Accepted,RR1,true
RT004899,SO023525,3,V00586,P0028,2026-04-05,ST010,1,93.95,Accepted,RR2,true
RT004900,SO023533,3,V00130,P0006,2026-04-23,ST002,1,162.95,Accepted,RR2,true
RT004901,SO023534,2,V00567,P0027,2026-04-15,ST012,1,82.95,Pending,RR4,false
RT004902,SO023540,1,V00715,P0038,2026-04-01,ST014,2,953.90,Accepted,RR8,true
RT004903,SO023544,3,V00405,P0018,2026-04-25,ST017,1,180.95,Accepted,RR1,true
RT004904,SO023548,4,V00507,P0023,2026-04-10,ST018,1,132.95,Rejected,RR7,false
RT004905,SO023552,2,V00714,P0037,2026-04-13,ST007,1,228.95,Accepted,RR2,true
RT004906,SO023552,3,V00655,P0032,2026-05-09,ST008,1,39.95,Accepted,RR5,true
RT004907,SO023568,3,V00273,P0012,2026-04-03,ST005,1,116.95,Accepted,RR7,true
RT004908,SO023572,1,V00222,P0010,2026-04-07,ST007,1,108.95,Accepted,RR3,true
RT004909,SO023591,3,V00727,P0044,2026-04-04,ST004,1,115.95,Accepted,RR6,true
RT004910,SO023597,3,V00512,P0024,2026-04-27,ST001,1,122.95,Rejected,RR2,false
RT004911,SO023599,1,V00453,P0020,2026-05-05,ST003,1,425.95,Accepted,RR7,true
RT004912,SO023601,2,V00730,P0045,2026-05-11,ST002,1,93.95,Accepted,RR4,false
RT004913,SO023613,1,V00306,P0013,2026-05-11,ST011,1,175.95,Accepted,RR2,true
RT004914,SO023613,2,V00125,P0006,2026-03-31,ST011,1,162.95,Accepted,RR8,true
RT004915,SO023619,3,V00319,P0014,2026-04-09,ST009,1,189.95,Accepted,RR5,true
RT004916,SO023626,1,V00043,P0002,2026-03-27,ST017,1,190.95,Accepted,RR3,true
RT004917,SO023630,1,V00442,P0020,2026-04-11,ST002,1,425.95,Accepted,RR6,true
RT004918,SO023630,2,V00288,P0012,2026-04-19,ST017,1,116.95,Accepted,RR2,true
RT004919,SO023636,2,V00431,P0019,2026-04-09,ST003,1,250.95,Accepted,RR3,true
RT004920,SO023643,3,V00568,P0027,2026-04-16,ST008,1,82.95,Accepted,RR7,true
RT004921,SO023652,1,V00115,P0005,2026-04-14,ST012,1,133.95,Accepted,RR7,true
RT004922,SO023653,1,V00734,P0047,2026-04-13,ST014,1,89.95,Accepted,RR4,false
RT004923,SO023659,1,V00133,P0006,2026-05-09,ST017,1,146.65,Accepted,RR4,false
RT004924,SO023663,1,V00226,P0010,2026-04-03,ST001,1,108.95,Accepted,RR7,true
RT004925,SO023664,1,V00561,P0026,2026-04-26,ST015,2,105.90,Accepted,RR1,true
RT004926,SO023667,2,V00709,P0035,2026-04-05,ST014,1,154.36,Accepted,RR1,true
RT004927,SO023675,3,V00076,P0004,2026-04-11,ST002,1,240.95,Pending,RR2,false
RT004928,SO023681,3,V00596,P0028,2026-04-12,ST005,1,93.95,Rejected,RR5,false
RT004929,SO023683,2,V00495,P0023,2026-04-29,ST006,1,113.01,Rejected,RR3,false
RT004930,SO023683,3,V00665,P0032,2026-04-09,ST006,1,39.95,Accepted,RR5,true
RT004931,SO023686,3,V00366,P0016,2026-04-10,ST009,1,218.95,Accepted,RR8,true
RT004932,SO023688,1,V00284,P0012,2026-04-09,ST010,1,116.95,Accepted,RR2,true
RT004933,SO023689,2,V00741,P0051,2026-04-13,ST011,1,73.95,Accepted,RR5,true
RT004934,SO023700,2,V00629,P0030,2026-04-17,ST016,1,120.55,Accepted,RR2,true
RT004935,SO023705,1,V00669,P0032,2026-04-05,ST018,1,31.96,Accepted,RR1,true
RT004936,SO023708,3,V00124,P0006,2026-04-21,ST010,1,130.36,Accepted,RR1,true
RT004937,SO023710,1,V00700,P0034,2026-04-04,ST015,1,61.95,Accepted,RR7,true
RT004938,SO023711,1,V00459,P0021,2026-04-15,ST002,2,557.90,Accepted,RR2,true
RT004939,SO023732,1,V00174,P0008,2026-04-10,ST005,1,135.95,Accepted,RR8,true
RT004940,SO023734,1,V00720,P0040,2026-04-28,ST015,1,339.95,Accepted,RR7,true
RT004941,SO023737,1,V00307,P0013,2026-04-10,ST018,1,175.95,Accepted,RR2,true
RT004942,SO023738,2,V00052,P0003,2026-04-08,ST013,1,164.95,Accepted,RR7,true
RT004943,SO023740,1,V00459,P0021,2026-04-07,ST006,1,278.95,Accepted,RR3,true
RT004944,SO023743,3,V00191,P0008,2026-04-26,ST002,1,135.95,Accepted,RR6,true
RT004945,SO023744,3,V00221,P0010,2026-04-14,ST009,1,108.95,Accepted,RR1,true
RT004946,SO023770,1,V00526,P0024,2026-04-17,ST011,1,122.95,Accepted,RR1,true
RT004947,SO023770,3,V00053,P0003,2026-04-16,ST011,1,140.21,Rejected,RR4,false
RT004948,SO023776,1,V00125,P0006,2026-04-08,ST012,1,162.95,Accepted,RR7,true
RT004949,SO023781,2,V00615,P0029,2026-04-13,ST010,1,135.95,Accepted,RR8,true
RT004950,SO023789,3,V00736,P0048,2026-04-03,ST016,1,83.95,Accepted,RR3,true
RT004951,SO023796,1,V00517,P0024,2026-04-16,ST010,1,122.95,Pending,RR4,false
RT004952,SO023797,3,V00545,P0025,2026-04-09,ST002,1,95.95,Rejected,RR4,false
RT004953,SO023797,4,V00647,P0031,2026-04-09,ST007,1,75.95,Accepted,RR2,true
RT004954,SO023801,1,V00476,P0022,2026-04-27,ST008,1,439.95,Accepted,RR2,true
RT004955,SO023803,1,V00399,P0017,2026-04-14,ST001,1,159.95,Accepted,RR1,true
RT004956,SO023810,3,V00489,P0022,2026-04-17,ST015,1,439.95,Accepted,RR2,true
RT004957,SO023813,1,V00502,P0023,2026-04-09,ST003,1,132.95,Accepted,RR2,true
RT004958,SO023822,1,V00299,P0013,2026-03-31,ST006,1,175.95,Accepted,RR1,true
RT004959,SO023825,2,V00410,P0018,2026-04-15,ST007,1,180.95,Rejected,RR8,false
RT004960,SO023830,1,V00067,P0003,2026-05-11,ST010,1,164.95,Accepted,RR7,true
RT004961,SO023831,1,V00567,P0027,2026-05-17,ST010,1,82.95,Accepted,RR7,true
RT004962,SO023834,1,V00150,P0007,2026-04-08,ST011,1,126.95,Accepted,RR2,true
RT004963,SO023834,2,V00282,P0012,2026-04-07,ST011,1,116.95,Accepted,RR1,true
RT004964,SO023835,2,V00736,P0048,2026-04-08,ST011,1,83.95,Accepted,RR8,true
RT004965,SO023848,2,V00646,P0031,2026-04-20,ST015,1,75.95,Accepted,RR6,true
RT004966,SO023853,2,V00740,P0050,2026-04-19,ST017,1,215.95,Accepted,RR7,true
RT004967,SO023853,3,V00200,P0009,2026-04-19,ST017,1,119.95,Accepted,RR3,true
RT004968,SO023859,2,V00723,P0042,2026-03-31,ST006,1,358.95,Accepted,RR4,false
RT004969,SO023860,2,V00735,P0048,2026-04-10,ST002,1,83.95,Rejected,RR3,false
RT004970,SO023865,1,V00152,P0007,2026-04-08,ST001,1,126.95,Accepted,RR4,false
RT004971,SO023868,3,V00308,P0013,2026-04-18,ST004,1,175.95,Accepted,RR3,true
RT004972,SO023874,3,V00006,P0001,2026-04-17,ST008,1,271.95,Accepted,RR5,true
RT004973,SO023878,2,V00471,P0021,2026-04-18,ST010,1,278.95,Accepted,RR1,true
RT004974,SO023879,3,V00339,P0015,2026-04-09,ST011,1,219.95,Accepted,RR4,false
RT004975,SO023892,1,V00314,P0014,2026-04-22,ST018,1,189.95,Accepted,RR5,true
RT004976,SO023893,1,V00376,P0016,2026-05-13,ST001,1,218.95,Accepted,RR7,true
RT004977,SO023899,1,V00561,P0026,2026-04-13,ST014,1,52.95,Accepted,RR8,true
RT004978,SO023900,1,V00135,P0006,2026-04-15,ST016,1,162.95,Accepted,RR7,true
RT004979,SO023905,2,V00148,P0007,2026-04-12,ST003,1,126.95,Rejected,RR7,false
RT004980,SO023906,2,V00641,P0031,2026-04-18,ST003,1,75.95,Rejected,RR7,false
RT004981,SO023908,1,V00124,P0006,2026-04-18,ST004,1,162.95,Accepted,RR2,true
RT004982,SO023910,3,V00053,P0003,2026-04-11,ST005,1,164.95,Accepted,RR7,true
RT004983,SO023912,2,V00488,P0022,2026-04-21,ST006,1,439.95,Accepted,RR1,true
RT004984,SO023913,1,V00655,P0032,2026-04-15,ST006,1,39.95,Accepted,RR7,true
RT004985,SO023915,1,V00005,P0001,2026-05-11,ST008,1,244.75,Accepted,RR2,true
RT004986,SO023926,1,V00494,P0023,2026-04-12,ST015,1,132.95,Rejected,RR4,false
RT004987,SO023930,1,V00197,P0009,2026-04-11,ST018,3,359.85,Accepted,RR3,true
RT004988,SO023932,2,V00699,P0034,2026-05-19,ST009,1,61.95,Accepted,RR4,false
RT004989,SO023932,4,V00232,P0010,2026-05-15,ST016,1,108.95,Accepted,RR5,true
RT004990,SO023933,4,V00255,P0011,2026-04-29,ST009,1,157.95,Accepted,RR3,true
RT004991,SO023934,4,V00731,P0046,2026-04-17,ST011,1,121.95,Pending,RR7,false
RT004992,SO023940,1,V00299,P0013,2026-04-19,ST001,1,175.95,Pending,RR8,false
RT004993,SO023940,3,V00350,P0015,2026-04-03,ST001,1,219.95,Accepted,RR1,true
RT004994,SO023942,1,V00501,P0023,2026-05-11,ST002,1,132.95,Pending,RR1,false
RT004995,SO023943,2,V00198,P0009,2026-05-20,ST002,1,119.95,Rejected,RR8,false
RT004996,SO023958,1,V00249,P0011,2026-04-21,ST008,1,157.95,Accepted,RR6,true
RT004997,SO023960,3,V00053,P0003,2026-04-16,ST009,1,164.95,Accepted,RR7,true
RT004998,SO023964,2,V00663,P0032,2026-04-10,ST011,1,39.95,Accepted,RR5,true
RT004999,SO023965,1,V00055,P0003,2026-04-10,ST011,1,164.95,Accepted,RR7,true
RT005000,SO023969,2,V00448,P0020,2026-04-28,ST013,1,425.95,Accepted,RR7,true
RT005001,SO023970,1,V00043,P0002,2026-04-20,ST013,1,190.95,Accepted,RR4,false
RT005002,SO023975,1,V00333,P0014,2026-04-24,ST011,1,189.95,Rejected,RR5,false
RT005003,SO023977,2,V00647,P0031,2026-04-04,ST017,1,75.95,Accepted,RR1,true
RT005004,SO023983,1,V00202,P0009,2026-04-20,ST008,1,119.95,Rejected,RR4,false
RT005005,SO023984,2,V00221,P0010,2026-04-23,ST002,1,108.95,Pending,RR8,false
RT005006,SO023991,2,V00376,P0016,2026-05-12,ST008,1,218.95,Accepted,RR7,true
RT005007,SO023991,3,V00288,P0012,2026-04-12,ST001,1,116.95,Accepted,RR2,true
RT005008,SO024006,5,V00722,P0041,2026-04-04,ST007,1,211.95,Accepted,RR1,true
RT005009,SO024010,2,V00733,P0047,2026-04-21,ST009,1,89.95,Pending,RR3,false
RT005010,SO024017,1,V00569,P0027,2026-05-03,ST012,1,82.95,Accepted,RR1,true
RT005011,SO024025,2,V00270,P0012,2026-04-18,ST015,1,99.41,Accepted,RR4,false
RT005012,SO024026,3,V00417,P0018,2026-04-25,ST016,1,180.95,Accepted,RR1,true
RT005013,SO024032,1,V00720,P0040,2026-04-28,ST012,1,339.95,Accepted,RR4,false
RT005014,SO024033,4,V00419,P0018,2026-05-16,ST002,1,180.95,Pending,RR4,false
RT005015,SO024036,1,V00719,P0040,2026-04-15,ST017,1,339.95,Accepted,RR4,false
RT005016,SO024046,1,V00724,P0042,2026-04-19,ST004,1,358.95,Rejected,RR1,false
RT005017,SO024051,1,V00009,P0001,2026-04-12,ST016,1,271.95,Accepted,RR8,true
RT005018,SO024052,2,V00465,P0021,2026-04-14,ST012,1,278.95,Accepted,RR1,true
RT005019,SO024058,2,V00474,P0021,2026-04-24,ST008,1,278.95,Accepted,RR2,true
RT005020,SO024058,3,V00657,P0032,2026-04-17,ST008,1,39.95,Accepted,RR4,false
RT005021,SO024063,2,V00186,P0008,2026-04-14,ST012,1,108.76,Accepted,RR5,true
RT005022,SO024064,1,V00052,P0003,2026-05-16,ST012,1,164.95,Accepted,RR5,true
RT005023,SO024066,1,V00683,P0033,2026-04-19,ST013,1,48.95,Accepted,RR5,true
RT005024,SO024069,1,V00738,P0049,2026-04-25,ST015,1,51.95,Accepted,RR7,true
RT005025,SO024075,2,V00256,P0011,2026-04-16,ST018,1,157.95,Accepted,RR1,true
RT005026,SO024077,1,V00694,P0034,2026-04-14,ST015,1,61.95,Pending,RR4,false
RT005027,SO024080,1,V00460,P0021,2026-04-22,ST005,1,278.95,Pending,RR4,false
RT005028,SO024084,1,V00331,P0014,2026-04-08,ST012,1,189.95,Accepted,RR6,true
RT005029,SO024084,2,V00236,P0010,2026-05-14,ST014,1,92.61,Accepted,RR3,true
RT005030,SO024088,1,V00177,P0008,2026-04-23,ST001,1,135.95,Accepted,RR1,true
RT005031,SO024088,2,V00736,P0048,2026-04-16,ST001,2,167.90,Accepted,RR7,true
RT005032,SO024092,2,V00203,P0009,2026-04-21,ST002,1,119.95,Accepted,RR7,true
RT005033,SO024106,4,V00308,P0013,2026-04-15,ST006,1,175.95,Rejected,RR2,false
RT005034,SO024111,3,V00291,P0013,2026-05-24,ST007,1,149.56,Accepted,RR2,true
RT005035,SO024137,1,V00321,P0014,2026-05-23,ST011,1,189.95,Accepted,RR8,true
RT005036,SO024138,1,V00532,P0025,2026-04-13,ST015,1,95.95,Accepted,RR7,true
RT005037,SO024145,4,V00127,P0006,2026-04-14,ST014,1,162.95,Rejected,RR1,false
RT005038,SO024146,3,V00281,P0012,2026-04-16,ST014,1,116.95,Accepted,RR3,true
RT005039,SO024159,1,V00374,P0016,2026-04-21,ST018,1,218.95,Accepted,RR1,true
RT005040,SO024160,1,V00369,P0016,2026-04-28,ST018,1,218.95,Rejected,RR1,false
RT005041,SO024162,1,V00713,P0037,2026-04-21,ST013,1,228.95,Accepted,RR8,true
RT005042,SO024162,2,V00115,P0005,2026-04-22,ST014,1,133.95,Pending,RR8,false
RT005043,SO024166,1,V00597,P0028,2026-05-20,ST002,1,93.95,Accepted,RR2,true
RT005044,SO024166,3,V00326,P0014,2026-04-30,ST012,1,189.95,Rejected,RR8,false
RT005045,SO024167,1,V00088,P0004,2026-04-16,ST017,1,240.95,Accepted,RR3,true
RT005046,SO024167,3,V00164,P0007,2026-04-09,ST013,1,126.95,Accepted,RR1,true
RT005047,SO024168,4,V00170,P0008,2026-04-20,ST003,1,135.95,Accepted,RR6,true
RT005048,SO024177,1,V00502,P0023,2026-05-01,ST001,1,132.95,Accepted,RR1,true
RT005049,SO024179,2,V00004,P0001,2026-04-15,ST002,1,271.95,Accepted,RR5,true
RT005050,SO024182,1,V00249,P0011,2026-05-20,ST003,1,126.36,Pending,RR7,false
RT005051,SO024192,2,V00740,P0050,2026-04-15,ST006,1,215.95,Accepted,RR2,true
RT005052,SO024194,1,V00733,P0047,2026-04-24,ST006,1,89.95,Accepted,RR7,true
RT005053,SO024200,2,V00306,P0013,2026-04-10,ST008,1,175.95,Accepted,RR8,true
RT005054,SO024201,1,V00246,P0011,2026-04-14,ST008,1,157.95,Accepted,RR2,true
RT005055,SO024202,2,V00146,P0007,2026-04-09,ST009,1,126.95,Pending,RR2,false
RT005056,SO024202,4,V00248,P0011,2026-04-30,ST009,1,157.95,Accepted,RR4,false
RT005057,SO024205,1,V00268,P0012,2026-04-14,ST009,1,116.95,Accepted,RR7,true
RT005058,SO024209,1,V00481,P0022,2026-04-17,ST010,1,439.95,Accepted,RR2,true
RT005059,SO024213,1,V00222,P0010,2026-05-08,ST011,1,108.95,Accepted,RR3,true
RT005060,SO024216,3,V00198,P0009,2026-05-01,ST011,1,119.95,Accepted,RR1,true
RT005061,SO024219,2,V00225,P0010,2026-04-24,ST012,1,92.61,Accepted,RR7,true
RT005062,SO024226,2,V00552,P0026,2026-04-19,ST015,1,52.95,Rejected,RR4,false
RT005063,SO024235,2,V00210,P0009,2026-04-22,ST017,1,119.95,Accepted,RR1,true
RT005064,SO024240,2,V00355,P0015,2026-04-13,ST012,1,219.95,Accepted,RR3,true
RT005065,SO024241,1,V00355,P0015,2026-04-23,ST004,1,219.95,Accepted,RR7,true
RT005066,SO024242,1,V00547,P0026,2026-04-15,ST015,1,52.95,Accepted,RR3,true
RT005067,SO024251,1,V00733,P0047,2026-04-18,ST011,1,89.95,Rejected,RR2,false
RT005068,SO024255,1,V00030,P0002,2026-05-01,ST003,1,171.85,Accepted,RR1,true
RT005069,SO024270,2,V00162,P0007,2026-04-20,ST007,1,126.95,Accepted,RR2,true
RT005070,SO024271,1,V00706,P0034,2026-04-19,ST011,1,61.95,Accepted,RR7,true
RT005071,SO024274,5,V00370,P0016,2026-04-24,ST010,1,218.95,Accepted,RR5,true
RT005072,SO024275,1,V00057,P0003,2026-04-27,ST011,1,164.95,Accepted,RR3,true
RT005073,SO024275,2,V00330,P0014,2026-05-05,ST011,1,189.95,Accepted,RR6,true
RT005074,SO024278,4,V00589,P0028,2026-05-16,ST013,1,93.95,Accepted,RR1,true
RT005075,SO024290,1,V00530,P0025,2026-04-22,ST013,1,95.95,Accepted,RR5,true
RT005076,SO024293,2,V00306,P0013,2026-05-02,ST011,1,140.76,Rejected,RR2,false
RT005077,SO024295,2,V00278,P0012,2026-04-09,ST013,1,116.95,Accepted,RR4,false
RT005078,SO024314,1,V00620,P0030,2026-04-28,ST011,1,113.86,Accepted,RR3,true
RT005079,SO024314,3,V00568,P0027,2026-04-30,ST007,1,82.95,Accepted,RR7,true
RT005080,SO024326,1,V00674,P0033,2026-04-24,ST011,1,48.95,Accepted,RR7,true
RT005081,SO024328,3,V00737,P0049,2026-04-10,ST011,1,51.95,Accepted,RR7,true
RT005082,SO024329,2,V00293,P0013,2026-04-10,ST012,1,175.95,Accepted,RR4,false
RT005083,SO024335,1,V00361,P0016,2026-05-01,ST015,1,218.95,Accepted,RR2,true
RT005084,SO024338,1,V00388,P0017,2026-05-25,ST017,1,159.95,Rejected,RR2,false
RT005085,SO024341,1,V00354,P0015,2026-05-11,ST014,1,219.95,Accepted,RR7,true
RT005086,SO024341,2,V00281,P0012,2026-04-12,ST014,1,116.95,Accepted,RR8,true
RT005087,SO024343,3,V00195,P0009,2026-05-02,ST003,1,119.95,Accepted,RR4,false
RT005088,SO024348,4,V00058,P0003,2026-04-25,ST017,1,164.95,Accepted,RR4,false
RT005089,SO024349,1,V00518,P0024,2026-04-28,ST008,1,122.95,Accepted,RR2,true
RT005090,SO024350,1,V00192,P0008,2026-04-29,ST015,1,135.95,Accepted,RR3,true
RT005091,SO024350,2,V00008,P0001,2026-04-17,ST006,1,244.75,Accepted,RR1,true
RT005092,SO024356,1,V00244,P0011,2026-04-29,ST001,1,157.95,Accepted,RR4,false
RT005093,SO024361,2,V00741,P0051,2026-05-09,ST004,1,73.95,Accepted,RR3,true
RT005094,SO024361,4,V00368,P0016,2026-05-13,ST003,1,218.95,Accepted,RR8,true
RT005095,SO024368,1,V00189,P0008,2026-05-09,ST004,1,135.95,Accepted,RR7,true
RT005096,SO024370,2,V00632,P0030,2026-04-23,ST006,1,120.55,Accepted,RR7,true
RT005097,SO024385,1,V00267,P0012,2026-05-02,ST015,1,116.95,Pending,RR7,false
RT005098,SO024385,2,V00233,P0010,2026-04-27,ST014,1,108.95,Accepted,RR8,true
RT005099,SO024393,1,V00015,P0001,2026-04-21,ST007,1,271.95,Accepted,RR1,true
RT005100,SO024394,1,V00611,P0029,2026-05-25,ST001,1,135.95,Accepted,RR7,true
RT005101,SO024400,2,V00107,P0005,2026-04-10,ST003,1,133.95,Accepted,RR1,true
RT005102,SO024407,3,V00126,P0006,2026-04-13,ST001,1,162.95,Accepted,RR2,true
RT005103,SO024408,2,V00737,P0049,2026-05-10,ST001,1,51.95,Accepted,RR7,true
RT005104,SO024428,2,V00222,P0010,2026-04-20,ST006,1,108.95,Accepted,RR3,true
RT005105,SO024431,1,V00331,P0014,2026-05-07,ST011,1,161.46,Accepted,RR4,false
RT005106,SO024432,1,V00042,P0002,2026-05-13,ST002,1,190.95,Accepted,RR1,true
RT005107,SO024463,1,V00508,P0023,2026-04-14,ST013,1,132.95,Pending,RR1,false
RT005108,SO024464,1,V00091,P0004,2026-04-18,ST010,1,240.95,Accepted,RR4,false
RT005109,SO024473,1,V00477,P0022,2026-05-30,ST002,1,439.95,Pending,RR1,false
RT005110,SO024485,1,V00086,P0004,2026-04-27,ST006,1,240.95,Accepted,RR3,true
RT005111,SO024489,1,V00333,P0014,2026-05-05,ST009,1,189.95,Accepted,RR1,true
RT005112,SO024507,3,V00339,P0015,2026-04-20,ST016,1,219.95,Accepted,RR1,true
RT005113,SO024512,3,V00726,P0043,2026-04-12,ST008,2,277.90,Pending,RR4,false
RT005114,SO024516,2,V00744,P0052,2026-05-08,ST003,1,131.95,Accepted,RR3,true
RT005115,SO024518,2,V00224,P0010,2026-05-12,ST006,1,108.95,Accepted,RR8,true
RT005116,SO024520,1,V00500,P0023,2026-05-10,ST015,1,132.95,Accepted,RR4,false
RT005117,SO024521,1,V00113,P0005,2026-04-14,ST012,1,133.95,Accepted,RR2,true
RT005118,SO024523,1,V00715,P0038,2026-04-29,ST001,1,476.95,Accepted,RR4,false
RT005119,SO024528,1,V00734,P0047,2026-04-23,ST002,1,89.95,Accepted,RR3,true
RT005120,SO024532,1,V00069,P0003,2026-05-14,ST003,1,164.95,Accepted,RR8,true
RT005121,SO024534,2,V00657,P0032,2026-04-21,ST004,1,39.95,Accepted,RR7,true
RT005122,SO024536,1,V00063,P0003,2026-04-23,ST004,1,164.95,Accepted,RR7,true
RT005123,SO024536,2,V00294,P0013,2026-04-21,ST004,2,351.90,Accepted,RR1,true
RT005124,SO024540,2,V00222,P0010,2026-04-23,ST004,2,217.90,Accepted,RR8,true
RT005125,SO024553,3,V00243,P0011,2026-05-03,ST006,1,142.15,Accepted,RR7,true
RT005126,SO024558,1,V00238,P0010,2026-04-19,ST007,1,108.95,Accepted,RR1,true
RT005127,SO024562,1,V00604,P0029,2026-04-24,ST003,1,135.95,Accepted,RR8,true
RT005128,SO024564,1,V00382,P0016,2026-04-27,ST008,1,218.95,Accepted,RR1,true
RT005129,SO024565,2,V00735,P0048,2026-04-21,ST009,1,83.95,Accepted,RR5,true
RT005130,SO024566,2,V00015,P0001,2026-05-24,ST009,1,231.16,Accepted,RR7,true
RT005131,SO024575,2,V00189,P0008,2026-05-05,ST011,1,135.95,Accepted,RR8,true
RT005132,SO024577,1,V00737,P0049,2026-05-08,ST011,1,51.95,Accepted,RR2,true
RT005133,SO024590,3,V00357,P0015,2026-05-05,ST015,1,219.95,Accepted,RR1,true
RT005134,SO024596,1,V00710,P0035,2026-04-30,ST016,1,192.95,Accepted,RR4,false
RT005135,SO024604,2,V00739,P0050,2026-04-21,ST012,1,215.95,Accepted,RR1,true
RT005136,SO024605,1,V00600,P0028,2026-05-05,ST001,1,75.16,Accepted,RR7,true
RT005137,SO024606,2,V00526,P0024,2026-04-28,ST002,1,122.95,Accepted,RR7,true
RT005138,SO024610,2,V00744,P0052,2026-04-22,ST018,1,131.95,Accepted,RR2,true
RT005139,SO024620,1,V00740,P0050,2026-05-29,ST002,1,215.95,Accepted,RR7,true
RT005140,SO024620,2,V00461,P0021,2026-04-24,ST002,1,278.95,Rejected,RR7,false
RT005141,SO024622,3,V00602,P0029,2026-04-24,ST002,1,135.95,Accepted,RR4,false
RT005142,SO024625,1,V00526,P0024,2026-05-16,ST003,1,122.95,Accepted,RR4,false
RT005143,SO024632,1,V00423,P0019,2026-05-29,ST004,1,250.95,Accepted,RR2,true
RT005144,SO024632,2,V00718,P0039,2026-05-09,ST004,1,220.95,Accepted,RR8,true
RT005145,SO024632,3,V00199,P0009,2026-04-17,ST002,1,119.95,Accepted,RR7,true
RT005146,SO024635,1,V00637,P0031,2026-04-24,ST005,1,75.95,Accepted,RR3,true
RT005147,SO024641,2,V00412,P0018,2026-04-20,ST007,1,180.95,Accepted,RR6,true
RT005148,SO024645,2,V00150,P0007,2026-04-21,ST009,1,126.95,Accepted,RR7,true
RT005149,SO024645,5,V00165,P0007,2026-05-13,ST009,1,126.95,Accepted,RR8,true
RT005150,SO024646,1,V00090,P0004,2026-05-25,ST009,1,240.95,Accepted,RR2,true
RT005151,SO024647,1,V00089,P0004,2026-05-28,ST010,1,240.95,Accepted,RR4,false
RT005152,SO024681,1,V00335,P0014,2026-05-01,ST018,1,189.95,Accepted,RR1,true
RT005153,SO024681,2,V00573,P0027,2026-05-24,ST018,1,82.95,Accepted,RR1,true
RT005154,SO024682,2,V00393,P0017,2026-04-16,ST018,1,159.95,Accepted,RR7,true
RT005155,SO024685,1,V00015,P0001,2026-04-15,ST009,1,271.95,Rejected,RR1,false
RT005156,SO024688,2,V00719,P0040,2026-05-26,ST006,1,339.95,Accepted,RR2,true
RT005157,SO024689,1,V00313,P0014,2026-04-21,ST012,1,189.95,Accepted,RR1,true
RT005158,SO024690,2,V00713,P0037,2026-04-26,ST002,1,228.95,Accepted,RR7,true
RT005159,SO024696,2,V00587,P0028,2026-05-11,ST001,1,93.95,Accepted,RR2,true
RT005160,SO024697,2,V00691,P0034,2026-04-23,ST001,1,49.56,Accepted,RR8,true
RT005161,SO024705,1,V00713,P0037,2026-04-23,ST004,1,228.95,Accepted,RR2,true
RT005162,SO024727,1,V00725,P0043,2026-05-18,ST011,1,138.95,Accepted,RR4,false
RT005163,SO024730,1,V00459,P0021,2026-05-13,ST012,1,278.95,Accepted,RR4,false
RT005164,SO024731,2,V00669,P0032,2026-05-11,ST012,1,39.95,Accepted,RR7,true
RT005165,SO024740,2,V00093,P0004,2026-04-23,ST011,1,240.95,Accepted,RR4,false
RT005166,SO024743,2,V00624,P0030,2026-05-13,ST011,1,133.95,Accepted,RR2,true
RT005167,SO024752,1,V00029,P0002,2026-05-02,ST003,1,190.95,Accepted,RR8,true
RT005168,SO024753,1,V00743,P0052,2026-05-02,ST004,1,131.95,Accepted,RR8,true
RT005169,SO024757,1,V00344,P0015,2026-04-29,ST005,1,219.95,Rejected,RR7,false
RT005170,SO024771,2,V00721,P0041,2026-05-25,ST011,1,211.95,Accepted,RR7,true
RT005171,SO024776,1,V00267,P0012,2026-05-14,ST012,1,116.95,Accepted,RR8,true
RT005172,SO024781,1,V00113,P0005,2026-04-19,ST013,1,133.95,Accepted,RR6,true
RT005173,SO024790,1,V00103,P0005,2026-05-09,ST008,1,133.95,Accepted,RR1,true
RT005174,SO024791,1,V00709,P0035,2026-05-07,ST004,1,192.95,Accepted,RR8,true
RT005175,SO024794,1,V00086,P0004,2026-04-26,ST001,1,240.95,Accepted,RR5,true
RT005176,SO024798,1,V00449,P0020,2026-05-07,ST001,1,425.95,Accepted,RR2,true
RT005177,SO024814,4,V00146,P0007,2026-05-14,ST007,1,126.95,Accepted,RR1,true
RT005178,SO024814,5,V00549,P0026,2026-05-16,ST007,1,52.95,Accepted,RR3,true
RT005179,SO024822,1,V00005,P0001,2026-05-03,ST012,1,271.95,Accepted,RR1,true
RT005180,SO024834,2,V00470,P0021,2026-05-03,ST015,1,237.11,Accepted,RR2,true
RT005181,SO024848,1,V00235,P0010,2026-04-27,ST004,1,108.95,Accepted,RR1,true
RT005182,SO024854,1,V00448,P0020,2026-05-05,ST007,1,425.95,Accepted,RR8,true
RT005183,SO024861,2,V00105,P0005,2026-04-25,ST011,1,133.95,Accepted,RR3,true
RT005184,SO024867,2,V00453,P0020,2026-04-23,ST013,1,340.76,Accepted,RR7,true
RT005185,SO024869,1,V00034,P0002,2026-05-03,ST014,1,190.95,Accepted,RR8,true
RT005186,SO024869,2,V00113,P0005,2026-05-11,ST014,1,133.95,Accepted,RR4,false
RT005187,SO024872,2,V00202,P0009,2026-05-05,ST015,1,119.95,Accepted,RR2,true
RT005188,SO024875,1,V00307,P0013,2026-04-29,ST017,2,351.90,Accepted,RR2,true
RT005189,SO024880,2,V00363,P0016,2026-05-04,ST003,1,218.95,Accepted,RR8,true
RT005190,SO024881,2,V00453,P0020,2026-05-05,ST018,1,425.95,Accepted,RR2,true
RT005191,SO024891,1,V00308,P0013,2026-05-04,ST002,1,175.95,Accepted,RR3,true
RT005192,SO024908,1,V00107,P0005,2026-05-12,ST008,2,267.90,Rejected,RR1,false
RT005193,SO024916,3,V00395,P0017,2026-04-25,ST011,1,159.95,Accepted,RR2,true
RT005194,SO024919,1,V00339,P0015,2026-05-05,ST010,1,219.95,Accepted,RR4,false
RT005195,SO024928,2,V00437,P0019,2026-05-27,ST017,1,250.95,Accepted,RR6,true
RT005196,SO024931,5,V00139,P0006,2026-04-27,ST003,1,146.65,Accepted,RR1,true
RT005197,SO024933,1,V00320,P0014,2026-05-04,ST016,1,189.95,Accepted,RR5,true
RT005198,SO024936,1,V00568,P0027,2026-05-18,ST004,1,82.95,Accepted,RR1,true
RT005199,SO024941,3,V00715,P0038,2026-06-04,ST016,1,476.95,Accepted,RR1,true
RT005200,SO024954,1,V00700,P0034,2026-05-16,ST003,1,61.95,Accepted,RR2,true
RT005201,SO024955,1,V00077,P0004,2026-04-24,ST003,1,216.85,Accepted,RR2,true
RT005202,SO024977,1,V00726,P0043,2026-05-03,ST008,1,138.95,Accepted,RR7,true
RT005203,SO024977,2,V00602,P0029,2026-05-14,ST008,1,135.95,Accepted,RR4,false
RT005204,SO024980,5,V00006,P0001,2026-04-29,ST008,1,271.95,Accepted,RR1,true
RT005205,SO025000,1,V00725,P0043,2026-04-21,ST016,1,138.95,Accepted,RR8,true
RT005206,SO025003,1,V00281,P0012,2026-04-26,ST005,1,116.95,Rejected,RR7,false
RT005207,SO025004,3,V00186,P0008,2026-04-29,ST017,1,135.95,Accepted,RR8,true
RT005208,SO025004,4,V00712,P0036,2026-05-13,ST017,1,177.95,Accepted,RR3,true
RT005209,SO025007,1,V00305,P0013,2026-05-01,ST018,1,175.95,Pending,RR3,false
RT005210,SO025011,1,V00489,P0022,2026-04-21,ST018,1,439.95,Accepted,RR5,true
RT005211,SO025020,2,V00135,P0006,2026-05-16,ST007,1,162.95,Accepted,RR7,true
RT005212,SO025032,3,V00206,P0009,2026-05-01,ST003,1,119.95,Accepted,RR3,true
RT005213,SO025056,1,V00006,P0001,2026-04-27,ST011,1,271.95,Accepted,RR1,true
RT005214,SO025058,1,V00638,P0031,2026-05-24,ST011,1,75.95,Pending,RR1,false
RT005215,SO025060,2,V00090,P0004,2026-04-21,ST011,1,240.95,Accepted,RR1,true
RT005216,SO025069,2,V00030,P0002,2026-05-11,ST014,1,190.95,Accepted,RR6,true
RT005217,SO025078,3,V00713,P0037,2026-04-24,ST015,1,183.16,Accepted,RR5,true
RT005218,SO025080,2,V00256,P0011,2026-04-24,ST016,1,157.95,Pending,RR2,false
RT005219,SO025080,3,V00055,P0003,2026-04-29,ST016,1,164.95,Accepted,RR2,true
RT005220,SO025080,4,V00489,P0022,2026-04-29,ST016,1,439.95,Accepted,RR1,true
RT005221,SO025081,1,V00662,P0032,2026-04-28,ST016,1,39.95,Pending,RR7,false
RT005222,SO025082,1,V00053,P0003,2026-06-02,ST016,1,164.95,Accepted,RR4,false
RT005223,SO025083,1,V00064,P0003,2026-04-22,ST016,1,164.95,Accepted,RR4,false
RT005224,SO025085,1,V00094,P0004,2026-05-02,ST017,1,240.95,Accepted,RR8,true
RT005225,SO025092,2,V00151,P0007,2026-04-26,ST009,2,253.90,Accepted,RR7,true
RT005226,SO025093,1,V00503,P0023,2026-05-06,ST017,1,132.95,Accepted,RR5,true
RT005227,SO025093,2,V00490,P0022,2026-05-17,ST017,1,439.95,Accepted,RR4,false
RT005228,SO025095,2,V00115,P0005,2026-05-15,ST017,2,267.90,Rejected,RR8,false
RT005229,SO025104,3,V00237,P0010,2026-05-06,ST001,1,108.95,Accepted,RR1,true
RT005230,SO025113,2,V00495,P0023,2026-05-20,ST004,1,132.95,Accepted,RR4,false
RT005231,SO025114,2,V00460,P0021,2026-05-24,ST016,1,278.95,Accepted,RR2,true
RT005232,SO025124,1,V00597,P0028,2026-05-23,ST009,1,93.95,Accepted,RR4,false
RT005233,SO025128,2,V00237,P0010,2026-05-12,ST011,1,98.06,Accepted,RR7,true
RT005234,SO025132,1,V00725,P0043,2026-05-08,ST011,1,138.95,Accepted,RR3,true
RT005235,SO025134,2,V00723,P0042,2026-04-30,ST011,1,358.95,Accepted,RR6,true
RT005236,SO025135,1,V00161,P0007,2026-04-24,ST012,1,126.95,Accepted,RR4,false
RT005237,SO025135,4,V00281,P0012,2026-04-22,ST012,1,116.95,Rejected,RR8,false
RT005238,SO025138,1,V00119,P0005,2026-05-25,ST014,1,133.95,Accepted,RR7,true
RT005239,SO025140,1,V00573,P0027,2026-05-12,ST015,1,70.51,Accepted,RR7,true
RT005240,SO025145,1,V00264,P0011,2026-05-20,ST017,1,157.95,Rejected,RR1,false
RT005241,SO025147,1,V00418,P0018,2026-05-04,ST018,1,180.95,Pending,RR7,false
RT005242,SO025148,1,V00029,P0002,2026-04-26,ST018,1,190.95,Accepted,RR2,true
RT005243,SO025150,5,V00710,P0035,2026-05-03,ST001,1,154.36,Accepted,RR3,true
RT005244,SO025153,1,V00701,P0034,2026-05-02,ST001,1,55.75,Accepted,RR2,true
RT005245,SO025163,1,V00032,P0002,2026-05-22,ST003,1,190.95,Accepted,RR4,false
RT005246,SO025169,2,V00018,P0001,2026-05-07,ST004,1,271.95,Accepted,RR3,true
RT005247,SO025173,3,V00732,P0046,2026-06-08,ST006,1,121.95,Rejected,RR8,false
RT005248,SO025177,2,V00728,P0044,2026-05-16,ST007,1,115.95,Pending,RR3,false
RT005249,SO025187,1,V00507,P0023,2026-05-12,ST002,1,132.95,Accepted,RR7,true
RT005250,SO025193,1,V00182,P0008,2026-05-16,ST013,1,135.95,Accepted,RR4,false
RT005251,SO025195,3,V00295,P0013,2026-05-16,ST001,1,175.95,Accepted,RR7,true
RT005252,SO025196,1,V00072,P0003,2026-05-17,ST015,1,164.95,Accepted,RR4,false
RT005253,SO025204,1,V00412,P0018,2026-05-02,ST006,2,289.52,Accepted,RR7,true
RT005254,SO025205,1,V00139,P0006,2026-04-30,ST015,1,162.95,Accepted,RR3,true
RT005255,SO025206,1,V00088,P0004,2026-04-30,ST013,1,240.95,Accepted,RR3,true
RT005256,SO025206,2,V00733,P0047,2026-05-13,ST005,1,89.95,Pending,RR3,false
RT005257,SO025207,2,V00532,P0025,2026-05-03,ST016,1,95.95,Accepted,RR4,false
RT005258,SO025210,1,V00731,P0046,2026-05-08,ST001,1,121.95,Accepted,RR3,true
RT005259,SO025210,3,V00048,P0002,2026-05-08,ST001,1,190.95,Accepted,RR8,true
RT005260,SO025216,3,V00253,P0011,2026-05-11,ST004,1,157.95,Accepted,RR2,true
RT005261,SO025216,4,V00731,P0046,2026-06-11,ST004,1,121.95,Accepted,RR3,true
RT005262,SO025218,1,V00017,P0001,2026-05-04,ST005,1,271.95,Accepted,RR2,true
RT005263,SO025219,1,V00510,P0023,2026-05-05,ST005,1,132.95,Accepted,RR5,true
RT005264,SO025231,2,V00116,P0005,2026-04-24,ST011,1,107.16,Accepted,RR3,true
RT005265,SO025232,2,V00086,P0004,2026-05-02,ST012,1,240.95,Rejected,RR4,false
RT005266,SO025237,1,V00728,P0044,2026-05-11,ST015,1,115.95,Accepted,RR4,false
RT005267,SO025239,1,V00081,P0004,2026-05-01,ST017,1,240.95,Accepted,RR4,false
RT005268,SO025240,1,V00714,P0037,2026-05-06,ST002,1,228.95,Accepted,RR7,true
RT005269,SO025245,1,V00723,P0042,2026-05-18,ST007,1,358.95,Accepted,RR8,true
RT005270,SO025249,1,V00447,P0020,2026-04-25,ST006,1,425.95,Accepted,RR2,true
RT005271,SO025252,4,V00137,P0006,2026-05-09,ST003,1,162.95,Accepted,RR7,true
RT005272,SO025256,2,V00186,P0008,2026-04-25,ST008,1,135.95,Rejected,RR7,false
RT005273,SO025259,3,V00112,P0005,2026-05-18,ST013,1,133.95,Accepted,RR7,true
RT005274,SO025281,3,V00473,P0021,2026-06-09,ST014,1,278.95,Accepted,RR2,true
RT005275,SO025286,1,V00331,P0014,2026-05-11,ST016,1,189.95,Accepted,RR4,false
RT005276,SO025291,3,V00549,P0026,2026-05-04,ST018,1,52.95,Pending,RR4,false
RT005277,SO025292,1,V00740,P0050,2026-05-07,ST012,1,215.95,Accepted,RR3,true
RT005278,SO025297,1,V00471,P0021,2026-04-28,ST018,1,278.95,Accepted,RR8,true
RT005279,SO025302,5,V00377,P0016,2026-05-01,ST001,1,197.05,Pending,RR4,false
RT005280,SO025305,1,V00539,P0025,2026-04-27,ST001,1,76.76,Pending,RR7,false
RT005281,SO025325,1,V00233,P0010,2026-05-20,ST009,1,108.95,Accepted,RR7,true
RT005282,SO025326,2,V00319,P0014,2026-05-15,ST009,1,189.95,Accepted,RR4,false
RT005283,SO025328,1,V00714,P0037,2026-05-14,ST010,1,228.95,Accepted,RR2,true
RT005284,SO025332,1,V00351,P0015,2026-05-06,ST001,1,219.95,Rejected,RR2,false
RT005285,SO025336,1,V00711,P0036,2026-05-16,ST011,1,177.95,Accepted,RR7,true
RT005286,SO025336,2,V00672,P0032,2026-05-13,ST015,1,39.95,Accepted,RR3,true
RT005287,SO025347,4,V00237,P0010,2026-05-04,ST012,1,92.61,Accepted,RR7,true
RT005288,SO025348,1,V00401,P0017,2026-05-28,ST009,1,159.95,Accepted,RR3,true
RT005289,SO025349,2,V00274,P0012,2026-05-16,ST003,1,116.95,Accepted,RR7,true
RT005290,SO025353,1,V00364,P0016,2026-05-19,ST003,1,218.95,Accepted,RR1,true
RT005291,SO025353,3,V00363,P0016,2026-04-30,ST001,1,186.11,Accepted,RR6,true
RT005292,SO025355,1,V00740,P0050,2026-05-10,ST004,1,215.95,Accepted,RR6,true
RT005293,SO025360,1,V00494,P0023,2026-05-21,ST006,1,132.95,Accepted,RR4,false
RT005294,SO025372,1,V00405,P0018,2026-05-05,ST006,1,180.95,Accepted,RR5,true
RT005295,SO025376,2,V00017,P0001,2026-05-10,ST007,1,271.95,Rejected,RR8,false
RT005296,SO025377,2,V00410,P0018,2026-04-27,ST011,1,180.95,Accepted,RR4,false
RT005297,SO025378,1,V00153,P0007,2026-05-12,ST007,1,126.95,Accepted,RR2,true
RT005298,SO025378,2,V00017,P0001,2026-05-13,ST011,1,271.95,Pending,RR3,false
RT005299,SO025390,1,V00303,P0013,2026-05-10,ST011,1,175.95,Accepted,RR7,true
RT005300,SO025391,1,V00106,P0005,2026-05-12,ST011,1,107.16,Accepted,RR8,true
RT005301,SO025394,1,V00435,P0019,2026-04-29,ST004,1,250.95,Accepted,RR8,true
RT005302,SO025407,1,V00424,P0019,2026-05-05,ST017,1,213.31,Accepted,RR1,true
RT005303,SO025413,2,V00166,P0007,2026-05-11,ST018,1,126.95,Accepted,RR7,true
RT005304,SO025414,2,V00716,P0038,2026-05-05,ST018,1,476.95,Accepted,RR3,true
RT005305,SO025414,5,V00176,P0008,2026-04-29,ST003,1,135.95,Pending,RR1,false
RT005306,SO025416,1,V00077,P0004,2026-05-01,ST017,1,240.95,Accepted,RR5,true
RT005307,SO025417,1,V00286,P0012,2026-05-06,ST012,1,116.95,Accepted,RR1,true
RT005308,SO025420,1,V00561,P0026,2026-05-13,ST003,1,52.95,Accepted,RR1,true
RT005309,SO025425,1,V00318,P0014,2026-05-08,ST001,1,189.95,Accepted,RR6,true
RT005310,SO025435,3,V00188,P0008,2026-05-02,ST004,1,135.95,Accepted,RR2,true
RT005311,SO025436,2,V00730,P0045,2026-05-22,ST004,1,93.95,Accepted,RR7,true
RT005312,SO025447,3,V00099,P0005,2026-05-23,ST006,1,133.95,Rejected,RR5,false
RT005313,SO025457,1,V00296,P0013,2026-05-26,ST008,1,175.95,Accepted,RR7,true
RT005314,SO025459,2,V00623,P0030,2026-05-08,ST009,1,133.95,Accepted,RR2,true
RT005315,SO025475,1,V00030,P0002,2026-05-05,ST015,1,162.31,Accepted,RR1,true
RT005316,SO025476,2,V00669,P0032,2026-05-12,ST016,1,39.95,Accepted,RR7,true
RT005317,SO025480,1,V00254,P0011,2026-05-01,ST016,1,134.26,Accepted,RR2,true
RT005318,SO025486,1,V00376,P0016,2026-05-07,ST017,1,218.95,Accepted,RR2,true
RT005319,SO025491,5,V00176,P0008,2026-05-13,ST009,1,135.95,Rejected,RR3,false
RT005320,SO025494,2,V00318,P0014,2026-05-18,ST010,1,189.95,Accepted,RR8,true
RT005321,SO025498,1,V00315,P0014,2026-05-14,ST013,1,151.96,Accepted,RR1,true
RT005322,SO025500,1,V00302,P0013,2026-05-08,ST012,1,175.95,Accepted,RR8,true
RT005323,SO025501,1,V00597,P0028,2026-05-05,ST017,1,84.55,Rejected,RR5,false
RT005324,SO025513,4,V00488,P0022,2026-05-16,ST004,1,439.95,Accepted,RR2,true
RT005325,SO025518,2,V00256,P0011,2026-05-26,ST007,1,157.95,Accepted,RR8,true
RT005326,SO025519,1,V00598,P0028,2026-05-28,ST007,1,93.95,Accepted,RR2,true
RT005327,SO025531,1,V00241,P0011,2026-05-20,ST016,1,157.95,Accepted,RR7,true
RT005328,SO025535,1,V00166,P0007,2026-05-26,ST018,1,126.95,Accepted,RR6,true
RT005329,SO025541,2,V00725,P0043,2026-05-01,ST001,1,138.95,Accepted,RR7,true
RT005330,SO025544,3,V00216,P0009,2026-05-16,ST002,1,119.95,Accepted,RR7,true
RT005331,SO025549,2,V00269,P0012,2026-05-09,ST004,1,116.95,Accepted,RR3,true
RT005332,SO025555,1,V00306,P0013,2026-05-28,ST009,1,175.95,Accepted,RR7,true
RT005333,SO025556,5,V00716,P0038,2026-05-10,ST009,1,476.95,Accepted,RR1,true
RT005334,SO025559,1,V00573,P0027,2026-05-15,ST011,1,82.95,Accepted,RR1,true
RT005335,SO025563,1,V00202,P0009,2026-05-30,ST012,1,119.95,Accepted,RR7,true
RT005336,SO025565,2,V00151,P0007,2026-06-17,ST013,1,126.95,Accepted,RR7,true
RT005337,SO025566,1,V00728,P0044,2026-05-03,ST014,1,115.95,Accepted,RR2,true
RT005338,SO025570,3,V00685,P0033,2026-05-21,ST017,1,48.95,Accepted,RR6,true
RT005339,SO025575,1,V00148,P0007,2026-05-19,ST014,1,126.95,Accepted,RR8,true
RT005340,SO025579,1,V00006,P0001,2026-06-15,ST011,1,217.56,Accepted,RR2,true
RT005341,SO025579,2,V00152,P0007,2026-05-05,ST004,1,101.56,Accepted,RR8,true
RT005342,SO025588,1,V00101,P0005,2026-05-05,ST004,1,133.95,Rejected,RR7,false
RT005343,SO025593,2,V00191,P0008,2026-05-18,ST007,1,135.95,Accepted,RR7,true
RT005344,SO025598,1,V00550,P0026,2026-05-26,ST009,1,52.95,Accepted,RR1,true
RT005345,SO025602,1,V00016,P0001,2026-05-16,ST011,1,271.95,Accepted,RR1,true
RT005346,SO025619,3,V00004,P0001,2026-06-09,ST001,1,271.95,Accepted,RR1,true
RT005347,SO025636,3,V00162,P0007,2026-05-12,ST009,1,126.95,Pending,RR1,false
RT005348,SO025640,4,V00175,P0008,2026-05-28,ST010,1,135.95,Accepted,RR7,true
RT005349,SO025647,1,V00175,P0008,2026-05-03,ST014,1,135.95,Accepted,RR1,true
RT005350,SO025647,2,V00724,P0042,2026-06-01,ST014,1,358.95,Accepted,RR1,true
RT005351,SO025648,1,V00201,P0009,2026-05-13,ST014,1,119.95,Accepted,RR2,true
RT005352,SO025648,2,V00331,P0014,2026-05-10,ST014,1,189.95,Accepted,RR7,true
RT005353,SO025658,4,V00208,P0009,2026-05-19,ST010,1,119.95,Accepted,RR7,true
RT005354,SO025659,1,V00447,P0020,2026-05-14,ST011,1,425.95,Rejected,RR8,false
RT005355,SO025667,2,V00461,P0021,2026-06-05,ST001,1,278.95,Accepted,RR4,false
RT005356,SO025668,5,V00619,P0030,2026-05-08,ST002,1,120.55,Accepted,RR8,true
RT005357,SO025674,3,V00714,P0037,2026-05-10,ST004,1,228.95,Pending,RR8,false
RT005358,SO025680,1,V00096,P0004,2026-06-04,ST005,1,240.95,Accepted,RR1,true
RT005359,SO025681,3,V00272,P0012,2026-06-04,ST005,1,116.95,Accepted,RR7,true
RT005360,SO025688,1,V00021,P0001,2026-05-11,ST008,1,271.95,Accepted,RR7,true
RT005361,SO025702,1,V00710,P0035,2026-05-18,ST012,1,192.95,Accepted,RR7,true
RT005362,SO025709,1,V00054,P0003,2026-05-07,ST017,1,164.95,Accepted,RR2,true
RT005363,SO025715,2,V00192,P0008,2026-05-26,ST005,1,135.95,Accepted,RR7,true
RT005364,SO025717,1,V00321,P0014,2026-06-04,ST001,1,151.96,Accepted,RR8,true
RT005365,SO025721,2,V00548,P0026,2026-05-14,ST016,1,52.95,Pending,RR3,false
RT005366,SO025722,2,V00381,P0016,2026-05-07,ST007,1,175.16,Accepted,RR3,true
RT005367,SO025722,3,V00047,P0002,2026-05-30,ST013,1,190.95,Pending,RR1,false
RT005368,SO025723,3,V00724,P0042,2026-05-29,ST011,1,358.95,Accepted,RR7,true
RT005369,SO025735,1,V00714,P0037,2026-05-10,ST004,1,194.61,Accepted,RR2,true
RT005370,SO025747,1,V00043,P0002,2026-05-11,ST007,1,152.76,Accepted,RR7,true
RT005371,SO025749,1,V00092,P0004,2026-05-30,ST007,1,240.95,Accepted,RR3,true
RT005372,SO025751,1,V00350,P0015,2026-05-13,ST008,1,219.95,Accepted,RR1,true
RT005373,SO025757,1,V00326,P0014,2026-05-10,ST014,1,189.95,Accepted,RR4,false
RT005374,SO025763,2,V00240,P0010,2026-05-28,ST011,1,108.95,Accepted,RR7,true
RT005375,SO025764,1,V00450,P0020,2026-06-16,ST011,1,425.95,Accepted,RR1,true
RT005376,SO025767,2,V00645,P0031,2026-06-04,ST012,1,75.95,Accepted,RR6,true
RT005377,SO025775,1,V00136,P0006,2026-05-26,ST015,1,162.95,Accepted,RR6,true
RT005378,SO025778,2,V00568,P0027,2026-05-17,ST016,1,82.95,Accepted,RR7,true
RT005379,SO025781,1,V00159,P0007,2026-05-04,ST017,1,126.95,Accepted,RR7,true
RT005380,SO025784,1,V00454,P0020,2026-05-14,ST018,3,1277.85,Accepted,RR6,true
RT005381,SO025790,1,V00593,P0028,2026-05-27,ST003,1,93.95,Accepted,RR1,true
RT005382,SO025790,3,V00737,P0049,2026-05-18,ST001,1,51.95,Accepted,RR3,true
RT005383,SO025798,1,V00242,P0011,2026-05-13,ST015,1,157.95,Accepted,RR8,true
RT005384,SO025801,1,V00119,P0005,2026-05-17,ST003,1,133.95,Accepted,RR6,true
RT005385,SO025818,3,V00245,P0011,2026-05-14,ST006,2,315.90,Rejected,RR7,false
RT005386,SO025819,1,V00030,P0002,2026-05-16,ST006,1,190.95,Accepted,RR6,true
RT005387,SO025823,4,V00140,P0006,2026-05-17,ST008,1,162.95,Accepted,RR1,true
RT005388,SO025827,1,V00315,P0014,2026-05-13,ST009,1,189.95,Accepted,RR8,true
RT005389,SO025833,3,V00142,P0006,2026-05-24,ST011,1,162.95,Accepted,RR4,false
RT005390,SO025836,1,V00254,P0011,2026-05-25,ST011,1,157.95,Accepted,RR3,true
RT005391,SO025841,1,V00653,P0031,2026-05-15,ST013,1,75.95,Accepted,RR7,true
RT005392,SO025846,1,V00716,P0038,2026-05-14,ST013,1,476.95,Accepted,RR8,true
RT005393,SO025852,3,V00532,P0025,2026-06-12,ST014,1,95.95,Accepted,RR2,true
RT005394,SO025852,5,V00054,P0003,2026-05-07,ST014,1,164.95,Accepted,RR2,true
RT005395,SO025855,1,V00676,P0033,2026-05-11,ST015,1,48.95,Accepted,RR3,true
RT005396,SO025858,1,V00725,P0043,2026-05-20,ST016,1,138.95,Accepted,RR7,true
RT005397,SO025858,2,V00714,P0037,2026-05-05,ST016,1,228.95,Accepted,RR1,true
RT005398,SO025875,1,V00049,P0003,2026-06-07,ST003,1,164.95,Pending,RR3,false
RT005399,SO025877,2,V00723,P0042,2026-05-16,ST004,1,305.11,Pending,RR5,false
RT005400,SO025892,2,V00044,P0002,2026-05-10,ST009,1,190.95,Accepted,RR3,true
RT005401,SO025894,1,V00004,P0001,2026-05-19,ST010,1,271.95,Accepted,RR4,false
RT005402,SO025894,3,V00615,P0029,2026-06-01,ST010,1,135.95,Accepted,RR8,true
RT005403,SO025897,2,V00710,P0035,2026-05-29,ST011,1,192.95,Accepted,RR2,true
RT005404,SO025898,1,V00426,P0019,2026-06-22,ST011,1,250.95,Accepted,RR7,true
RT005405,SO025901,2,V00045,P0002,2026-05-29,ST012,1,190.95,Accepted,RR1,true
RT005406,SO025902,1,V00177,P0008,2026-06-05,ST012,1,135.95,Accepted,RR7,true
RT005407,SO025905,1,V00574,P0027,2026-05-15,ST014,1,82.95,Accepted,RR1,true
RT005408,SO025910,2,V00327,P0014,2026-05-13,ST011,1,189.95,Accepted,RR4,false
RT005409,SO025921,1,V00737,P0049,2026-05-29,ST004,1,46.75,Accepted,RR8,true
RT005410,SO025927,4,V00728,P0044,2026-05-27,ST001,1,115.95,Accepted,RR3,true
RT005411,SO025933,1,V00374,P0016,2026-06-03,ST004,1,218.95,Accepted,RR4,false
RT005412,SO025942,1,V00740,P0050,2026-06-22,ST015,1,215.95,Accepted,RR1,true
RT005413,SO025947,2,V00232,P0010,2026-05-07,ST014,1,92.61,Rejected,RR7,false
RT005414,SO025948,1,V00307,P0013,2026-05-18,ST007,1,175.95,Accepted,RR8,true
RT005415,SO025949,1,V00718,P0039,2026-05-24,ST008,1,220.95,Accepted,RR1,true
RT005416,SO025958,1,V00616,P0029,2026-05-23,ST016,1,135.95,Accepted,RR4,false
RT005417,SO025961,2,V00007,P0001,2026-05-09,ST011,1,244.75,Accepted,RR1,true
RT005418,SO025962,2,V00306,P0013,2026-05-07,ST011,1,175.95,Accepted,RR4,false
RT005419,SO025964,2,V00102,P0005,2026-06-03,ST003,1,113.86,Accepted,RR8,true
RT005420,SO025966,1,V00101,P0005,2026-05-15,ST012,1,113.86,Accepted,RR4,false
RT005421,SO025967,2,V00731,P0046,2026-05-09,ST005,1,121.95,Accepted,RR3,true
RT005422,SO025967,4,V00514,P0024,2026-05-20,ST015,1,122.95,Accepted,RR3,true
RT005423,SO025972,2,V00568,P0027,2026-05-23,ST006,1,82.95,Accepted,RR7,true
RT005424,SO025974,1,V00459,P0021,2026-05-18,ST015,2,557.90,Pending,RR3,false
RT005425,SO025974,3,V00731,P0046,2026-05-21,ST015,1,121.95,Accepted,RR8,true
RT005426,SO025976,4,V00152,P0007,2026-05-08,ST016,1,126.95,Accepted,RR7,true
RT005427,SO025978,1,V00330,P0014,2026-05-15,ST017,1,189.95,Accepted,RR3,true
RT005428,SO025979,1,V00735,P0048,2026-06-09,ST014,1,83.95,Accepted,RR4,false
RT005429,SO025979,2,V00381,P0016,2026-06-16,ST010,1,218.95,Accepted,RR1,true
RT005430,SO025987,1,V00115,P0005,2026-05-16,ST011,1,133.95,Accepted,RR5,true
RT005431,SO025991,1,V00307,P0013,2026-05-31,ST004,1,158.35,Accepted,RR1,true
RT005432,SO025993,2,V00624,P0030,2026-05-28,ST007,1,133.95,Accepted,RR3,true
RT005433,SO026000,3,V00006,P0001,2026-05-11,ST003,1,271.95,Accepted,RR1,true
RT005434,SO026001,4,V00744,P0052,2026-05-29,ST003,1,131.95,Accepted,RR5,true
RT005435,SO026004,1,V00055,P0003,2026-05-26,ST004,1,164.95,Accepted,RR6,true
RT005436,SO026010,2,V00223,P0010,2026-05-31,ST004,1,108.95,Accepted,RR4,false
RT005437,SO026017,3,V00021,P0001,2026-06-06,ST006,1,271.95,Accepted,RR1,true
RT005438,SO026017,5,V00686,P0033,2026-05-30,ST009,1,44.06,Accepted,RR1,true
RT005439,SO026018,1,V00501,P0023,2026-05-28,ST006,1,132.95,Accepted,RR7,true
RT005440,SO026026,1,V00375,P0016,2026-05-23,ST009,1,218.95,Pending,RR3,false
RT005441,SO026026,3,V00364,P0016,2026-05-17,ST009,1,218.95,Accepted,RR1,true
RT005442,SO026034,1,V00725,P0043,2026-05-15,ST011,1,138.95,Accepted,RR1,true
RT005443,SO026036,1,V00707,P0034,2026-05-09,ST013,1,61.95,Accepted,RR1,true
RT005444,SO026039,1,V00006,P0001,2026-05-23,ST010,1,271.95,Accepted,RR8,true
RT005445,SO026050,1,V00471,P0021,2026-05-20,ST018,1,278.95,Accepted,RR3,true
RT005446,SO026051,3,V00477,P0022,2026-05-17,ST006,1,439.95,Accepted,RR2,true
RT005447,SO026055,1,V00302,P0013,2026-05-20,ST003,1,175.95,Accepted,RR4,false
RT005448,SO026056,1,V00586,P0028,2026-05-22,ST009,1,93.95,Accepted,RR8,true
RT005449,SO026071,1,V00716,P0038,2026-05-17,ST003,1,476.95,Accepted,RR1,true
RT005450,SO026082,1,V00014,P0001,2026-05-31,ST006,1,271.95,Accepted,RR1,true
RT005451,SO026085,1,V00015,P0001,2026-05-22,ST007,1,271.95,Accepted,RR4,false
RT005452,SO026088,3,V00712,P0036,2026-05-31,ST009,1,177.95,Accepted,RR7,true
RT005453,SO026106,3,V00429,P0019,2026-05-13,ST015,1,250.95,Accepted,RR1,true
RT005454,SO026112,4,V00648,P0031,2026-05-30,ST016,1,75.95,Rejected,RR5,false
RT005455,SO026120,2,V00710,P0035,2026-05-30,ST004,1,154.36,Accepted,RR1,true
RT005456,SO026123,1,V00017,P0001,2026-05-17,ST007,1,271.95,Accepted,RR1,true
RT005457,SO026142,1,V00683,P0033,2026-05-11,ST005,3,146.85,Accepted,RR6,true
RT005458,SO026145,1,V00202,P0009,2026-05-13,ST006,1,119.95,Accepted,RR3,true
RT005459,SO026155,1,V00272,P0012,2026-06-02,ST010,1,116.95,Accepted,RR7,true
RT005460,SO026172,1,V00027,P0002,2026-05-17,ST016,1,190.95,Pending,RR2,false
RT005461,SO026178,3,V00490,P0022,2026-05-24,ST016,1,439.95,Accepted,RR7,true
RT005462,SO026178,4,V00282,P0012,2026-06-19,ST014,1,116.95,Accepted,RR2,true
RT005463,SO026180,1,V00720,P0040,2026-05-23,ST008,1,339.95,Accepted,RR3,true
RT005464,SO026186,2,V00655,P0032,2026-05-13,ST001,1,39.95,Accepted,RR2,true
RT005465,SO026194,1,V00227,P0010,2026-05-21,ST001,1,108.95,Accepted,RR6,true
RT005466,SO026204,1,V00744,P0052,2026-05-20,ST004,1,131.95,Accepted,RR7,true
RT005467,SO026205,2,V00353,P0015,2026-05-20,ST004,1,219.95,Accepted,RR8,true
RT005468,SO026208,5,V00554,P0026,2026-06-05,ST004,1,47.65,Accepted,RR5,true
RT005469,SO026212,1,V00063,P0003,2026-06-04,ST005,1,164.95,Accepted,RR2,true
RT005470,SO026226,5,V00412,P0018,2026-05-18,ST009,1,180.95,Accepted,RR5,true
RT005471,SO026227,1,V00585,P0028,2026-06-18,ST009,1,93.95,Accepted,RR4,false
RT005472,SO026227,4,V00496,P0023,2026-05-27,ST009,1,132.95,Accepted,RR3,true
RT005473,SO026235,3,V00744,P0052,2026-05-19,ST010,1,131.95,Accepted,RR2,true
RT005474,SO026236,1,V00111,P0005,2026-05-14,ST011,1,133.95,Accepted,RR6,true
RT005475,SO026238,1,V00320,P0014,2026-06-05,ST011,1,189.95,Accepted,RR5,true
RT005476,SO026241,1,V00376,P0016,2026-05-29,ST011,1,218.95,Accepted,RR7,true
RT005477,SO026242,1,V00566,P0027,2026-05-16,ST001,1,82.95,Accepted,RR2,true
RT005478,SO026244,1,V00210,P0009,2026-05-12,ST011,1,119.95,Accepted,RR5,true
RT005479,SO026245,2,V00500,P0023,2026-06-03,ST011,1,132.95,Pending,RR8,false
RT005480,SO026247,1,V00580,P0027,2026-06-01,ST012,1,82.95,Pending,RR6,false
RT005481,SO026251,4,V00568,P0027,2026-06-05,ST012,1,82.95,Accepted,RR7,true
RT005482,SO026252,3,V00347,P0015,2026-05-14,ST013,1,219.95,Rejected,RR3,false
RT005483,SO026253,1,V00532,P0025,2026-05-28,ST013,1,95.95,Accepted,RR7,true
RT005484,SO026264,1,V00132,P0006,2026-05-27,ST016,1,162.95,Accepted,RR8,true
RT005485,SO026282,1,V00123,P0006,2026-06-03,ST008,1,162.95,Accepted,RR8,true
RT005486,SO026285,1,V00536,P0025,2026-06-12,ST017,1,95.95,Accepted,RR4,false
RT005487,SO026288,1,V00072,P0003,2026-05-25,ST010,1,164.95,Accepted,RR4,false
RT005488,SO026289,1,V00011,P0001,2026-06-13,ST004,1,271.95,Accepted,RR1,true
RT005489,SO026292,4,V00453,P0020,2026-05-26,ST001,1,425.95,Accepted,RR7,true
RT005490,SO026295,5,V00595,P0028,2026-05-22,ST001,1,93.95,Accepted,RR7,true
RT005491,SO026298,2,V00200,P0009,2026-05-29,ST002,1,119.95,Accepted,RR7,true
RT005492,SO026303,1,V00727,P0044,2026-05-28,ST004,1,115.95,Accepted,RR7,true
RT005493,SO026305,1,V00718,P0039,2026-05-15,ST004,1,220.95,Accepted,RR5,true
RT005494,SO026313,1,V00724,P0042,2026-05-26,ST014,1,358.95,Accepted,RR7,true
RT005495,SO026326,2,V00604,P0029,2026-06-13,ST009,1,135.95,Pending,RR7,false
RT005496,SO026331,3,V00727,P0044,2026-05-16,ST010,1,115.95,Accepted,RR2,true
RT005497,SO026344,1,V00007,P0001,2026-05-15,ST013,1,271.95,Accepted,RR5,true
RT005498,SO026346,2,V00634,P0030,2026-05-19,ST013,1,133.95,Pending,RR4,false
RT005499,SO026346,4,V00567,P0027,2026-05-21,ST013,1,82.95,Accepted,RR1,true
RT005500,SO026373,3,V00006,P0001,2026-05-22,ST006,1,271.95,Accepted,RR3,true
RT005501,SO026375,2,V00246,P0011,2026-05-19,ST015,1,157.95,Accepted,RR7,true
RT005502,SO026383,1,V00116,P0005,2026-06-10,ST002,1,133.95,Accepted,RR7,true
RT005503,SO026388,1,V00274,P0012,2026-06-27,ST004,1,116.95,Accepted,RR1,true
RT005504,SO026396,2,V00671,P0032,2026-06-04,ST007,1,39.95,Accepted,RR1,true
RT005505,SO026397,1,V00356,P0015,2026-05-21,ST007,1,219.95,Accepted,RR2,true
RT005506,SO026404,1,V00227,P0010,2026-05-28,ST011,1,108.95,Accepted,RR4,false
RT005507,SO026414,2,V00621,P0030,2026-05-18,ST016,1,133.95,Accepted,RR2,true
RT005508,SO026416,1,V00295,P0013,2026-06-29,ST017,1,175.95,Pending,RR7,false
RT005509,SO026426,2,V00320,P0014,2026-05-31,ST001,1,189.95,Accepted,RR8,true
RT005510,SO026426,4,V00162,P0007,2026-05-15,ST001,1,126.95,Accepted,RR7,true
RT005511,SO026445,2,V00068,P0003,2026-06-07,ST008,2,329.90,Pending,RR4,false
RT005512,SO026449,3,V00366,P0016,2026-06-06,ST011,1,218.95,Accepted,RR4,false
RT005513,SO026465,1,V00622,P0030,2026-05-29,ST010,1,133.95,Pending,RR2,false
RT005514,SO026475,1,V00699,P0034,2026-05-22,ST006,1,61.95,Pending,RR5,false
RT005515,SO026481,2,V00321,P0014,2026-05-16,ST001,1,189.95,Accepted,RR1,true
RT005516,SO026485,2,V00632,P0030,2026-06-15,ST004,1,133.95,Accepted,RR3,true
RT005517,SO026485,4,V00079,P0004,2026-05-30,ST008,1,240.95,Rejected,RR2,false
RT005518,SO026497,1,V00650,P0031,2026-05-25,ST003,1,60.76,Accepted,RR7,true
RT005519,SO026501,1,V00726,P0043,2026-05-22,ST001,1,138.95,Accepted,RR2,true
RT005520,SO026504,2,V00727,P0044,2026-05-19,ST008,1,115.95,Accepted,RR5,true
RT005521,SO026511,1,V00043,P0002,2026-05-17,ST011,1,190.95,Accepted,RR1,true
RT005522,SO026516,1,V00716,P0038,2026-06-29,ST011,1,476.95,Pending,RR2,false
RT005523,SO026517,1,V00524,P0024,2026-05-23,ST012,1,98.36,Accepted,RR4,false
RT005524,SO026523,3,V00038,P0002,2026-05-20,ST014,1,190.95,Accepted,RR7,true
RT005525,SO026528,2,V00212,P0009,2026-06-30,ST017,1,107.96,Accepted,RR2,true
RT005526,SO026534,2,V00675,P0033,2026-06-10,ST006,1,48.95,Accepted,RR2,true
RT005527,SO026545,1,V00441,P0020,2026-05-22,ST004,1,425.95,Accepted,RR2,true
RT005528,SO026545,2,V00734,P0047,2026-05-29,ST004,1,89.95,Accepted,RR7,true
RT005529,SO026545,4,V00720,P0040,2026-05-26,ST004,1,339.95,Accepted,RR3,true
RT005530,SO026554,4,V00247,P0011,2026-06-25,ST012,1,157.95,Accepted,RR7,true
RT005531,SO026556,2,V00378,P0016,2026-05-30,ST005,1,218.95,Rejected,RR7,false
RT005532,SO026560,2,V00401,P0017,2026-06-07,ST008,1,159.95,Accepted,RR2,true
RT005533,SO026571,1,V00283,P0012,2026-05-27,ST013,1,116.95,Accepted,RR8,true
RT005534,SO026578,3,V00318,P0014,2026-06-05,ST017,1,189.95,Accepted,RR8,true
RT005535,SO026584,1,V00115,P0005,2026-05-21,ST011,1,133.95,Accepted,RR1,true
RT005536,SO026585,1,V00200,P0009,2026-06-18,ST006,1,119.95,Accepted,RR7,true
RT005537,SO026589,1,V00343,P0015,2026-06-30,ST010,1,219.95,Accepted,RR7,true
RT005538,SO026591,3,V00532,P0025,2026-06-01,ST010,1,95.95,Accepted,RR1,true
RT005539,SO026595,3,V00701,P0034,2026-05-27,ST001,1,61.95,Accepted,RR3,true
RT005540,SO026596,2,V00571,P0027,2026-06-10,ST001,1,82.95,Accepted,RR4,false
RT005541,SO026618,1,V00086,P0004,2026-05-28,ST009,1,240.95,Pending,RR7,false
RT005542,SO026620,3,V00627,P0030,2026-05-29,ST010,1,133.95,Accepted,RR7,true
RT005543,SO026630,4,V00741,P0051,2026-06-01,ST012,1,73.95,Accepted,RR4,false
RT005544,SO026637,2,V00232,P0010,2026-05-23,ST016,1,108.95,Accepted,RR8,true
RT005545,SO026642,2,V00068,P0003,2026-06-07,ST008,1,148.45,Accepted,RR2,true
RT005546,SO026642,3,V00241,P0011,2026-06-12,ST006,1,157.95,Accepted,RR1,true
RT005547,SO026644,1,V00282,P0012,2026-05-24,ST011,1,116.95,Accepted,RR3,true
RT005548,SO026649,1,V00333,P0014,2026-05-21,ST008,1,161.46,Accepted,RR6,true
RT005549,SO026650,1,V00710,P0035,2026-05-27,ST013,1,192.95,Accepted,RR4,false
RT005550,SO026656,4,V00013,P0001,2026-06-11,ST002,1,271.95,Rejected,RR1,false
RT005551,SO026665,1,V00233,P0010,2026-05-26,ST004,1,108.95,Accepted,RR5,true
RT005552,SO026671,1,V00478,P0022,2026-05-26,ST005,1,439.95,Accepted,RR4,false
RT005553,SO026683,1,V00274,P0012,2026-06-04,ST010,1,116.95,Accepted,RR3,true
RT005554,SO026684,1,V00006,P0001,2026-05-28,ST010,1,231.16,Accepted,RR1,true
RT005555,SO026688,4,V00222,P0010,2026-05-26,ST011,1,108.95,Accepted,RR8,true
RT005556,SO026690,1,V00354,P0015,2026-05-26,ST011,1,219.95,Accepted,RR7,true
RT005557,SO026694,1,V00052,P0003,2026-05-26,ST012,1,164.95,Pending,RR1,false
RT005558,SO026695,2,V00016,P0001,2026-05-23,ST012,1,271.95,Accepted,RR1,true
RT005559,SO026700,1,V00342,P0015,2026-06-03,ST013,2,439.90,Accepted,RR7,true
RT005560,SO026704,3,V00366,P0016,2026-05-19,ST013,1,218.95,Rejected,RR7,false
RT005561,SO026706,3,V00417,P0018,2026-06-02,ST014,1,144.76,Accepted,RR7,true
RT005562,SO026720,2,V00489,P0022,2026-05-23,ST017,1,439.95,Accepted,RR8,true
RT005563,SO026724,2,V00304,P0013,2026-05-26,ST003,1,140.76,Accepted,RR6,true
RT005564,SO026735,1,V00111,P0005,2026-06-03,ST007,1,113.86,Accepted,RR7,true
RT005565,SO026741,3,V00437,P0019,2026-05-22,ST001,1,250.95,Accepted,RR7,true
RT005566,SO026742,4,V00028,P0002,2026-05-25,ST006,1,190.95,Accepted,RR1,true
RT005567,SO026743,1,V00342,P0015,2026-06-02,ST001,1,219.95,Accepted,RR2,true
RT005568,SO026746,3,V00728,P0044,2026-06-03,ST002,1,115.95,Accepted,RR1,true
RT005569,SO026747,1,V00234,P0010,2026-06-12,ST011,1,108.95,Rejected,RR2,false
RT005570,SO026752,1,V00377,P0016,2026-06-10,ST003,1,218.95,Accepted,RR7,true
RT005571,SO026756,2,V00714,P0037,2026-06-03,ST004,1,228.95,Accepted,RR3,true
RT005572,SO026757,1,V00218,P0010,2026-06-03,ST004,1,108.95,Accepted,RR7,true
RT005573,SO026758,2,V00196,P0009,2026-05-21,ST004,1,119.95,Accepted,RR7,true
RT005574,SO026765,1,V00208,P0009,2026-06-09,ST005,1,119.95,Accepted,RR6,true
RT005575,SO026771,1,V00716,P0038,2026-07-04,ST006,1,476.95,Accepted,RR7,true
RT005576,SO026772,1,V00015,P0001,2026-06-03,ST006,1,271.95,Accepted,RR1,true
RT005577,SO026779,1,V00720,P0040,2026-06-02,ST008,1,271.96,Accepted,RR1,true
RT005578,SO026786,1,V00687,P0033,2026-05-24,ST010,1,41.61,Accepted,RR7,true
RT005579,SO026789,1,V00222,P0010,2026-06-07,ST010,1,87.16,Accepted,RR3,true
RT005580,SO026791,2,V00126,P0006,2026-05-26,ST011,1,162.95,Accepted,RR8,true
RT005581,SO026793,1,V00741,P0051,2026-05-26,ST012,1,73.95,Accepted,RR7,true
RT005582,SO026793,3,V00037,P0002,2026-05-27,ST011,1,190.95,Accepted,RR4,false
RT005583,SO026794,2,V00015,P0001,2026-06-09,ST011,1,271.95,Accepted,RR1,true
RT005584,SO026809,1,V00710,P0035,2026-06-30,ST014,1,192.95,Accepted,RR1,true
RT005585,SO026812,1,V00101,P0005,2026-05-29,ST015,1,133.95,Accepted,RR3,true
RT005586,SO026822,1,V00735,P0048,2026-05-21,ST018,1,83.95,Accepted,RR8,true
RT005587,SO026824,2,V00634,P0030,2026-06-01,ST008,1,133.95,Accepted,RR3,true
RT005588,SO026824,3,V00310,P0013,2026-06-04,ST015,1,175.95,Accepted,RR4,false
RT005589,SO026824,4,V00077,P0004,2026-07-02,ST015,1,240.95,Accepted,RR8,true
RT005590,SO026827,1,V00232,P0010,2026-05-28,ST002,1,108.95,Accepted,RR7,true
RT005591,SO026839,2,V00380,P0016,2026-05-21,ST005,1,218.95,Accepted,RR4,false
RT005592,SO026840,1,V00741,P0051,2026-06-03,ST006,1,73.95,Accepted,RR7,true
RT005593,SO026841,2,V00262,P0011,2026-07-07,ST018,1,157.95,Accepted,RR8,true
RT005594,SO026841,4,V00063,P0003,2026-06-07,ST006,1,164.95,Accepted,RR3,true
RT005595,SO026856,3,V00641,P0031,2026-05-30,ST014,1,75.95,Accepted,RR7,true
RT005596,SO026858,1,V00252,P0011,2026-06-08,ST016,1,157.95,Accepted,RR8,true
RT005597,SO026859,3,V00555,P0026,2026-06-19,ST016,1,52.95,Accepted,RR3,true
RT005598,SO026862,1,V00053,P0003,2026-05-27,ST002,1,164.95,Accepted,RR7,true
RT005599,SO026868,3,V00280,P0012,2026-05-28,ST018,1,116.95,Accepted,RR3,true
RT005600,SO026868,4,V00724,P0042,2026-06-03,ST018,1,358.95,Accepted,RR4,false
RT005601,SO026889,1,V00476,P0022,2026-06-01,ST005,1,351.96,Accepted,RR4,false
RT005602,SO026889,4,V00669,P0032,2026-06-09,ST005,1,39.95,Rejected,RR7,false
RT005603,SO026896,1,V00554,P0026,2026-06-12,ST007,1,52.95,Accepted,RR7,true
RT005604,SO026896,4,V00015,P0001,2026-06-10,ST007,1,217.56,Accepted,RR1,true
RT005605,SO026916,2,V00208,P0009,2026-05-27,ST014,1,119.95,Accepted,RR7,true
RT005606,SO026918,1,V00520,P0024,2026-06-19,ST003,1,122.95,Accepted,RR4,false
RT005607,SO026919,1,V00377,P0016,2026-06-05,ST015,1,218.95,Accepted,RR2,true
RT005608,SO026924,2,V00341,P0015,2026-05-29,ST017,1,219.95,Pending,RR8,false
RT005609,SO026929,1,V00367,P0016,2026-05-22,ST001,1,218.95,Pending,RR4,false
RT005610,SO026953,1,V00263,P0011,2026-06-15,ST008,1,157.95,Accepted,RR8,true
RT005611,SO026959,1,V00736,P0048,2026-05-23,ST011,1,83.95,Accepted,RR7,true
RT005612,SO026968,3,V00447,P0020,2026-06-01,ST014,1,425.95,Accepted,RR1,true
RT005613,SO026971,1,V00086,P0004,2026-05-22,ST015,1,240.95,Accepted,RR7,true
RT005614,SO026974,1,V00313,P0014,2026-06-16,ST017,1,189.95,Pending,RR1,false
RT005615,SO026979,1,V00379,P0016,2026-05-27,ST018,1,218.95,Accepted,RR5,true
RT005616,SO026982,2,V00391,P0017,2026-06-13,ST011,1,159.95,Accepted,RR1,true
RT005617,SO026983,1,V00519,P0024,2026-06-11,ST006,1,110.65,Rejected,RR4,false
RT005618,SO026984,1,V00295,P0013,2026-06-08,ST004,1,175.95,Accepted,RR7,true
RT005619,SO026985,1,V00004,P0001,2026-05-30,ST012,1,271.95,Accepted,RR1,true
RT005620,SO026989,5,V00028,P0002,2026-06-25,ST001,1,190.95,Accepted,RR2,true
RT005621,SO026992,1,V00516,P0024,2026-05-31,ST002,1,122.95,Accepted,RR7,true
RT005622,SO026994,1,V00319,P0014,2026-06-01,ST008,1,170.95,Accepted,RR7,true
RT005623,SO026996,2,V00535,P0025,2026-06-06,ST004,1,95.95,Accepted,RR7,true
RT005624,SO026998,2,V00019,P0001,2026-07-08,ST004,1,271.95,Accepted,RR1,true
RT005625,SO027001,1,V00203,P0009,2026-05-23,ST005,1,119.95,Rejected,RR5,false
RT005626,SO027006,2,V00326,P0014,2026-05-27,ST006,1,189.95,Accepted,RR7,true
RT005627,SO027009,1,V00405,P0018,2026-06-05,ST007,1,180.95,Rejected,RR1,false
RT005628,SO027015,2,V00715,P0038,2026-06-02,ST010,1,476.95,Accepted,RR7,true
RT005629,SO027015,3,V00387,P0017,2026-06-16,ST010,1,159.95,Accepted,RR1,true
RT005630,SO027027,1,V00075,P0004,2026-06-19,ST013,1,240.95,Accepted,RR2,true
RT005631,SO027031,1,V00713,P0037,2026-05-28,ST015,1,228.95,Accepted,RR2,true
RT005632,SO027035,1,V00553,P0026,2026-06-04,ST017,1,52.95,Accepted,RR7,true
RT005633,SO027040,1,V00690,P0033,2026-06-06,ST010,1,48.95,Pending,RR8,false
RT005634,SO027040,2,V00161,P0007,2026-05-30,ST011,1,126.95,Accepted,RR6,true
RT005635,SO027046,1,V00395,P0017,2026-06-22,ST011,1,159.95,Accepted,RR7,true
RT005636,SO027046,3,V00119,P0005,2026-06-06,ST006,1,133.95,Accepted,RR3,true
RT005637,SO027054,1,V00009,P0001,2026-06-04,ST001,1,271.95,Accepted,RR1,true
RT005638,SO027054,4,V00712,P0036,2026-05-25,ST001,1,177.95,Pending,RR7,false
RT005639,SO027056,1,V00055,P0003,2026-06-07,ST001,1,164.95,Accepted,RR4,false
RT005640,SO027082,1,V00641,P0031,2026-05-31,ST010,1,64.56,Accepted,RR2,true
RT005641,SO027088,1,V00115,P0005,2026-06-17,ST012,1,133.95,Accepted,RR7,true
RT005642,SO027092,1,V00407,P0018,2026-06-10,ST014,2,361.90,Accepted,RR4,false
RT005643,SO027100,2,V00018,P0001,2026-07-10,ST017,1,271.95,Accepted,RR7,true
RT005644,SO027100,5,V00727,P0044,2026-06-07,ST017,1,115.95,Accepted,RR4,false
RT005645,SO027111,2,V00566,P0027,2026-05-29,ST002,1,82.95,Accepted,RR1,true
RT005646,SO027112,1,V00329,P0014,2026-06-16,ST002,1,189.95,Pending,RR1,false
RT005647,SO027121,2,V00425,P0019,2026-05-28,ST001,1,250.95,Accepted,RR3,true
RT005648,SO027125,1,V00354,P0015,2026-06-26,ST002,1,219.95,Accepted,RR3,true
RT005649,SO027129,1,V00195,P0009,2026-06-10,ST003,1,107.95,Pending,RR7,false
RT005650,SO027131,2,V00744,P0052,2026-06-09,ST003,1,131.95,Accepted,RR7,true
RT005651,SO027134,1,V00117,P0005,2026-06-12,ST004,1,133.95,Pending,RR1,false
RT005652,SO027136,2,V00743,P0052,2026-06-11,ST004,1,131.95,Accepted,RR8,true
RT005653,SO027137,2,V00258,P0011,2026-07-08,ST004,1,157.95,Accepted,RR2,true
RT005654,SO027141,4,V00712,P0036,2026-06-11,ST004,1,177.95,Pending,RR7,false
RT005655,SO027142,2,V00136,P0006,2026-06-04,ST004,1,162.95,Accepted,RR8,true
RT005656,SO027144,2,V00694,P0034,2026-06-06,ST005,1,61.95,Accepted,RR7,true
RT005657,SO027162,2,V00247,P0011,2026-06-19,ST008,1,157.95,Accepted,RR1,true
RT005658,SO027163,4,V00284,P0012,2026-06-08,ST008,1,116.95,Accepted,RR7,true
RT005659,SO027166,1,V00162,P0007,2026-07-02,ST009,1,126.95,Accepted,RR7,true
RT005660,SO027173,2,V00235,P0010,2026-06-06,ST010,1,108.95,Accepted,RR7,true
RT005661,SO027176,2,V00294,P0013,2026-05-25,ST011,1,175.95,Accepted,RR5,true
RT005662,SO027179,3,V00194,P0009,2026-05-31,ST011,1,119.95,Accepted,RR7,true
RT005663,SO027180,1,V00683,P0033,2026-06-03,ST011,1,48.95,Accepted,RR4,false
RT005664,SO027183,1,V00683,P0033,2026-06-08,ST008,1,48.95,Accepted,RR2,true
RT005665,SO027183,3,V00501,P0023,2026-06-11,ST011,1,132.95,Accepted,RR1,true
RT005666,SO027187,2,V00140,P0006,2026-05-30,ST012,1,162.95,Accepted,RR7,true
RT005667,SO027188,2,V00716,P0038,2026-05-28,ST013,1,476.95,Accepted,RR4,false
RT005668,SO027190,3,V00482,P0022,2026-05-25,ST013,1,439.95,Accepted,RR8,true
RT005669,SO027202,3,V00353,P0015,2026-06-05,ST016,1,219.95,Rejected,RR4,false
RT005670,SO027204,3,V00319,P0014,2026-06-04,ST017,1,189.95,Accepted,RR4,false
RT005671,SO027211,3,V00737,P0049,2026-06-05,ST003,1,51.95,Accepted,RR1,true
RT005672,SO027212,1,V00727,P0044,2026-05-28,ST012,1,115.95,Accepted,RR7,true
RT005673,SO027212,4,V00715,P0038,2026-05-30,ST013,1,476.95,Accepted,RR4,false
RT005674,SO027214,1,V00568,P0027,2026-06-02,ST014,1,82.95,Accepted,RR3,true
RT005675,SO027225,2,V00580,P0027,2026-06-14,ST001,1,82.95,Accepted,RR3,true
RT005676,SO027227,2,V00214,P0009,2026-06-02,ST001,1,119.95,Accepted,RR3,true
RT005677,SO027235,1,V00311,P0013,2026-06-18,ST002,1,175.95,Accepted,RR4,false
RT005678,SO027241,1,V00006,P0001,2026-06-05,ST004,1,271.95,Accepted,RR5,true
RT005679,SO027242,2,V00509,P0023,2026-06-13,ST005,1,132.95,Accepted,RR1,true
RT005680,SO027248,2,V00424,P0019,2026-06-10,ST006,1,250.95,Accepted,RR7,true
RT005681,SO027251,1,V00187,P0008,2026-06-01,ST006,2,271.90,Pending,RR7,false
RT005682,SO027254,2,V00284,P0012,2026-05-26,ST006,1,116.95,Accepted,RR8,true
RT005683,SO027266,3,V00151,P0007,2026-06-09,ST016,1,126.95,Accepted,RR7,true
RT005684,SO027271,2,V00354,P0015,2026-06-13,ST010,1,219.95,Accepted,RR2,true
RT005685,SO027275,2,V00209,P0009,2026-06-18,ST017,1,119.95,Accepted,RR4,false
RT005686,SO027278,2,V00744,P0052,2026-07-05,ST011,1,131.95,Accepted,RR1,true
RT005687,SO027281,1,V00040,P0002,2026-07-12,ST009,1,190.95,Accepted,RR5,true
RT005688,SO027284,1,V00614,P0029,2026-07-13,ST012,1,135.95,Accepted,RR1,true
RT005689,SO027289,3,V00112,P0005,2026-07-12,ST008,1,133.95,Accepted,RR1,true
RT005690,SO027293,1,V00721,P0041,2026-05-26,ST015,1,211.95,Accepted,RR8,true
RT005691,SO027293,3,V00716,P0038,2026-06-24,ST015,1,405.41,Rejected,RR1,false
RT005692,SO027308,3,V00713,P0037,2026-06-12,ST014,1,228.95,Accepted,RR4,false
RT005693,SO027309,1,V00692,P0034,2026-06-05,ST017,1,61.95,Accepted,RR7,true
RT005694,SO027314,3,V00568,P0027,2026-06-01,ST001,1,82.95,Rejected,RR4,false
RT005695,SO027318,1,V00520,P0024,2026-06-14,ST001,1,122.95,Accepted,RR4,false
RT005696,SO027321,1,V00059,P0003,2026-06-06,ST002,1,164.95,Accepted,RR5,true
RT005697,SO027323,1,V00260,P0011,2026-05-28,ST009,1,157.95,Accepted,RR8,true
RT005698,SO027342,2,V00004,P0001,2026-07-09,ST009,1,271.95,Accepted,RR1,true
RT005699,SO027347,1,V00346,P0015,2026-06-06,ST011,2,439.90,Accepted,RR7,true
RT005700,SO027350,1,V00130,P0006,2026-06-13,ST011,1,162.95,Accepted,RR4,false
RT005701,SO027360,4,V00658,P0032,2026-06-07,ST015,1,39.95,Accepted,RR2,true
RT005702,SO027376,1,V00278,P0012,2026-06-12,ST015,1,116.95,Accepted,RR5,true
RT005703,SO027379,1,V00252,P0011,2026-06-04,ST010,1,157.95,Pending,RR2,false
RT005704,SO027382,1,V00466,P0021,2026-06-04,ST008,1,278.95,Pending,RR1,false
RT005705,SO027383,1,V00458,P0021,2026-06-13,ST018,1,278.95,Accepted,RR3,true
RT005706,SO027385,4,V00730,P0045,2026-05-28,ST017,1,93.95,Accepted,RR2,true
RT005707,SO027392,1,V00608,P0029,2026-06-03,ST012,1,135.95,Pending,RR1,false
RT005708,SO027395,2,V00628,P0030,2026-05-30,ST002,1,133.95,Accepted,RR1,true
RT005709,SO027398,1,V00173,P0008,2026-06-17,ST004,1,135.95,Accepted,RR4,false
RT005710,SO027405,1,V00605,P0029,2026-06-19,ST001,1,135.95,Accepted,RR7,true
RT005711,SO027407,2,V00161,P0007,2026-06-17,ST007,1,126.95,Accepted,RR1,true
RT005712,SO027409,1,V00615,P0029,2026-06-07,ST014,1,135.95,Accepted,RR7,true
RT005713,SO027409,2,V00119,P0005,2026-06-24,ST008,1,133.95,Accepted,RR7,true
RT005714,SO027412,4,V00406,P0018,2026-06-20,ST001,1,180.95,Accepted,RR7,true
RT005715,SO027419,1,V00343,P0015,2026-06-30,ST011,1,219.95,Accepted,RR2,true
RT005716,SO027420,1,V00088,P0004,2026-06-14,ST011,1,240.95,Accepted,RR3,true
RT005717,SO027420,2,V00028,P0002,2026-06-11,ST017,1,190.95,Accepted,RR7,true
RT005718,SO027428,1,V00393,P0017,2026-07-07,ST015,1,159.95,Accepted,RR4,false
RT005719,SO027430,3,V00692,P0034,2026-06-13,ST017,1,61.95,Accepted,RR7,true
RT005720,SO027433,1,V00235,P0010,2026-06-23,ST018,1,108.95,Accepted,RR2,true
RT005721,SO027438,1,V00454,P0020,2026-06-01,ST015,1,425.95,Accepted,RR3,true
RT005722,SO027439,1,V00688,P0033,2026-06-06,ST001,1,48.95,Accepted,RR7,true
RT005723,SO027444,1,V00015,P0001,2026-06-12,ST012,1,271.95,Accepted,RR1,true
RT005724,SO027452,1,V00514,P0024,2026-06-05,ST002,1,122.95,Pending,RR8,false
RT005725,SO027457,1,V00727,P0044,2026-05-31,ST003,1,115.95,Accepted,RR2,true
RT005726,SO027457,2,V00334,P0014,2026-06-04,ST007,3,569.85,Accepted,RR5,true
RT005727,SO027462,4,V00712,P0036,2026-06-05,ST004,2,355.90,Accepted,RR8,true
RT005728,SO027466,2,V00365,P0016,2026-06-05,ST006,1,218.95,Accepted,RR1,true
RT005729,SO027474,1,V00127,P0006,2026-06-08,ST009,2,325.90,Accepted,RR2,true
RT005730,SO027478,1,V00597,P0028,2026-06-03,ST010,1,93.95,Accepted,RR2,true
RT005731,SO027489,3,V00657,P0032,2026-06-08,ST014,1,39.95,Accepted,RR7,true
RT005732,SO027514,3,V00455,P0020,2026-06-09,ST001,1,425.95,Accepted,RR3,true
RT005733,SO027522,3,V00453,P0020,2026-06-13,ST003,1,425.95,Accepted,RR5,true
RT005734,SO027542,1,V00470,P0021,2026-06-30,ST011,1,278.95,Accepted,RR1,true
RT005735,SO027543,2,V00015,P0001,2026-06-02,ST011,1,244.75,Accepted,RR1,true
RT005736,SO027561,1,V00723,P0042,2026-06-06,ST015,1,358.95,Accepted,RR1,true
RT005737,SO027562,1,V00727,P0044,2026-06-06,ST004,1,115.95,Accepted,RR4,false
RT005738,SO027568,2,V00246,P0011,2026-06-15,ST005,1,157.95,Accepted,RR5,true
RT005739,SO027571,1,V00075,P0004,2026-06-16,ST015,1,240.95,Accepted,RR5,true
RT005740,SO027571,2,V00224,P0010,2026-06-14,ST011,1,108.95,Accepted,RR7,true
RT005741,SO027576,4,V00177,P0008,2026-06-03,ST013,2,271.90,Accepted,RR3,true
RT005742,SO027596,2,V00425,P0019,2026-06-02,ST009,1,250.95,Accepted,RR8,true
RT005743,SO027602,1,V00256,P0011,2026-06-10,ST011,1,157.95,Accepted,RR7,true
RT005744,SO027608,2,V00172,P0008,2026-06-07,ST014,1,115.56,Accepted,RR8,true
RT005745,SO027612,1,V00030,P0002,2026-06-07,ST016,1,190.95,Rejected,RR7,false
RT005746,SO027616,2,V00674,P0033,2026-07-17,ST018,1,48.95,Accepted,RR6,true
RT005747,SO027624,2,V00617,P0029,2026-06-08,ST006,2,271.90,Accepted,RR1,true
RT005748,SO027625,4,V00675,P0033,2026-06-17,ST006,1,48.95,Accepted,RR5,true
RT005749,SO027626,1,V00393,P0017,2026-07-18,ST002,3,479.85,Accepted,RR1,true
RT005750,SO027629,1,V00496,P0023,2026-06-15,ST005,1,132.95,Accepted,RR2,true
RT005751,SO027636,5,V00389,P0017,2026-06-24,ST002,1,159.95,Accepted,RR4,false
RT005752,SO027640,2,V00486,P0022,2026-06-04,ST004,1,439.95,Accepted,RR4,false
RT005753,SO027643,1,V00271,P0012,2026-07-14,ST004,1,116.95,Accepted,RR1,true
RT005754,SO027650,5,V00722,P0041,2026-06-05,ST005,1,211.95,Accepted,RR7,true
RT005755,SO027659,2,V00728,P0044,2026-06-09,ST008,1,115.95,Accepted,RR4,false
RT005756,SO027668,3,V00005,P0001,2026-06-06,ST010,1,271.95,Accepted,RR1,true
RT005757,SO027674,2,V00392,P0017,2026-06-25,ST011,1,159.95,Accepted,RR7,true
RT005758,SO027685,1,V00272,P0012,2026-07-10,ST014,1,116.95,Accepted,RR1,true
RT005759,SO027687,2,V00279,P0012,2026-06-24,ST014,1,116.95,Accepted,RR1,true
RT005760,SO027691,1,V00088,P0004,2026-06-12,ST015,1,240.95,Accepted,RR1,true
RT005761,SO027693,1,V00511,P0024,2026-06-08,ST016,1,122.95,Rejected,RR2,false
RT005762,SO027693,3,V00426,P0019,2026-06-13,ST002,1,250.95,Accepted,RR4,false
RT005763,SO027696,2,V00733,P0047,2026-06-13,ST016,2,179.90,Accepted,RR8,true
RT005764,SO027704,1,V00700,P0034,2026-06-19,ST017,1,61.95,Pending,RR7,false
RT005765,SO027705,1,V00221,P0010,2026-06-04,ST018,1,108.95,Accepted,RR8,true
RT005766,SO027715,3,V00719,P0040,2026-06-17,ST009,1,339.95,Accepted,RR1,true
RT005767,SO027718,2,V00734,P0047,2026-06-24,ST011,1,89.95,Accepted,RR1,true
RT005768,SO027719,1,V00258,P0011,2026-06-09,ST011,1,157.95,Accepted,RR4,false
RT005769,SO027723,1,V00316,P0014,2026-07-16,ST001,1,189.95,Accepted,RR8,true
RT005770,SO027737,2,V00467,P0021,2026-06-19,ST003,1,237.11,Accepted,RR8,true
RT005771,SO027738,4,V00441,P0020,2026-06-17,ST004,1,425.95,Rejected,RR6,false
RT005772,SO027745,1,V00088,P0004,2026-06-02,ST004,1,240.95,Accepted,RR4,false
RT005773,SO027749,1,V00711,P0036,2026-06-10,ST007,1,177.95,Accepted,RR2,true
RT005774,SO027765,2,V00739,P0050,2026-06-10,ST012,1,215.95,Rejected,RR1,false
RT005775,SO027770,1,V00171,P0008,2026-06-05,ST014,1,135.95,Accepted,RR1,true
RT005776,SO027772,1,V00236,P0010,2026-07-05,ST008,1,108.95,Accepted,RR1,true
RT005777,SO027776,1,V00660,P0032,2026-07-18,ST015,1,39.95,Accepted,RR5,true
RT005778,SO027789,1,V00063,P0003,2026-07-11,ST018,1,164.95,Accepted,RR1,true
RT005779,SO027792,3,V00057,P0003,2026-06-22,ST016,1,164.95,Accepted,RR4,false
RT005780,SO027792,4,V00734,P0047,2026-06-26,ST001,1,89.95,Accepted,RR2,true
RT005781,SO027794,1,V00459,P0021,2026-06-16,ST016,1,278.95,Accepted,RR1,true
RT005782,SO027796,3,V00199,P0009,2026-06-09,ST007,1,119.95,Accepted,RR4,false
RT005783,SO027799,2,V00573,P0027,2026-06-25,ST001,1,82.95,Accepted,RR4,false
RT005784,SO027804,3,V00190,P0008,2026-06-12,ST015,2,271.90,Pending,RR2,false
RT005785,SO027806,1,V00134,P0006,2026-06-10,ST004,1,162.95,Accepted,RR7,true
RT005786,SO027806,2,V00684,P0033,2026-06-16,ST004,1,48.95,Accepted,RR3,true
RT005787,SO027808,2,V00537,P0025,2026-06-26,ST004,1,95.95,Accepted,RR7,true
RT005788,SO027808,3,V00184,P0008,2026-06-11,ST004,1,122.35,Accepted,RR8,true
RT005789,SO027809,1,V00207,P0009,2026-07-19,ST004,1,119.95,Pending,RR7,false
RT005790,SO027816,1,V00018,P0001,2026-06-17,ST006,1,271.95,Accepted,RR1,true
RT005791,SO027819,1,V00453,P0020,2026-06-17,ST007,1,425.95,Accepted,RR2,true
RT005792,SO027832,2,V00705,P0034,2026-06-29,ST011,1,61.95,Accepted,RR2,true
RT005793,SO027835,1,V00436,P0019,2026-06-21,ST011,1,250.95,Accepted,RR1,true
RT005794,SO027836,1,V00028,P0002,2026-07-19,ST012,1,190.95,Accepted,RR4,false
RT005795,SO027845,3,V00355,P0015,2026-06-11,ST016,1,219.95,Accepted,RR1,true
RT005796,SO027848,1,V00254,P0011,2026-06-11,ST006,1,134.26,Accepted,RR7,true
RT005797,SO027857,1,V00622,P0030,2026-06-22,ST001,1,133.95,Rejected,RR7,false
RT005798,SO027858,1,V00254,P0011,2026-06-10,ST001,1,157.95,Accepted,RR7,true
RT005799,SO027859,2,V00113,P0005,2026-06-21,ST001,1,133.95,Accepted,RR7,true
RT005800,SO027860,1,V00722,P0041,2026-06-28,ST001,1,211.95,Accepted,RR1,true
RT005801,SO027879,1,V00380,P0016,2026-06-30,ST015,1,218.95,Accepted,RR1,true
RT005802,SO027893,1,V00481,P0022,2026-06-20,ST012,1,439.95,Pending,RR4,false
RT005803,SO027897,1,V00716,P0038,2026-07-18,ST015,1,405.41,Accepted,RR4,false
RT005804,SO027898,1,V00020,P0001,2026-06-24,ST015,1,271.95,Accepted,RR7,true
RT005805,SO027906,2,V00234,P0010,2026-06-20,ST001,1,108.95,Accepted,RR2,true
RT005806,SO027908,1,V00737,P0049,2026-06-18,ST004,1,51.95,Accepted,RR5,true
RT005807,SO027912,3,V00370,P0016,2026-06-21,ST006,1,218.95,Accepted,RR1,true
RT005808,SO027917,1,V00519,P0024,2026-07-17,ST001,1,122.95,Pending,RR1,false
RT005809,SO027944,1,V00004,P0001,2026-07-17,ST001,1,271.95,Accepted,RR1,true
RT005810,SO027946,2,V00308,P0013,2026-07-04,ST010,1,149.56,Accepted,RR8,true
RT005811,SO027950,1,V00216,P0009,2026-06-24,ST011,1,119.95,Accepted,RR7,true
RT005812,SO027953,1,V00066,P0003,2026-06-12,ST012,1,164.95,Accepted,RR3,true
RT005813,SO027954,5,V00080,P0004,2026-06-05,ST012,1,240.95,Accepted,RR7,true
RT005814,SO027957,1,V00709,P0035,2026-06-22,ST013,1,192.95,Accepted,RR7,true
RT005815,SO027964,1,V00380,P0016,2026-07-08,ST016,1,218.95,Accepted,RR5,true
RT005816,SO027964,2,V00389,P0017,2026-06-20,ST016,1,127.96,Pending,RR1,false
RT005817,SO027966,2,V00740,P0050,2026-06-13,ST017,1,215.95,Accepted,RR2,true
RT005818,SO027972,2,V00081,P0004,2026-06-21,ST003,1,216.85,Accepted,RR3,true
RT005819,SO027976,3,V00599,P0028,2026-06-12,ST007,1,93.95,Accepted,RR6,true
RT005820,SO027982,1,V00543,P0025,2026-06-16,ST002,1,95.95,Accepted,RR6,true
RT005821,SO027991,1,V00203,P0009,2026-07-06,ST004,1,119.95,Accepted,RR1,true
RT005822,SO027997,1,V00184,P0008,2026-06-06,ST005,1,135.95,Accepted,RR8,true
RT005823,SO028000,2,V00717,P0039,2026-06-14,ST007,1,220.95,Accepted,RR3,true
RT005824,SO028002,3,V00725,P0043,2026-06-18,ST007,1,138.95,Accepted,RR5,true
RT005825,SO028020,4,V00058,P0003,2026-06-23,ST014,1,140.21,Accepted,RR7,true
RT005826,SO028032,1,V00003,P0001,2026-06-25,ST012,1,271.95,Accepted,RR3,true
RT005827,SO028032,2,V00136,P0006,2026-06-14,ST006,1,162.95,Accepted,RR4,false
RT005828,SO028040,1,V00245,P0011,2026-06-14,ST002,1,157.95,Accepted,RR5,true
RT005829,SO028041,1,V00454,P0020,2026-06-18,ST006,1,425.95,Accepted,RR7,true
RT005830,SO028043,1,V00555,P0026,2026-06-15,ST012,1,52.95,Accepted,RR7,true
RT005831,SO028056,2,V00710,P0035,2026-07-04,ST006,1,192.95,Accepted,RR4,false
RT005832,SO028061,3,V00331,P0014,2026-07-20,ST008,1,189.95,Accepted,RR7,true
RT005833,SO028075,1,V00101,P0005,2026-06-25,ST016,1,133.95,Accepted,RR1,true
RT005834,SO028078,1,V00271,P0012,2026-06-23,ST013,1,116.95,Accepted,RR3,true
RT005835,SO028089,2,V00366,P0016,2026-06-13,ST013,1,218.95,Accepted,RR7,true
RT005836,SO028096,4,V00681,P0033,2026-06-14,ST007,1,48.95,Rejected,RR1,false
RT005837,SO028098,1,V00270,P0012,2026-06-17,ST011,1,116.95,Accepted,RR7,true
RT005838,SO028100,1,V00721,P0041,2026-06-07,ST006,1,211.95,Rejected,RR5,false
RT005839,SO028117,3,V00080,P0004,2026-06-24,ST003,1,240.95,Accepted,RR7,true
RT005840,SO028126,1,V00709,P0035,2026-06-12,ST004,1,192.95,Accepted,RR5,true
RT005841,SO028126,2,V00089,P0004,2026-07-11,ST004,1,240.95,Accepted,RR4,false
RT005842,SO028138,3,V00095,P0004,2026-06-08,ST006,1,240.95,Accepted,RR8,true
RT005843,SO028147,1,V00641,P0031,2026-07-03,ST008,1,68.36,Accepted,RR4,false
RT005844,SO028148,4,V00740,P0050,2026-06-27,ST008,1,215.95,Accepted,RR2,true
RT005845,SO028154,1,V00694,P0034,2026-06-15,ST011,1,61.95,Accepted,RR4,false
RT005846,SO028159,3,V00704,P0034,2026-06-29,ST013,1,61.95,Accepted,RR2,true
RT005847,SO028160,1,V00283,P0012,2026-07-05,ST002,1,116.95,Accepted,RR6,true
RT005848,SO028165,3,V00292,P0013,2026-06-18,ST015,1,175.95,Accepted,RR1,true
RT005849,SO028175,2,V00284,P0012,2026-06-18,ST011,1,116.95,Accepted,RR1,true
RT005850,SO028185,2,V00736,P0048,2026-07-03,ST013,1,75.55,Accepted,RR3,true
RT005851,SO028188,2,V00524,P0024,2026-06-24,ST008,1,122.95,Accepted,RR7,true
RT005852,SO028190,1,V00628,P0030,2026-07-02,ST001,1,107.16,Accepted,RR4,false
RT005853,SO028194,1,V00068,P0003,2026-06-24,ST013,1,164.95,Accepted,RR7,true
RT005854,SO028196,1,V00728,P0044,2026-06-17,ST005,1,115.95,Accepted,RR7,true
RT005855,SO028200,4,V00053,P0003,2026-06-23,ST001,1,148.45,Pending,RR4,false
RT005856,SO028218,1,V00188,P0008,2026-06-15,ST004,1,135.95,Accepted,RR1,true
RT005857,SO028221,2,V00305,P0013,2026-06-26,ST004,1,175.95,Accepted,RR1,true
RT005858,SO028233,1,V00148,P0007,2026-07-03,ST006,1,126.95,Accepted,RR4,false
RT005859,SO028235,1,V00331,P0014,2026-06-25,ST016,1,189.95,Accepted,RR7,true
RT005860,SO028242,3,V00293,P0013,2026-06-16,ST009,1,175.95,Accepted,RR4,false
RT005861,SO028255,4,V00744,P0052,2026-06-27,ST011,1,105.56,Accepted,RR7,true
RT005862,SO028256,1,V00735,P0048,2026-07-01,ST011,1,83.95,Accepted,RR7,true
RT005863,SO028256,2,V00040,P0002,2026-06-24,ST011,1,190.95,Accepted,RR4,false
RT005864,SO028262,1,V00154,P0007,2026-06-28,ST012,1,126.95,Accepted,RR1,true
RT005865,SO028265,1,V00378,P0016,2026-06-18,ST013,1,218.95,Accepted,RR1,true
RT005866,SO028273,1,V00018,P0001,2026-07-06,ST015,1,271.95,Accepted,RR1,true
RT005867,SO028276,1,V00333,P0014,2026-06-28,ST016,1,189.95,Accepted,RR6,true
RT005868,SO028282,1,V00610,P0029,2026-07-02,ST007,1,135.95,Accepted,RR8,true
RT005869,SO028290,1,V00726,P0043,2026-06-22,ST001,1,138.95,Accepted,RR3,true
RT005870,SO028292,1,V00170,P0008,2026-07-27,ST001,1,135.95,Accepted,RR1,true
RT005871,SO028293,3,V00739,P0050,2026-06-16,ST001,1,215.95,Accepted,RR7,true
RT005872,SO028303,2,V00379,P0016,2026-06-26,ST004,1,218.95,Accepted,RR6,true
RT005873,SO028306,1,V00285,P0012,2026-07-24,ST005,1,116.95,Accepted,RR7,true
RT005874,SO028322,2,V00356,P0015,2026-07-13,ST011,1,219.95,Rejected,RR1,false
RT005875,SO028323,2,V00277,P0012,2026-06-13,ST011,1,116.95,Accepted,RR1,true
RT005876,SO028328,1,V00581,P0027,2026-06-19,ST016,1,82.95,Accepted,RR4,false
RT005877,SO028330,1,V00623,P0030,2026-07-02,ST013,1,133.95,Rejected,RR7,false
RT005878,SO028349,1,V00184,P0008,2026-06-13,ST009,1,135.95,Accepted,RR1,true
RT005879,SO028351,1,V00032,P0002,2026-06-17,ST011,1,190.95,Accepted,RR6,true
RT005880,SO028353,2,V00296,P0013,2026-06-29,ST006,1,175.95,Accepted,RR3,true
RT005881,SO028353,3,V00733,P0047,2026-06-12,ST005,1,89.95,Accepted,RR4,false
RT005882,SO028354,1,V00008,P0001,2026-06-27,ST006,1,271.95,Accepted,RR7,true
RT005883,SO028354,2,V00038,P0002,2026-06-10,ST005,1,152.76,Accepted,RR2,true
RT005884,SO028363,1,V00056,P0003,2026-07-24,ST003,1,164.95,Accepted,RR1,true
RT005885,SO028364,1,V00186,P0008,2026-06-21,ST003,1,135.95,Rejected,RR8,false
RT005886,SO028364,2,V00503,P0023,2026-07-14,ST003,1,132.95,Accepted,RR8,true
RT005887,SO028365,1,V00005,P0001,2026-06-25,ST003,1,217.56,Rejected,RR2,false
RT005888,SO028367,4,V00210,P0009,2026-06-20,ST016,1,119.95,Accepted,RR6,true
RT005889,SO028375,1,V00712,P0036,2026-07-21,ST007,1,177.95,Accepted,RR1,true
RT005890,SO028381,1,V00137,P0006,2026-06-28,ST009,1,162.95,Rejected,RR8,false
RT005891,SO028389,1,V00334,P0014,2026-06-23,ST012,1,189.95,Accepted,RR3,true
RT005892,SO028396,1,V00059,P0003,2026-06-22,ST015,1,164.95,Accepted,RR7,true
RT005893,SO028397,2,V00696,P0034,2026-06-17,ST015,2,123.90,Accepted,RR2,true
RT005894,SO028400,1,V00259,P0011,2026-06-18,ST016,1,157.95,Pending,RR5,false
RT005895,SO028403,1,V00015,P0001,2026-06-19,ST018,2,543.90,Rejected,RR1,false
RT005896,SO028406,1,V00706,P0034,2026-06-29,ST001,1,61.95,Accepted,RR1,true
RT005897,SO028408,1,V00077,P0004,2026-06-27,ST018,1,192.76,Accepted,RR6,true
RT005898,SO028410,4,V00359,P0015,2026-07-27,ST004,1,219.95,Accepted,RR3,true
RT005899,SO028412,1,V00709,P0035,2026-06-23,ST004,1,192.95,Accepted,RR6,true
RT005900,SO028412,3,V00256,P0011,2026-06-15,ST009,1,157.95,Accepted,RR5,true
RT005901,SO028416,1,V00089,P0004,2026-07-11,ST006,1,240.95,Accepted,RR6,true
RT005902,SO028417,1,V00175,P0008,2026-06-26,ST015,1,135.95,Accepted,RR1,true
RT005903,SO028438,1,V00354,P0015,2026-06-25,ST007,1,219.95,Accepted,RR3,true
RT005904,SO028439,2,V00346,P0015,2026-06-17,ST007,1,219.95,Accepted,RR1,true
RT005905,SO028446,1,V00399,P0017,2026-06-27,ST011,1,159.95,Accepted,RR4,false
RT005906,SO028446,2,V00141,P0006,2026-07-02,ST011,1,162.95,Accepted,RR4,false
RT005907,SO028451,1,V00638,P0031,2026-07-10,ST013,1,75.95,Accepted,RR1,true
RT005908,SO028452,1,V00562,P0026,2026-06-14,ST014,1,52.95,Pending,RR4,false
RT005909,SO028453,1,V00221,P0010,2026-06-12,ST014,1,108.95,Accepted,RR5,true
RT005910,SO028473,1,V00715,P0038,2026-06-29,ST002,1,476.95,Accepted,RR7,true
RT005911,SO028485,4,V00353,P0015,2026-06-17,ST008,1,219.95,Accepted,RR3,true
RT005912,SO028497,1,V00022,P0001,2026-07-07,ST012,1,271.95,Accepted,RR1,true
RT005913,SO028500,1,V00058,P0003,2026-06-29,ST013,1,164.95,Rejected,RR1,false
RT005914,SO028501,1,V00352,P0015,2026-06-21,ST013,1,175.96,Accepted,RR6,true
RT005915,SO028521,2,V00102,P0005,2026-06-21,ST003,1,107.16,Accepted,RR7,true
RT005916,SO028524,1,V00560,P0026,2026-06-17,ST009,1,52.95,Accepted,RR3,true
RT005917,SO028525,1,V00090,P0004,2026-06-20,ST003,1,240.95,Accepted,RR8,true
RT005918,SO028526,2,V00687,P0033,2026-06-29,ST001,1,39.16,Accepted,RR7,true
RT005919,SO028526,4,V00077,P0004,2026-07-30,ST001,1,240.95,Accepted,RR8,true
RT005920,SO028527,2,V00713,P0037,2026-07-25,ST009,1,228.95,Accepted,RR3,true
RT005921,SO028532,1,V00136,P0006,2026-07-03,ST004,1,162.95,Accepted,RR3,true
RT005922,SO028535,1,V00255,P0011,2026-07-31,ST004,1,157.95,Accepted,RR1,true
RT005923,SO028541,1,V00744,P0052,2026-07-29,ST007,1,131.95,Accepted,RR7,true
RT005924,SO028545,4,V00741,P0051,2026-07-11,ST009,1,73.95,Accepted,RR3,true
RT005925,SO028560,1,V00017,P0001,2026-06-17,ST013,1,271.95,Accepted,RR1,true
RT005926,SO028571,5,V00676,P0033,2026-06-25,ST006,1,48.95,Accepted,RR4,false
RT005927,SO028572,1,V00203,P0009,2026-06-30,ST007,1,119.95,Pending,RR6,false
RT005928,SO028577,2,V00464,P0021,2026-07-01,ST014,1,278.95,Accepted,RR4,false
RT005929,SO028580,1,V00713,P0037,2026-06-17,ST011,1,228.95,Accepted,RR4,false
RT005930,SO028583,2,V00452,P0020,2026-07-07,ST001,1,425.95,Rejected,RR1,false
RT005931,SO028585,3,V00606,P0029,2026-06-22,ST002,1,135.95,Accepted,RR4,false
RT005932,SO028594,1,V00610,P0029,2026-06-28,ST018,1,135.95,Accepted,RR4,false
RT005933,SO028603,3,V00368,P0016,2026-07-06,ST005,1,218.95,Accepted,RR7,true
RT005934,SO028610,1,V00627,P0030,2026-07-05,ST006,1,133.95,Accepted,RR3,true
RT005935,SO028610,3,V00094,P0004,2026-06-26,ST006,1,240.95,Accepted,RR6,true
RT005936,SO028612,2,V00209,P0009,2026-06-28,ST006,1,95.96,Accepted,RR7,true
RT005937,SO028612,3,V00333,P0014,2026-07-02,ST006,1,189.95,Accepted,RR7,true
RT005938,SO028612,4,V00081,P0004,2026-06-20,ST006,1,240.95,Rejected,RR3,false
RT005939,SO028623,2,V00464,P0021,2026-07-24,ST011,1,278.95,Accepted,RR5,true
RT005940,SO028624,1,V00260,P0011,2026-06-24,ST011,1,157.95,Accepted,RR3,true
RT005941,SO028626,1,V00234,P0010,2026-06-24,ST011,1,108.95,Accepted,RR1,true
RT005942,SO028635,1,V00020,P0001,2026-06-21,ST013,1,271.95,Accepted,RR1,true
RT005943,SO028643,1,V00161,P0007,2026-06-27,ST015,1,126.95,Accepted,RR2,true
RT005944,SO028646,1,V00273,P0012,2026-07-07,ST015,1,116.95,Accepted,RR7,true
RT005945,SO028650,2,V00209,P0009,2026-06-27,ST015,1,119.95,Accepted,RR2,true
RT005946,SO028671,4,V00355,P0015,2026-07-06,ST011,1,219.95,Accepted,RR2,true
RT005947,SO028674,1,V00304,P0013,2026-07-17,ST012,1,175.95,Accepted,RR7,true
RT005948,SO028675,4,V00699,P0034,2026-06-27,ST001,1,61.95,Rejected,RR3,false
RT005949,SO028678,1,V00741,P0051,2026-07-10,ST001,1,73.95,Accepted,RR1,true
RT005950,SO028682,1,V00015,P0001,2026-06-28,ST002,1,271.95,Accepted,RR1,true
RT005951,SO028684,1,V00005,P0001,2026-06-17,ST002,1,217.56,Accepted,RR1,true
RT005952,SO028689,3,V00515,P0024,2026-06-24,ST004,1,122.95,Accepted,RR5,true
RT005953,SO028691,1,V00710,P0035,2026-06-20,ST004,1,192.95,Accepted,RR8,true
RT005954,SO028692,2,V00056,P0003,2026-06-20,ST004,1,164.95,Pending,RR6,false
RT005955,SO028693,2,V00185,P0008,2026-07-09,ST012,1,135.95,Accepted,RR4,false
RT005956,SO028695,1,V00032,P0002,2026-06-27,ST004,1,171.85,Accepted,RR2,true
RT005957,SO028702,1,V00489,P0022,2026-06-23,ST006,1,439.95,Accepted,RR1,true
RT005958,SO028711,2,V00139,P0006,2026-06-20,ST009,1,162.95,Accepted,RR3,true
RT005959,SO028715,2,V00365,P0016,2026-07-17,ST011,1,218.95,Accepted,RR1,true
RT005960,SO028722,1,V00442,P0020,2026-06-26,ST011,1,425.95,Rejected,RR7,false
RT005961,SO028723,1,V00077,P0004,2026-07-01,ST011,1,240.95,Accepted,RR3,true
RT005962,SO028730,2,V00089,P0004,2026-06-25,ST004,1,240.95,Accepted,RR4,false
RT005963,SO028732,1,V00331,P0014,2026-08-03,ST014,1,189.95,Accepted,RR7,true
RT005964,SO028744,1,V00117,P0005,2026-07-01,ST016,1,107.16,Accepted,RR6,true
RT005965,SO028744,2,V00039,P0002,2026-07-07,ST017,1,152.76,Accepted,RR3,true
RT005966,SO028746,1,V00044,P0002,2026-06-21,ST017,1,190.95,Pending,RR1,false
RT005967,SO028748,1,V00733,P0047,2026-06-28,ST017,1,89.95,Accepted,RR8,true
RT005968,SO028756,1,V00016,P0001,2026-06-17,ST012,1,271.95,Accepted,RR1,true
RT005969,SO028760,1,V00537,P0025,2026-06-25,ST004,1,95.95,Accepted,RR7,true
RT005970,SO028783,3,V00718,P0039,2026-06-24,ST007,1,220.95,Pending,RR7,false
RT005971,SO028790,1,V00103,P0005,2026-07-12,ST010,1,133.95,Accepted,RR7,true
RT005972,SO028792,2,V00124,P0006,2026-06-19,ST008,1,162.95,Accepted,RR1,true
RT005973,SO028798,1,V00079,P0004,2026-07-01,ST015,1,240.95,Accepted,RR7,true
RT005974,SO028809,1,V00716,P0038,2026-06-25,ST001,1,476.95,Accepted,RR4,false
RT005975,SO028813,1,V00279,P0012,2026-06-23,ST003,1,116.95,Accepted,RR7,true
RT005976,SO028816,1,V00161,P0007,2026-07-18,ST017,1,126.95,Accepted,RR8,true
RT005977,SO028819,2,V00368,P0016,2026-07-11,ST012,1,218.95,Accepted,RR4,false
RT005978,SO028820,2,V00650,P0031,2026-07-02,ST006,1,75.95,Accepted,RR2,true
RT005979,SO028820,3,V00706,P0034,2026-06-17,ST012,1,61.95,Pending,RR7,false
RT005980,SO028832,3,V00616,P0029,2026-07-02,ST004,1,135.95,Accepted,RR4,false
RT005981,SO028837,2,V00103,P0005,2026-06-28,ST004,1,133.95,Accepted,RR2,true
RT005982,SO028839,1,V00125,P0006,2026-06-27,ST006,1,162.95,Accepted,RR4,false
RT005983,SO028842,2,V00187,P0008,2026-07-02,ST007,1,135.95,Accepted,RR2,true
RT005984,SO028866,1,V00046,P0002,2026-06-28,ST017,3,572.85,Accepted,RR1,true
RT005985,SO028870,2,V00728,P0044,2026-06-26,ST006,1,115.95,Accepted,RR1,true
RT005986,SO028876,2,V00377,P0016,2026-07-03,ST004,1,218.95,Accepted,RR5,true
RT005987,SO028878,2,V00017,P0001,2026-07-05,ST013,1,271.95,Accepted,RR1,true
RT005988,SO028881,2,V00221,P0010,2026-07-26,ST006,1,108.95,Rejected,RR8,false
RT005989,SO028881,3,V00473,P0021,2026-07-01,ST018,1,278.95,Accepted,RR8,true
RT005990,SO028883,1,V00053,P0003,2026-07-04,ST005,1,164.95,Accepted,RR8,true
RT005991,SO028883,3,V00392,P0017,2026-07-02,ST006,2,319.90,Accepted,RR7,true
RT005992,SO028887,4,V00432,P0019,2026-07-20,ST001,1,250.95,Accepted,RR8,true
RT005993,SO028888,1,V00710,P0035,2026-07-04,ST002,1,192.95,Accepted,RR7,true
RT005994,SO028894,1,V00602,P0029,2026-07-03,ST004,1,108.76,Accepted,RR5,true
RT005995,SO028897,3,V00280,P0012,2026-08-03,ST004,1,116.95,Accepted,RR7,true
RT005996,SO028899,1,V00294,P0013,2026-06-26,ST004,1,158.35,Accepted,RR4,false
RT005997,SO028901,3,V00288,P0012,2026-06-22,ST005,1,116.95,Accepted,RR8,true
RT005998,SO028902,1,V00105,P0005,2026-06-28,ST005,1,133.95,Accepted,RR2,true
RT005999,SO028905,1,V00317,P0014,2026-06-26,ST006,2,379.90,Accepted,RR2,true
RT006000,SO028906,1,V00128,P0006,2026-07-18,ST006,1,162.95,Accepted,RR6,true
RT006001,SO028910,1,V00259,P0011,2026-07-13,ST008,1,157.95,Accepted,RR5,true
RT006002,SO028913,1,V00478,P0022,2026-06-26,ST008,1,439.95,Accepted,RR1,true
RT006003,SO028916,2,V00727,P0044,2026-07-28,ST010,1,115.95,Accepted,RR3,true
RT006004,SO028929,2,V00483,P0022,2026-07-07,ST013,1,439.95,Rejected,RR7,false
RT006005,SO028929,3,V00481,P0022,2026-06-26,ST013,1,439.95,Accepted,RR8,true
RT006006,SO028942,2,V00236,P0010,2026-06-29,ST011,1,92.61,Accepted,RR1,true
RT006007,SO028943,2,V00737,P0049,2026-07-10,ST004,1,41.56,Accepted,RR5,true
RT006008,SO028946,3,V00043,P0002,2026-07-10,ST002,1,190.95,Accepted,RR8,true
RT006009,SO028952,2,V00331,P0014,2026-07-06,ST011,1,151.96,Rejected,RR3,false
RT006010,SO028961,1,V00556,P0026,2026-07-21,ST014,1,52.95,Accepted,RR7,true
RT006011,SO028962,3,V00034,P0002,2026-07-07,ST003,1,190.95,Pending,RR7,false
RT006012,SO028976,1,V00053,P0003,2026-07-17,ST012,1,164.95,Accepted,RR2,true
RT006013,SO028977,1,V00585,P0028,2026-06-27,ST006,1,93.95,Accepted,RR1,true
RT006014,SO028983,2,V00103,P0005,2026-07-04,ST008,1,133.95,Accepted,RR3,true
RT006015,SO028983,3,V00343,P0015,2026-06-27,ST008,1,219.95,Accepted,RR7,true
RT006016,SO028987,1,V00291,P0013,2026-07-15,ST010,1,175.95,Accepted,RR3,true
RT006017,SO028994,1,V00085,P0004,2026-06-28,ST014,1,192.76,Pending,RR4,false
RT006018,SO029002,1,V00408,P0018,2026-08-04,ST017,2,289.52,Accepted,RR5,true
RT006019,SO029003,1,V00122,P0006,2026-07-07,ST017,1,162.95,Accepted,RR7,true
RT006020,SO029009,2,V00073,P0004,2026-06-22,ST005,1,240.95,Accepted,RR8,true
RT006021,SO029010,1,V00506,P0023,2026-06-30,ST016,1,132.95,Accepted,RR2,true
RT006022,SO029013,1,V00051,P0003,2026-07-04,ST014,1,164.95,Accepted,RR2,true
RT006023,SO029014,1,V00056,P0003,2026-07-06,ST004,2,329.90,Accepted,RR1,true
RT006024,SO029018,1,V00628,P0030,2026-08-02,ST001,1,133.95,Accepted,RR4,false
RT006025,SO029071,5,V00471,P0021,2026-07-24,ST001,1,278.95,Accepted,RR8,true
RT006026,SO029073,1,V00091,P0004,2026-06-29,ST013,1,240.95,Accepted,RR7,true
RT006027,SO029074,1,V00041,P0002,2026-08-04,ST006,1,190.95,Accepted,RR2,true
RT006028,SO029077,1,V00669,P0032,2026-07-08,ST001,1,39.95,Accepted,RR4,false
RT006029,SO029077,3,V00418,P0018,2026-07-07,ST001,1,180.95,Accepted,RR5,true
RT006030,SO029078,2,V00509,P0023,2026-08-07,ST001,1,106.36,Accepted,RR5,true
RT006031,SO029079,2,V00113,P0005,2026-07-06,ST001,1,133.95,Accepted,RR6,true
RT006032,SO029083,1,V00335,P0014,2026-07-08,ST001,1,189.95,Accepted,RR8,true
RT006033,SO029089,1,V00005,P0001,2026-06-22,ST002,1,271.95,Accepted,RR1,true
RT006034,SO029093,2,V00742,P0051,2026-07-14,ST003,1,66.55,Pending,RR4,false
RT006035,SO029097,1,V00436,P0019,2026-07-02,ST004,1,250.95,Accepted,RR4,false
RT006036,SO029104,2,V00448,P0020,2026-06-30,ST004,2,851.90,Accepted,RR6,true
RT006037,SO029109,2,V00138,P0006,2026-07-20,ST005,1,162.95,Accepted,RR1,true
RT006038,SO029111,1,V00377,P0016,2026-07-16,ST006,1,218.95,Accepted,RR7,true
RT006039,SO029113,2,V00614,P0029,2026-07-02,ST006,1,135.95,Accepted,RR2,true
RT006040,SO029123,2,V00093,P0004,2026-07-25,ST008,1,240.95,Accepted,RR4,false
RT006041,SO029124,1,V00675,P0033,2026-07-12,ST009,1,48.95,Rejected,RR7,false
RT006042,SO029128,5,V00322,P0014,2026-06-25,ST015,1,189.95,Accepted,RR2,true
RT006043,SO029132,3,V00741,P0051,2026-08-08,ST010,1,73.95,Accepted,RR1,true
RT006044,SO029134,3,V00340,P0015,2026-07-15,ST010,1,219.95,Accepted,RR1,true
RT006045,SO029136,3,V00173,P0008,2026-06-29,ST010,1,135.95,Rejected,RR1,false
RT006046,SO029137,1,V00356,P0015,2026-07-24,ST011,1,197.95,Accepted,RR4,false
RT006047,SO029138,2,V00103,P0005,2026-06-30,ST011,1,133.95,Rejected,RR7,false
RT006048,SO029143,1,V00233,P0010,2026-07-07,ST011,1,108.95,Rejected,RR8,false
RT006049,SO029144,2,V00263,P0011,2026-07-30,ST011,1,157.95,Accepted,RR2,true
RT006050,SO029148,1,V00015,P0001,2026-07-02,ST012,1,271.95,Rejected,RR7,false
RT006051,SO029148,3,V00598,P0028,2026-06-24,ST012,1,93.95,Accepted,RR5,true
RT006052,SO029154,1,V00468,P0021,2026-08-01,ST014,1,278.95,Accepted,RR2,true
RT006053,SO029157,1,V00331,P0014,2026-07-09,ST015,1,170.96,Accepted,RR3,true
RT006054,SO029158,1,V00243,P0011,2026-06-25,ST015,2,315.90,Accepted,RR6,true
RT006055,SO029165,1,V00102,P0005,2026-07-06,ST017,1,133.95,Accepted,RR7,true
RT006056,SO029168,2,V00730,P0045,2026-08-07,ST017,1,93.95,Accepted,RR1,true
RT006057,SO029175,5,V00420,P0018,2026-08-03,ST018,1,180.95,Accepted,RR8,true
RT006058,SO029177,1,V00049,P0003,2026-06-30,ST008,1,164.95,Accepted,RR4,false
RT006059,SO029182,1,V00230,P0010,2026-07-12,ST006,1,108.95,Accepted,RR7,true
RT006060,SO029183,2,V00377,P0016,2026-07-20,ST005,1,218.95,Accepted,RR4,false
RT006061,SO029186,1,V00057,P0003,2026-07-11,ST003,1,164.95,Accepted,RR4,false
RT006062,SO029196,1,V00282,P0012,2026-07-03,ST001,1,116.95,Accepted,RR2,true
RT006063,SO029202,3,V00331,P0014,2026-07-19,ST002,1,189.95,Accepted,RR5,true
RT006064,SO029212,1,V00029,P0002,2026-06-28,ST004,1,190.95,Accepted,RR3,true
RT006065,SO029216,2,V00699,P0034,2026-07-05,ST005,1,52.66,Rejected,RR6,false
RT006066,SO029237,1,V00490,P0022,2026-07-19,ST010,1,439.95,Rejected,RR3,false
RT006067,SO029239,1,V00178,P0008,2026-08-01,ST011,1,135.95,Accepted,RR4,false
RT006068,SO029251,1,V00261,P0011,2026-07-16,ST014,1,157.95,Rejected,RR4,false
RT006069,SO029267,1,V00284,P0012,2026-07-06,ST014,1,116.95,Accepted,RR4,false
RT006070,SO029269,4,V00520,P0024,2026-07-23,ST018,1,122.95,Accepted,RR4,false
RT006071,SO029272,1,V00742,P0051,2026-07-03,ST005,2,147.90,Accepted,RR4,false
RT006072,SO029275,1,V00362,P0016,2026-07-25,ST017,1,218.95,Accepted,RR8,true
RT006073,SO029277,1,V00004,P0001,2026-07-17,ST008,1,271.95,Accepted,RR7,true
RT006074,SO029278,1,V00019,P0001,2026-07-03,ST006,1,271.95,Accepted,RR2,true
RT006075,SO029279,2,V00019,P0001,2026-06-23,ST013,1,271.95,Accepted,RR1,true
RT006076,SO029285,1,V00677,P0033,2026-07-10,ST001,1,39.16,Accepted,RR2,true
RT006077,SO029286,1,V00714,P0037,2026-07-03,ST001,1,228.95,Accepted,RR2,true
RT006078,SO029296,4,V00738,P0049,2026-07-20,ST005,1,51.95,Pending,RR1,false
RT006079,SO029306,3,V00009,P0001,2026-07-03,ST011,1,271.95,Accepted,RR1,true
RT006080,SO029310,1,V00507,P0023,2026-07-08,ST013,1,132.95,Accepted,RR3,true
RT006081,SO029324,1,V00330,P0014,2026-07-14,ST011,1,189.95,Rejected,RR3,false
RT006082,SO029327,1,V00274,P0012,2026-08-05,ST004,1,116.95,Rejected,RR6,false
RT006083,SO029329,1,V00002,P0001,2026-07-26,ST014,1,271.95,Accepted,RR1,true
RT006084,SO029331,1,V00317,P0014,2026-07-08,ST013,1,189.95,Accepted,RR8,true
RT006085,SO029331,2,V00079,P0004,2026-07-09,ST003,1,240.95,Accepted,RR1,true
RT006086,SO029342,1,V00441,P0020,2026-07-20,ST018,1,425.95,Pending,RR7,false
RT006087,SO029352,1,V00721,P0041,2026-06-30,ST005,1,211.95,Accepted,RR1,true
RT006088,SO029354,2,V00500,P0023,2026-07-09,ST006,1,132.95,Accepted,RR1,true
RT006089,SO029356,3,V00067,P0003,2026-07-05,ST007,1,164.95,Accepted,RR4,false
RT006090,SO029358,2,V00033,P0002,2026-07-11,ST007,1,190.95,Accepted,RR1,true
RT006091,SO029359,1,V00417,P0018,2026-07-06,ST007,1,180.95,Accepted,RR8,true
RT006092,SO029366,1,V00622,P0030,2026-07-06,ST010,2,267.90,Accepted,RR8,true
RT006093,SO029384,1,V00614,P0029,2026-07-09,ST015,1,135.95,Accepted,RR8,true
RT006094,SO029385,1,V00417,P0018,2026-07-11,ST014,2,361.90,Accepted,RR4,false
RT006095,SO029385,3,V00724,P0042,2026-06-27,ST015,1,358.95,Accepted,RR2,true
RT006096,SO029389,2,V00092,P0004,2026-07-14,ST016,1,240.95,Accepted,RR3,true
RT006097,SO029393,2,V00462,P0021,2026-07-01,ST008,1,278.95,Accepted,RR4,false
RT006098,SO029404,2,V00099,P0005,2026-07-09,ST001,1,133.95,Accepted,RR7,true
RT006099,SO029405,1,V00729,P0045,2026-07-01,ST001,2,187.90,Accepted,RR4,false
RT006100,SO029411,1,V00233,P0010,2026-08-06,ST003,1,108.95,Pending,RR5,false
RT006101,SO029419,4,V00739,P0050,2026-07-13,ST002,1,215.95,Accepted,RR3,true
RT006102,SO029428,1,V00725,P0043,2026-07-04,ST004,1,138.95,Accepted,RR2,true
RT006103,SO029432,2,V00319,P0014,2026-07-29,ST011,1,189.95,Accepted,RR2,true
RT006104,SO029435,1,V00742,P0051,2026-06-29,ST011,1,73.95,Accepted,RR7,true
RT006105,SO029441,1,V00065,P0003,2026-06-30,ST014,1,131.96,Accepted,RR8,true
RT006106,SO029450,1,V00031,P0002,2026-07-03,ST017,1,152.76,Accepted,RR1,true
RT006107,SO029452,2,V00718,P0039,2026-07-03,ST018,1,220.95,Pending,RR2,false
RT006108,SO029452,4,V00496,P0023,2026-07-19,ST018,1,132.95,Pending,RR1,false
RT006109,SO029454,1,V00030,P0002,2026-07-20,ST006,1,190.95,Accepted,RR2,true
RT006110,SO029454,4,V00245,P0011,2026-07-12,ST007,1,157.95,Accepted,RR3,true
RT006111,SO029461,1,V00091,P0004,2026-07-03,ST015,1,240.95,Accepted,RR2,true
RT006112,SO029462,4,V00520,P0024,2026-07-12,ST005,1,122.95,Accepted,RR7,true
RT006113,SO029466,3,V00245,P0011,2026-07-06,ST001,1,157.95,Pending,RR2,false
RT006114,SO029475,1,V00719,P0040,2026-07-01,ST003,1,339.95,Accepted,RR8,true
RT006115,SO029477,3,V00234,P0010,2026-07-04,ST004,1,108.95,Accepted,RR7,true
RT006116,SO029483,5,V00738,P0049,2026-07-05,ST006,1,51.95,Accepted,RR3,true
RT006117,SO029487,3,V00074,P0004,2026-06-30,ST007,1,240.95,Rejected,RR7,false
RT006118,SO029496,2,V00185,P0008,2026-07-07,ST011,1,135.95,Accepted,RR8,true
RT006119,SO029503,2,V00199,P0009,2026-07-21,ST015,1,119.95,Accepted,RR8,true
RT006120,SO029510,2,V00245,P0011,2026-07-15,ST016,1,157.95,Accepted,RR4,false
RT006121,SO029515,4,V00005,P0001,2026-07-09,ST018,1,231.16,Accepted,RR1,true
RT006122,SO029519,1,V00148,P0007,2026-07-05,ST016,1,107.91,Accepted,RR1,true
RT006123,SO029519,2,V00682,P0033,2026-07-01,ST003,1,48.95,Accepted,RR5,true
RT006124,SO029519,4,V00515,P0024,2026-07-07,ST018,1,122.95,Pending,RR7,false
RT006125,SO029557,1,V00272,P0012,2026-07-07,ST009,1,116.95,Accepted,RR1,true
RT006126,SO029559,1,V00068,P0003,2026-07-14,ST011,1,164.95,Accepted,RR3,true
RT006127,SO029569,2,V00741,P0051,2026-07-01,ST015,1,73.95,Accepted,RR1,true
RT006128,SO029575,3,V00330,P0014,2026-07-22,ST017,1,189.95,Accepted,RR7,true
RT006129,SO029578,3,V00239,P0010,2026-07-15,ST016,1,108.95,Accepted,RR2,true
RT006130,SO029581,1,V00609,P0029,2026-07-02,ST006,1,135.95,Accepted,RR7,true
RT006131,SO029583,1,V00356,P0015,2026-07-02,ST006,1,219.95,Accepted,RR6,true
RT006132,SO029585,1,V00302,P0013,2026-07-05,ST012,1,175.95,Accepted,RR7,true
RT006133,SO029595,4,V00260,P0011,2026-07-04,ST001,1,157.95,Accepted,RR7,true
RT006134,SO029597,1,V00033,P0002,2026-07-23,ST001,1,190.95,Accepted,RR1,true
RT006135,SO029597,5,V00721,P0041,2026-07-08,ST001,1,211.95,Accepted,RR1,true
RT006136,SO029605,2,V00353,P0015,2026-07-14,ST003,1,219.95,Accepted,RR5,true
RT006137,SO029607,2,V00199,P0009,2026-07-16,ST004,1,119.95,Accepted,RR7,true
RT006138,SO029610,2,V00133,P0006,2026-07-06,ST004,1,162.95,Accepted,RR2,true
RT006139,SO029611,1,V00357,P0015,2026-07-22,ST004,1,219.95,Accepted,RR2,true
RT006140,SO029620,1,V00075,P0004,2026-07-22,ST009,1,240.95,Accepted,RR7,true
RT006141,SO029620,2,V00453,P0020,2026-07-14,ST007,1,425.95,Accepted,RR2,true
RT006142,SO029621,1,V00743,P0052,2026-07-09,ST007,1,131.95,Accepted,RR7,true
RT006143,SO029634,1,V00234,P0010,2026-07-12,ST012,1,108.95,Accepted,RR8,true
RT006144,SO029638,2,V00232,P0010,2026-07-22,ST013,1,108.95,Rejected,RR7,false
RT006145,SO029642,2,V00250,P0011,2026-07-10,ST015,1,157.95,Accepted,RR8,true
RT006146,SO029648,2,V00237,P0010,2026-07-20,ST004,1,108.95,Accepted,RR5,true
RT006147,SO029653,1,V00483,P0022,2026-07-23,ST017,1,439.95,Accepted,RR4,false
RT006148,SO029655,1,V00399,P0017,2026-07-30,ST013,1,159.95,Accepted,RR3,true
RT006149,SO029656,1,V00731,P0046,2026-06-30,ST017,1,121.95,Accepted,RR3,true
RT006150,SO029665,1,V00507,P0023,2026-08-15,ST006,1,132.95,Accepted,RR4,false
RT006151,SO029666,1,V00720,P0040,2026-07-16,ST016,1,271.96,Pending,RR3,false
RT006152,SO029670,2,V00197,P0009,2026-07-29,ST004,1,119.95,Accepted,RR7,true
RT006153,SO029671,1,V00064,P0003,2026-07-13,ST014,1,164.95,Pending,RR3,false
RT006154,SO029673,1,V00692,P0034,2026-07-06,ST007,2,123.90,Pending,RR1,false
RT006155,SO029679,3,V00287,P0012,2026-07-14,ST001,1,116.95,Accepted,RR3,true
RT006156,SO029682,1,V00532,P0025,2026-07-09,ST001,1,95.95,Accepted,RR4,false
RT006157,SO029693,2,V00407,P0018,2026-06-30,ST004,1,180.95,Accepted,RR8,true
RT006158,SO029695,2,V00009,P0001,2026-07-01,ST016,1,271.95,Accepted,RR1,true
RT006159,SO029702,3,V00001,P0001,2026-07-17,ST006,1,271.95,Accepted,RR1,true
RT006160,SO029703,1,V00240,P0010,2026-07-20,ST006,1,108.95,Accepted,RR2,true
RT006161,SO029707,1,V00179,P0008,2026-07-15,ST007,1,135.95,Rejected,RR4,false
RT006162,SO029708,2,V00452,P0020,2026-07-21,ST007,1,425.95,Accepted,RR8,true
RT006163,SO029711,2,V00073,P0004,2026-07-17,ST008,1,240.95,Accepted,RR6,true
RT006164,SO029713,1,V00504,P0023,2026-07-10,ST008,1,132.95,Accepted,RR2,true
RT006165,SO029715,1,V00721,P0041,2026-07-24,ST008,1,211.95,Accepted,RR2,true
RT006166,SO029718,3,V00118,P0005,2026-07-11,ST009,1,133.95,Accepted,RR3,true
RT006167,SO029726,1,V00719,P0040,2026-07-15,ST011,1,339.95,Accepted,RR2,true
RT006168,SO029728,3,V00137,P0006,2026-07-13,ST011,1,162.95,Accepted,RR8,true
RT006169,SO029728,4,V00572,P0027,2026-07-21,ST011,1,82.95,Accepted,RR2,true
RT006170,SO029728,5,V00238,P0010,2026-07-10,ST011,1,108.95,Rejected,RR7,false
RT006171,SO029755,3,V00606,P0029,2026-07-29,ST001,1,135.95,Accepted,RR4,false
RT006172,SO029756,2,V00733,P0047,2026-06-30,ST001,1,89.95,Accepted,RR7,true
RT006173,SO029759,1,V00430,P0019,2026-07-15,ST016,1,250.95,Accepted,RR1,true
RT006174,SO029761,2,V00592,P0028,2026-07-11,ST002,1,93.95,Accepted,RR7,true
RT006175,SO029778,2,V00740,P0050,2026-07-18,ST004,1,183.56,Accepted,RR8,true
RT006176,SO029780,1,V00233,P0010,2026-07-04,ST014,1,108.95,Accepted,RR1,true
RT006177,SO029784,2,V00236,P0010,2026-08-01,ST008,1,108.95,Accepted,RR2,true
RT006178,SO029797,1,V00519,P0024,2026-07-01,ST012,1,122.95,Accepted,RR7,true
RT006179,SO029798,1,V00014,P0001,2026-07-18,ST012,1,271.95,Accepted,RR7,true
RT006180,SO029803,3,V00483,P0022,2026-08-01,ST015,1,439.95,Accepted,RR7,true
RT006181,SO029805,1,V00474,P0021,2026-07-15,ST016,1,278.95,Accepted,RR4,false
RT006182,SO029813,1,V00524,P0024,2026-07-23,ST004,1,122.95,Accepted,RR7,true
RT006183,SO029813,3,V00162,P0007,2026-07-09,ST005,1,101.56,Accepted,RR8,true
RT006184,SO029817,1,V00234,P0010,2026-07-18,ST010,1,108.95,Accepted,RR7,true
RT006185,SO029819,1,V00735,P0048,2026-07-17,ST004,1,83.95,Accepted,RR1,true
RT006186,SO029819,2,V00676,P0033,2026-08-03,ST015,1,48.95,Accepted,RR2,true
RT006187,SO029823,1,V00003,P0001,2026-07-11,ST001,1,271.95,Accepted,RR1,true
RT006188,SO029824,1,V00405,P0018,2026-07-10,ST001,1,180.95,Accepted,RR1,true
RT006189,SO029835,2,V00209,P0009,2026-07-19,ST007,1,101.96,Accepted,RR4,false
RT006190,SO029840,2,V00720,P0040,2026-07-25,ST006,1,339.95,Accepted,RR7,true
RT006191,SO029844,5,V00308,P0013,2026-07-06,ST009,1,175.95,Accepted,RR1,true
RT006192,SO029848,1,V00368,P0016,2026-07-02,ST011,1,218.95,Accepted,RR3,true
RT006193,SO029852,1,V00102,P0005,2026-07-16,ST012,1,133.95,Pending,RR4,false
RT006194,SO029853,2,V00193,P0009,2026-07-30,ST012,1,119.95,Accepted,RR6,true
RT006195,SO029860,3,V00234,P0010,2026-08-02,ST014,1,108.95,Accepted,RR7,true
RT006196,SO029868,1,V00306,P0013,2026-07-21,ST004,2,299.12,Accepted,RR8,true
RT006197,SO029869,3,V00491,P0022,2026-07-10,ST016,1,439.95,Rejected,RR3,false
RT006198,SO029871,2,V00603,P0029,2026-07-24,ST006,1,115.56,Accepted,RR8,true
RT006199,SO029873,3,V00496,P0023,2026-08-10,ST012,1,132.95,Accepted,RR3,true
RT006200,SO029877,3,V00721,P0041,2026-07-14,ST002,1,158.96,Accepted,RR1,true
RT006201,SO029882,3,V00740,P0050,2026-07-26,ST003,1,215.95,Accepted,RR8,true
RT006202,SO029888,1,V00670,P0032,2026-07-11,ST005,1,39.95,Accepted,RR8,true
RT006203,SO029895,3,V00259,P0011,2026-08-20,ST008,1,157.95,Accepted,RR7,true
RT006204,SO029904,1,V00573,P0027,2026-07-28,ST011,1,82.95,Pending,RR3,false
RT006205,SO029907,2,V00061,P0003,2026-08-02,ST010,1,131.96,Accepted,RR2,true
RT006206,SO029912,5,V00282,P0012,2026-08-18,ST013,1,99.41,Accepted,RR2,true
RT006207,SO029930,2,V00566,P0027,2026-07-17,ST018,1,82.95,Accepted,RR7,true
RT006208,SO029936,1,V00718,P0039,2026-07-07,ST013,1,220.95,Accepted,RR8,true
RT006209,SO029939,1,V00406,P0018,2026-08-02,ST018,1,153.81,Rejected,RR8,false
RT006210,SO029950,1,V00744,P0052,2026-07-12,ST013,1,131.95,Accepted,RR5,true
RT006211,SO029952,1,V00611,P0029,2026-07-30,ST016,1,101.96,Accepted,RR1,true
RT006212,SO029956,4,V00438,P0019,2026-07-10,ST004,1,200.76,Accepted,RR4,false
RT006213,SO029962,1,V00003,P0001,2026-07-28,ST006,1,271.95,Accepted,RR6,true
RT006214,SO029974,2,V00587,P0028,2026-07-13,ST011,1,65.77,Accepted,RR1,true
RT006215,SO029976,2,V00112,P0005,2026-07-07,ST011,1,100.46,Accepted,RR7,true
RT006216,SO029977,1,V00208,P0009,2026-07-25,ST012,1,119.95,Accepted,RR3,true
RT006217,SO029978,1,V00740,P0050,2026-07-17,ST013,1,172.76,Accepted,RR2,true
RT006218,SO029979,1,V00728,P0044,2026-07-09,ST014,1,115.95,Accepted,RR7,true
RT006219,SO029988,1,V00297,P0013,2026-08-17,ST009,1,149.56,Accepted,RR3,true
RT006220,SO029991,1,V00088,P0004,2026-07-06,ST010,1,240.95,Accepted,RR2,true
RT006221,SO029991,3,V00662,P0032,2026-07-26,ST007,1,39.95,Accepted,RR2,true
RT006222,SO029994,1,V00318,P0014,2026-08-22,ST001,1,113.97,Accepted,RR5,true
RT006223,SO029999,3,V00208,P0009,2026-07-08,ST003,1,95.96,Accepted,RR2,true
RT006224,SO030001,1,V00017,P0001,2026-07-28,ST004,2,543.90,Accepted,RR1,true
RT006225,SO030006,1,V00159,P0007,2026-07-19,ST004,1,95.21,Accepted,RR1,true
RT006226,SO030008,1,V00726,P0043,2026-07-14,ST006,1,111.16,Accepted,RR1,true
RT006227,SO030019,1,V00331,P0014,2026-07-27,ST011,1,189.95,Accepted,RR6,true
RT006228,SO030029,3,V00732,P0046,2026-07-12,ST014,1,121.95,Accepted,RR7,true
RT006229,SO030038,1,V00605,P0029,2026-07-15,ST003,1,135.95,Accepted,RR4,false
RT006230,SO030039,2,V00737,P0049,2026-07-14,ST008,1,51.95,Accepted,RR4,false
RT006231,SO030041,2,V00175,P0008,2026-07-22,ST014,1,135.95,Accepted,RR7,true
RT006232,SO030044,1,V00562,P0026,2026-07-26,ST015,1,52.95,Accepted,RR7,true
RT006233,SO030045,1,V00476,P0022,2026-07-29,ST014,1,439.95,Pending,RR8,false
RT006234,SO030047,1,V00127,P0006,2026-08-08,ST001,1,122.21,Accepted,RR3,true
RT006235,SO030048,1,V00699,P0034,2026-08-04,ST001,1,61.95,Accepted,RR7,true
RT006236,SO030049,2,V00395,P0017,2026-08-23,ST001,1,159.95,Accepted,RR2,true
RT006237,SO030052,2,V00053,P0003,2026-07-15,ST001,1,98.97,Accepted,RR2,true
RT006238,SO030059,1,V00281,P0012,2026-08-20,ST003,1,116.95,Accepted,RR4,false
RT006239,SO030077,3,V00298,P0013,2026-07-17,ST007,1,175.95,Accepted,RR4,false
RT006240,SO030087,2,V00172,P0008,2026-07-09,ST009,1,135.95,Pending,RR4,false
RT006241,SO030094,1,V00594,P0028,2026-08-08,ST004,1,70.46,Rejected,RR2,false
RT006242,SO030094,2,V00713,P0037,2026-07-22,ST011,1,228.95,Pending,RR7,false
RT006243,SO030118,2,V00080,P0004,2026-07-12,ST017,1,240.95,Accepted,RR4,false
RT006244,SO030121,3,V00579,P0027,2026-07-09,ST018,1,66.36,Accepted,RR4,false
RT006245,SO030126,2,V00011,P0001,2026-08-04,ST001,1,271.95,Accepted,RR1,true
RT006246,SO030127,1,V00098,P0005,2026-07-07,ST001,1,133.95,Rejected,RR7,false
RT006247,SO030128,1,V00064,P0003,2026-07-09,ST001,1,164.95,Accepted,RR4,false
RT006248,SO030132,4,V00717,P0039,2026-07-31,ST002,2,441.90,Accepted,RR8,true
RT006249,SO030134,3,V00304,P0013,2026-07-25,ST011,1,175.95,Accepted,RR2,true
RT006250,SO030135,1,V00050,P0003,2026-07-15,ST003,2,263.92,Accepted,RR1,true
RT006251,SO030139,4,V00448,P0020,2026-07-16,ST004,1,425.95,Accepted,RR4,false
RT006252,SO030146,1,V00652,P0031,2026-07-15,ST004,1,75.95,Accepted,RR6,true
RT006253,SO030153,1,V00485,P0022,2026-08-16,ST007,1,307.97,Pending,RR7,false
RT006254,SO030167,1,V00507,P0023,2026-08-09,ST012,1,106.36,Accepted,RR7,true
RT006255,SO030169,3,V00365,P0016,2026-07-08,ST011,1,131.37,Accepted,RR7,true
RT006256,SO030171,3,V00568,P0027,2026-07-14,ST011,1,82.95,Accepted,RR8,true
RT006257,SO030180,4,V00657,P0032,2026-07-24,ST013,1,39.95,Accepted,RR7,true
RT006258,SO030187,2,V00018,P0001,2026-08-02,ST015,1,231.16,Accepted,RR7,true
RT006259,SO030201,1,V00731,P0046,2026-07-30,ST018,1,73.17,Accepted,RR7,true
RT006260,SO030204,1,V00006,P0001,2026-07-22,ST013,1,163.17,Accepted,RR7,true
RT006261,SO030206,5,V00030,P0002,2026-08-02,ST001,1,190.95,Accepted,RR2,true
RT006262,SO030211,1,V00378,P0016,2026-07-12,ST002,1,186.11,Accepted,RR1,true
RT006263,SO030213,1,V00083,P0004,2026-07-18,ST002,1,240.95,Accepted,RR3,true
RT006264,SO030214,2,V00405,P0018,2026-08-07,ST015,1,180.95,Accepted,RR7,true
RT006265,SO030215,2,V00364,P0016,2026-07-24,ST007,1,186.11,Rejected,RR3,false
RT006266,SO030219,2,V00015,P0001,2026-07-25,ST001,3,734.27,Accepted,RR1,true
RT006267,SO030229,1,V00443,P0020,2026-07-10,ST004,1,298.17,Accepted,RR1,true
RT006268,SO030233,2,V00232,P0010,2026-07-31,ST005,1,81.71,Accepted,RR1,true
RT006269,SO030240,2,V00211,P0009,2026-07-26,ST008,1,119.95,Accepted,RR7,true
RT006270,SO030241,1,V00068,P0003,2026-07-21,ST009,1,164.95,Accepted,RR3,true
RT006271,SO030257,2,V00376,P0016,2026-07-12,ST016,1,218.95,Accepted,RR1,true
RT006272,SO030264,1,V00472,P0021,2026-08-06,ST006,1,278.95,Accepted,RR2,true
RT006273,SO030265,2,V00287,P0012,2026-07-19,ST011,1,116.95,Accepted,RR2,true
RT006274,SO030266,2,V00736,P0048,2026-07-20,ST010,2,167.90,Accepted,RR2,true
RT006275,SO030267,3,V00724,P0042,2026-07-21,ST006,1,358.95,Accepted,RR7,true
RT006276,SO030268,2,V00367,P0016,2026-08-09,ST015,1,218.95,Accepted,RR8,true
RT006277,SO030273,1,V00735,P0048,2026-08-01,ST001,1,62.96,Accepted,RR3,true
RT006278,SO030275,1,V00018,P0001,2026-07-18,ST001,1,271.95,Pending,RR1,false
RT006279,SO030282,1,V00739,P0050,2026-07-19,ST004,1,215.95,Accepted,RR1,true
RT006280,SO030299,1,V00172,P0008,2026-08-16,ST011,1,135.95,Accepted,RR2,true
RT006281,SO030302,1,V00257,P0011,2026-07-23,ST011,1,157.95,Accepted,RR7,true
RT006282,SO030302,2,V00730,P0045,2026-07-18,ST013,1,75.16,Accepted,RR2,true
RT006283,SO030314,1,V00742,P0051,2026-07-31,ST016,1,55.46,Accepted,RR7,true
RT006284,SO030321,1,V00730,P0045,2026-08-18,ST008,1,79.86,Accepted,RR7,true
RT006285,SO030321,2,V00725,P0043,2026-07-30,ST012,1,97.27,Accepted,RR6,true
RT006286,SO030326,1,V00103,P0005,2026-07-23,ST013,1,107.16,Accepted,RR2,true
RT006287,SO030327,2,V00233,P0010,2026-08-21,ST004,1,92.61,Accepted,RR1,true
RT006288,SO030330,1,V00005,P0001,2026-07-19,ST001,1,217.56,Accepted,RR1,true
RT006289,SO030331,1,V00042,P0002,2026-07-15,ST001,1,143.21,Accepted,RR6,true
RT006290,SO030334,3,V00259,P0011,2026-08-12,ST002,1,157.95,Accepted,RR2,true
RT006291,SO030338,1,V00283,P0012,2026-08-09,ST005,1,99.41,Accepted,RR7,true
RT006292,SO030339,2,V00247,P0011,2026-08-10,ST005,1,157.95,Accepted,RR4,false
RT006293,SO030348,2,V00184,P0008,2026-08-04,ST017,1,135.95,Accepted,RR8,true
RT006294,SO030355,2,V00295,P0013,2026-07-21,ST011,1,175.95,Pending,RR7,false
RT006295,SO030356,2,V00531,P0025,2026-07-28,ST011,1,95.95,Accepted,RR7,true
RT006296,SO030362,1,V00186,P0008,2026-08-08,ST015,1,108.76,Accepted,RR7,true
RT006297,SO030364,3,V00447,P0020,2026-08-05,ST016,1,340.76,Accepted,RR3,true
RT006298,SO030367,2,V00184,P0008,2026-07-13,ST018,1,135.95,Accepted,RR8,true
RT006299,SO030369,1,V00433,P0019,2026-07-26,ST017,1,250.95,Pending,RR7,false
RT006300,SO030371,1,V00101,P0005,2026-07-26,ST009,1,113.86,Accepted,RR8,true
RT006301,SO030374,1,V00168,P0007,2026-07-14,ST014,1,107.91,Accepted,RR1,true
RT006302,SO030381,1,V00097,P0005,2026-07-26,ST016,2,227.72,Accepted,RR3,true
RT006303,SO030387,2,V00018,P0001,2026-07-27,ST001,1,203.96,Accepted,RR1,true
RT006304,SO030388,1,V00478,P0022,2026-07-21,ST001,1,439.95,Accepted,RR7,true
RT006305,SO030398,2,V00313,P0014,2026-07-21,ST015,1,189.95,Accepted,RR1,true
RT006306,SO030400,2,V00567,P0027,2026-07-26,ST005,1,82.95,Accepted,RR3,true
RT006307,SO030401,1,V00453,P0020,2026-07-13,ST006,1,425.95,Accepted,RR1,true
RT006308,SO030405,1,V00356,P0015,2026-07-21,ST001,1,219.95,Accepted,RR2,true
RT006309,SO030405,2,V00394,P0017,2026-07-26,ST006,1,135.96,Accepted,RR8,true
RT006310,SO030406,1,V00042,P0002,2026-08-03,ST006,1,190.95,Accepted,RR1,true
RT006311,SO030408,2,V00087,P0004,2026-07-20,ST007,1,168.67,Accepted,RR1,true
RT006312,SO030416,1,V00139,P0006,2026-07-26,ST010,1,162.95,Accepted,RR1,true
RT006313,SO030421,1,V00719,P0040,2026-07-23,ST011,1,339.95,Pending,RR1,false
RT006314,SO030421,3,V00001,P0001,2026-08-19,ST011,1,271.95,Rejected,RR1,false
RT006315,SO030422,1,V00484,P0022,2026-07-31,ST011,1,439.95,Accepted,RR4,false
RT006316,SO030426,3,V00077,P0004,2026-07-19,ST013,1,180.71,Accepted,RR1,true
RT006317,SO030452,1,V00478,P0022,2026-07-15,ST001,1,439.95,Accepted,RR4,false
RT006318,SO030457,1,V00119,P0005,2026-07-26,ST010,1,133.95,Accepted,RR4,false
RT006319,SO030472,1,V00006,P0001,2026-07-12,ST009,1,271.95,Accepted,RR2,true
RT006320,SO030472,2,V00173,P0008,2026-08-08,ST009,1,135.95,Accepted,RR3,true
RT006321,SO030478,1,V00737,P0049,2026-08-08,ST012,1,31.17,Rejected,RR2,false
RT006322,SO030487,3,V00163,P0007,2026-08-04,ST015,1,76.17,Accepted,RR1,true
RT006323,SO030492,1,V00039,P0002,2026-08-21,ST016,1,190.95,Accepted,RR2,true
RT006324,SO030495,1,V00435,P0019,2026-08-03,ST002,1,200.76,Pending,RR1,false
RT006325,SO030501,1,V00532,P0025,2026-08-26,ST001,1,81.56,Accepted,RR7,true
RT006326,SO030515,1,V00194,P0009,2026-07-28,ST004,1,101.96,Accepted,RR3,true
RT006327,SO030517,1,V00015,P0001,2026-08-29,ST004,1,271.95,Accepted,RR1,true
RT006328,SO030530,1,V00232,P0010,2026-08-22,ST006,1,65.37,Accepted,RR2,true
RT006329,SO030533,1,V00224,P0010,2026-08-04,ST007,1,108.95,Rejected,RR3,false
RT006330,SO030537,2,V00726,P0043,2026-07-28,ST008,1,138.95,Accepted,RR1,true
RT006331,SO030541,1,V00674,P0033,2026-08-05,ST009,1,36.71,Pending,RR4,false
RT006332,SO030549,1,V00620,P0030,2026-07-14,ST011,1,133.95,Accepted,RR1,true
RT006333,SO030552,4,V00377,P0016,2026-08-15,ST011,1,131.37,Accepted,RR5,true
RT006334,SO030553,2,V00483,P0022,2026-07-17,ST011,1,439.95,Accepted,RR5,true
RT006335,SO030556,1,V00305,P0013,2026-07-13,ST012,1,175.95,Accepted,RR8,true
RT006336,SO030567,1,V00376,P0016,2026-08-25,ST014,1,218.95,Pending,RR5,false
RT006337,SO030572,1,V00035,P0002,2026-07-23,ST015,1,143.21,Accepted,RR8,true
RT006338,SO030577,1,V00707,P0034,2026-08-21,ST016,1,52.66,Accepted,RR4,false
RT006339,SO030578,2,V00599,P0028,2026-08-06,ST017,1,93.95,Accepted,RR2,true
RT006340,SO030582,2,V00447,P0020,2026-07-26,ST018,1,383.35,Accepted,RR7,true
RT006341,SO030589,1,V00700,P0034,2026-07-27,ST012,1,61.95,Accepted,RR1,true
RT006342,SO030592,2,V00521,P0024,2026-07-19,ST003,1,122.95,Accepted,RR4,false
RT006343,SO030593,1,V00701,P0034,2026-07-18,ST017,1,37.17,Rejected,RR7,false
RT006344,SO030611,1,V00312,P0013,2026-07-28,ST002,1,175.95,Accepted,RR5,true
RT006345,SO030621,1,V00717,P0039,2026-08-06,ST006,1,220.95,Accepted,RR3,true
RT006346,SO030632,1,V00615,P0029,2026-07-28,ST009,1,135.95,Accepted,RR1,true
RT006347,SO030634,2,V00740,P0050,2026-07-17,ST011,1,215.95,Accepted,RR7,true
RT006348,SO030641,2,V00423,P0019,2026-08-14,ST011,1,200.76,Accepted,RR8,true
RT006349,SO030651,1,V00007,P0001,2026-08-04,ST014,2,543.90,Accepted,RR2,true
RT006350,SO030651,2,V00727,P0044,2026-08-10,ST014,1,81.17,Accepted,RR4,false
RT006351,SO030655,2,V00196,P0009,2026-07-23,ST014,1,119.95,Accepted,RR7,true
RT006352,SO030655,3,V00741,P0051,2026-07-23,ST014,1,59.16,Accepted,RR1,true
RT006353,SO030658,1,V00018,P0001,2026-07-21,ST015,1,231.16,Accepted,RR1,true
RT006354,SO030660,4,V00700,P0034,2026-07-29,ST015,1,52.66,Accepted,RR1,true
RT006355,SO030661,4,V00107,P0005,2026-07-30,ST015,1,93.77,Rejected,RR1,false
RT006356,SO030665,1,V00731,P0046,2026-08-13,ST016,1,121.95,Accepted,RR2,true
RT006357,SO030668,3,V00088,P0004,2026-07-23,ST016,1,180.71,Rejected,RR8,false
RT006358,SO030674,1,V00714,P0037,2026-08-07,ST018,1,137.37,Accepted,RR2,true
RT006359,SO030677,2,V00343,P0015,2026-07-29,ST012,1,153.96,Pending,RR5,false
RT006360,SO030679,2,V00161,P0007,2026-07-21,ST015,2,190.42,Accepted,RR5,true
RT006361,SO030684,3,V00137,P0006,2026-08-09,ST003,1,162.95,Pending,RR2,false
RT006362,SO030686,2,V00104,P0005,2026-07-15,ST002,1,107.16,Accepted,RR8,true
RT006363,SO030689,1,V00345,P0015,2026-07-19,ST016,1,153.97,Accepted,RR6,true
RT006364,SO030693,1,V00038,P0002,2026-07-27,ST002,1,152.76,Accepted,RR8,true
RT006365,SO030704,1,V00226,P0010,2026-08-15,ST005,1,81.71,Rejected,RR3,false
RT006366,SO030708,3,V00126,P0006,2026-08-04,ST008,1,130.36,Accepted,RR7,true
RT006367,SO030708,4,V00346,P0015,2026-08-28,ST008,1,219.95,Accepted,RR7,true
RT006368,SO030714,2,V00306,P0013,2026-08-10,ST011,1,123.17,Accepted,RR3,true
RT006369,SO030726,1,V00731,P0046,2026-07-16,ST016,1,97.56,Accepted,RR6,true
RT006370,SO030727,2,V00621,P0030,2026-07-25,ST017,1,133.95,Accepted,RR4,false
RT006371,SO030731,5,V00144,P0006,2026-07-31,ST018,1,97.77,Accepted,RR7,true
RT006372,SO030736,2,V00461,P0021,2026-07-27,ST011,1,278.95,Accepted,RR7,true
RT006373,SO030742,1,V00122,P0006,2026-08-01,ST003,1,130.36,Accepted,RR7,true
RT006374,SO030743,2,V00075,P0004,2026-07-27,ST008,2,361.42,Accepted,RR4,false
RT006375,SO030746,1,V00067,P0003,2026-07-23,ST008,1,164.95,Accepted,RR4,false
RT006376,SO030750,3,V00400,P0017,2026-07-27,ST001,1,159.95,Accepted,RR1,true
RT006377,SO030750,5,V00727,P0044,2026-08-15,ST001,2,185.52,Accepted,RR1,true
RT006378,SO030755,1,V00532,P0025,2026-08-17,ST003,1,95.95,Accepted,RR1,true
RT006379,SO030760,1,V00645,P0031,2026-07-30,ST004,1,75.95,Accepted,RR7,true
RT006380,SO030765,1,V00308,P0013,2026-07-21,ST009,1,140.76,Accepted,RR1,true
RT006381,SO030769,1,V00706,P0034,2026-08-09,ST008,1,37.17,Accepted,RR5,true
RT006382,SO030774,5,V00725,P0043,2026-08-14,ST010,1,138.95,Accepted,RR4,false
RT006383,SO030783,1,V00484,P0022,2026-07-26,ST017,1,439.95,Accepted,RR4,false
RT006384,SO030788,2,V00161,P0007,2026-08-27,ST004,1,107.91,Accepted,RR7,true
RT006385,SO030793,1,V00487,P0022,2026-07-23,ST007,1,351.96,Accepted,RR4,false
RT006386,SO030796,4,V00142,P0006,2026-08-15,ST011,1,130.36,Accepted,RR7,true
RT006387,SO030798,3,V00088,P0004,2026-08-01,ST008,1,168.67,Accepted,RR3,true
RT006388,SO030806,1,V00101,P0005,2026-08-01,ST008,1,113.86,Accepted,RR4,false
RT006389,SO030807,1,V00269,P0012,2026-07-18,ST004,1,116.95,Accepted,RR5,true
RT006390,SO030807,3,V00404,P0018,2026-08-02,ST004,1,144.76,Accepted,RR7,true
RT006391,SO030808,3,V00682,P0033,2026-08-09,ST011,1,36.71,Accepted,RR3,true
RT006392,SO030812,1,V00737,P0049,2026-07-25,ST016,1,51.95,Accepted,RR8,true
RT006393,SO030818,2,V00650,P0031,2026-08-24,ST009,1,75.95,Accepted,RR7,true
RT006394,SO030819,1,V00664,P0032,2026-07-29,ST010,1,23.97,Accepted,RR4,false
RT006395,SO030821,1,V00261,P0011,2026-07-25,ST011,1,157.95,Accepted,RR5,true
RT006396,SO030826,1,V00409,P0018,2026-07-31,ST013,2,271.42,Accepted,RR2,true
RT006397,SO030829,2,V00101,P0005,2026-07-27,ST015,1,133.95,Accepted,RR7,true
RT006398,SO030849,2,V00231,P0010,2026-07-27,ST001,1,81.71,Accepted,RR5,true
RT006399,SO030859,3,V00017,P0001,2026-08-13,ST004,1,271.95,Accepted,RR1,true
RT006400,SO030868,1,V00254,P0011,2026-07-19,ST010,1,157.95,Accepted,RR1,true
RT006401,SO030876,1,V00224,P0010,2026-08-03,ST012,1,108.95,Accepted,RR4,false
RT006402,SO030877,1,V00016,P0001,2026-08-03,ST013,1,271.95,Accepted,RR1,true
RT006403,SO030883,3,V00088,P0004,2026-08-01,ST017,1,168.67,Rejected,RR7,false
RT006404,SO030892,1,V00739,P0050,2026-08-20,ST005,1,215.95,Pending,RR7,false
RT006405,SO030894,2,V00713,P0037,2026-08-09,ST018,1,228.95,Accepted,RR7,true
RT006406,SO030900,1,V00293,P0013,2026-08-05,ST003,1,175.95,Accepted,RR7,true
RT006407,SO030902,1,V00170,P0008,2026-08-05,ST014,1,108.76,Accepted,RR3,true
RT006408,SO030910,1,V00377,P0016,2026-07-26,ST004,1,218.95,Rejected,RR4,false
RT006409,SO030925,3,V00732,P0046,2026-07-24,ST009,1,91.46,Pending,RR2,false
RT006410,SO030944,2,V00002,P0001,2026-07-26,ST018,1,217.56,Accepted,RR1,true
RT006411,SO030947,2,V00038,P0002,2026-08-28,ST007,1,114.57,Accepted,RR1,true
RT006412,SO030952,1,V00233,P0010,2026-07-19,ST008,1,108.95,Accepted,RR1,true
RT006413,SO030952,2,V00336,P0014,2026-08-15,ST003,1,113.97,Accepted,RR2,true
RT006414,SO030953,2,V00328,P0014,2026-08-06,ST018,1,151.96,Pending,RR7,false
RT006415,SO030959,1,V00218,P0010,2026-08-03,ST001,1,108.95,Accepted,RR6,true
RT006416,SO030969,1,V00681,P0033,2026-07-29,ST003,2,97.90,Rejected,RR7,false
RT006417,SO030972,1,V00537,P0025,2026-08-05,ST015,1,95.95,Pending,RR8,false
RT006418,SO030972,3,V00466,P0021,2026-08-02,ST004,1,167.37,Pending,RR1,false
RT006419,SO030981,1,V00417,P0018,2026-08-21,ST005,1,180.95,Pending,RR6,false
RT006420,SO030987,1,V00730,P0045,2026-08-13,ST011,1,65.77,Pending,RR2,false
RT006421,SO030987,3,V00325,P0014,2026-07-29,ST011,1,189.95,Accepted,RR6,true
RT006422,SO030994,1,V00355,P0015,2026-08-01,ST011,1,186.96,Accepted,RR8,true
RT006423,SO031003,1,V00507,P0023,2026-07-27,ST014,1,93.06,Rejected,RR7,false
RT006424,SO031013,2,V00716,P0038,2026-07-24,ST018,1,476.95,Accepted,RR7,true
RT006425,SO031027,2,V00318,P0014,2026-08-03,ST018,1,161.46,Accepted,RR6,true
RT006426,SO031030,2,V00363,P0016,2026-07-28,ST001,1,218.95,Accepted,RR1,true
RT006427,SO031033,1,V00394,P0017,2026-08-06,ST001,1,135.96,Accepted,RR4,false
RT006428,SO031041,2,V00019,P0001,2026-08-16,ST004,1,244.75,Accepted,RR1,true
RT006429,SO031042,1,V00729,P0045,2026-07-30,ST015,1,56.37,Rejected,RR7,false
RT006430,SO031044,3,V00520,P0024,2026-08-11,ST004,1,122.95,Accepted,RR1,true
RT006431,SO031045,2,V00408,P0018,2026-07-22,ST004,1,108.57,Accepted,RR1,true
RT006432,SO031050,2,V00596,P0028,2026-08-02,ST005,1,84.55,Accepted,RR4,false
RT006433,SO031057,1,V00075,P0004,2026-08-20,ST008,1,240.95,Accepted,RR8,true
RT006434,SO031060,2,V00374,P0016,2026-07-28,ST003,1,218.95,Accepted,RR4,false
RT006435,SO031064,1,V00604,P0029,2026-08-19,ST010,2,271.90,Accepted,RR8,true
RT006436,SO031068,4,V00366,P0016,2026-08-06,ST012,1,218.95,Accepted,RR1,true
RT006437,SO031070,1,V00369,P0016,2026-08-16,ST013,1,218.95,Accepted,RR2,true
RT006438,SO031078,2,V00327,P0014,2026-08-22,ST014,1,189.95,Accepted,RR3,true
RT006439,SO031083,1,V00077,P0004,2026-07-30,ST003,1,240.95,Accepted,RR8,true
RT006440,SO031086,1,V00175,P0008,2026-08-10,ST016,1,115.56,Rejected,RR8,false
RT006441,SO031097,4,V00436,P0019,2026-08-11,ST010,1,250.95,Accepted,RR5,true
RT006442,SO031110,3,V00741,P0051,2026-08-01,ST005,1,51.76,Accepted,RR7,true
RT006443,SO031139,1,V00161,P0007,2026-08-07,ST018,1,88.87,Accepted,RR5,true
RT006444,SO031143,1,V00578,P0027,2026-08-05,ST010,1,82.95,Rejected,RR7,false
RT006445,SO031145,1,V00122,P0006,2026-08-07,ST011,1,97.77,Accepted,RR2,true
RT006446,SO031150,4,V00142,P0006,2026-08-01,ST013,1,162.95,Accepted,RR5,true
RT006447,SO031162,3,V00189,P0008,2026-07-26,ST003,1,115.56,Accepted,RR7,true
RT006448,SO031162,4,V00494,P0023,2026-08-03,ST003,1,79.77,Accepted,RR1,true
RT006449,SO031168,2,V00070,P0003,2026-08-07,ST004,1,140.21,Accepted,RR4,false
RT006450,SO031173,1,V00738,P0049,2026-07-25,ST008,1,51.95,Accepted,RR8,true
RT006451,SO031173,3,V00719,P0040,2026-08-19,ST002,1,339.95,Pending,RR3,false
RT006452,SO031177,1,V00721,P0041,2026-08-20,ST013,1,211.95,Rejected,RR4,false
RT006453,SO031187,1,V00614,P0029,2026-08-09,ST002,1,95.17,Accepted,RR8,true
RT006454,SO031193,3,V00056,P0003,2026-08-13,ST015,1,164.95,Accepted,RR7,true
RT006455,SO031195,4,V00054,P0003,2026-08-03,ST015,1,164.95,Accepted,RR3,true
RT006456,SO031198,3,V00720,P0040,2026-08-01,ST016,1,237.97,Accepted,RR8,true
RT006457,SO031207,1,V00153,P0007,2026-08-25,ST010,1,126.95,Accepted,RR4,false
RT006458,SO031214,2,V00258,P0011,2026-08-21,ST001,1,94.77,Pending,RR7,false
RT006459,SO031221,2,V00219,P0010,2026-08-16,ST004,1,76.27,Accepted,RR4,false
RT006460,SO031235,1,V00376,P0016,2026-08-23,ST011,1,175.16,Accepted,RR1,true
RT006461,SO031238,1,V00632,P0030,2026-07-29,ST004,1,93.77,Accepted,RR7,true
RT006462,SO031245,1,V00591,P0028,2026-08-12,ST014,1,93.95,Accepted,RR1,true
RT006463,SO031246,1,V00740,P0050,2026-08-17,ST014,1,161.96,Accepted,RR3,true
RT006464,SO031246,2,V00340,P0015,2026-07-25,ST009,1,175.96,Accepted,RR7,true
RT006465,SO031250,2,V00306,P0013,2026-08-03,ST016,1,175.95,Accepted,RR3,true
RT006466,SO031250,3,V00081,P0004,2026-07-25,ST016,1,240.95,Accepted,RR2,true
RT006467,SO031255,2,V00508,P0023,2026-08-20,ST009,1,132.95,Accepted,RR7,true
RT006468,SO031256,1,V00268,P0012,2026-08-17,ST018,1,116.95,Accepted,RR1,true
RT006469,SO031258,1,V00719,P0040,2026-08-03,ST002,1,339.95,Accepted,RR4,false
RT006470,SO031258,3,V00609,P0029,2026-08-25,ST011,1,135.95,Accepted,RR1,true
RT006471,SO031265,4,V00134,P0006,2026-08-17,ST013,1,162.95,Accepted,RR5,true
RT006472,SO031269,1,V00550,P0026,2026-08-22,ST001,1,52.95,Accepted,RR2,true
RT006473,SO031276,1,V00363,P0016,2026-08-09,ST004,1,175.16,Accepted,RR2,true
RT006474,SO031280,3,V00606,P0029,2026-08-04,ST016,1,101.96,Accepted,RR4,false
RT006475,SO031287,1,V00364,P0016,2026-08-24,ST007,1,186.11,Accepted,RR5,true
RT006476,SO031291,1,V00602,P0029,2026-08-13,ST009,1,81.57,Accepted,RR1,true
RT006477,SO031293,1,V00043,P0002,2026-07-29,ST011,1,190.95,Rejected,RR4,false
RT006478,SO031298,1,V00043,P0002,2026-08-08,ST014,1,133.67,Accepted,RR1,true
RT006479,SO031299,1,V00225,P0010,2026-08-09,ST014,1,108.95,Accepted,RR2,true
RT006480,SO031309,2,V00067,P0003,2026-08-21,ST018,1,131.96,Accepted,RR4,false
RT006481,SO031310,2,V00722,P0041,2026-07-30,ST018,1,180.16,Accepted,RR7,true
RT006482,SO031313,2,V00659,P0032,2026-08-04,ST016,1,29.96,Accepted,RR7,true
RT006483,SO031314,1,V00709,P0035,2026-08-17,ST015,1,164.01,Rejected,RR7,false
RT006484,SO031321,1,V00318,P0014,2026-08-17,ST009,1,132.97,Accepted,RR4,false
RT006485,SO031323,2,V00240,P0010,2026-08-19,ST005,1,92.61,Accepted,RR1,true
RT006486,SO031324,3,V00299,P0013,2026-08-17,ST003,1,149.56,Pending,RR6,false
RT006487,SO031330,4,V00709,P0035,2026-08-01,ST002,1,192.95,Accepted,RR2,true
RT006488,SO031347,2,V00739,P0050,2026-08-04,ST007,1,129.57,Accepted,RR2,true
RT006489,SO031350,2,V00066,P0003,2026-08-07,ST009,1,164.95,Accepted,RR2,true
RT006490,SO031373,3,V00555,P0026,2026-08-06,ST018,1,52.95,Accepted,RR8,true
RT006491,SO031377,2,V00334,P0014,2026-08-08,ST018,1,189.95,Rejected,RR4,false
RT006492,SO031377,3,V00650,P0031,2026-08-09,ST007,1,64.56,Accepted,RR8,true
RT006493,SO031378,1,V00617,P0029,2026-08-18,ST011,1,135.95,Accepted,RR7,true
RT006494,SO031386,1,V00296,P0013,2026-08-16,ST008,1,175.95,Accepted,RR3,true
RT006495,SO031395,1,V00729,P0045,2026-08-22,ST001,1,93.95,Accepted,RR1,true
RT006496,SO031398,2,V00181,P0008,2026-08-03,ST001,1,95.17,Accepted,RR2,true
RT006497,SO031405,3,V00717,P0039,2026-08-12,ST006,1,165.71,Rejected,RR5,false
RT006498,SO031406,1,V00143,P0006,2026-08-09,ST003,1,130.36,Accepted,RR6,true
RT006499,SO031418,1,V00030,P0002,2026-08-06,ST005,1,190.95,Accepted,RR8,true
RT006500,SO031434,1,V00682,P0033,2026-08-08,ST011,1,48.95,Accepted,RR3,true
RT006501,SO031438,1,V00709,P0035,2026-08-06,ST017,1,192.95,Accepted,RR4,false
RT006502,SO031439,3,V00610,P0029,2026-08-16,ST010,1,108.76,Accepted,RR4,false
RT006503,SO031451,2,V00004,P0001,2026-08-05,ST012,1,231.16,Accepted,RR7,true
RT006504,SO031453,3,V00416,P0018,2026-08-06,ST013,1,108.57,Accepted,RR7,true
RT006505,SO031454,2,V00090,P0004,2026-08-06,ST013,1,240.95,Pending,RR7,false
RT006506,SO031458,1,V00506,P0023,2026-08-08,ST014,1,132.95,Accepted,RR5,true
RT006507,SO031459,1,V00738,P0049,2026-08-06,ST014,1,51.95,Accepted,RR1,true
RT006508,SO031461,2,V00441,P0020,2026-08-05,ST015,1,425.95,Accepted,RR3,true
RT006509,SO031464,1,V00726,P0043,2026-08-17,ST017,1,138.95,Pending,RR8,false
RT006510,SO031465,2,V00737,P0049,2026-08-10,ST017,1,31.17,Accepted,RR2,true
RT006511,SO031480,2,V00030,P0002,2026-08-11,ST002,3,572.85,Accepted,RR3,true
RT006512,SO031487,1,V00053,P0003,2026-08-12,ST001,1,164.95,Accepted,RR7,true
RT006513,SO031496,1,V00299,P0013,2026-08-12,ST003,1,175.95,Rejected,RR1,false
RT006514,SO031496,2,V00014,P0001,2026-08-14,ST003,1,271.95,Accepted,RR2,true
RT006515,SO031508,1,V00021,P0001,2026-08-14,ST006,1,163.17,Accepted,RR1,true
RT006516,SO031510,1,V00292,P0013,2026-08-20,ST006,1,175.95,Accepted,RR4,false
RT006517,SO031522,1,V00537,P0025,2026-08-07,ST009,1,57.57,Accepted,RR7,true
RT006518,SO031537,2,V00609,P0029,2026-08-02,ST012,1,115.56,Accepted,RR4,false
RT006519,SO031540,1,V00425,P0019,2026-08-12,ST013,1,250.95,Accepted,RR4,false
RT006520,SO031546,2,V00113,P0005,2026-08-17,ST014,1,133.95,Accepted,RR3,true
RT006521,SO031553,2,V00734,P0047,2026-08-04,ST016,1,53.97,Accepted,RR5,true
RT006522,SO031566,1,V00379,P0016,2026-08-20,ST018,1,218.95,Accepted,RR6,true
RT006523,SO031568,1,V00718,P0039,2026-08-16,ST003,1,165.71,Accepted,RR7,true
RT006524,SO031572,1,V00721,P0041,2026-08-22,ST010,1,158.96,Accepted,RR7,true
RT006525,SO031573,1,V00342,P0015,2026-08-13,ST017,1,186.96,Accepted,RR7,true
RT006526,SO031575,2,V00615,P0029,2026-08-02,ST001,1,135.95,Accepted,RR1,true
RT006527,SO031583,1,V00297,P0013,2026-08-14,ST004,1,123.17,Accepted,RR1,true
RT006528,SO031600,3,V00080,P0004,2026-08-08,ST011,1,180.71,Accepted,RR1,true
RT006529,SO031603,2,V00261,P0011,2026-07-29,ST013,1,157.95,Accepted,RR7,true
RT006530,SO031610,4,V00654,P0031,2026-08-12,ST017,1,60.76,Accepted,RR3,true
RT006531,SO031616,1,V00227,P0010,2026-08-10,ST010,1,108.95,Accepted,RR7,true
RT006532,SO031649,1,V00644,P0031,2026-08-29,ST012,1,56.96,Accepted,RR5,true
RT006533,SO031655,1,V00715,P0038,2026-08-10,ST013,1,476.95,Accepted,RR2,true
RT006534,SO031660,2,V00380,P0016,2026-08-01,ST016,1,186.11,Accepted,RR4,false
RT006535,SO031662,1,V00705,P0034,2026-08-22,ST018,1,61.95,Accepted,RR7,true
RT006536,SO031664,3,V00338,P0015,2026-08-13,ST017,1,219.95,Accepted,RR3,true
RT006537,SO031669,1,V00694,P0034,2026-08-22,ST010,1,37.17,Pending,RR4,false
RT006538,SO031669,2,V00543,P0025,2026-07-31,ST017,1,81.56,Accepted,RR8,true
RT006539,SO031670,2,V00006,P0001,2026-08-23,ST015,1,271.95,Accepted,RR1,true
RT006540,SO031674,2,V00136,P0006,2026-08-15,ST001,1,114.06,Pending,RR7,false
RT006541,SO031681,2,V00517,P0024,2026-08-02,ST002,1,98.36,Accepted,RR4,false
RT006542,SO031683,2,V00639,P0031,2026-08-12,ST003,1,75.95,Accepted,RR4,false
RT006543,SO031690,1,V00136,P0006,2026-08-08,ST005,1,162.95,Accepted,RR5,true
RT006544,SO031694,5,V00726,P0043,2026-08-10,ST006,1,138.95,Accepted,RR4,false
RT006545,SO031698,1,V00234,P0010,2026-08-10,ST008,1,108.95,Accepted,RR4,false
RT006546,SO031699,1,V00061,P0003,2026-08-01,ST008,2,329.90,Accepted,RR4,false
RT006547,SO031705,1,V00059,P0003,2026-08-14,ST011,1,98.97,Accepted,RR2,true
RT006548,SO031716,2,V00003,P0001,2026-08-16,ST005,1,163.17,Pending,RR7,false
RT006549,SO031721,1,V00114,P0005,2026-08-01,ST015,1,113.86,Accepted,RR4,false
RT006550,SO031730,1,V00032,P0002,2026-08-10,ST013,1,190.95,Accepted,RR4,false
RT006551,SO031732,1,V00052,P0003,2026-08-17,ST005,1,131.96,Accepted,RR1,true
RT006552,SO031736,1,V00207,P0009,2026-08-20,ST006,1,119.95,Accepted,RR8,true
RT006553,SO031737,1,V00208,P0009,2026-08-15,ST015,1,119.95,Accepted,RR3,true
RT006554,SO031741,2,V00005,P0001,2026-08-01,ST001,1,271.95,Accepted,RR1,true
RT006555,SO031743,2,V00315,P0014,2026-08-16,ST002,1,132.97,Accepted,RR3,true
RT006556,SO031746,2,V00231,P0010,2026-08-10,ST003,1,92.61,Accepted,RR2,true
RT006557,SO031751,2,V00598,P0028,2026-08-20,ST005,1,93.95,Accepted,RR7,true
RT006558,SO031757,2,V00245,P0011,2026-08-16,ST006,1,157.95,Accepted,RR8,true
RT006559,SO031758,1,V00329,P0014,2026-08-27,ST006,2,303.92,Accepted,RR6,true
RT006560,SO031760,1,V00549,P0026,2026-08-16,ST008,1,52.95,Accepted,RR7,true
RT006561,SO031762,1,V00576,P0027,2026-08-03,ST009,1,82.95,Accepted,RR8,true
RT006562,SO031762,2,V00104,P0005,2026-08-16,ST009,1,133.95,Accepted,RR6,true
RT006563,SO031776,3,V00329,P0014,2026-08-13,ST016,1,189.95,Rejected,RR3,false
RT006564,SO031787,3,V00104,P0005,2026-08-06,ST014,1,133.95,Accepted,RR2,true
RT006565,SO031788,3,V00330,P0014,2026-08-08,ST018,1,151.96,Accepted,RR7,true
RT006566,SO031791,1,V00330,P0014,2026-08-18,ST009,1,189.95,Accepted,RR8,true
RT006567,SO031798,1,V00714,P0037,2026-08-18,ST004,1,137.37,Accepted,RR5,true
RT006568,SO031814,1,V00724,P0042,2026-08-08,ST010,1,323.05,Pending,RR5,false
RT006569,SO031823,1,V00722,P0041,2026-08-19,ST013,1,158.96,Accepted,RR8,true
RT006570,SO031833,1,V00467,P0021,2026-08-26,ST005,1,278.95,Accepted,RR7,true
RT006571,SO031833,4,V00087,P0004,2026-08-13,ST001,1,240.95,Rejected,RR4,false
RT006572,SO031837,1,V00007,P0001,2026-08-11,ST014,1,190.37,Accepted,RR1,true
RT006573,SO031849,1,V00710,P0035,2026-08-13,ST002,1,144.71,Accepted,RR2,true
RT006574,SO031852,2,V00514,P0024,2026-08-05,ST003,1,104.51,Rejected,RR1,false
RT006575,SO031862,2,V00641,P0031,2026-08-17,ST004,1,56.96,Pending,RR1,false
RT006576,SO031868,1,V00221,P0010,2026-08-13,ST006,1,98.06,Accepted,RR2,true
RT006577,SO031886,5,V00494,P0023,2026-08-18,ST010,1,132.95,Accepted,RR8,true
RT006578,SO031894,1,V00295,P0013,2026-08-12,ST012,1,140.76,Accepted,RR7,true
RT006579,SO031896,4,V00075,P0004,2026-08-30,ST012,1,204.81,Accepted,RR7,true
RT006580,SO031898,4,V00125,P0006,2026-08-03,ST013,1,138.51,Accepted,RR2,true
RT006581,SO031899,3,V00216,P0009,2026-08-04,ST013,2,203.92,Accepted,RR4,false
RT006582,SO031908,3,V00523,P0024,2026-08-17,ST017,1,122.95,Accepted,RR7,true
RT006583,SO031914,1,V00006,P0001,2026-08-08,ST003,1,271.95,Accepted,RR1,true
RT006584,SO031927,2,V00281,P0012,2026-08-28,ST013,1,81.87,Accepted,RR7,true
RT006585,SO031946,1,V00207,P0009,2026-08-24,ST004,1,119.95,Accepted,RR1,true
RT006586,SO031950,3,V00600,P0028,2026-08-06,ST004,1,93.95,Accepted,RR4,false
RT006587,SO031968,1,V00281,P0012,2026-08-14,ST010,1,116.95,Accepted,RR2,true
RT006588,SO031971,1,V00412,P0018,2026-08-18,ST011,1,153.81,Accepted,RR2,true
RT006589,SO031982,2,V00269,P0012,2026-08-22,ST011,1,116.95,Pending,RR8,false
RT006590,SO031982,5,V00427,P0019,2026-08-12,ST014,1,250.95,Accepted,RR5,true
RT006591,SO031994,2,V00714,P0037,2026-08-28,ST017,1,228.95,Accepted,RR7,true
RT006592,SO031997,3,V00365,P0016,2026-08-26,ST009,1,218.95,Accepted,RR7,true
RT006593,SO031999,1,V00442,P0020,2026-08-31,ST008,1,298.17,Accepted,RR1,true
RT006594,SO031999,2,V00003,P0001,2026-08-20,ST001,1,271.95,Pending,RR4,false
RT006595,SO032002,1,V00043,P0002,2026-08-29,ST002,1,190.95,Accepted,RR7,true
RT006596,SO032004,2,V00164,P0007,2026-08-14,ST003,1,101.56,Accepted,RR2,true
RT006597,SO032015,1,V00005,P0001,2026-08-18,ST005,1,231.16,Rejected,RR3,false
RT006598,SO032025,1,V00569,P0027,2026-08-14,ST011,1,82.95,Rejected,RR6,false
RT006599,SO032027,2,V00584,P0028,2026-08-22,ST011,1,75.16,Accepted,RR2,true
RT006600,SO032030,1,V00627,P0030,2026-08-15,ST011,1,133.95,Accepted,RR1,true
RT006601,SO032031,3,V00435,P0019,2026-08-22,ST008,1,175.67,Accepted,RR1,true
RT006602,SO032034,1,V00196,P0009,2026-08-20,ST014,1,71.97,Rejected,RR8,false
RT006603,SO032036,1,V00669,P0032,2026-08-14,ST015,1,23.97,Accepted,RR2,true
RT006604,SO032039,1,V00262,P0011,2026-08-11,ST015,1,157.95,Accepted,RR2,true
RT006605,SO032045,1,V00168,P0007,2026-08-15,ST018,1,101.56,Pending,RR1,false
RT006606,SO032045,2,V00277,P0012,2026-08-14,ST018,1,93.56,Accepted,RR7,true
RT006607,SO032057,1,V00532,P0025,2026-08-08,ST001,1,86.35,Accepted,RR1,true
RT006608,SO032062,5,V00731,P0046,2026-08-09,ST002,1,103.66,Accepted,RR6,true
RT006609,SO032066,4,V00148,P0007,2026-08-07,ST004,1,126.95,Accepted,RR1,true
RT006610,SO032068,4,V00394,P0017,2026-08-07,ST004,1,159.95,Accepted,RR3,true
RT006611,SO032069,1,V00016,P0001,2026-08-15,ST010,1,203.96,Accepted,RR4,false
RT006612,SO032071,1,V00269,P0012,2026-08-17,ST004,1,70.17,Accepted,RR5,true
RT006613,SO032075,2,V00653,P0031,2026-08-23,ST006,1,75.95,Accepted,RR1,true
RT006614,SO032085,3,V00279,P0012,2026-08-13,ST014,1,81.87,Accepted,RR8,true
RT006615,SO032089,3,V00434,P0019,2026-08-12,ST011,1,250.95,Accepted,RR7,true
RT006616,SO032096,2,V00721,P0041,2026-08-23,ST008,1,127.17,Accepted,RR1,true
RT006617,SO032098,2,V00734,P0047,2026-08-21,ST016,1,89.95,Pending,RR1,false
RT006618,SO032107,1,V00197,P0009,2026-08-13,ST011,1,83.97,Accepted,RR7,true
RT006619,SO032109,1,V00464,P0021,2026-08-15,ST004,1,251.05,Accepted,RR7,true
RT006620,SO032114,1,V00453,P0020,2026-08-28,ST001,1,425.95,Accepted,RR3,true
RT006621,SO032114,3,V00423,P0019,2026-08-31,ST001,1,175.67,Accepted,RR4,false
RT006622,SO032124,2,V00017,P0001,2026-08-11,ST004,1,271.95,Accepted,RR2,true
RT006623,SO032130,1,V00194,P0009,2026-08-23,ST009,1,119.95,Accepted,RR4,false
RT006624,SO032142,2,V00282,P0012,2026-08-31,ST012,1,99.41,Rejected,RR2,false
RT006625,SO032145,1,V00378,P0016,2026-08-15,ST014,1,175.16,Rejected,RR5,false
RT006626,SO032146,1,V00199,P0009,2026-08-19,ST015,1,101.96,Rejected,RR4,false
RT006627,SO032153,2,V00739,P0050,2026-08-16,ST017,1,183.56,Accepted,RR1,true
RT006628,SO032157,3,V00080,P0004,2026-08-14,ST015,1,240.95,Rejected,RR7,false
RT006629,SO032161,1,V00431,P0019,2026-08-13,ST002,1,150.57,Accepted,RR3,true
RT006630,SO032171,1,V00029,P0002,2026-08-16,ST008,1,190.95,Accepted,RR7,true
RT006631,SO032175,1,V00547,P0026,2026-08-30,ST010,1,52.95,Accepted,RR7,true
RT006632,SO032195,1,V00731,P0046,2026-08-20,ST015,2,182.92,Rejected,RR8,false
RT006633,SO032202,1,V00331,P0014,2026-08-15,ST006,1,189.95,Accepted,RR3,true
RT006634,SO032204,1,V00471,P0021,2026-08-15,ST001,1,223.16,Rejected,RR8,false
RT006635,SO032208,1,V00726,P0043,2026-08-20,ST002,1,138.95,Accepted,RR1,true
RT006636,SO032232,1,V00246,P0011,2026-08-15,ST011,1,157.95,Accepted,RR2,true
RT006637,SO032254,1,V00413,P0018,2026-08-26,ST018,1,180.95,Accepted,RR7,true
RT006638,SO032257,1,V00707,P0034,2026-08-29,ST009,1,61.95,Accepted,RR4,false
RT006639,SO032259,1,V00052,P0003,2026-08-17,ST008,1,164.95,Accepted,RR1,true
RT006640,SO032261,1,V00536,P0025,2026-08-19,ST010,1,95.95,Accepted,RR1,true
RT006641,SO032262,1,V00435,P0019,2026-08-25,ST001,1,175.67,Pending,RR1,false
RT006642,SO032270,1,V00694,P0034,2026-08-25,ST002,1,46.46,Accepted,RR4,false
RT006643,SO032284,1,V00183,P0008,2026-08-25,ST004,1,108.76,Accepted,RR8,true
RT006644,SO032295,1,V00056,P0003,2026-08-18,ST007,1,140.21,Accepted,RR2,true
RT006645,SO032299,3,V00474,P0021,2026-08-16,ST008,1,209.21,Rejected,RR2,false
RT006646,SO032303,1,V00303,P0013,2026-08-11,ST009,1,105.57,Accepted,RR1,true
RT006647,SO032307,3,V00230,P0010,2026-08-29,ST011,1,81.71,Pending,RR3,false
RT006648,SO032308,1,V00338,P0015,2026-08-15,ST007,1,186.96,Accepted,RR7,true
RT006649,SO032336,1,V00147,P0007,2026-08-23,ST017,2,253.90,Accepted,RR3,true
RT006650,SO032336,5,V00406,P0018,2026-08-21,ST010,1,108.57,Accepted,RR8,true
RT006651,SO032338,2,V00200,P0009,2026-08-25,ST003,1,119.95,Accepted,RR1,true
RT006652,SO032340,1,V00730,P0045,2026-08-11,ST001,1,93.95,Accepted,RR5,true
RT006653,SO032341,1,V00089,P0004,2026-08-17,ST003,1,240.95,Accepted,RR7,true
RT006654,SO032346,1,V00308,P0013,2026-08-27,ST001,1,105.57,Accepted,RR1,true
RT006655,SO032347,1,V00488,P0022,2026-08-26,ST007,1,439.95,Accepted,RR3,true
RT006656,SO032370,1,V00004,P0001,2026-08-24,ST005,1,163.17,Accepted,RR7,true
RT006657,SO032376,2,V00709,P0035,2026-08-11,ST006,1,192.95,Accepted,RR3,true
RT006658,SO032396,1,V00013,P0001,2026-08-27,ST011,1,271.95,Accepted,RR1,true
RT006659,SO032397,3,V00354,P0015,2026-08-27,ST011,1,131.97,Accepted,RR4,false
RT006660,SO032398,1,V00078,P0004,2026-08-19,ST012,1,192.76,Accepted,RR3,true
RT006661,SO032399,1,V00079,P0004,2026-08-14,ST012,1,240.95,Rejected,RR4,false
RT006662,SO032401,2,V00262,P0011,2026-08-30,ST012,1,126.36,Accepted,RR7,true
RT006663,SO032412,1,V00741,P0051,2026-08-13,ST015,1,73.95,Accepted,RR7,true
RT006664,SO032424,3,V00465,P0021,2026-08-11,ST018,3,711.32,Accepted,RR3,true
RT006665,SO032426,2,V00671,P0032,2026-08-12,ST014,1,31.96,Accepted,RR7,true
RT006666,SO032428,1,V00478,P0022,2026-08-25,ST009,1,307.97,Rejected,RR4,false
RT006667,SO032430,3,V00736,P0048,2026-08-15,ST006,1,83.95,Accepted,RR1,true
RT006668,SO032438,3,V00729,P0045,2026-08-26,ST001,1,93.95,Accepted,RR6,true
RT006669,SO032442,1,V00175,P0008,2026-08-17,ST001,1,135.95,Accepted,RR6,true
RT006670,SO032447,1,V00467,P0021,2026-08-21,ST005,1,278.95,Accepted,RR5,true
RT006671,SO032451,1,V00061,P0003,2026-08-20,ST006,1,115.47,Pending,RR6,false
RT006672,SO032455,1,V00670,P0032,2026-08-19,ST009,1,31.96,Accepted,RR4,false
RT006673,SO032464,2,V00280,P0012,2026-08-18,ST008,1,99.41,Accepted,RR7,true
RT006674,SO032484,1,V00635,P0030,2026-08-16,ST004,1,133.95,Accepted,RR2,true
RT006675,SO032484,2,V00256,P0011,2026-08-29,ST004,1,157.95,Accepted,RR7,true
RT006676,SO032486,1,V00446,P0020,2026-08-25,ST004,1,425.95,Accepted,RR3,true
RT006677,SO032504,2,V00056,P0003,2026-08-21,ST012,1,164.95,Accepted,RR6,true
RT006678,SO032510,3,V00114,P0005,2026-08-19,ST015,1,133.95,Accepted,RR3,true
RT006679,SO032523,3,V00040,P0002,2026-08-21,ST005,1,114.57,Accepted,RR1,true
RT006680,SO032533,2,V00376,P0016,2026-08-24,ST003,1,218.95,Accepted,RR1,true
RT006681,SO032539,1,V00729,P0045,2026-08-24,ST007,1,84.55,Accepted,RR1,true
RT006682,SO032541,1,V00394,P0017,2026-08-19,ST014,1,95.97,Accepted,RR1,true
RT006683,SO032551,2,V00725,P0043,2026-08-18,ST011,1,111.16,Accepted,RR1,true
RT006684,SO032568,1,V00407,P0018,2026-08-21,ST009,1,135.71,Accepted,RR1,true
RT006685,SO032571,1,V00473,P0021,2026-08-22,ST008,1,278.95,Rejected,RR3,false
RT006686,SO032595,1,V00308,P0013,2026-08-19,ST012,1,175.95,Accepted,RR2,true
RT006687,SO032616,1,V00720,P0040,2026-08-22,ST018,1,339.95,Accepted,RR3,true
RT006688,SO032635,1,V00537,P0025,2026-08-26,ST005,1,67.17,Accepted,RR3,true
RT006689,SO032636,1,V00148,P0007,2026-08-18,ST005,1,95.21,Rejected,RR3,false
RT006690,SO032636,2,V00352,P0015,2026-08-25,ST005,1,219.95,Accepted,RR4,false
RT006691,SO032679,1,V00378,P0016,2026-08-24,ST002,2,350.32,Accepted,RR1,true
RT006692,SO032695,1,V00333,P0014,2026-08-29,ST006,1,189.95,Pending,RR2,false
RT006693,SO032695,3,V00492,P0022,2026-08-23,ST006,1,307.97,Accepted,RR8,true
RT006694,SO032697,2,V00564,P0026,2026-08-17,ST007,1,52.95,Pending,RR7,false
RT006695,SO032703,1,V00030,P0002,2026-08-30,ST018,1,152.76,Accepted,RR7,true
RT006696,SO032704,2,V00163,P0007,2026-08-30,ST008,1,126.95,Accepted,RR7,true
RT006697,SO032721,2,V00540,P0025,2026-08-22,ST012,1,95.95,Accepted,RR7,true
RT006698,SO032725,1,V00236,P0010,2026-08-25,ST013,1,108.95,Rejected,RR1,false
RT006699,SO032733,1,V00010,P0001,2026-08-24,ST015,1,271.95,Accepted,RR1,true
RT006700,SO032734,1,V00598,P0028,2026-08-24,ST015,1,93.95,Accepted,RR7,true
RT006701,SO032745,2,V00211,P0009,2026-08-20,ST018,1,119.95,Accepted,RR2,true
RT006702,SO032746,2,V00281,P0012,2026-08-27,ST006,1,99.41,Accepted,RR2,true
RT006703,SO032749,1,V00723,P0042,2026-08-28,ST007,2,717.90,Accepted,RR4,false
RT006704,SO032751,3,V00064,P0003,2026-08-18,ST009,1,140.21,Accepted,RR4,false
RT006705,SO032754,2,V00210,P0009,2026-08-25,ST004,1,119.95,Accepted,RR7,true
RT006706,SO032756,3,V00430,P0019,2026-08-20,ST017,1,250.95,Accepted,RR8,true
RT006707,SO032767,3,V00052,P0003,2026-08-22,ST002,1,164.95,Accepted,RR4,false
RT006708,SO032787,1,V00152,P0007,2026-08-29,ST008,1,126.95,Pending,RR4,false
RT006709,SO032789,1,V00056,P0003,2026-08-26,ST009,1,131.96,Accepted,RR1,true
RT006710,SO032807,1,V00119,P0005,2026-08-27,ST014,1,80.37,Rejected,RR2,false
RT006711,SO032812,1,V00711,P0036,2026-08-22,ST010,1,106.77,Accepted,RR7,true
RT006712,SO032818,1,V00585,P0028,2026-08-30,ST003,1,93.95,Accepted,RR1,true
RT006713,SO032822,1,V00055,P0003,2026-08-26,ST005,1,164.95,Rejected,RR4,false
RT006714,SO032840,1,V00349,P0015,2026-08-25,ST001,1,219.95,Accepted,RR3,true
RT006715,SO032840,2,V00437,P0019,2026-08-20,ST001,1,250.95,Accepted,RR8,true
RT006716,SO032841,4,V00378,P0016,2026-08-31,ST015,1,175.16,Accepted,RR6,true
RT006717,SO032850,1,V00563,P0026,2026-08-29,ST004,1,31.77,Accepted,RR8,true
RT006718,SO032864,2,V00736,P0048,2026-08-29,ST010,1,58.77,Accepted,RR3,true
RT006719,SO032873,1,V00731,P0046,2026-08-28,ST013,1,97.56,Pending,RR7,false
RT006720,SO032880,1,V00676,P0033,2026-08-22,ST017,1,48.95,Accepted,RR2,true
RT006721,SO032894,1,V00712,P0036,2026-08-22,ST010,1,177.95,Accepted,RR2,true
RT006722,SO032896,1,V00222,P0010,2026-08-26,ST007,1,108.95,Accepted,RR1,true
RT006723,SO032898,1,V00417,P0018,2026-08-27,ST001,1,126.67,Accepted,RR1,true
RT006724,SO032899,2,V00710,P0035,2026-08-29,ST007,1,154.36,Rejected,RR3,false
RT006725,SO032903,2,V00617,P0029,2026-08-26,ST002,2,271.90,Accepted,RR1,true
RT006726,SO032907,2,V00127,P0006,2026-08-28,ST004,1,162.95,Accepted,RR4,false
RT006727,SO032965,2,V00130,P0006,2026-08-28,ST007,1,130.36,Accepted,RR2,true
RT006728,SO032977,1,V00200,P0009,2026-08-26,ST013,1,95.96,Accepted,RR2,true
RT006729,SO032983,1,V00218,P0010,2026-08-23,ST016,1,76.27,Accepted,RR3,true
RT006730,SO032984,5,V00208,P0009,2026-08-28,ST016,1,83.96,Accepted,RR3,true
RT006731,SO032992,1,V00262,P0011,2026-08-24,ST016,1,157.95,Accepted,RR5,true
RT006732,SO033000,2,V00127,P0006,2026-08-21,ST015,1,122.21,Accepted,RR4,false
RT006733,SO033002,1,V00637,P0031,2026-08-21,ST006,1,53.17,Accepted,RR7,true
RT006734,SO033024,3,V00009,P0001,2026-08-28,ST011,1,190.37,Accepted,RR7,true
RT006735,SO033044,3,V00270,P0012,2026-08-25,ST018,1,116.95,Pending,RR4,false
RT006736,SO033051,2,V00709,P0035,2026-08-29,ST006,1,192.95,Accepted,RR1,true
RT006737,SO033070,1,V00099,P0005,2026-08-27,ST006,1,80.37,Accepted,RR7,true
RT006738,SO033071,1,V00207,P0009,2026-08-31,ST006,1,119.95,Accepted,RR2,true
RT006739,SO033103,1,V00622,P0030,2026-08-29,ST010,1,133.95,Accepted,RR6,true
RT006740,SO033214,4,V00080,P0004,2026-08-26,ST010,1,240.95,Accepted,RR4,false
RT006741,SO033219,1,V00597,P0028,2026-08-30,ST007,1,93.95,Accepted,RR6,true
RT006742,SO033222,1,V00477,P0022,2026-08-26,ST007,1,351.96,Accepted,RR7,true
RT006743,SO033252,4,V00709,P0035,2026-08-28,ST015,1,115.77,Accepted,RR1,true
RT006744,SO033275,1,V00495,P0023,2026-08-28,ST010,1,132.95,Accepted,RR3,true
RT006745,SO033319,1,V00693,P0034,2026-08-26,ST005,1,61.95,Accepted,RR1,true
RT006746,SO033377,2,V00173,P0008,2026-08-29,ST012,1,135.95,Accepted,RR8,true
RT006747,SO033392,1,V00358,P0015,2026-08-30,ST002,1,164.96,Rejected,RR3,false
RT006748,SO033452,1,V00513,P0024,2026-08-29,ST004,1,86.07,Accepted,RR1,true
RT006749,SO033544,1,V00728,P0044,2026-08-30,ST004,1,115.95,Accepted,RR7,true
