StoreID,VariantID,ProductID,SnapshotDate,FloorQty,BackroomQty,OnHandQty,FloorMinQty,ReorderPoint
ST001,V00002,P0001,2026-08-31,1,4,5,3,9
ST001,V00003,P0001,2026-08-31,4,5,9,2,6
ST001,V00004,P0001,2026-08-31,6,13,19,6,18
ST001,V00006,P0001,2026-08-31,10,9,19,4,12
ST001,V00009,P0001,2026-08-31,4,10,14,6,18
ST001,V00011,P0001,2026-08-31,5,6,11,2,6
ST001,V00014,P0001,2026-08-31,5,3,8,4,12
ST001,V00015,P0001,2026-08-31,6,8,14,3,9
ST001,V00017,P0001,2026-08-31,16,5,21,6,18
ST001,V00019,P0001,2026-08-31,5,4,9,4,12
ST001,V00023,P0001,2026-08-31,4,3,7,2,6
ST001,V00025,P0002,2026-08-31,1,0,1,3,9
ST001,V00027,P0002,2026-08-31,0,4,4,2,6
ST001,V00029,P0002,2026-08-31,4,4,8,2,6
ST001,V00030,P0002,2026-08-31,2,6,8,3,9
ST001,V00031,P0002,2026-08-31,7,4,11,2,6
ST001,V00032,P0002,2026-08-31,3,5,8,2,6
ST001,V00033,P0002,2026-08-31,15,17,32,6,18
ST001,V00034,P0002,2026-08-31,8,6,14,3,9
ST001,V00035,P0002,2026-08-31,10,5,15,4,12
ST001,V00039,P0002,2026-08-31,7,6,13,4,12
ST001,V00040,P0002,2026-08-31,2,0,2,2,6
ST001,V00041,P0002,2026-08-31,2,1,3,2,6
ST001,V00042,P0002,2026-08-31,0,13,13,6,18
ST001,V00045,P0002,2026-08-31,4,7,11,2,6
ST001,V00046,P0002,2026-08-31,1,3,4,2,6
ST001,V00047,P0002,2026-08-31,8,0,8,4,12
ST001,V00048,P0002,2026-08-31,2,4,6,3,9
ST001,V00050,P0003,2026-08-31,2,0,2,2,6
ST001,V00051,P0003,2026-08-31,11,1,12,3,9
ST001,V00052,P0003,2026-08-31,5,0,5,4,12
ST001,V00054,P0003,2026-08-31,5,2,7,2,6
ST001,V00055,P0003,2026-08-31,9,0,9,3,9
ST001,V00058,P0003,2026-08-31,3,2,5,2,6
ST001,V00059,P0003,2026-08-31,5,0,5,2,6
ST001,V00060,P0003,2026-08-31,1,6,7,4,12
ST001,V00061,P0003,2026-08-31,5,2,7,2,6
ST001,V00062,P0003,2026-08-31,1,3,4,2,6
ST001,V00063,P0003,2026-08-31,5,4,9,2,6
ST001,V00064,P0003,2026-08-31,7,12,19,4,12
ST001,V00065,P0003,2026-08-31,6,10,16,4,12
ST001,V00067,P0003,2026-08-31,5,1,6,2,6
ST001,V00070,P0003,2026-08-31,4,0,4,2,6
ST001,V00071,P0003,2026-08-31,9,0,9,6,18
ST001,V00072,P0003,2026-08-31,7,9,16,6,18
ST001,V00075,P0004,2026-08-31,4,0,4,2,6
ST001,V00077,P0004,2026-08-31,8,13,21,4,12
ST001,V00081,P0004,2026-08-31,1,9,10,3,9
ST001,V00083,P0004,2026-08-31,4,7,11,3,9
ST001,V00084,P0004,2026-08-31,8,14,22,4,12
ST001,V00085,P0004,2026-08-31,9,6,15,4,12
ST001,V00086,P0004,2026-08-31,2,7,9,4,12
ST001,V00088,P0004,2026-08-31,11,6,17,3,9
ST001,V00089,P0004,2026-08-31,7,7,14,4,12
ST001,V00092,P0004,2026-08-31,13,1,14,4,12
ST001,V00096,P0004,2026-08-31,5,4,9,2,6
ST001,V00097,P0005,2026-08-31,9,3,12,3,9
ST001,V00098,P0005,2026-08-31,5,2,7,2,6
ST001,V00099,P0005,2026-08-31,4,6,10,2,6
ST001,V00101,P0005,2026-08-31,4,6,10,2,6
ST001,V00103,P0005,2026-08-31,7,6,13,4,12
ST001,V00104,P0005,2026-08-31,4,7,11,2,6
ST001,V00108,P0005,2026-08-31,4,3,7,2,6
ST001,V00109,P0005,2026-08-31,6,6,12,3,9
ST001,V00111,P0005,2026-08-31,6,7,13,2,6
ST001,V00112,P0005,2026-08-31,8,2,10,2,6
ST001,V00114,P0005,2026-08-31,6,8,14,2,6
ST001,V00120,P0005,2026-08-31,7,7,14,3,9
ST001,V00122,P0006,2026-08-31,6,3,9,3,9
ST001,V00124,P0006,2026-08-31,5,7,12,2,6
ST001,V00125,P0006,2026-08-31,3,7,10,3,9
ST001,V00126,P0006,2026-08-31,14,11,25,6,18
ST001,V00133,P0006,2026-08-31,4,2,6,2,6
ST001,V00134,P0006,2026-08-31,2,1,3,4,12
ST001,V00135,P0006,2026-08-31,3,11,14,3,9
ST001,V00136,P0006,2026-08-31,6,0,6,3,9
ST001,V00137,P0006,2026-08-31,0,0,0,2,6
ST001,V00138,P0006,2026-08-31,4,4,8,3,9
ST001,V00140,P0006,2026-08-31,10,3,13,3,9
ST001,V00142,P0006,2026-08-31,1,4,5,3,9
ST001,V00144,P0006,2026-08-31,6,2,8,2,6
ST001,V00147,P0007,2026-08-31,8,5,13,3,9
ST001,V00148,P0007,2026-08-31,4,4,8,2,6
ST001,V00150,P0007,2026-08-31,5,5,10,3,9
ST001,V00152,P0007,2026-08-31,12,3,15,3,9
ST001,V00154,P0007,2026-08-31,6,2,8,2,6
ST001,V00156,P0007,2026-08-31,7,0,7,4,12
ST001,V00159,P0007,2026-08-31,8,8,16,3,9
ST001,V00161,P0007,2026-08-31,5,2,7,2,6
ST001,V00162,P0007,2026-08-31,3,0,3,3,9
ST001,V00166,P0007,2026-08-31,2,2,4,2,6
ST001,V00167,P0007,2026-08-31,7,3,10,3,9
ST001,V00168,P0007,2026-08-31,7,12,19,4,12
ST001,V00169,P0008,2026-08-31,0,4,4,2,6
ST001,V00170,P0008,2026-08-31,4,1,5,2,6
ST001,V00171,P0008,2026-08-31,5,6,11,3,9
ST001,V00172,P0008,2026-08-31,4,0,4,2,6
ST001,V00175,P0008,2026-08-31,4,2,6,4,12
ST001,V00176,P0008,2026-08-31,4,3,7,3,9
ST001,V00180,P0008,2026-08-31,10,5,15,4,12
ST001,V00181,P0008,2026-08-31,9,8,17,3,9
ST001,V00183,P0008,2026-08-31,9,4,13,3,9
ST001,V00185,P0008,2026-08-31,9,2,11,3,9
ST001,V00192,P0008,2026-08-31,7,1,8,3,9
ST001,V00195,P0009,2026-08-31,6,0,6,2,6
ST001,V00196,P0009,2026-08-31,5,0,5,3,9
ST001,V00198,P0009,2026-08-31,4,3,7,3,9
ST001,V00199,P0009,2026-08-31,9,1,10,4,12
ST001,V00201,P0009,2026-08-31,0,14,14,4,12
ST001,V00203,P0009,2026-08-31,6,5,11,3,9
ST001,V00205,P0009,2026-08-31,8,5,13,3,9
ST001,V00208,P0009,2026-08-31,12,14,26,6,18
ST001,V00209,P0009,2026-08-31,8,1,9,3,9
ST001,V00213,P0009,2026-08-31,5,1,6,2,6
ST001,V00214,P0009,2026-08-31,8,4,12,3,9
ST001,V00215,P0009,2026-08-31,3,0,3,2,6
ST001,V00217,P0010,2026-08-31,4,8,12,4,12
ST001,V00221,P0010,2026-08-31,5,5,10,2,6
ST001,V00222,P0010,2026-08-31,5,3,8,2,6
ST001,V00223,P0010,2026-08-31,16,4,20,6,18
ST001,V00224,P0010,2026-08-31,8,9,17,3,9
ST001,V00225,P0010,2026-08-31,10,2,12,4,12
ST001,V00226,P0010,2026-08-31,4,2,6,2,6
ST001,V00227,P0010,2026-08-31,4,5,9,2,6
ST001,V00228,P0010,2026-08-31,2,0,2,4,12
ST001,V00229,P0010,2026-08-31,8,4,12,4,12
ST001,V00232,P0010,2026-08-31,14,3,17,6,18
ST001,V00234,P0010,2026-08-31,7,6,13,4,12
ST001,V00235,P0010,2026-08-31,2,3,5,2,6
ST001,V00236,P0010,2026-08-31,1,4,5,3,9
ST001,V00237,P0010,2026-08-31,2,0,2,2,6
ST001,V00239,P0010,2026-08-31,5,3,8,2,6
ST001,V00240,P0010,2026-08-31,11,16,27,6,18
ST001,V00244,P0011,2026-08-31,7,6,13,3,9
ST001,V00245,P0011,2026-08-31,2,3,5,3,9
ST001,V00248,P0011,2026-08-31,6,4,10,2,6
ST001,V00249,P0011,2026-08-31,6,8,14,4,12
ST001,V00250,P0011,2026-08-31,0,1,1,3,9
ST001,V00252,P0011,2026-08-31,8,9,17,3,9
ST001,V00253,P0011,2026-08-31,8,9,17,4,12
ST001,V00255,P0011,2026-08-31,5,3,8,2,6
ST001,V00256,P0011,2026-08-31,2,2,4,2,6
ST001,V00260,P0011,2026-08-31,7,3,10,2,6
ST001,V00264,P0011,2026-08-31,6,12,18,3,9
ST001,V00269,P0012,2026-08-31,0,0,0,2,6
ST001,V00270,P0012,2026-08-31,7,5,12,3,9
ST001,V00271,P0012,2026-08-31,7,2,9,4,12
ST001,V00272,P0012,2026-08-31,6,6,12,3,9
ST001,V00273,P0012,2026-08-31,9,20,29,6,18
ST001,V00275,P0012,2026-08-31,3,2,5,2,6
ST001,V00276,P0012,2026-08-31,4,2,6,2,6
ST001,V00277,P0012,2026-08-31,6,3,9,2,6
ST001,V00278,P0012,2026-08-31,2,5,7,3,9
ST001,V00279,P0012,2026-08-31,7,0,7,3,9
ST001,V00281,P0012,2026-08-31,15,5,20,6,18
ST001,V00285,P0012,2026-08-31,4,3,7,2,6
ST001,V00286,P0012,2026-08-31,1,7,8,2,6
ST001,V00287,P0012,2026-08-31,4,3,7,2,6
ST001,V00288,P0012,2026-08-31,6,8,14,3,9
ST001,V00289,P0013,2026-08-31,10,5,15,3,9
ST001,V00290,P0013,2026-08-31,6,5,11,3,9
ST001,V00292,P0013,2026-08-31,8,8,16,4,12
ST001,V00293,P0013,2026-08-31,3,6,9,2,6
ST001,V00294,P0013,2026-08-31,7,3,10,6,18
ST001,V00295,P0013,2026-08-31,6,7,13,3,9
ST001,V00296,P0013,2026-08-31,4,3,7,2,6
ST001,V00297,P0013,2026-08-31,7,0,7,2,6
ST001,V00298,P0013,2026-08-31,4,0,4,2,6
ST001,V00299,P0013,2026-08-31,9,8,17,4,12
ST001,V00301,P0013,2026-08-31,7,6,13,3,9
ST001,V00305,P0013,2026-08-31,3,6,9,2,6
ST001,V00307,P0013,2026-08-31,2,5,7,4,12
ST001,V00308,P0013,2026-08-31,10,10,20,3,9
ST001,V00309,P0013,2026-08-31,12,0,12,4,12
ST001,V00313,P0014,2026-08-31,9,4,13,3,9
ST001,V00317,P0014,2026-08-31,7,3,10,3,9
ST001,V00318,P0014,2026-08-31,8,22,30,6,18
ST001,V00319,P0014,2026-08-31,7,2,9,3,9
ST001,V00320,P0014,2026-08-31,9,10,19,4,12
ST001,V00322,P0014,2026-08-31,5,7,12,3,9
ST001,V00323,P0014,2026-08-31,6,4,10,2,6
ST001,V00324,P0014,2026-08-31,4,1,5,2,6
ST001,V00325,P0014,2026-08-31,3,1,4,3,9
ST001,V00326,P0014,2026-08-31,4,4,8,2,6
ST001,V00328,P0014,2026-08-31,14,14,28,6,18
ST001,V00329,P0014,2026-08-31,4,8,12,3,9
ST001,V00332,P0014,2026-08-31,6,4,10,4,12
ST001,V00335,P0014,2026-08-31,3,4,7,2,6
ST001,V00336,P0014,2026-08-31,6,3,9,3,9
ST001,V00337,P0015,2026-08-31,8,6,14,3,9
ST001,V00342,P0015,2026-08-31,3,4,7,3,9
ST001,V00343,P0015,2026-08-31,5,6,11,3,9
ST001,V00348,P0015,2026-08-31,2,1,3,2,6
ST001,V00349,P0015,2026-08-31,3,2,5,2,6
ST001,V00350,P0015,2026-08-31,9,1,10,4,12
ST001,V00351,P0015,2026-08-31,4,6,10,2,6
ST001,V00352,P0015,2026-08-31,9,9,18,6,18
ST001,V00353,P0015,2026-08-31,3,4,7,3,9
ST001,V00354,P0015,2026-08-31,6,8,14,4,12
ST001,V00355,P0015,2026-08-31,3,5,8,2,6
ST001,V00356,P0015,2026-08-31,4,4,8,3,9
ST001,V00359,P0015,2026-08-31,7,6,13,3,9
ST001,V00363,P0016,2026-08-31,7,3,10,4,12
ST001,V00366,P0016,2026-08-31,9,15,24,4,12
ST001,V00369,P0016,2026-08-31,10,8,18,6,18
ST001,V00370,P0016,2026-08-31,3,6,9,2,6
ST001,V00371,P0016,2026-08-31,4,2,6,2,6
ST001,V00373,P0016,2026-08-31,0,5,5,4,12
ST001,V00374,P0016,2026-08-31,14,11,25,6,18
ST001,V00375,P0016,2026-08-31,6,8,14,3,9
ST001,V00376,P0016,2026-08-31,3,1,4,2,6
ST001,V00377,P0016,2026-08-31,8,0,8,4,12
ST001,V00378,P0016,2026-08-31,4,10,14,3,9
ST001,V00379,P0016,2026-08-31,2,3,5,2,6
ST001,V00380,P0016,2026-08-31,5,1,6,2,6
ST001,V00383,P0016,2026-08-31,4,3,7,3,9
ST001,V00384,P0016,2026-08-31,22,16,38,6,18
ST001,V00386,P0017,2026-08-31,3,4,7,2,6
ST001,V00388,P0017,2026-08-31,9,11,20,4,12
ST001,V00390,P0017,2026-08-31,9,9,18,4,12
ST001,V00391,P0017,2026-08-31,6,5,11,2,6
ST001,V00393,P0017,2026-08-31,2,8,10,4,12
ST001,V00394,P0017,2026-08-31,11,18,29,6,18
ST001,V00395,P0017,2026-08-31,10,6,16,4,12
ST001,V00396,P0017,2026-08-31,3,1,4,2,6
ST001,V00401,P0017,2026-08-31,8,2,10,4,12
ST001,V00402,P0017,2026-08-31,1,7,8,2,6
ST001,V00405,P0018,2026-08-31,6,12,18,3,9
ST001,V00407,P0018,2026-08-31,4,0,4,3,9
ST001,V00408,P0018,2026-08-31,3,0,3,2,6
ST001,V00409,P0018,2026-08-31,5,4,9,4,12
ST001,V00410,P0018,2026-08-31,3,9,12,3,9
ST001,V00414,P0018,2026-08-31,7,4,11,2,6
ST001,V00418,P0018,2026-08-31,3,1,4,2,6
ST001,V00419,P0018,2026-08-31,2,5,7,2,6
ST001,V00420,P0018,2026-08-31,3,0,3,2,6
ST001,V00421,P0019,2026-08-31,3,2,5,3,9
ST001,V00422,P0019,2026-08-31,4,4,8,2,6
ST001,V00424,P0019,2026-08-31,5,6,11,3,9
ST001,V00427,P0019,2026-08-31,5,1,6,3,9
ST001,V00428,P0019,2026-08-31,2,1,3,4,12
ST001,V00429,P0019,2026-08-31,5,2,7,2,6
ST001,V00430,P0019,2026-08-31,11,2,13,3,9
ST001,V00433,P0019,2026-08-31,4,0,4,2,6
ST001,V00436,P0019,2026-08-31,3,0,3,2,6
ST001,V00439,P0020,2026-08-31,5,8,13,3,9
ST001,V00440,P0020,2026-08-31,2,3,5,2,6
ST001,V00443,P0020,2026-08-31,4,13,17,4,12
ST001,V00444,P0020,2026-08-31,11,9,20,3,9
ST001,V00446,P0020,2026-08-31,5,5,10,2,6
ST001,V00447,P0020,2026-08-31,1,3,4,2,6
ST001,V00448,P0020,2026-08-31,2,4,6,2,6
ST001,V00450,P0020,2026-08-31,21,2,23,6,18
ST001,V00453,P0020,2026-08-31,7,10,17,6,18
ST001,V00454,P0020,2026-08-31,8,15,23,4,12
ST001,V00456,P0020,2026-08-31,1,5,6,3,9
ST001,V00457,P0021,2026-08-31,3,0,3,2,6
ST001,V00458,P0021,2026-08-31,8,20,28,6,18
ST001,V00459,P0021,2026-08-31,3,10,13,4,12
ST001,V00460,P0021,2026-08-31,10,14,24,4,12
ST001,V00461,P0021,2026-08-31,11,0,11,4,12
ST001,V00464,P0021,2026-08-31,4,8,12,2,6
ST001,V00466,P0021,2026-08-31,7,2,9,4,12
ST001,V00468,P0021,2026-08-31,2,0,2,2,6
ST001,V00469,P0021,2026-08-31,4,0,4,4,12
ST001,V00471,P0021,2026-08-31,3,0,3,2,6
ST001,V00473,P0021,2026-08-31,5,0,5,2,6
ST001,V00474,P0021,2026-08-31,3,4,7,2,6
ST001,V00475,P0022,2026-08-31,5,5,10,3,9
ST001,V00477,P0022,2026-08-31,3,4,7,2,6
ST001,V00478,P0022,2026-08-31,0,6,6,3,9
ST001,V00480,P0022,2026-08-31,7,21,28,6,18
ST001,V00482,P0022,2026-08-31,5,0,5,6,18
ST001,V00484,P0022,2026-08-31,2,6,8,2,6
ST001,V00485,P0022,2026-08-31,5,7,12,3,9
ST001,V00486,P0022,2026-08-31,3,5,8,3,9
ST001,V00487,P0022,2026-08-31,2,2,4,2,6
ST001,V00488,P0022,2026-08-31,3,2,5,2,6
ST001,V00489,P0022,2026-08-31,9,5,14,4,12
ST001,V00491,P0022,2026-08-31,6,6,12,3,9
ST001,V00493,P0023,2026-08-31,15,11,26,6,18
ST001,V00495,P0023,2026-08-31,8,5,13,3,9
ST001,V00497,P0023,2026-08-31,8,5,13,3,9
ST001,V00498,P0023,2026-08-31,1,7,8,3,9
ST001,V00501,P0023,2026-08-31,3,3,6,2,6
ST001,V00502,P0023,2026-08-31,7,0,7,3,9
ST001,V00503,P0023,2026-08-31,3,0,3,2,6
ST001,V00504,P0023,2026-08-31,10,3,13,3,9
ST001,V00507,P0023,2026-08-31,9,9,18,3,9
ST001,V00511,P0024,2026-08-31,5,0,5,2,6
ST001,V00513,P0024,2026-08-31,9,5,14,4,12
ST001,V00517,P0024,2026-08-31,7,7,14,3,9
ST001,V00518,P0024,2026-08-31,3,6,9,2,6
ST001,V00519,P0024,2026-08-31,7,3,10,2,6
ST001,V00522,P0024,2026-08-31,7,0,7,2,6
ST001,V00528,P0024,2026-08-31,5,8,13,3,9
ST001,V00530,P0025,2026-08-31,5,1,6,2,6
ST001,V00535,P0025,2026-08-31,6,6,12,4,12
ST001,V00536,P0025,2026-08-31,11,12,23,4,12
ST001,V00538,P0025,2026-08-31,10,3,13,3,9
ST001,V00539,P0025,2026-08-31,3,5,8,2,6
ST001,V00540,P0025,2026-08-31,3,0,3,2,6
ST001,V00541,P0025,2026-08-31,5,4,9,2,6
ST001,V00542,P0025,2026-08-31,3,5,8,2,6
ST001,V00543,P0025,2026-08-31,4,1,5,2,6
ST001,V00544,P0025,2026-08-31,2,3,5,2,6
ST001,V00546,P0025,2026-08-31,9,6,15,3,9
ST001,V00548,P0026,2026-08-31,6,5,11,3,9
ST001,V00550,P0026,2026-08-31,4,2,6,2,6
ST001,V00554,P0026,2026-08-31,6,0,6,3,9
ST001,V00555,P0026,2026-08-31,5,4,9,4,12
ST001,V00556,P0026,2026-08-31,4,1,5,2,6
ST001,V00558,P0026,2026-08-31,3,3,6,3,9
ST001,V00560,P0026,2026-08-31,5,2,7,4,12
ST001,V00562,P0026,2026-08-31,5,5,10,3,9
ST001,V00564,P0026,2026-08-31,8,1,9,3,9
ST001,V00565,P0027,2026-08-31,15,9,24,4,12
ST001,V00566,P0027,2026-08-31,8,8,16,6,18
ST001,V00567,P0027,2026-08-31,7,1,8,2,6
ST001,V00570,P0027,2026-08-31,4,4,8,2,6
ST001,V00571,P0027,2026-08-31,10,0,10,4,12
ST001,V00572,P0027,2026-08-31,5,0,5,3,9
ST001,V00573,P0027,2026-08-31,4,3,7,2,6
ST001,V00574,P0027,2026-08-31,1,1,2,3,9
ST001,V00581,P0027,2026-08-31,17,7,24,6,18
ST001,V00582,P0027,2026-08-31,6,11,17,3,9
ST001,V00583,P0028,2026-08-31,8,8,16,4,12
ST001,V00584,P0028,2026-08-31,6,9,15,4,12
ST001,V00586,P0028,2026-08-31,4,10,14,3,9
ST001,V00589,P0028,2026-08-31,8,0,8,4,12
ST001,V00591,P0028,2026-08-31,1,0,1,3,9
ST001,V00592,P0028,2026-08-31,2,0,2,3,9
ST001,V00601,P0029,2026-08-31,2,0,2,2,6
ST001,V00603,P0029,2026-08-31,12,9,21,4,12
ST001,V00604,P0029,2026-08-31,2,5,7,2,6
ST001,V00605,P0029,2026-08-31,6,2,8,2,6
ST001,V00606,P0029,2026-08-31,6,1,7,2,6
ST001,V00607,P0029,2026-08-31,0,3,3,3,9
ST001,V00608,P0029,2026-08-31,7,0,7,3,9
ST001,V00609,P0029,2026-08-31,5,3,8,3,9
ST001,V00610,P0029,2026-08-31,5,3,8,2,6
ST001,V00611,P0029,2026-08-31,4,3,7,2,6
ST001,V00614,P0029,2026-08-31,6,6,12,3,9
ST001,V00615,P0029,2026-08-31,7,6,13,3,9
ST001,V00616,P0029,2026-08-31,6,2,8,2,6
ST001,V00617,P0029,2026-08-31,4,6,10,3,9
ST001,V00618,P0029,2026-08-31,2,5,7,2,6
ST001,V00619,P0030,2026-08-31,4,8,12,3,9
ST001,V00620,P0030,2026-08-31,7,11,18,3,9
ST001,V00621,P0030,2026-08-31,10,10,20,6,18
ST001,V00622,P0030,2026-08-31,13,6,19,4,12
ST001,V00625,P0030,2026-08-31,4,3,7,2,6
ST001,V00628,P0030,2026-08-31,6,2,8,6,18
ST001,V00629,P0030,2026-08-31,9,5,14,4,12
ST001,V00632,P0030,2026-08-31,11,1,12,4,12
ST001,V00633,P0030,2026-08-31,4,6,10,4,12
ST001,V00634,P0030,2026-08-31,11,0,11,4,12
ST001,V00635,P0030,2026-08-31,9,3,12,3,9
ST001,V00637,P0031,2026-08-31,7,7,14,4,12
ST001,V00638,P0031,2026-08-31,2,7,9,4,12
ST001,V00641,P0031,2026-08-31,10,2,12,3,9
ST001,V00643,P0031,2026-08-31,7,2,9,2,6
ST001,V00646,P0031,2026-08-31,2,4,6,2,6
ST001,V00647,P0031,2026-08-31,1,0,1,2,6
ST001,V00648,P0031,2026-08-31,7,3,10,3,9
ST001,V00649,P0031,2026-08-31,9,2,11,3,9
ST001,V00650,P0031,2026-08-31,10,9,19,3,9
ST001,V00651,P0031,2026-08-31,3,2,5,2,6
ST001,V00653,P0031,2026-08-31,7,10,17,3,9
ST001,V00654,P0031,2026-08-31,4,5,9,2,6
ST001,V00655,P0032,2026-08-31,5,1,6,2,6
ST001,V00658,P0032,2026-08-31,10,2,12,3,9
ST001,V00661,P0032,2026-08-31,14,9,23,4,12
ST001,V00662,P0032,2026-08-31,7,8,15,3,9
ST001,V00663,P0032,2026-08-31,5,5,10,3,9
ST001,V00664,P0032,2026-08-31,3,4,7,2,6
ST001,V00665,P0032,2026-08-31,13,4,17,6,18
ST001,V00666,P0032,2026-08-31,18,6,24,6,18
ST001,V00667,P0032,2026-08-31,14,3,17,6,18
ST001,V00669,P0032,2026-08-31,7,6,13,3,9
ST001,V00672,P0032,2026-08-31,1,8,9,2,6
ST001,V00673,P0033,2026-08-31,6,1,7,3,9
ST001,V00678,P0033,2026-08-31,15,11,26,4,12
ST001,V00680,P0033,2026-08-31,7,1,8,3,9
ST001,V00681,P0033,2026-08-31,3,3,6,3,9
ST001,V00682,P0033,2026-08-31,4,1,5,4,12
ST001,V00684,P0033,2026-08-31,4,6,10,2,6
ST001,V00687,P0033,2026-08-31,6,3,9,4,12
ST001,V00689,P0033,2026-08-31,14,0,14,6,18
ST001,V00690,P0033,2026-08-31,5,3,8,2,6
ST001,V00691,P0034,2026-08-31,5,2,7,3,9
ST001,V00692,P0034,2026-08-31,11,6,17,3,9
ST001,V00693,P0034,2026-08-31,0,2,2,2,6
ST001,V00695,P0034,2026-08-31,4,5,9,2,6
ST001,V00697,P0034,2026-08-31,10,5,15,4,12
ST001,V00698,P0034,2026-08-31,5,4,9,3,9
ST001,V00699,P0034,2026-08-31,8,16,24,6,18
ST001,V00702,P0034,2026-08-31,7,5,12,3,9
ST001,V00705,P0034,2026-08-31,7,2,9,3,9
ST001,V00707,P0034,2026-08-31,15,6,21,6,18
ST002,V00008,P0001,2026-08-31,0,5,5,2,6
ST002,V00010,P0001,2026-08-31,10,13,23,6,18
ST002,V00012,P0001,2026-08-31,3,0,3,2,6
ST002,V00013,P0001,2026-08-31,7,2,9,3,9
ST002,V00014,P0001,2026-08-31,4,6,10,4,12
ST002,V00015,P0001,2026-08-31,3,5,8,3,9
ST002,V00016,P0001,2026-08-31,4,5,9,2,6
ST002,V00018,P0001,2026-08-31,3,2,5,2,6
ST002,V00021,P0001,2026-08-31,11,3,14,4,12
ST002,V00022,P0001,2026-08-31,3,4,7,2,6
ST002,V00023,P0001,2026-08-31,11,3,14,4,12
ST002,V00026,P0002,2026-08-31,4,6,10,3,9
ST002,V00029,P0002,2026-08-31,3,2,5,2,6
ST002,V00030,P0002,2026-08-31,9,10,19,6,18
ST002,V00032,P0002,2026-08-31,9,6,15,3,9
ST002,V00033,P0002,2026-08-31,0,4,4,4,12
ST002,V00034,P0002,2026-08-31,8,2,10,4,12
ST002,V00036,P0002,2026-08-31,8,3,11,4,12
ST002,V00041,P0002,2026-08-31,3,4,7,2,6
ST002,V00042,P0002,2026-08-31,4,8,12,2,6
ST002,V00043,P0002,2026-08-31,3,5,8,3,9
ST002,V00044,P0002,2026-08-31,2,3,5,2,6
ST002,V00046,P0002,2026-08-31,2,2,4,2,6
ST002,V00047,P0002,2026-08-31,5,3,8,2,6
ST002,V00048,P0002,2026-08-31,3,6,9,2,6
ST002,V00049,P0003,2026-08-31,1,0,1,2,6
ST002,V00053,P0003,2026-08-31,4,3,7,3,9
ST002,V00057,P0003,2026-08-31,5,2,7,3,9
ST002,V00058,P0003,2026-08-31,4,3,7,2,6
ST002,V00059,P0003,2026-08-31,7,2,9,2,6
ST002,V00060,P0003,2026-08-31,2,9,11,3,9
ST002,V00061,P0003,2026-08-31,3,3,6,2,6
ST002,V00062,P0003,2026-08-31,4,2,6,3,9
ST002,V00065,P0003,2026-08-31,10,8,18,4,12
ST002,V00067,P0003,2026-08-31,2,3,5,3,9
ST002,V00069,P0003,2026-08-31,9,8,17,3,9
ST002,V00070,P0003,2026-08-31,4,3,7,2,6
ST002,V00072,P0003,2026-08-31,13,5,18,6,18
ST002,V00074,P0004,2026-08-31,10,9,19,3,9
ST002,V00075,P0004,2026-08-31,3,1,4,3,9
ST002,V00076,P0004,2026-08-31,3,1,4,2,6
ST002,V00077,P0004,2026-08-31,8,5,13,3,9
ST002,V00078,P0004,2026-08-31,4,2,6,2,6
ST002,V00079,P0004,2026-08-31,5,0,5,3,9
ST002,V00080,P0004,2026-08-31,17,10,27,6,18
ST002,V00081,P0004,2026-08-31,4,2,6,3,9
ST002,V00082,P0004,2026-08-31,4,4,8,2,6
ST002,V00083,P0004,2026-08-31,5,0,5,3,9
ST002,V00084,P0004,2026-08-31,7,2,9,2,6
ST002,V00087,P0004,2026-08-31,5,7,12,4,12
ST002,V00088,P0004,2026-08-31,1,3,4,2,6
ST002,V00090,P0004,2026-08-31,8,0,8,3,9
ST002,V00091,P0004,2026-08-31,5,1,6,2,6
ST002,V00093,P0004,2026-08-31,9,8,17,4,12
ST002,V00094,P0004,2026-08-31,5,7,12,3,9
ST002,V00097,P0005,2026-08-31,3,15,18,3,9
ST002,V00098,P0005,2026-08-31,9,5,14,3,9
ST002,V00099,P0005,2026-08-31,7,5,12,3,9
ST002,V00101,P0005,2026-08-31,5,6,11,2,6
ST002,V00103,P0005,2026-08-31,6,0,6,2,6
ST002,V00106,P0005,2026-08-31,4,0,4,2,6
ST002,V00109,P0005,2026-08-31,10,9,19,6,18
ST002,V00111,P0005,2026-08-31,3,1,4,2,6
ST002,V00113,P0005,2026-08-31,5,7,12,3,9
ST002,V00115,P0005,2026-08-31,12,13,25,3,9
ST002,V00117,P0005,2026-08-31,5,1,6,2,6
ST002,V00118,P0005,2026-08-31,3,0,3,3,9
ST002,V00120,P0005,2026-08-31,5,5,10,2,6
ST002,V00123,P0006,2026-08-31,3,1,4,2,6
ST002,V00124,P0006,2026-08-31,11,6,17,4,12
ST002,V00125,P0006,2026-08-31,3,9,12,3,9
ST002,V00127,P0006,2026-08-31,8,2,10,3,9
ST002,V00129,P0006,2026-08-31,5,5,10,2,6
ST002,V00131,P0006,2026-08-31,4,5,9,2,6
ST002,V00133,P0006,2026-08-31,7,5,12,3,9
ST002,V00135,P0006,2026-08-31,6,5,11,2,6
ST002,V00136,P0006,2026-08-31,4,8,12,2,6
ST002,V00137,P0006,2026-08-31,15,5,20,4,12
ST002,V00140,P0006,2026-08-31,5,8,13,2,6
ST002,V00141,P0006,2026-08-31,5,8,13,3,9
ST002,V00143,P0006,2026-08-31,11,15,26,4,12
ST002,V00144,P0006,2026-08-31,6,2,8,2,6
ST002,V00145,P0007,2026-08-31,5,7,12,3,9
ST002,V00149,P0007,2026-08-31,3,3,6,2,6
ST002,V00151,P0007,2026-08-31,3,5,8,2,6
ST002,V00152,P0007,2026-08-31,2,8,10,2,6
ST002,V00153,P0007,2026-08-31,10,7,17,4,12
ST002,V00155,P0007,2026-08-31,12,12,24,4,12
ST002,V00156,P0007,2026-08-31,6,3,9,2,6
ST002,V00160,P0007,2026-08-31,5,0,5,2,6
ST002,V00161,P0007,2026-08-31,3,2,5,3,9
ST002,V00163,P0007,2026-08-31,7,4,11,4,12
ST002,V00164,P0007,2026-08-31,3,0,3,3,9
ST002,V00166,P0007,2026-08-31,7,9,16,3,9
ST002,V00168,P0007,2026-08-31,9,8,17,4,12
ST002,V00169,P0008,2026-08-31,5,0,5,2,6
ST002,V00171,P0008,2026-08-31,10,1,11,6,18
ST002,V00172,P0008,2026-08-31,4,7,11,4,12
ST002,V00173,P0008,2026-08-31,13,10,23,4,12
ST002,V00176,P0008,2026-08-31,5,1,6,2,6
ST002,V00179,P0008,2026-08-31,5,5,10,2,6
ST002,V00181,P0008,2026-08-31,4,0,4,2,6
ST002,V00182,P0008,2026-08-31,8,5,13,3,9
ST002,V00183,P0008,2026-08-31,3,5,8,2,6
ST002,V00184,P0008,2026-08-31,2,7,9,3,9
ST002,V00187,P0008,2026-08-31,0,8,8,3,9
ST002,V00188,P0008,2026-08-31,1,8,9,2,6
ST002,V00194,P0009,2026-08-31,5,2,7,2,6
ST002,V00196,P0009,2026-08-31,4,4,8,4,12
ST002,V00197,P0009,2026-08-31,6,5,11,2,6
ST002,V00198,P0009,2026-08-31,9,16,25,4,12
ST002,V00200,P0009,2026-08-31,4,9,13,3,9
ST002,V00202,P0009,2026-08-31,5,4,9,2,6
ST002,V00203,P0009,2026-08-31,6,2,8,2,6
ST002,V00204,P0009,2026-08-31,9,0,9,3,9
ST002,V00205,P0009,2026-08-31,6,11,17,4,12
ST002,V00208,P0009,2026-08-31,2,2,4,2,6
ST002,V00209,P0009,2026-08-31,6,7,13,3,9
ST002,V00212,P0009,2026-08-31,3,3,6,2,6
ST002,V00214,P0009,2026-08-31,3,3,6,2,6
ST002,V00217,P0010,2026-08-31,7,7,14,4,12
ST002,V00219,P0010,2026-08-31,7,6,13,3,9
ST002,V00221,P0010,2026-08-31,3,0,3,3,9
ST002,V00223,P0010,2026-08-31,2,6,8,2,6
ST002,V00224,P0010,2026-08-31,8,6,14,3,9
ST002,V00225,P0010,2026-08-31,4,0,4,2,6
ST002,V00226,P0010,2026-08-31,3,0,3,2,6
ST002,V00229,P0010,2026-08-31,9,4,13,3,9
ST002,V00231,P0010,2026-08-31,5,4,9,2,6
ST002,V00232,P0010,2026-08-31,7,4,11,2,6
ST002,V00234,P0010,2026-08-31,3,6,9,2,6
ST002,V00238,P0010,2026-08-31,2,1,3,2,6
ST002,V00240,P0010,2026-08-31,2,11,13,3,9
ST002,V00241,P0011,2026-08-31,6,18,24,6,18
ST002,V00242,P0011,2026-08-31,20,12,32,6,18
ST002,V00243,P0011,2026-08-31,5,11,16,3,9
ST002,V00244,P0011,2026-08-31,2,3,5,2,6
ST002,V00245,P0011,2026-08-31,4,3,7,2,6
ST002,V00246,P0011,2026-08-31,4,0,4,2,6
ST002,V00247,P0011,2026-08-31,7,0,7,3,9
ST002,V00251,P0011,2026-08-31,4,0,4,3,9
ST002,V00255,P0011,2026-08-31,6,6,12,4,12
ST002,V00256,P0011,2026-08-31,4,4,8,2,6
ST002,V00258,P0011,2026-08-31,8,9,17,4,12
ST002,V00260,P0011,2026-08-31,7,1,8,3,9
ST002,V00262,P0011,2026-08-31,0,0,0,2,6
ST002,V00266,P0012,2026-08-31,6,3,9,2,6
ST002,V00267,P0012,2026-08-31,13,9,22,6,18
ST002,V00268,P0012,2026-08-31,4,4,8,2,6
ST002,V00269,P0012,2026-08-31,5,8,13,2,6
ST002,V00271,P0012,2026-08-31,18,8,26,6,18
ST002,V00272,P0012,2026-08-31,4,5,9,4,12
ST002,V00274,P0012,2026-08-31,6,8,14,4,12
ST002,V00276,P0012,2026-08-31,10,0,10,3,9
ST002,V00278,P0012,2026-08-31,4,3,7,2,6
ST002,V00280,P0012,2026-08-31,3,6,9,2,6
ST002,V00281,P0012,2026-08-31,6,13,19,3,9
ST002,V00284,P0012,2026-08-31,10,9,19,4,12
ST002,V00285,P0012,2026-08-31,4,4,8,2,6
ST002,V00287,P0012,2026-08-31,3,0,3,2,6
ST002,V00288,P0012,2026-08-31,7,5,12,3,9
ST002,V00290,P0013,2026-08-31,2,6,8,2,6
ST002,V00291,P0013,2026-08-31,6,10,16,4,12
ST002,V00293,P0013,2026-08-31,17,0,17,6,18
ST002,V00296,P0013,2026-08-31,7,4,11,3,9
ST002,V00298,P0013,2026-08-31,2,2,4,2,6
ST002,V00299,P0013,2026-08-31,2,6,8,2,6
ST002,V00300,P0013,2026-08-31,3,2,5,2,6
ST002,V00301,P0013,2026-08-31,4,19,23,6,18
ST002,V00302,P0013,2026-08-31,6,2,8,3,9
ST002,V00303,P0013,2026-08-31,8,0,8,6,18
ST002,V00304,P0013,2026-08-31,14,0,14,4,12
ST002,V00305,P0013,2026-08-31,6,5,11,3,9
ST002,V00308,P0013,2026-08-31,11,7,18,6,18
ST002,V00309,P0013,2026-08-31,3,3,6,2,6
ST002,V00311,P0013,2026-08-31,5,4,9,2,6
ST002,V00312,P0013,2026-08-31,6,0,6,2,6
ST002,V00315,P0014,2026-08-31,2,0,2,2,6
ST002,V00316,P0014,2026-08-31,6,4,10,3,9
ST002,V00318,P0014,2026-08-31,3,2,5,2,6
ST002,V00319,P0014,2026-08-31,5,9,14,3,9
ST002,V00320,P0014,2026-08-31,5,2,7,2,6
ST002,V00321,P0014,2026-08-31,2,3,5,2,6
ST002,V00322,P0014,2026-08-31,4,6,10,2,6
ST002,V00328,P0014,2026-08-31,16,10,26,6,18
ST002,V00329,P0014,2026-08-31,6,11,17,4,12
ST002,V00334,P0014,2026-08-31,3,2,5,2,6
ST002,V00336,P0014,2026-08-31,4,5,9,2,6
ST002,V00340,P0015,2026-08-31,6,11,17,4,12
ST002,V00341,P0015,2026-08-31,4,0,4,2,6
ST002,V00342,P0015,2026-08-31,4,0,4,2,6
ST002,V00343,P0015,2026-08-31,2,3,5,2,6
ST002,V00346,P0015,2026-08-31,7,8,15,3,9
ST002,V00347,P0015,2026-08-31,7,6,13,2,6
ST002,V00350,P0015,2026-08-31,10,0,10,4,12
ST002,V00354,P0015,2026-08-31,3,4,7,2,6
ST002,V00355,P0015,2026-08-31,12,10,22,4,12
ST002,V00357,P0015,2026-08-31,1,3,4,2,6
ST002,V00359,P0015,2026-08-31,8,7,15,4,12
ST002,V00363,P0016,2026-08-31,4,8,12,3,9
ST002,V00364,P0016,2026-08-31,4,4,8,3,9
ST002,V00365,P0016,2026-08-31,0,4,4,4,12
ST002,V00367,P0016,2026-08-31,11,13,24,4,12
ST002,V00368,P0016,2026-08-31,3,6,9,2,6
ST002,V00369,P0016,2026-08-31,8,1,9,2,6
ST002,V00370,P0016,2026-08-31,6,7,13,3,9
ST002,V00371,P0016,2026-08-31,3,3,6,2,6
ST002,V00372,P0016,2026-08-31,2,4,6,2,6
ST002,V00373,P0016,2026-08-31,5,5,10,3,9
ST002,V00375,P0016,2026-08-31,6,0,6,4,12
ST002,V00386,P0017,2026-08-31,2,2,4,2,6
ST002,V00389,P0017,2026-08-31,5,5,10,3,9
ST002,V00394,P0017,2026-08-31,4,4,8,3,9
ST002,V00397,P0017,2026-08-31,2,4,6,2,6
ST002,V00398,P0017,2026-08-31,7,12,19,6,18
ST002,V00401,P0017,2026-08-31,14,13,27,6,18
ST002,V00402,P0017,2026-08-31,3,2,5,2,6
ST002,V00403,P0018,2026-08-31,12,16,28,6,18
ST002,V00405,P0018,2026-08-31,2,2,4,2,6
ST002,V00406,P0018,2026-08-31,7,2,9,4,12
ST002,V00408,P0018,2026-08-31,10,11,21,4,12
ST002,V00409,P0018,2026-08-31,10,0,10,4,12
ST002,V00411,P0018,2026-08-31,4,2,6,2,6
ST002,V00413,P0018,2026-08-31,1,8,9,3,9
ST002,V00414,P0018,2026-08-31,11,4,15,4,12
ST002,V00415,P0018,2026-08-31,6,3,9,3,9
ST002,V00417,P0018,2026-08-31,5,15,20,4,12
ST002,V00418,P0018,2026-08-31,4,5,9,2,6
ST002,V00419,P0018,2026-08-31,4,2,6,2,6
ST002,V00420,P0018,2026-08-31,12,11,23,4,12
ST002,V00421,P0019,2026-08-31,3,0,3,2,6
ST002,V00423,P0019,2026-08-31,0,6,6,2,6
ST002,V00425,P0019,2026-08-31,4,4,8,2,6
ST002,V00428,P0019,2026-08-31,9,11,20,3,9
ST002,V00433,P0019,2026-08-31,3,6,9,3,9
ST002,V00435,P0019,2026-08-31,7,10,17,4,12
ST002,V00436,P0019,2026-08-31,5,5,10,3,9
ST002,V00437,P0019,2026-08-31,4,5,9,2,6
ST002,V00438,P0019,2026-08-31,2,5,7,2,6
ST002,V00440,P0020,2026-08-31,12,3,15,4,12
ST002,V00441,P0020,2026-08-31,5,6,11,2,6
ST002,V00443,P0020,2026-08-31,5,1,6,2,6
ST002,V00446,P0020,2026-08-31,8,0,8,3,9
ST002,V00447,P0020,2026-08-31,15,9,24,4,12
ST002,V00448,P0020,2026-08-31,2,6,8,3,9
ST002,V00451,P0020,2026-08-31,10,12,22,4,12
ST002,V00454,P0020,2026-08-31,7,5,12,3,9
ST002,V00455,P0020,2026-08-31,4,3,7,2,6
ST002,V00456,P0020,2026-08-31,3,2,5,2,6
ST002,V00458,P0021,2026-08-31,13,3,16,3,9
ST002,V00462,P0021,2026-08-31,3,2,5,2,6
ST002,V00463,P0021,2026-08-31,3,5,8,2,6
ST002,V00464,P0021,2026-08-31,10,2,12,4,12
ST002,V00465,P0021,2026-08-31,12,7,19,4,12
ST002,V00466,P0021,2026-08-31,2,11,13,3,9
ST002,V00467,P0021,2026-08-31,5,7,12,3,9
ST002,V00468,P0021,2026-08-31,3,11,14,3,9
ST002,V00469,P0021,2026-08-31,2,6,8,2,6
ST002,V00470,P0021,2026-08-31,7,7,14,2,6
ST002,V00473,P0021,2026-08-31,5,3,8,4,12
ST002,V00474,P0021,2026-08-31,6,3,9,2,6
ST002,V00475,P0022,2026-08-31,7,1,8,2,6
ST002,V00478,P0022,2026-08-31,2,3,5,2,6
ST002,V00479,P0022,2026-08-31,4,0,4,2,6
ST002,V00480,P0022,2026-08-31,5,4,9,2,6
ST002,V00482,P0022,2026-08-31,0,6,6,2,6
ST002,V00483,P0022,2026-08-31,9,3,12,4,12
ST002,V00484,P0022,2026-08-31,5,2,7,2,6
ST002,V00485,P0022,2026-08-31,3,8,11,3,9
ST002,V00486,P0022,2026-08-31,3,5,8,4,12
ST002,V00487,P0022,2026-08-31,4,0,4,4,12
ST002,V00488,P0022,2026-08-31,3,3,6,2,6
ST002,V00491,P0022,2026-08-31,4,4,8,3,9
ST002,V00492,P0022,2026-08-31,7,4,11,3,9
ST002,V00493,P0023,2026-08-31,8,0,8,3,9
ST002,V00494,P0023,2026-08-31,3,4,7,2,6
ST002,V00495,P0023,2026-08-31,4,0,4,3,9
ST002,V00496,P0023,2026-08-31,12,2,14,3,9
ST002,V00498,P0023,2026-08-31,6,3,9,2,6
ST002,V00499,P0023,2026-08-31,8,8,16,3,9
ST002,V00500,P0023,2026-08-31,1,1,2,2,6
ST002,V00502,P0023,2026-08-31,8,7,15,3,9
ST002,V00506,P0023,2026-08-31,2,0,2,3,9
ST002,V00507,P0023,2026-08-31,12,6,18,4,12
ST002,V00510,P0023,2026-08-31,4,3,7,3,9
ST002,V00514,P0024,2026-08-31,4,5,9,2,6
ST002,V00516,P0024,2026-08-31,8,5,13,4,12
ST002,V00518,P0024,2026-08-31,9,8,17,4,12
ST002,V00520,P0024,2026-08-31,5,8,13,3,9
ST002,V00522,P0024,2026-08-31,4,5,9,2,6
ST002,V00523,P0024,2026-08-31,3,2,5,3,9
ST002,V00525,P0024,2026-08-31,10,8,18,4,12
ST002,V00531,P0025,2026-08-31,5,3,8,2,6
ST002,V00532,P0025,2026-08-31,4,4,8,2,6
ST002,V00534,P0025,2026-08-31,9,4,13,3,9
ST002,V00536,P0025,2026-08-31,1,1,2,2,6
ST002,V00538,P0025,2026-08-31,7,4,11,4,12
ST002,V00539,P0025,2026-08-31,10,3,13,3,9
ST002,V00540,P0025,2026-08-31,0,4,4,3,9
ST002,V00543,P0025,2026-08-31,10,0,10,3,9
ST002,V00544,P0025,2026-08-31,7,1,8,3,9
ST002,V00546,P0025,2026-08-31,5,6,11,3,9
ST002,V00547,P0026,2026-08-31,3,0,3,3,9
ST002,V00549,P0026,2026-08-31,0,0,0,2,6
ST002,V00551,P0026,2026-08-31,5,3,8,2,6
ST002,V00552,P0026,2026-08-31,3,8,11,4,12
ST002,V00553,P0026,2026-08-31,4,2,6,3,9
ST002,V00554,P0026,2026-08-31,5,3,8,2,6
ST002,V00556,P0026,2026-08-31,3,0,3,2,6
ST002,V00558,P0026,2026-08-31,10,4,14,4,12
ST002,V00561,P0026,2026-08-31,6,7,13,3,9
ST002,V00563,P0026,2026-08-31,4,4,8,3,9
ST002,V00565,P0027,2026-08-31,2,1,3,2,6
ST002,V00566,P0027,2026-08-31,7,2,9,3,9
ST002,V00567,P0027,2026-08-31,3,3,6,2,6
ST002,V00569,P0027,2026-08-31,9,9,18,4,12
ST002,V00570,P0027,2026-08-31,6,2,8,3,9
ST002,V00571,P0027,2026-08-31,7,5,12,2,6
ST002,V00572,P0027,2026-08-31,9,9,18,3,9
ST002,V00574,P0027,2026-08-31,5,7,12,3,9
ST002,V00576,P0027,2026-08-31,6,4,10,4,12
ST002,V00578,P0027,2026-08-31,3,7,10,3,9
ST002,V00579,P0027,2026-08-31,5,4,9,2,6
ST002,V00581,P0027,2026-08-31,1,6,7,2,6
ST002,V00582,P0027,2026-08-31,3,0,3,3,9
ST002,V00583,P0028,2026-08-31,13,6,19,4,12
ST002,V00588,P0028,2026-08-31,2,4,6,3,9
ST002,V00591,P0028,2026-08-31,6,0,6,4,12
ST002,V00592,P0028,2026-08-31,13,3,16,4,12
ST002,V00595,P0028,2026-08-31,12,1,13,4,12
ST002,V00597,P0028,2026-08-31,6,5,11,3,9
ST002,V00599,P0028,2026-08-31,8,9,17,4,12
ST002,V00600,P0028,2026-08-31,14,16,30,6,18
ST002,V00601,P0029,2026-08-31,15,9,24,6,18
ST002,V00602,P0029,2026-08-31,0,0,0,6,18
ST002,V00603,P0029,2026-08-31,8,5,13,4,12
ST002,V00604,P0029,2026-08-31,4,5,9,2,6
ST002,V00606,P0029,2026-08-31,5,0,5,4,12
ST002,V00608,P0029,2026-08-31,6,4,10,3,9
ST002,V00609,P0029,2026-08-31,7,9,16,4,12
ST002,V00610,P0029,2026-08-31,0,3,3,2,6
ST002,V00611,P0029,2026-08-31,2,7,9,2,6
ST002,V00614,P0029,2026-08-31,0,10,10,3,9
ST002,V00615,P0029,2026-08-31,5,10,15,4,12
ST002,V00616,P0029,2026-08-31,5,2,7,3,9
ST002,V00619,P0030,2026-08-31,5,9,14,3,9
ST002,V00620,P0030,2026-08-31,8,3,11,3,9
ST002,V00621,P0030,2026-08-31,5,2,7,2,6
ST002,V00624,P0030,2026-08-31,4,0,4,2,6
ST002,V00629,P0030,2026-08-31,9,5,14,4,12
ST002,V00630,P0030,2026-08-31,7,5,12,2,6
ST002,V00631,P0030,2026-08-31,11,1,12,4,12
ST002,V00632,P0030,2026-08-31,8,12,20,6,18
ST002,V00634,P0030,2026-08-31,4,1,5,3,9
ST002,V00635,P0030,2026-08-31,4,3,7,2,6
ST002,V00636,P0030,2026-08-31,3,3,6,2,6
ST002,V00637,P0031,2026-08-31,4,6,10,2,6
ST002,V00640,P0031,2026-08-31,4,1,5,2,6
ST002,V00641,P0031,2026-08-31,7,1,8,2,6
ST002,V00642,P0031,2026-08-31,6,7,13,4,12
ST002,V00643,P0031,2026-08-31,3,3,6,2,6
ST002,V00644,P0031,2026-08-31,4,6,10,3,9
ST002,V00645,P0031,2026-08-31,5,3,8,2,6
ST002,V00646,P0031,2026-08-31,7,2,9,2,6
ST002,V00647,P0031,2026-08-31,2,1,3,2,6
ST002,V00648,P0031,2026-08-31,11,9,20,4,12
ST002,V00651,P0031,2026-08-31,6,4,10,3,9
ST002,V00653,P0031,2026-08-31,8,6,14,4,12
ST002,V00654,P0031,2026-08-31,5,3,8,2,6
ST002,V00656,P0032,2026-08-31,6,12,18,4,12
ST002,V00657,P0032,2026-08-31,7,6,13,3,9
ST002,V00658,P0032,2026-08-31,9,3,12,4,12
ST002,V00659,P0032,2026-08-31,1,0,1,2,6
ST002,V00664,P0032,2026-08-31,3,7,10,2,6
ST002,V00665,P0032,2026-08-31,5,9,14,3,9
ST002,V00667,P0032,2026-08-31,7,6,13,4,12
ST002,V00668,P0032,2026-08-31,4,3,7,3,9
ST002,V00669,P0032,2026-08-31,5,3,8,2,6
ST002,V00670,P0032,2026-08-31,17,11,28,6,18
ST002,V00672,P0032,2026-08-31,11,0,11,4,12
ST002,V00673,P0033,2026-08-31,11,2,13,4,12
ST002,V00674,P0033,2026-08-31,8,4,12,3,9
ST002,V00675,P0033,2026-08-31,17,0,17,6,18
ST002,V00677,P0033,2026-08-31,13,3,16,6,18
ST002,V00678,P0033,2026-08-31,7,4,11,3,9
ST002,V00679,P0033,2026-08-31,2,3,5,2,6
ST002,V00680,P0033,2026-08-31,10,4,14,4,12
ST002,V00683,P0033,2026-08-31,9,2,11,3,9
ST002,V00684,P0033,2026-08-31,7,2,9,2,6
ST002,V00686,P0033,2026-08-31,4,0,4,2,6
ST002,V00688,P0033,2026-08-31,1,2,3,2,6
ST002,V00691,P0034,2026-08-31,7,0,7,3,9
ST002,V00694,P0034,2026-08-31,1,5,6,2,6
ST002,V00696,P0034,2026-08-31,19,2,21,6,18
ST002,V00698,P0034,2026-08-31,2,2,4,2,6
ST002,V00700,P0034,2026-08-31,9,0,9,4,12
ST002,V00701,P0034,2026-08-31,5,4,9,2,6
ST002,V00702,P0034,2026-08-31,16,13,29,6,18
ST002,V00706,P0034,2026-08-31,9,2,11,3,9
ST002,V00707,P0034,2026-08-31,8,0,8,6,18
ST002,V00708,P0034,2026-08-31,8,5,13,4,12
ST003,V00001,P0001,2026-08-31,7,6,13,3,9
ST003,V00002,P0001,2026-08-31,5,7,12,3,9
ST003,V00006,P0001,2026-08-31,2,4,6,3,9
ST003,V00007,P0001,2026-08-31,14,6,20,4,12
ST003,V00008,P0001,2026-08-31,3,12,15,4,12
ST003,V00011,P0001,2026-08-31,15,7,22,4,12
ST003,V00012,P0001,2026-08-31,5,9,14,3,9
ST003,V00016,P0001,2026-08-31,6,6,12,3,9
ST003,V00017,P0001,2026-08-31,5,1,6,3,9
ST003,V00019,P0001,2026-08-31,3,3,6,2,6
ST003,V00020,P0001,2026-08-31,6,3,9,2,6
ST003,V00021,P0001,2026-08-31,5,5,10,2,6
ST003,V00022,P0001,2026-08-31,3,2,5,2,6
ST003,V00025,P0002,2026-08-31,4,2,6,2,6
ST003,V00026,P0002,2026-08-31,7,3,10,2,6
ST003,V00028,P0002,2026-08-31,4,4,8,2,6
ST003,V00029,P0002,2026-08-31,11,12,23,6,18
ST003,V00030,P0002,2026-08-31,8,2,10,4,12
ST003,V00031,P0002,2026-08-31,3,1,4,2,6
ST003,V00032,P0002,2026-08-31,5,4,9,4,12
ST003,V00033,P0002,2026-08-31,12,10,22,4,12
ST003,V00034,P0002,2026-08-31,3,1,4,2,6
ST003,V00037,P0002,2026-08-31,4,2,6,2,6
ST003,V00040,P0002,2026-08-31,2,3,5,2,6
ST003,V00042,P0002,2026-08-31,10,7,17,3,9
ST003,V00043,P0002,2026-08-31,7,8,15,4,12
ST003,V00044,P0002,2026-08-31,2,5,7,3,9
ST003,V00046,P0002,2026-08-31,4,0,4,2,6
ST003,V00051,P0003,2026-08-31,0,6,6,2,6
ST003,V00052,P0003,2026-08-31,9,5,14,3,9
ST003,V00053,P0003,2026-08-31,3,0,3,2,6
ST003,V00054,P0003,2026-08-31,0,3,3,3,9
ST003,V00057,P0003,2026-08-31,15,8,23,4,12
ST003,V00058,P0003,2026-08-31,3,3,6,2,6
ST003,V00059,P0003,2026-08-31,3,0,3,4,12
ST003,V00060,P0003,2026-08-31,8,0,8,6,18
ST003,V00061,P0003,2026-08-31,3,1,4,2,6
ST003,V00066,P0003,2026-08-31,7,9,16,3,9
ST003,V00067,P0003,2026-08-31,5,6,11,2,6
ST003,V00069,P0003,2026-08-31,8,3,11,3,9
ST003,V00070,P0003,2026-08-31,5,0,5,2,6
ST003,V00073,P0004,2026-08-31,12,15,27,4,12
ST003,V00074,P0004,2026-08-31,4,9,13,3,9
ST003,V00076,P0004,2026-08-31,4,0,4,2,6
ST003,V00079,P0004,2026-08-31,4,4,8,3,9
ST003,V00082,P0004,2026-08-31,11,9,20,4,12
ST003,V00084,P0004,2026-08-31,4,4,8,2,6
ST003,V00085,P0004,2026-08-31,5,3,8,2,6
ST003,V00086,P0004,2026-08-31,2,0,2,2,6
ST003,V00091,P0004,2026-08-31,4,4,8,2,6
ST003,V00096,P0004,2026-08-31,5,5,10,3,9
ST003,V00097,P0005,2026-08-31,2,17,19,6,18
ST003,V00099,P0005,2026-08-31,4,3,7,3,9
ST003,V00101,P0005,2026-08-31,11,9,20,4,12
ST003,V00103,P0005,2026-08-31,1,1,2,3,9
ST003,V00104,P0005,2026-08-31,12,8,20,3,9
ST003,V00105,P0005,2026-08-31,4,0,4,2,6
ST003,V00107,P0005,2026-08-31,4,4,8,2,6
ST003,V00108,P0005,2026-08-31,5,0,5,3,9
ST003,V00109,P0005,2026-08-31,5,5,10,2,6
ST003,V00110,P0005,2026-08-31,10,10,20,4,12
ST003,V00113,P0005,2026-08-31,7,10,17,3,9
ST003,V00115,P0005,2026-08-31,9,11,20,6,18
ST003,V00117,P0005,2026-08-31,3,4,7,6,18
ST003,V00122,P0006,2026-08-31,12,9,21,4,12
ST003,V00123,P0006,2026-08-31,4,4,8,4,12
ST003,V00124,P0006,2026-08-31,10,7,17,3,9
ST003,V00125,P0006,2026-08-31,6,0,6,2,6
ST003,V00127,P0006,2026-08-31,4,0,4,3,9
ST003,V00128,P0006,2026-08-31,3,13,16,4,12
ST003,V00129,P0006,2026-08-31,6,3,9,6,18
ST003,V00132,P0006,2026-08-31,9,13,22,4,12
ST003,V00133,P0006,2026-08-31,8,2,10,3,9
ST003,V00134,P0006,2026-08-31,6,7,13,3,9
ST003,V00135,P0006,2026-08-31,19,20,39,6,18
ST003,V00138,P0006,2026-08-31,3,10,13,6,18
ST003,V00139,P0006,2026-08-31,5,8,13,3,9
ST003,V00141,P0006,2026-08-31,3,2,5,2,6
ST003,V00142,P0006,2026-08-31,5,5,10,2,6
ST003,V00143,P0006,2026-08-31,4,1,5,2,6
ST003,V00144,P0006,2026-08-31,4,5,9,2,6
ST003,V00145,P0007,2026-08-31,4,1,5,3,9
ST003,V00147,P0007,2026-08-31,13,8,21,6,18
ST003,V00148,P0007,2026-08-31,4,2,6,2,6
ST003,V00149,P0007,2026-08-31,3,3,6,2,6
ST003,V00150,P0007,2026-08-31,9,0,9,4,12
ST003,V00152,P0007,2026-08-31,9,3,12,3,9
ST003,V00153,P0007,2026-08-31,0,4,4,3,9
ST003,V00160,P0007,2026-08-31,7,6,13,4,12
ST003,V00164,P0007,2026-08-31,19,11,30,6,18
ST003,V00165,P0007,2026-08-31,10,14,24,4,12
ST003,V00169,P0008,2026-08-31,14,1,15,4,12
ST003,V00170,P0008,2026-08-31,6,5,11,4,12
ST003,V00173,P0008,2026-08-31,5,3,8,2,6
ST003,V00175,P0008,2026-08-31,2,1,3,2,6
ST003,V00177,P0008,2026-08-31,7,7,14,3,9
ST003,V00179,P0008,2026-08-31,9,8,17,4,12
ST003,V00180,P0008,2026-08-31,8,5,13,2,6
ST003,V00184,P0008,2026-08-31,8,5,13,3,9
ST003,V00186,P0008,2026-08-31,6,2,8,3,9
ST003,V00187,P0008,2026-08-31,3,8,11,3,9
ST003,V00190,P0008,2026-08-31,5,4,9,2,6
ST003,V00191,P0008,2026-08-31,5,6,11,4,12
ST003,V00197,P0009,2026-08-31,4,3,7,2,6
ST003,V00199,P0009,2026-08-31,8,5,13,3,9
ST003,V00205,P0009,2026-08-31,4,4,8,2,6
ST003,V00207,P0009,2026-08-31,4,3,7,2,6
ST003,V00210,P0009,2026-08-31,6,5,11,3,9
ST003,V00212,P0009,2026-08-31,11,0,11,4,12
ST003,V00213,P0009,2026-08-31,3,2,5,2,6
ST003,V00215,P0009,2026-08-31,2,2,4,2,6
ST003,V00216,P0009,2026-08-31,9,0,9,3,9
ST003,V00221,P0010,2026-08-31,3,5,8,2,6
ST003,V00222,P0010,2026-08-31,3,0,3,2,6
ST003,V00223,P0010,2026-08-31,8,10,18,4,12
ST003,V00230,P0010,2026-08-31,7,1,8,2,6
ST003,V00231,P0010,2026-08-31,7,5,12,6,18
ST003,V00233,P0010,2026-08-31,9,10,19,4,12
ST003,V00235,P0010,2026-08-31,6,5,11,2,6
ST003,V00237,P0010,2026-08-31,6,6,12,3,9
ST003,V00239,P0010,2026-08-31,5,1,6,3,9
ST003,V00241,P0011,2026-08-31,16,12,28,6,18
ST003,V00242,P0011,2026-08-31,4,6,10,4,12
ST003,V00245,P0011,2026-08-31,6,1,7,3,9
ST003,V00246,P0011,2026-08-31,12,9,21,4,12
ST003,V00247,P0011,2026-08-31,9,6,15,4,12
ST003,V00251,P0011,2026-08-31,5,1,6,3,9
ST003,V00252,P0011,2026-08-31,7,3,10,2,6
ST003,V00254,P0011,2026-08-31,1,2,3,3,9
ST003,V00256,P0011,2026-08-31,5,4,9,3,9
ST003,V00257,P0011,2026-08-31,2,1,3,2,6
ST003,V00258,P0011,2026-08-31,7,11,18,3,9
ST003,V00259,P0011,2026-08-31,5,2,7,2,6
ST003,V00260,P0011,2026-08-31,11,6,17,3,9
ST003,V00265,P0012,2026-08-31,5,5,10,2,6
ST003,V00272,P0012,2026-08-31,10,0,10,4,12
ST003,V00274,P0012,2026-08-31,2,0,2,2,6
ST003,V00276,P0012,2026-08-31,13,4,17,6,18
ST003,V00278,P0012,2026-08-31,6,0,6,2,6
ST003,V00285,P0012,2026-08-31,9,3,12,4,12
ST003,V00286,P0012,2026-08-31,10,5,15,6,18
ST003,V00288,P0012,2026-08-31,11,5,16,4,12
ST003,V00290,P0013,2026-08-31,6,2,8,2,6
ST003,V00291,P0013,2026-08-31,6,7,13,3,9
ST003,V00292,P0013,2026-08-31,5,7,12,2,6
ST003,V00293,P0013,2026-08-31,8,3,11,3,9
ST003,V00294,P0013,2026-08-31,9,4,13,3,9
ST003,V00296,P0013,2026-08-31,10,11,21,4,12
ST003,V00297,P0013,2026-08-31,9,5,14,3,9
ST003,V00298,P0013,2026-08-31,22,8,30,6,18
ST003,V00299,P0013,2026-08-31,7,7,14,4,12
ST003,V00303,P0013,2026-08-31,14,20,34,6,18
ST003,V00305,P0013,2026-08-31,3,2,5,3,9
ST003,V00309,P0013,2026-08-31,7,10,17,6,18
ST003,V00310,P0013,2026-08-31,4,1,5,2,6
ST003,V00313,P0014,2026-08-31,6,3,9,2,6
ST003,V00315,P0014,2026-08-31,9,11,20,3,9
ST003,V00316,P0014,2026-08-31,8,4,12,4,12
ST003,V00317,P0014,2026-08-31,6,5,11,3,9
ST003,V00318,P0014,2026-08-31,3,9,12,3,9
ST003,V00319,P0014,2026-08-31,5,12,17,4,12
ST003,V00322,P0014,2026-08-31,8,4,12,3,9
ST003,V00323,P0014,2026-08-31,8,11,19,4,12
ST003,V00326,P0014,2026-08-31,5,1,6,4,12
ST003,V00327,P0014,2026-08-31,7,2,9,3,9
ST003,V00328,P0014,2026-08-31,3,0,3,2,6
ST003,V00330,P0014,2026-08-31,2,3,5,2,6
ST003,V00332,P0014,2026-08-31,4,4,8,2,6
ST003,V00333,P0014,2026-08-31,4,0,4,6,18
ST003,V00334,P0014,2026-08-31,8,3,11,3,9
ST003,V00335,P0014,2026-08-31,14,3,17,6,18
ST003,V00336,P0014,2026-08-31,11,9,20,6,18
ST003,V00337,P0015,2026-08-31,7,13,20,4,12
ST003,V00339,P0015,2026-08-31,6,3,9,3,9
ST003,V00340,P0015,2026-08-31,6,3,9,2,6
ST003,V00341,P0015,2026-08-31,11,8,19,3,9
ST003,V00344,P0015,2026-08-31,6,8,14,3,9
ST003,V00346,P0015,2026-08-31,4,14,18,4,12
ST003,V00347,P0015,2026-08-31,3,2,5,3,9
ST003,V00349,P0015,2026-08-31,19,7,26,6,18
ST003,V00350,P0015,2026-08-31,6,5,11,3,9
ST003,V00351,P0015,2026-08-31,8,1,9,4,12
ST003,V00355,P0015,2026-08-31,9,0,9,6,18
ST003,V00358,P0015,2026-08-31,11,0,11,3,9
ST003,V00361,P0016,2026-08-31,0,21,21,6,18
ST003,V00362,P0016,2026-08-31,9,13,22,4,12
ST003,V00363,P0016,2026-08-31,12,7,19,3,9
ST003,V00364,P0016,2026-08-31,10,6,16,3,9
ST003,V00365,P0016,2026-08-31,5,3,8,2,6
ST003,V00366,P0016,2026-08-31,0,5,5,2,6
ST003,V00367,P0016,2026-08-31,6,3,9,2,6
ST003,V00373,P0016,2026-08-31,9,3,12,4,12
ST003,V00374,P0016,2026-08-31,6,6,12,3,9
ST003,V00375,P0016,2026-08-31,7,3,10,3,9
ST003,V00377,P0016,2026-08-31,6,3,9,2,6
ST003,V00378,P0016,2026-08-31,8,6,14,4,12
ST003,V00380,P0016,2026-08-31,7,5,12,3,9
ST003,V00381,P0016,2026-08-31,2,4,6,2,6
ST003,V00382,P0016,2026-08-31,3,2,5,2,6
ST003,V00385,P0017,2026-08-31,5,6,11,4,12
ST003,V00386,P0017,2026-08-31,5,6,11,3,9
ST003,V00387,P0017,2026-08-31,9,9,18,4,12
ST003,V00388,P0017,2026-08-31,4,0,4,2,6
ST003,V00389,P0017,2026-08-31,5,3,8,2,6
ST003,V00391,P0017,2026-08-31,1,7,8,2,6
ST003,V00392,P0017,2026-08-31,4,1,5,2,6
ST003,V00395,P0017,2026-08-31,11,0,11,3,9
ST003,V00396,P0017,2026-08-31,6,7,13,2,6
ST003,V00398,P0017,2026-08-31,3,2,5,2,6
ST003,V00403,P0018,2026-08-31,2,0,2,2,6
ST003,V00404,P0018,2026-08-31,12,7,19,4,12
ST003,V00407,P0018,2026-08-31,9,3,12,4,12
ST003,V00408,P0018,2026-08-31,5,2,7,2,6
ST003,V00409,P0018,2026-08-31,1,23,24,6,18
ST003,V00410,P0018,2026-08-31,2,8,10,4,12
ST003,V00413,P0018,2026-08-31,4,3,7,2,6
ST003,V00416,P0018,2026-08-31,5,5,10,3,9
ST003,V00419,P0018,2026-08-31,3,4,7,2,6
ST003,V00422,P0019,2026-08-31,5,12,17,4,12
ST003,V00424,P0019,2026-08-31,22,0,22,6,18
ST003,V00426,P0019,2026-08-31,7,0,7,3,9
ST003,V00429,P0019,2026-08-31,4,8,12,3,9
ST003,V00431,P0019,2026-08-31,2,8,10,2,6
ST003,V00432,P0019,2026-08-31,2,3,5,2,6
ST003,V00434,P0019,2026-08-31,6,2,8,2,6
ST003,V00436,P0019,2026-08-31,2,3,5,2,6
ST003,V00437,P0019,2026-08-31,0,4,4,3,9
ST003,V00438,P0019,2026-08-31,8,1,9,2,6
ST003,V00441,P0020,2026-08-31,4,4,8,2,6
ST003,V00442,P0020,2026-08-31,4,1,5,2,6
ST003,V00445,P0020,2026-08-31,12,14,26,4,12
ST003,V00446,P0020,2026-08-31,5,0,5,4,12
ST003,V00449,P0020,2026-08-31,4,4,8,3,9
ST003,V00450,P0020,2026-08-31,13,2,15,4,12
ST003,V00451,P0020,2026-08-31,9,4,13,3,9
ST003,V00453,P0020,2026-08-31,6,6,12,2,6
ST003,V00456,P0020,2026-08-31,11,10,21,4,12
ST003,V00458,P0021,2026-08-31,8,8,16,6,18
ST003,V00459,P0021,2026-08-31,10,3,13,3,9
ST003,V00460,P0021,2026-08-31,4,5,9,3,9
ST003,V00464,P0021,2026-08-31,6,3,9,2,6
ST003,V00465,P0021,2026-08-31,3,3,6,2,6
ST003,V00469,P0021,2026-08-31,4,3,7,2,6
ST003,V00470,P0021,2026-08-31,4,9,13,4,12
ST003,V00471,P0021,2026-08-31,4,0,4,2,6
ST003,V00472,P0021,2026-08-31,6,2,8,3,9
ST003,V00473,P0021,2026-08-31,9,3,12,3,9
ST003,V00475,P0022,2026-08-31,4,0,4,2,6
ST003,V00476,P0022,2026-08-31,5,2,7,3,9
ST003,V00477,P0022,2026-08-31,6,5,11,3,9
ST003,V00480,P0022,2026-08-31,2,3,5,2,6
ST003,V00483,P0022,2026-08-31,5,2,7,2,6
ST003,V00486,P0022,2026-08-31,7,5,12,3,9
ST003,V00488,P0022,2026-08-31,2,6,8,3,9
ST003,V00492,P0022,2026-08-31,11,2,13,3,9
ST003,V00495,P0023,2026-08-31,18,6,24,6,18
ST003,V00496,P0023,2026-08-31,8,2,10,3,9
ST003,V00497,P0023,2026-08-31,5,0,5,3,9
ST003,V00498,P0023,2026-08-31,2,2,4,2,6
ST003,V00499,P0023,2026-08-31,6,5,11,3,9
ST003,V00501,P0023,2026-08-31,8,11,19,4,12
ST003,V00503,P0023,2026-08-31,5,2,7,3,9
ST003,V00504,P0023,2026-08-31,1,1,2,3,9
ST003,V00506,P0023,2026-08-31,7,6,13,3,9
ST003,V00507,P0023,2026-08-31,6,3,9,3,9
ST003,V00508,P0023,2026-08-31,3,3,6,2,6
ST003,V00509,P0023,2026-08-31,7,13,20,4,12
ST003,V00513,P0024,2026-08-31,3,3,6,2,6
ST003,V00515,P0024,2026-08-31,7,2,9,4,12
ST003,V00518,P0024,2026-08-31,12,10,22,6,18
ST003,V00520,P0024,2026-08-31,11,3,14,3,9
ST003,V00522,P0024,2026-08-31,3,6,9,2,6
ST003,V00523,P0024,2026-08-31,4,3,7,2,6
ST003,V00524,P0024,2026-08-31,3,0,3,2,6
ST003,V00525,P0024,2026-08-31,5,2,7,3,9
ST003,V00526,P0024,2026-08-31,28,9,37,6,18
ST003,V00527,P0024,2026-08-31,4,2,6,2,6
ST003,V00530,P0025,2026-08-31,12,15,27,6,18
ST003,V00532,P0025,2026-08-31,4,3,7,2,6
ST003,V00533,P0025,2026-08-31,12,5,17,4,12
ST003,V00534,P0025,2026-08-31,10,7,17,6,18
ST003,V00535,P0025,2026-08-31,7,5,12,4,12
ST003,V00541,P0025,2026-08-31,8,11,19,3,9
ST003,V00542,P0025,2026-08-31,2,6,8,2,6
ST003,V00543,P0025,2026-08-31,2,0,2,2,6
ST003,V00544,P0025,2026-08-31,4,2,6,2,6
ST003,V00547,P0026,2026-08-31,10,6,16,3,9
ST003,V00548,P0026,2026-08-31,4,5,9,2,6
ST003,V00549,P0026,2026-08-31,3,4,7,2,6
ST003,V00552,P0026,2026-08-31,12,15,27,4,12
ST003,V00553,P0026,2026-08-31,15,5,20,4,12
ST003,V00555,P0026,2026-08-31,5,7,12,4,12
ST003,V00557,P0026,2026-08-31,8,8,16,4,12
ST003,V00558,P0026,2026-08-31,3,4,7,2,6
ST003,V00559,P0026,2026-08-31,5,6,11,2,6
ST003,V00561,P0026,2026-08-31,10,6,16,4,12
ST003,V00562,P0026,2026-08-31,7,4,11,2,6
ST003,V00563,P0026,2026-08-31,9,2,11,3,9
ST003,V00565,P0027,2026-08-31,5,1,6,3,9
ST003,V00567,P0027,2026-08-31,3,3,6,2,6
ST003,V00568,P0027,2026-08-31,10,6,16,3,9
ST003,V00570,P0027,2026-08-31,8,17,25,6,18
ST003,V00572,P0027,2026-08-31,3,4,7,3,9
ST003,V00573,P0027,2026-08-31,4,2,6,2,6
ST003,V00575,P0027,2026-08-31,15,0,15,6,18
ST003,V00581,P0027,2026-08-31,1,5,6,2,6
ST003,V00582,P0027,2026-08-31,2,1,3,3,9
ST003,V00583,P0028,2026-08-31,6,7,13,3,9
ST003,V00585,P0028,2026-08-31,1,4,5,3,9
ST003,V00587,P0028,2026-08-31,1,3,4,4,12
ST003,V00589,P0028,2026-08-31,4,10,14,2,6
ST003,V00590,P0028,2026-08-31,15,14,29,6,18
ST003,V00592,P0028,2026-08-31,5,0,5,2,6
ST003,V00593,P0028,2026-08-31,5,1,6,4,12
ST003,V00595,P0028,2026-08-31,3,7,10,2,6
ST003,V00598,P0028,2026-08-31,13,7,20,6,18
ST003,V00600,P0028,2026-08-31,4,0,4,2,6
ST003,V00603,P0029,2026-08-31,6,15,21,6,18
ST003,V00606,P0029,2026-08-31,6,4,10,2,6
ST003,V00607,P0029,2026-08-31,6,12,18,3,9
ST003,V00610,P0029,2026-08-31,8,1,9,4,12
ST003,V00611,P0029,2026-08-31,2,0,2,2,6
ST003,V00612,P0029,2026-08-31,3,0,3,2,6
ST003,V00621,P0030,2026-08-31,4,5,9,2,6
ST003,V00625,P0030,2026-08-31,2,2,4,2,6
ST003,V00626,P0030,2026-08-31,3,6,9,3,9
ST003,V00629,P0030,2026-08-31,4,4,8,2,6
ST003,V00632,P0030,2026-08-31,2,2,4,3,9
ST003,V00634,P0030,2026-08-31,8,4,12,2,6
ST003,V00635,P0030,2026-08-31,9,4,13,4,12
ST003,V00637,P0031,2026-08-31,3,6,9,2,6
ST003,V00639,P0031,2026-08-31,7,3,10,3,9
ST003,V00642,P0031,2026-08-31,11,12,23,6,18
ST003,V00645,P0031,2026-08-31,8,0,8,3,9
ST003,V00647,P0031,2026-08-31,0,4,4,2,6
ST003,V00649,P0031,2026-08-31,10,14,24,4,12
ST003,V00652,P0031,2026-08-31,6,0,6,2,6
ST003,V00653,P0031,2026-08-31,2,2,4,2,6
ST003,V00655,P0032,2026-08-31,5,3,8,2,6
ST003,V00657,P0032,2026-08-31,3,3,6,2,6
ST003,V00661,P0032,2026-08-31,2,3,5,2,6
ST003,V00663,P0032,2026-08-31,6,9,15,3,9
ST003,V00664,P0032,2026-08-31,4,3,7,2,6
ST003,V00665,P0032,2026-08-31,5,0,5,2,6
ST003,V00666,P0032,2026-08-31,9,4,13,3,9
ST003,V00667,P0032,2026-08-31,9,7,16,4,12
ST003,V00668,P0032,2026-08-31,4,5,9,2,6
ST003,V00669,P0032,2026-08-31,5,1,6,2,6
ST003,V00671,P0032,2026-08-31,4,4,8,2,6
ST003,V00672,P0032,2026-08-31,1,3,4,4,12
ST003,V00673,P0033,2026-08-31,6,3,9,4,12
ST003,V00675,P0033,2026-08-31,3,2,5,2,6
ST003,V00676,P0033,2026-08-31,3,2,5,3,9
ST003,V00678,P0033,2026-08-31,5,7,12,4,12
ST003,V00682,P0033,2026-08-31,5,5,10,3,9
ST003,V00683,P0033,2026-08-31,3,0,3,2,6
ST003,V00684,P0033,2026-08-31,3,5,8,3,9
ST003,V00685,P0033,2026-08-31,4,7,11,2,6
ST003,V00686,P0033,2026-08-31,3,4,7,2,6
ST003,V00687,P0033,2026-08-31,5,6,11,3,9
ST003,V00690,P0033,2026-08-31,3,3,6,2,6
ST003,V00691,P0034,2026-08-31,12,15,27,4,12
ST003,V00692,P0034,2026-08-31,8,8,16,4,12
ST003,V00693,P0034,2026-08-31,5,6,11,2,6
ST003,V00695,P0034,2026-08-31,6,2,8,3,9
ST003,V00696,P0034,2026-08-31,3,3,6,2,6
ST003,V00697,P0034,2026-08-31,7,2,9,3,9
ST003,V00698,P0034,2026-08-31,14,0,14,4,12
ST003,V00699,P0034,2026-08-31,11,6,17,3,9
ST003,V00702,P0034,2026-08-31,6,7,13,3,9
ST003,V00703,P0034,2026-08-31,10,3,13,3,9
ST003,V00704,P0034,2026-08-31,1,2,3,3,9
ST003,V00705,P0034,2026-08-31,2,4,6,3,9
ST003,V00707,P0034,2026-08-31,5,4,9,2,6
ST003,V00708,P0034,2026-08-31,5,4,9,3,9
ST004,V00002,P0001,2026-08-31,8,3,11,3,9
ST004,V00003,P0001,2026-08-31,10,5,15,3,9
ST004,V00007,P0001,2026-08-31,8,0,8,4,12
ST004,V00008,P0001,2026-08-31,6,4,10,4,12
ST004,V00009,P0001,2026-08-31,0,0,0,4,12
ST004,V00011,P0001,2026-08-31,6,8,14,4,12
ST004,V00012,P0001,2026-08-31,14,10,24,4,12
ST004,V00017,P0001,2026-08-31,0,0,0,2,6
ST004,V00020,P0001,2026-08-31,9,6,15,3,9
ST004,V00021,P0001,2026-08-31,6,2,8,6,18
ST004,V00024,P0001,2026-08-31,5,2,7,3,9
ST004,V00025,P0002,2026-08-31,4,0,4,2,6
ST004,V00026,P0002,2026-08-31,8,12,20,4,12
ST004,V00028,P0002,2026-08-31,3,1,4,2,6
ST004,V00029,P0002,2026-08-31,3,6,9,3,9
ST004,V00030,P0002,2026-08-31,7,4,11,4,12
ST004,V00031,P0002,2026-08-31,6,1,7,2,6
ST004,V00033,P0002,2026-08-31,9,8,17,4,12
ST004,V00034,P0002,2026-08-31,7,14,21,4,12
ST004,V00037,P0002,2026-08-31,13,8,21,4,12
ST004,V00039,P0002,2026-08-31,5,9,14,4,12
ST004,V00040,P0002,2026-08-31,7,6,13,3,9
ST004,V00041,P0002,2026-08-31,7,3,10,3,9
ST004,V00042,P0002,2026-08-31,6,2,8,2,6
ST004,V00047,P0002,2026-08-31,1,4,5,2,6
ST004,V00049,P0003,2026-08-31,4,2,6,2,6
ST004,V00052,P0003,2026-08-31,4,5,9,4,12
ST004,V00053,P0003,2026-08-31,15,0,15,6,18
ST004,V00054,P0003,2026-08-31,9,2,11,3,9
ST004,V00056,P0003,2026-08-31,3,8,11,4,12
ST004,V00057,P0003,2026-08-31,5,8,13,2,6
ST004,V00058,P0003,2026-08-31,3,5,8,2,6
ST004,V00059,P0003,2026-08-31,3,2,5,2,6
ST004,V00061,P0003,2026-08-31,3,2,5,2,6
ST004,V00063,P0003,2026-08-31,3,1,4,2,6
ST004,V00064,P0003,2026-08-31,6,3,9,2,6
ST004,V00066,P0003,2026-08-31,6,6,12,2,6
ST004,V00068,P0003,2026-08-31,6,0,6,2,6
ST004,V00071,P0003,2026-08-31,2,0,2,2,6
ST004,V00072,P0003,2026-08-31,4,1,5,2,6
ST004,V00073,P0004,2026-08-31,8,8,16,3,9
ST004,V00074,P0004,2026-08-31,8,17,25,4,12
ST004,V00076,P0004,2026-08-31,7,10,17,4,12
ST004,V00077,P0004,2026-08-31,14,7,21,6,18
ST004,V00078,P0004,2026-08-31,4,3,7,2,6
ST004,V00079,P0004,2026-08-31,6,6,12,4,12
ST004,V00082,P0004,2026-08-31,11,6,17,4,12
ST004,V00083,P0004,2026-08-31,2,9,11,4,12
ST004,V00084,P0004,2026-08-31,7,9,16,3,9
ST004,V00085,P0004,2026-08-31,3,3,6,2,6
ST004,V00086,P0004,2026-08-31,4,0,4,4,12
ST004,V00087,P0004,2026-08-31,9,8,17,6,18
ST004,V00089,P0004,2026-08-31,6,4,10,3,9
ST004,V00094,P0004,2026-08-31,3,7,10,2,6
ST004,V00097,P0005,2026-08-31,6,7,13,6,18
ST004,V00099,P0005,2026-08-31,1,2,3,3,9
ST004,V00100,P0005,2026-08-31,4,3,7,2,6
ST004,V00101,P0005,2026-08-31,10,0,10,6,18
ST004,V00102,P0005,2026-08-31,3,5,8,3,9
ST004,V00104,P0005,2026-08-31,26,4,30,6,18
ST004,V00107,P0005,2026-08-31,5,3,8,2,6
ST004,V00109,P0005,2026-08-31,4,1,5,2,6
ST004,V00111,P0005,2026-08-31,8,1,9,4,12
ST004,V00112,P0005,2026-08-31,6,4,10,2,6
ST004,V00114,P0005,2026-08-31,3,7,10,2,6
ST004,V00115,P0005,2026-08-31,5,1,6,2,6
ST004,V00119,P0005,2026-08-31,5,4,9,2,6
ST004,V00120,P0005,2026-08-31,0,0,0,2,6
ST004,V00121,P0006,2026-08-31,3,6,9,3,9
ST004,V00122,P0006,2026-08-31,6,4,10,4,12
ST004,V00125,P0006,2026-08-31,5,4,9,2,6
ST004,V00126,P0006,2026-08-31,17,5,22,6,18
ST004,V00127,P0006,2026-08-31,9,8,17,4,12
ST004,V00128,P0006,2026-08-31,5,8,13,3,9
ST004,V00129,P0006,2026-08-31,12,3,15,6,18
ST004,V00130,P0006,2026-08-31,2,16,18,4,12
ST004,V00131,P0006,2026-08-31,6,0,6,6,18
ST004,V00133,P0006,2026-08-31,5,8,13,3,9
ST004,V00136,P0006,2026-08-31,0,2,2,2,6
ST004,V00138,P0006,2026-08-31,9,4,13,3,9
ST004,V00139,P0006,2026-08-31,6,9,15,3,9
ST004,V00141,P0006,2026-08-31,6,4,10,2,6
ST004,V00144,P0006,2026-08-31,9,10,19,4,12
ST004,V00146,P0007,2026-08-31,4,6,10,2,6
ST004,V00147,P0007,2026-08-31,3,0,3,2,6
ST004,V00148,P0007,2026-08-31,6,8,14,4,12
ST004,V00150,P0007,2026-08-31,4,1,5,2,6
ST004,V00151,P0007,2026-08-31,4,2,6,3,9
ST004,V00152,P0007,2026-08-31,19,2,21,6,18
ST004,V00153,P0007,2026-08-31,2,17,19,6,18
ST004,V00154,P0007,2026-08-31,1,12,13,4,12
ST004,V00156,P0007,2026-08-31,5,1,6,2,6
ST004,V00157,P0007,2026-08-31,3,3,6,2,6
ST004,V00159,P0007,2026-08-31,6,8,14,3,9
ST004,V00160,P0007,2026-08-31,9,2,11,3,9
ST004,V00161,P0007,2026-08-31,5,3,8,2,6
ST004,V00163,P0007,2026-08-31,1,3,4,4,12
ST004,V00168,P0007,2026-08-31,3,9,12,3,9
ST004,V00169,P0008,2026-08-31,4,4,8,3,9
ST004,V00172,P0008,2026-08-31,5,7,12,2,6
ST004,V00174,P0008,2026-08-31,4,1,5,2,6
ST004,V00178,P0008,2026-08-31,13,4,17,6,18
ST004,V00179,P0008,2026-08-31,4,7,11,6,18
ST004,V00180,P0008,2026-08-31,1,0,1,2,6
ST004,V00182,P0008,2026-08-31,3,1,4,2,6
ST004,V00183,P0008,2026-08-31,4,6,10,2,6
ST004,V00185,P0008,2026-08-31,4,8,12,4,12
ST004,V00186,P0008,2026-08-31,3,3,6,2,6
ST004,V00188,P0008,2026-08-31,11,7,18,4,12
ST004,V00189,P0008,2026-08-31,0,5,5,3,9
ST004,V00190,P0008,2026-08-31,9,5,14,6,18
ST004,V00191,P0008,2026-08-31,8,3,11,3,9
ST004,V00192,P0008,2026-08-31,9,6,15,4,12
ST004,V00193,P0009,2026-08-31,16,9,25,6,18
ST004,V00196,P0009,2026-08-31,11,7,18,4,12
ST004,V00203,P0009,2026-08-31,6,0,6,3,9
ST004,V00204,P0009,2026-08-31,14,5,19,4,12
ST004,V00206,P0009,2026-08-31,7,4,11,3,9
ST004,V00208,P0009,2026-08-31,7,0,7,3,9
ST004,V00209,P0009,2026-08-31,7,1,8,2,6
ST004,V00213,P0009,2026-08-31,4,1,5,2,6
ST004,V00214,P0009,2026-08-31,15,9,24,6,18
ST004,V00215,P0009,2026-08-31,3,4,7,2,6
ST004,V00217,P0010,2026-08-31,0,6,6,2,6
ST004,V00220,P0010,2026-08-31,5,2,7,2,6
ST004,V00221,P0010,2026-08-31,13,13,26,6,18
ST004,V00227,P0010,2026-08-31,5,4,9,4,12
ST004,V00228,P0010,2026-08-31,5,0,5,2,6
ST004,V00229,P0010,2026-08-31,4,9,13,2,6
ST004,V00230,P0010,2026-08-31,4,2,6,2,6
ST004,V00234,P0010,2026-08-31,8,4,12,2,6
ST004,V00239,P0010,2026-08-31,11,17,28,6,18
ST004,V00241,P0011,2026-08-31,2,1,3,2,6
ST004,V00242,P0011,2026-08-31,6,3,9,3,9
ST004,V00243,P0011,2026-08-31,5,3,8,2,6
ST004,V00245,P0011,2026-08-31,10,0,10,4,12
ST004,V00246,P0011,2026-08-31,4,3,7,2,6
ST004,V00247,P0011,2026-08-31,5,15,20,4,12
ST004,V00248,P0011,2026-08-31,0,12,12,6,18
ST004,V00256,P0011,2026-08-31,15,4,19,4,12
ST004,V00257,P0011,2026-08-31,5,3,8,4,12
ST004,V00259,P0011,2026-08-31,6,1,7,3,9
ST004,V00260,P0011,2026-08-31,4,0,4,2,6
ST004,V00261,P0011,2026-08-31,5,5,10,2,6
ST004,V00262,P0011,2026-08-31,1,2,3,2,6
ST004,V00267,P0012,2026-08-31,6,7,13,3,9
ST004,V00269,P0012,2026-08-31,3,4,7,2,6
ST004,V00270,P0012,2026-08-31,3,0,3,2,6
ST004,V00275,P0012,2026-08-31,0,5,5,2,6
ST004,V00280,P0012,2026-08-31,7,4,11,3,9
ST004,V00281,P0012,2026-08-31,4,0,4,3,9
ST004,V00284,P0012,2026-08-31,19,7,26,4,12
ST004,V00285,P0012,2026-08-31,5,5,10,2,6
ST004,V00286,P0012,2026-08-31,6,12,18,4,12
ST004,V00288,P0012,2026-08-31,3,0,3,2,6
ST004,V00289,P0013,2026-08-31,5,5,10,4,12
ST004,V00290,P0013,2026-08-31,8,5,13,4,12
ST004,V00291,P0013,2026-08-31,7,2,9,3,9
ST004,V00294,P0013,2026-08-31,6,3,9,2,6
ST004,V00296,P0013,2026-08-31,1,3,4,2,6
ST004,V00297,P0013,2026-08-31,5,5,10,3,9
ST004,V00299,P0013,2026-08-31,2,6,8,2,6
ST004,V00301,P0013,2026-08-31,4,5,9,2,6
ST004,V00302,P0013,2026-08-31,11,4,15,4,12
ST004,V00304,P0013,2026-08-31,2,2,4,2,6
ST004,V00305,P0013,2026-08-31,10,0,10,4,12
ST004,V00306,P0013,2026-08-31,4,3,7,3,9
ST004,V00308,P0013,2026-08-31,8,7,15,3,9
ST004,V00310,P0013,2026-08-31,7,5,12,3,9
ST004,V00312,P0013,2026-08-31,4,10,14,3,9
ST004,V00313,P0014,2026-08-31,13,0,13,4,12
ST004,V00314,P0014,2026-08-31,5,2,7,3,9
ST004,V00318,P0014,2026-08-31,8,5,13,4,12
ST004,V00319,P0014,2026-08-31,3,0,3,2,6
ST004,V00323,P0014,2026-08-31,10,15,25,6,18
ST004,V00328,P0014,2026-08-31,7,1,8,2,6
ST004,V00330,P0014,2026-08-31,2,9,11,3,9
ST004,V00333,P0014,2026-08-31,3,2,5,2,6
ST004,V00336,P0014,2026-08-31,11,3,14,4,12
ST004,V00337,P0015,2026-08-31,5,3,8,2,6
ST004,V00338,P0015,2026-08-31,2,2,4,2,6
ST004,V00339,P0015,2026-08-31,4,4,8,3,9
ST004,V00340,P0015,2026-08-31,3,15,18,4,12
ST004,V00341,P0015,2026-08-31,3,4,7,3,9
ST004,V00342,P0015,2026-08-31,2,6,8,4,12
ST004,V00346,P0015,2026-08-31,10,4,14,4,12
ST004,V00349,P0015,2026-08-31,4,2,6,2,6
ST004,V00350,P0015,2026-08-31,10,3,13,6,18
ST004,V00351,P0015,2026-08-31,1,5,6,2,6
ST004,V00353,P0015,2026-08-31,6,5,11,2,6
ST004,V00355,P0015,2026-08-31,10,6,16,4,12
ST004,V00357,P0015,2026-08-31,4,5,9,3,9
ST004,V00360,P0015,2026-08-31,6,0,6,4,12
ST004,V00362,P0016,2026-08-31,9,2,11,4,12
ST004,V00366,P0016,2026-08-31,5,3,8,3,9
ST004,V00367,P0016,2026-08-31,4,2,6,2,6
ST004,V00368,P0016,2026-08-31,2,6,8,3,9
ST004,V00369,P0016,2026-08-31,4,6,10,2,6
ST004,V00370,P0016,2026-08-31,6,8,14,3,9
ST004,V00372,P0016,2026-08-31,4,4,8,2,6
ST004,V00374,P0016,2026-08-31,2,4,6,2,6
ST004,V00375,P0016,2026-08-31,4,3,7,2,6
ST004,V00379,P0016,2026-08-31,6,4,10,3,9
ST004,V00380,P0016,2026-08-31,7,2,9,4,12
ST004,V00381,P0016,2026-08-31,3,12,15,3,9
ST004,V00383,P0016,2026-08-31,7,5,12,3,9
ST004,V00385,P0017,2026-08-31,12,3,15,4,12
ST004,V00386,P0017,2026-08-31,9,1,10,4,12
ST004,V00390,P0017,2026-08-31,8,4,12,3,9
ST004,V00393,P0017,2026-08-31,6,0,6,2,6
ST004,V00394,P0017,2026-08-31,5,5,10,2,6
ST004,V00395,P0017,2026-08-31,3,5,8,3,9
ST004,V00397,P0017,2026-08-31,4,10,14,3,9
ST004,V00398,P0017,2026-08-31,1,6,7,2,6
ST004,V00402,P0017,2026-08-31,12,6,18,4,12
ST004,V00403,P0018,2026-08-31,18,15,33,6,18
ST004,V00407,P0018,2026-08-31,2,4,6,2,6
ST004,V00408,P0018,2026-08-31,3,3,6,2,6
ST004,V00411,P0018,2026-08-31,8,13,21,4,12
ST004,V00413,P0018,2026-08-31,7,8,15,4,12
ST004,V00417,P0018,2026-08-31,1,4,5,2,6
ST004,V00418,P0018,2026-08-31,7,0,7,2,6
ST004,V00419,P0018,2026-08-31,11,5,16,4,12
ST004,V00421,P0019,2026-08-31,6,0,6,3,9
ST004,V00422,P0019,2026-08-31,11,4,15,4,12
ST004,V00423,P0019,2026-08-31,11,0,11,4,12
ST004,V00427,P0019,2026-08-31,5,4,9,2,6
ST004,V00428,P0019,2026-08-31,9,5,14,4,12
ST004,V00429,P0019,2026-08-31,3,1,4,2,6
ST004,V00430,P0019,2026-08-31,3,11,14,4,12
ST004,V00433,P0019,2026-08-31,7,0,7,3,9
ST004,V00437,P0019,2026-08-31,4,0,4,2,6
ST004,V00439,P0020,2026-08-31,5,1,6,3,9
ST004,V00440,P0020,2026-08-31,5,2,7,3,9
ST004,V00441,P0020,2026-08-31,3,5,8,3,9
ST004,V00443,P0020,2026-08-31,5,2,7,3,9
ST004,V00444,P0020,2026-08-31,5,1,6,2,6
ST004,V00447,P0020,2026-08-31,4,3,7,2,6
ST004,V00449,P0020,2026-08-31,10,13,23,3,9
ST004,V00454,P0020,2026-08-31,6,2,8,3,9
ST004,V00455,P0020,2026-08-31,10,12,22,4,12
ST004,V00458,P0021,2026-08-31,15,7,22,6,18
ST004,V00459,P0021,2026-08-31,4,11,15,3,9
ST004,V00460,P0021,2026-08-31,3,2,5,2,6
ST004,V00464,P0021,2026-08-31,4,2,6,2,6
ST004,V00467,P0021,2026-08-31,3,2,5,2,6
ST004,V00468,P0021,2026-08-31,3,2,5,2,6
ST004,V00469,P0021,2026-08-31,8,1,9,2,6
ST004,V00470,P0021,2026-08-31,2,10,12,3,9
ST004,V00471,P0021,2026-08-31,24,15,39,6,18
ST004,V00472,P0021,2026-08-31,3,2,5,2,6
ST004,V00474,P0021,2026-08-31,7,2,9,3,9
ST004,V00476,P0022,2026-08-31,13,0,13,6,18
ST004,V00477,P0022,2026-08-31,6,9,15,3,9
ST004,V00478,P0022,2026-08-31,4,1,5,2,6
ST004,V00481,P0022,2026-08-31,1,2,3,2,6
ST004,V00487,P0022,2026-08-31,6,0,6,2,6
ST004,V00488,P0022,2026-08-31,6,2,8,4,12
ST004,V00489,P0022,2026-08-31,3,5,8,2,6
ST004,V00490,P0022,2026-08-31,5,0,5,2,6
ST004,V00493,P0023,2026-08-31,6,3,9,2,6
ST004,V00494,P0023,2026-08-31,5,2,7,2,6
ST004,V00496,P0023,2026-08-31,6,4,10,4,12
ST004,V00499,P0023,2026-08-31,10,3,13,3,9
ST004,V00500,P0023,2026-08-31,0,6,6,6,18
ST004,V00502,P0023,2026-08-31,3,7,10,4,12
ST004,V00503,P0023,2026-08-31,8,1,9,3,9
ST004,V00505,P0023,2026-08-31,8,0,8,4,12
ST004,V00509,P0023,2026-08-31,3,2,5,2,6
ST004,V00510,P0023,2026-08-31,7,3,10,2,6
ST004,V00511,P0024,2026-08-31,7,3,10,3,9
ST004,V00513,P0024,2026-08-31,2,2,4,2,6
ST004,V00514,P0024,2026-08-31,6,6,12,3,9
ST004,V00516,P0024,2026-08-31,4,3,7,2,6
ST004,V00520,P0024,2026-08-31,4,5,9,2,6
ST004,V00521,P0024,2026-08-31,7,7,14,3,9
ST004,V00522,P0024,2026-08-31,11,7,18,3,9
ST004,V00523,P0024,2026-08-31,10,2,12,4,12
ST004,V00524,P0024,2026-08-31,8,19,27,6,18
ST004,V00525,P0024,2026-08-31,10,19,29,6,18
ST004,V00526,P0024,2026-08-31,8,15,23,6,18
ST004,V00527,P0024,2026-08-31,9,7,16,3,9
ST004,V00528,P0024,2026-08-31,8,2,10,3,9
ST004,V00530,P0025,2026-08-31,5,4,9,2,6
ST004,V00531,P0025,2026-08-31,4,5,9,2,6
ST004,V00533,P0025,2026-08-31,6,1,7,2,6
ST004,V00535,P0025,2026-08-31,0,2,2,3,9
ST004,V00537,P0025,2026-08-31,5,0,5,2,6
ST004,V00539,P0025,2026-08-31,9,3,12,6,18
ST004,V00544,P0025,2026-08-31,8,0,8,4,12
ST004,V00546,P0025,2026-08-31,5,5,10,3,9
ST004,V00547,P0026,2026-08-31,5,5,10,2,6
ST004,V00548,P0026,2026-08-31,5,4,9,2,6
ST004,V00554,P0026,2026-08-31,3,3,6,3,9
ST004,V00556,P0026,2026-08-31,3,5,8,2,6
ST004,V00557,P0026,2026-08-31,6,3,9,4,12
ST004,V00559,P0026,2026-08-31,7,4,11,3,9
ST004,V00560,P0026,2026-08-31,5,2,7,2,6
ST004,V00561,P0026,2026-08-31,1,3,4,3,9
ST004,V00562,P0026,2026-08-31,5,14,19,6,18
ST004,V00563,P0026,2026-08-31,9,6,15,4,12
ST004,V00565,P0027,2026-08-31,6,7,13,2,6
ST004,V00568,P0027,2026-08-31,4,4,8,2,6
ST004,V00569,P0027,2026-08-31,3,2,5,2,6
ST004,V00570,P0027,2026-08-31,7,6,13,4,12
ST004,V00571,P0027,2026-08-31,3,4,7,3,9
ST004,V00573,P0027,2026-08-31,3,3,6,2,6
ST004,V00575,P0027,2026-08-31,6,6,12,3,9
ST004,V00578,P0027,2026-08-31,4,2,6,2,6
ST004,V00579,P0027,2026-08-31,3,7,10,4,12
ST004,V00581,P0027,2026-08-31,5,5,10,3,9
ST004,V00582,P0027,2026-08-31,13,13,26,4,12
ST004,V00583,P0028,2026-08-31,9,5,14,4,12
ST004,V00584,P0028,2026-08-31,7,7,14,3,9
ST004,V00586,P0028,2026-08-31,4,7,11,2,6
ST004,V00588,P0028,2026-08-31,17,9,26,6,18
ST004,V00589,P0028,2026-08-31,13,0,13,4,12
ST004,V00590,P0028,2026-08-31,2,7,9,3,9
ST004,V00591,P0028,2026-08-31,6,3,9,3,9
ST004,V00592,P0028,2026-08-31,2,1,3,2,6
ST004,V00593,P0028,2026-08-31,7,4,11,3,9
ST004,V00594,P0028,2026-08-31,8,1,9,4,12
ST004,V00595,P0028,2026-08-31,9,10,19,6,18
ST004,V00596,P0028,2026-08-31,3,2,5,2,6
ST004,V00599,P0028,2026-08-31,4,3,7,2,6
ST004,V00602,P0029,2026-08-31,4,2,6,2,6
ST004,V00603,P0029,2026-08-31,4,5,9,2,6
ST004,V00604,P0029,2026-08-31,13,5,18,6,18
ST004,V00606,P0029,2026-08-31,7,15,22,4,12
ST004,V00607,P0029,2026-08-31,2,5,7,2,6
ST004,V00609,P0029,2026-08-31,5,2,7,2,6
ST004,V00610,P0029,2026-08-31,5,2,7,2,6
ST004,V00611,P0029,2026-08-31,7,19,26,6,18
ST004,V00614,P0029,2026-08-31,2,12,14,3,9
ST004,V00615,P0029,2026-08-31,1,2,3,2,6
ST004,V00617,P0029,2026-08-31,16,2,18,6,18
ST004,V00618,P0029,2026-08-31,5,2,7,3,9
ST004,V00620,P0030,2026-08-31,2,4,6,2,6
ST004,V00621,P0030,2026-08-31,3,3,6,2,6
ST004,V00623,P0030,2026-08-31,3,8,11,2,6
ST004,V00625,P0030,2026-08-31,8,2,10,4,12
ST004,V00627,P0030,2026-08-31,5,3,8,4,12
ST004,V00628,P0030,2026-08-31,4,0,4,4,12
ST004,V00629,P0030,2026-08-31,1,3,4,2,6
ST004,V00630,P0030,2026-08-31,4,5,9,2,6
ST004,V00631,P0030,2026-08-31,13,8,21,4,12
ST004,V00633,P0030,2026-08-31,1,2,3,2,6
ST004,V00634,P0030,2026-08-31,6,10,16,4,12
ST004,V00635,P0030,2026-08-31,7,5,12,3,9
ST004,V00636,P0030,2026-08-31,3,11,14,3,9
ST004,V00639,P0031,2026-08-31,8,5,13,4,12
ST004,V00642,P0031,2026-08-31,7,0,7,2,6
ST004,V00643,P0031,2026-08-31,3,8,11,4,12
ST004,V00644,P0031,2026-08-31,4,3,7,2,6
ST004,V00645,P0031,2026-08-31,5,0,5,2,6
ST004,V00646,P0031,2026-08-31,4,5,9,3,9
ST004,V00647,P0031,2026-08-31,3,5,8,2,6
ST004,V00648,P0031,2026-08-31,4,7,11,2,6
ST004,V00650,P0031,2026-08-31,16,14,30,6,18
ST004,V00653,P0031,2026-08-31,7,9,16,3,9
ST004,V00656,P0032,2026-08-31,3,0,3,3,9
ST004,V00657,P0032,2026-08-31,10,10,20,4,12
ST004,V00660,P0032,2026-08-31,3,4,7,2,6
ST004,V00661,P0032,2026-08-31,8,2,10,3,9
ST004,V00662,P0032,2026-08-31,7,6,13,2,6
ST004,V00663,P0032,2026-08-31,3,14,17,6,18
ST004,V00666,P0032,2026-08-31,5,2,7,2,6
ST004,V00668,P0032,2026-08-31,5,4,9,3,9
ST004,V00669,P0032,2026-08-31,6,4,10,3,9
ST004,V00670,P0032,2026-08-31,9,6,15,3,9
ST004,V00671,P0032,2026-08-31,5,8,13,4,12
ST004,V00672,P0032,2026-08-31,7,0,7,3,9
ST004,V00673,P0033,2026-08-31,10,4,14,6,18
ST004,V00674,P0033,2026-08-31,6,5,11,4,12
ST004,V00679,P0033,2026-08-31,3,2,5,2,6
ST004,V00680,P0033,2026-08-31,5,5,10,4,12
ST004,V00681,P0033,2026-08-31,3,0,3,2,6
ST004,V00682,P0033,2026-08-31,16,8,24,6,18
ST004,V00683,P0033,2026-08-31,9,8,17,4,12
ST004,V00686,P0033,2026-08-31,7,0,7,4,12
ST004,V00691,P0034,2026-08-31,8,5,13,4,12
ST004,V00695,P0034,2026-08-31,1,6,7,3,9
ST004,V00696,P0034,2026-08-31,9,3,12,4,12
ST004,V00697,P0034,2026-08-31,6,11,17,3,9
ST004,V00699,P0034,2026-08-31,8,6,14,3,9
ST004,V00701,P0034,2026-08-31,15,9,24,6,18
ST004,V00706,P0034,2026-08-31,7,1,8,4,12
ST005,V00001,P0001,2026-08-31,17,7,24,6,18
ST005,V00002,P0001,2026-08-31,3,7,10,2,6
ST005,V00003,P0001,2026-08-31,5,5,10,2,6
ST005,V00004,P0001,2026-08-31,7,3,10,4,12
ST005,V00005,P0001,2026-08-31,3,1,4,2,6
ST005,V00009,P0001,2026-08-31,19,7,26,6,18
ST005,V00010,P0001,2026-08-31,4,2,6,2,6
ST005,V00011,P0001,2026-08-31,15,0,15,6,18
ST005,V00013,P0001,2026-08-31,5,2,7,3,9
ST005,V00015,P0001,2026-08-31,13,6,19,4,12
ST005,V00018,P0001,2026-08-31,7,8,15,3,9
ST005,V00019,P0001,2026-08-31,4,4,8,2,6
ST005,V00022,P0001,2026-08-31,18,3,21,6,18
ST005,V00024,P0001,2026-08-31,8,1,9,3,9
ST005,V00025,P0002,2026-08-31,3,1,4,2,6
ST005,V00026,P0002,2026-08-31,5,4,9,3,9
ST005,V00027,P0002,2026-08-31,3,3,6,2,6
ST005,V00030,P0002,2026-08-31,18,20,38,6,18
ST005,V00031,P0002,2026-08-31,2,3,5,2,6
ST005,V00032,P0002,2026-08-31,4,7,11,3,9
ST005,V00033,P0002,2026-08-31,2,9,11,3,9
ST005,V00036,P0002,2026-08-31,20,11,31,4,12
ST005,V00037,P0002,2026-08-31,5,3,8,2,6
ST005,V00039,P0002,2026-08-31,5,6,11,2,6
ST005,V00040,P0002,2026-08-31,4,4,8,2,6
ST005,V00041,P0002,2026-08-31,14,11,25,4,12
ST005,V00042,P0002,2026-08-31,5,8,13,3,9
ST005,V00044,P0002,2026-08-31,14,3,17,6,18
ST005,V00045,P0002,2026-08-31,9,2,11,3,9
ST005,V00046,P0002,2026-08-31,7,0,7,2,6
ST005,V00048,P0002,2026-08-31,4,1,5,2,6
ST005,V00051,P0003,2026-08-31,6,1,7,2,6
ST005,V00052,P0003,2026-08-31,2,0,2,2,6
ST005,V00056,P0003,2026-08-31,5,1,6,2,6
ST005,V00058,P0003,2026-08-31,5,4,9,2,6
ST005,V00059,P0003,2026-08-31,10,3,13,4,12
ST005,V00060,P0003,2026-08-31,3,0,3,2,6
ST005,V00061,P0003,2026-08-31,14,5,19,6,18
ST005,V00064,P0003,2026-08-31,3,2,5,2,6
ST005,V00065,P0003,2026-08-31,8,1,9,3,9
ST005,V00066,P0003,2026-08-31,5,5,10,2,6
ST005,V00067,P0003,2026-08-31,8,3,11,2,6
ST005,V00069,P0003,2026-08-31,3,4,7,2,6
ST005,V00070,P0003,2026-08-31,2,0,2,4,12
ST005,V00071,P0003,2026-08-31,13,4,17,6,18
ST005,V00073,P0004,2026-08-31,10,2,12,3,9
ST005,V00074,P0004,2026-08-31,3,2,5,2,6
ST005,V00075,P0004,2026-08-31,3,3,6,2,6
ST005,V00078,P0004,2026-08-31,3,0,3,2,6
ST005,V00081,P0004,2026-08-31,2,10,12,4,12
ST005,V00082,P0004,2026-08-31,4,6,10,2,6
ST005,V00083,P0004,2026-08-31,0,12,12,6,18
ST005,V00085,P0004,2026-08-31,7,6,13,2,6
ST005,V00086,P0004,2026-08-31,4,9,13,3,9
ST005,V00087,P0004,2026-08-31,3,2,5,2,6
ST005,V00092,P0004,2026-08-31,7,6,13,4,12
ST005,V00094,P0004,2026-08-31,5,3,8,2,6
ST005,V00095,P0004,2026-08-31,7,3,10,3,9
ST005,V00096,P0004,2026-08-31,15,11,26,6,18
ST005,V00097,P0005,2026-08-31,8,5,13,3,9
ST005,V00099,P0005,2026-08-31,4,0,4,2,6
ST005,V00101,P0005,2026-08-31,16,25,41,6,18
ST005,V00106,P0005,2026-08-31,6,1,7,2,6
ST005,V00107,P0005,2026-08-31,7,3,10,4,12
ST005,V00113,P0005,2026-08-31,21,5,26,6,18
ST005,V00114,P0005,2026-08-31,4,0,4,2,6
ST005,V00115,P0005,2026-08-31,3,5,8,2,6
ST005,V00116,P0005,2026-08-31,8,7,15,4,12
ST005,V00117,P0005,2026-08-31,5,3,8,2,6
ST005,V00118,P0005,2026-08-31,5,2,7,2,6
ST005,V00119,P0005,2026-08-31,5,4,9,4,12
ST005,V00121,P0006,2026-08-31,4,4,8,4,12
ST005,V00122,P0006,2026-08-31,6,6,12,4,12
ST005,V00124,P0006,2026-08-31,6,0,6,3,9
ST005,V00125,P0006,2026-08-31,3,0,3,2,6
ST005,V00127,P0006,2026-08-31,3,5,8,2,6
ST005,V00129,P0006,2026-08-31,2,6,8,3,9
ST005,V00132,P0006,2026-08-31,2,5,7,3,9
ST005,V00133,P0006,2026-08-31,7,2,9,3,9
ST005,V00134,P0006,2026-08-31,4,4,8,4,12
ST005,V00135,P0006,2026-08-31,5,4,9,3,9
ST005,V00136,P0006,2026-08-31,4,2,6,3,9
ST005,V00137,P0006,2026-08-31,7,11,18,4,12
ST005,V00138,P0006,2026-08-31,8,0,8,3,9
ST005,V00141,P0006,2026-08-31,6,4,10,3,9
ST005,V00146,P0007,2026-08-31,4,0,4,2,6
ST005,V00148,P0007,2026-08-31,4,5,9,2,6
ST005,V00152,P0007,2026-08-31,7,4,11,3,9
ST005,V00154,P0007,2026-08-31,5,3,8,2,6
ST005,V00155,P0007,2026-08-31,3,5,8,2,6
ST005,V00156,P0007,2026-08-31,10,0,10,3,9
ST005,V00157,P0007,2026-08-31,1,2,3,2,6
ST005,V00161,P0007,2026-08-31,9,5,14,3,9
ST005,V00162,P0007,2026-08-31,3,1,4,2,6
ST005,V00163,P0007,2026-08-31,2,6,8,2,6
ST005,V00165,P0007,2026-08-31,2,1,3,2,6
ST005,V00167,P0007,2026-08-31,5,2,7,2,6
ST005,V00169,P0008,2026-08-31,6,2,8,4,12
ST005,V00170,P0008,2026-08-31,17,11,28,6,18
ST005,V00171,P0008,2026-08-31,3,0,3,2,6
ST005,V00172,P0008,2026-08-31,5,2,7,2,6
ST005,V00173,P0008,2026-08-31,5,2,7,3,9
ST005,V00174,P0008,2026-08-31,5,2,7,2,6
ST005,V00176,P0008,2026-08-31,8,4,12,3,9
ST005,V00177,P0008,2026-08-31,1,4,5,2,6
ST005,V00178,P0008,2026-08-31,9,5,14,3,9
ST005,V00179,P0008,2026-08-31,5,5,10,2,6
ST005,V00180,P0008,2026-08-31,5,10,15,3,9
ST005,V00181,P0008,2026-08-31,0,6,6,2,6
ST005,V00182,P0008,2026-08-31,5,5,10,2,6
ST005,V00183,P0008,2026-08-31,18,13,31,6,18
ST005,V00186,P0008,2026-08-31,5,4,9,3,9
ST005,V00188,P0008,2026-08-31,9,1,10,4,12
ST005,V00190,P0008,2026-08-31,10,10,20,4,12
ST005,V00192,P0008,2026-08-31,4,1,5,3,9
ST005,V00194,P0009,2026-08-31,4,3,7,2,6
ST005,V00196,P0009,2026-08-31,14,7,21,6,18
ST005,V00197,P0009,2026-08-31,3,1,4,2,6
ST005,V00198,P0009,2026-08-31,3,6,9,2,6
ST005,V00199,P0009,2026-08-31,3,6,9,2,6
ST005,V00200,P0009,2026-08-31,14,13,27,6,18
ST005,V00202,P0009,2026-08-31,14,5,19,3,9
ST005,V00203,P0009,2026-08-31,9,8,17,6,18
ST005,V00204,P0009,2026-08-31,3,0,3,3,9
ST005,V00209,P0009,2026-08-31,7,0,7,3,9
ST005,V00210,P0009,2026-08-31,8,10,18,4,12
ST005,V00211,P0009,2026-08-31,4,3,7,2,6
ST005,V00216,P0009,2026-08-31,4,2,6,2,6
ST005,V00218,P0010,2026-08-31,1,3,4,2,6
ST005,V00220,P0010,2026-08-31,8,7,15,3,9
ST005,V00222,P0010,2026-08-31,11,4,15,3,9
ST005,V00225,P0010,2026-08-31,10,9,19,4,12
ST005,V00226,P0010,2026-08-31,6,2,8,2,6
ST005,V00228,P0010,2026-08-31,12,9,21,4,12
ST005,V00230,P0010,2026-08-31,4,0,4,2,6
ST005,V00233,P0010,2026-08-31,6,6,12,3,9
ST005,V00236,P0010,2026-08-31,5,3,8,2,6
ST005,V00238,P0010,2026-08-31,5,1,6,2,6
ST005,V00239,P0010,2026-08-31,19,12,31,6,18
ST005,V00241,P0011,2026-08-31,5,9,14,3,9
ST005,V00242,P0011,2026-08-31,12,7,19,4,12
ST005,V00246,P0011,2026-08-31,5,1,6,2,6
ST005,V00248,P0011,2026-08-31,3,4,7,2,6
ST005,V00250,P0011,2026-08-31,4,5,9,3,9
ST005,V00251,P0011,2026-08-31,2,7,9,2,6
ST005,V00252,P0011,2026-08-31,7,0,7,6,18
ST005,V00253,P0011,2026-08-31,2,4,6,2,6
ST005,V00255,P0011,2026-08-31,6,2,8,2,6
ST005,V00256,P0011,2026-08-31,9,11,20,4,12
ST005,V00259,P0011,2026-08-31,6,5,11,2,6
ST005,V00262,P0011,2026-08-31,3,0,3,2,6
ST005,V00264,P0011,2026-08-31,3,15,18,3,9
ST005,V00265,P0012,2026-08-31,5,1,6,2,6
ST005,V00266,P0012,2026-08-31,2,4,6,2,6
ST005,V00267,P0012,2026-08-31,7,2,9,2,6
ST005,V00269,P0012,2026-08-31,7,0,7,3,9
ST005,V00270,P0012,2026-08-31,2,8,10,3,9
ST005,V00273,P0012,2026-08-31,7,3,10,2,6
ST005,V00275,P0012,2026-08-31,2,3,5,2,6
ST005,V00277,P0012,2026-08-31,2,4,6,3,9
ST005,V00278,P0012,2026-08-31,5,7,12,2,6
ST005,V00279,P0012,2026-08-31,3,5,8,3,9
ST005,V00280,P0012,2026-08-31,14,9,23,3,9
ST005,V00281,P0012,2026-08-31,6,5,11,4,12
ST005,V00283,P0012,2026-08-31,3,6,9,4,12
ST005,V00285,P0012,2026-08-31,2,8,10,4,12
ST005,V00286,P0012,2026-08-31,5,3,8,2,6
ST005,V00287,P0012,2026-08-31,14,0,14,6,18
ST005,V00288,P0012,2026-08-31,5,0,5,2,6
ST005,V00292,P0013,2026-08-31,1,5,6,2,6
ST005,V00293,P0013,2026-08-31,0,4,4,4,12
ST005,V00294,P0013,2026-08-31,7,4,11,4,12
ST005,V00295,P0013,2026-08-31,2,0,2,2,6
ST005,V00296,P0013,2026-08-31,3,2,5,2,6
ST005,V00298,P0013,2026-08-31,5,2,7,2,6
ST005,V00299,P0013,2026-08-31,7,7,14,3,9
ST005,V00300,P0013,2026-08-31,6,4,10,2,6
ST005,V00301,P0013,2026-08-31,16,8,24,6,18
ST005,V00302,P0013,2026-08-31,7,0,7,2,6
ST005,V00304,P0013,2026-08-31,8,19,27,6,18
ST005,V00305,P0013,2026-08-31,5,5,10,2,6
ST005,V00309,P0013,2026-08-31,4,5,9,2,6
ST005,V00310,P0013,2026-08-31,6,2,8,4,12
ST005,V00311,P0013,2026-08-31,4,2,6,3,9
ST005,V00315,P0014,2026-08-31,5,8,13,4,12
ST005,V00316,P0014,2026-08-31,6,3,9,2,6
ST005,V00318,P0014,2026-08-31,11,4,15,3,9
ST005,V00322,P0014,2026-08-31,5,1,6,2,6
ST005,V00323,P0014,2026-08-31,9,10,19,4,12
ST005,V00324,P0014,2026-08-31,3,1,4,2,6
ST005,V00326,P0014,2026-08-31,3,2,5,2,6
ST005,V00328,P0014,2026-08-31,6,1,7,4,12
ST005,V00330,P0014,2026-08-31,17,18,35,6,18
ST005,V00333,P0014,2026-08-31,3,3,6,2,6
ST005,V00334,P0014,2026-08-31,2,5,7,6,18
ST005,V00339,P0015,2026-08-31,2,3,5,2,6
ST005,V00341,P0015,2026-08-31,11,9,20,4,12
ST005,V00343,P0015,2026-08-31,10,5,15,3,9
ST005,V00344,P0015,2026-08-31,14,3,17,6,18
ST005,V00345,P0015,2026-08-31,9,5,14,3,9
ST005,V00346,P0015,2026-08-31,5,0,5,2,6
ST005,V00348,P0015,2026-08-31,4,0,4,4,12
ST005,V00349,P0015,2026-08-31,4,0,4,2,6
ST005,V00352,P0015,2026-08-31,5,7,12,4,12
ST005,V00354,P0015,2026-08-31,9,2,11,2,6
ST005,V00356,P0015,2026-08-31,7,3,10,2,6
ST005,V00359,P0015,2026-08-31,6,0,6,2,6
ST005,V00360,P0015,2026-08-31,2,0,2,2,6
ST005,V00361,P0016,2026-08-31,3,3,6,3,9
ST005,V00362,P0016,2026-08-31,5,6,11,3,9
ST005,V00365,P0016,2026-08-31,7,8,15,4,12
ST005,V00366,P0016,2026-08-31,4,6,10,2,6
ST005,V00367,P0016,2026-08-31,4,2,6,2,6
ST005,V00368,P0016,2026-08-31,3,1,4,2,6
ST005,V00369,P0016,2026-08-31,5,8,13,2,6
ST005,V00375,P0016,2026-08-31,2,3,5,2,6
ST005,V00376,P0016,2026-08-31,4,3,7,2,6
ST005,V00378,P0016,2026-08-31,1,1,2,3,9
ST005,V00381,P0016,2026-08-31,12,1,13,4,12
ST005,V00382,P0016,2026-08-31,11,4,15,3,9
ST005,V00383,P0016,2026-08-31,5,3,8,2,6
ST005,V00384,P0016,2026-08-31,4,6,10,2,6
ST005,V00386,P0017,2026-08-31,6,0,6,2,6
ST005,V00388,P0017,2026-08-31,9,20,29,6,18
ST005,V00391,P0017,2026-08-31,2,5,7,3,9
ST005,V00394,P0017,2026-08-31,9,2,11,2,6
ST005,V00395,P0017,2026-08-31,8,9,17,4,12
ST005,V00396,P0017,2026-08-31,6,4,10,3,9
ST005,V00397,P0017,2026-08-31,3,1,4,2,6
ST005,V00399,P0017,2026-08-31,4,2,6,2,6
ST005,V00400,P0017,2026-08-31,3,8,11,2,6
ST005,V00401,P0017,2026-08-31,3,1,4,2,6
ST005,V00402,P0017,2026-08-31,3,4,7,6,18
ST005,V00403,P0018,2026-08-31,1,4,5,3,9
ST005,V00404,P0018,2026-08-31,5,0,5,2,6
ST005,V00405,P0018,2026-08-31,0,1,1,2,6
ST005,V00407,P0018,2026-08-31,3,1,4,2,6
ST005,V00408,P0018,2026-08-31,8,8,16,3,9
ST005,V00411,P0018,2026-08-31,7,0,7,3,9
ST005,V00412,P0018,2026-08-31,4,2,6,2,6
ST005,V00413,P0018,2026-08-31,5,1,6,2,6
ST005,V00414,P0018,2026-08-31,8,0,8,2,6
ST005,V00415,P0018,2026-08-31,9,4,13,4,12
ST005,V00418,P0018,2026-08-31,1,2,3,2,6
ST005,V00421,P0019,2026-08-31,3,0,3,2,6
ST005,V00423,P0019,2026-08-31,12,12,24,4,12
ST005,V00427,P0019,2026-08-31,13,0,13,4,12
ST005,V00428,P0019,2026-08-31,7,8,15,4,12
ST005,V00429,P0019,2026-08-31,2,8,10,3,9
ST005,V00430,P0019,2026-08-31,3,11,14,3,9
ST005,V00431,P0019,2026-08-31,15,1,16,6,18
ST005,V00434,P0019,2026-08-31,4,1,5,2,6
ST005,V00436,P0019,2026-08-31,8,10,18,6,18
ST005,V00437,P0019,2026-08-31,8,4,12,3,9
ST005,V00438,P0019,2026-08-31,3,7,10,2,6
ST005,V00440,P0020,2026-08-31,17,14,31,6,18
ST005,V00442,P0020,2026-08-31,7,0,7,2,6
ST005,V00443,P0020,2026-08-31,4,0,4,4,12
ST005,V00447,P0020,2026-08-31,3,1,4,3,9
ST005,V00448,P0020,2026-08-31,17,12,29,4,12
ST005,V00451,P0020,2026-08-31,6,2,8,3,9
ST005,V00452,P0020,2026-08-31,9,1,10,2,6
ST005,V00453,P0020,2026-08-31,22,10,32,6,18
ST005,V00456,P0020,2026-08-31,5,3,8,2,6
ST005,V00459,P0021,2026-08-31,4,7,11,2,6
ST005,V00460,P0021,2026-08-31,15,19,34,6,18
ST005,V00461,P0021,2026-08-31,9,6,15,4,12
ST005,V00462,P0021,2026-08-31,9,1,10,3,9
ST005,V00463,P0021,2026-08-31,6,1,7,3,9
ST005,V00467,P0021,2026-08-31,2,1,3,2,6
ST005,V00468,P0021,2026-08-31,4,2,6,2,6
ST005,V00470,P0021,2026-08-31,9,1,10,3,9
ST005,V00472,P0021,2026-08-31,6,9,15,3,9
ST005,V00477,P0022,2026-08-31,3,5,8,2,6
ST005,V00478,P0022,2026-08-31,6,4,10,2,6
ST005,V00479,P0022,2026-08-31,3,1,4,2,6
ST005,V00480,P0022,2026-08-31,0,7,7,3,9
ST005,V00481,P0022,2026-08-31,2,0,2,2,6
ST005,V00482,P0022,2026-08-31,5,4,9,2,6
ST005,V00483,P0022,2026-08-31,5,0,5,2,6
ST005,V00485,P0022,2026-08-31,4,0,4,3,9
ST005,V00486,P0022,2026-08-31,7,4,11,3,9
ST005,V00488,P0022,2026-08-31,10,0,10,3,9
ST005,V00492,P0022,2026-08-31,1,2,3,2,6
ST005,V00493,P0023,2026-08-31,4,0,4,3,9
ST005,V00495,P0023,2026-08-31,3,3,6,2,6
ST005,V00498,P0023,2026-08-31,3,4,7,2,6
ST005,V00499,P0023,2026-08-31,6,2,8,2,6
ST005,V00500,P0023,2026-08-31,1,3,4,3,9
ST005,V00501,P0023,2026-08-31,5,2,7,3,9
ST005,V00502,P0023,2026-08-31,3,2,5,2,6
ST005,V00506,P0023,2026-08-31,15,13,28,6,18
ST005,V00509,P0023,2026-08-31,4,1,5,2,6
ST005,V00511,P0024,2026-08-31,3,4,7,2,6
ST005,V00512,P0024,2026-08-31,5,3,8,4,12
ST005,V00513,P0024,2026-08-31,5,2,7,4,12
ST005,V00514,P0024,2026-08-31,8,0,8,4,12
ST005,V00515,P0024,2026-08-31,3,4,7,3,9
ST005,V00516,P0024,2026-08-31,6,9,15,3,9
ST005,V00517,P0024,2026-08-31,3,3,6,2,6
ST005,V00518,P0024,2026-08-31,6,3,9,2,6
ST005,V00519,P0024,2026-08-31,10,1,11,3,9
ST005,V00520,P0024,2026-08-31,12,11,23,4,12
ST005,V00521,P0024,2026-08-31,6,11,17,3,9
ST005,V00522,P0024,2026-08-31,7,6,13,4,12
ST005,V00523,P0024,2026-08-31,4,7,11,2,6
ST005,V00525,P0024,2026-08-31,6,4,10,4,12
ST005,V00526,P0024,2026-08-31,7,1,8,3,9
ST005,V00529,P0025,2026-08-31,7,4,11,2,6
ST005,V00530,P0025,2026-08-31,10,8,18,4,12
ST005,V00531,P0025,2026-08-31,1,3,4,2,6
ST005,V00532,P0025,2026-08-31,4,2,6,2,6
ST005,V00533,P0025,2026-08-31,6,0,6,4,12
ST005,V00535,P0025,2026-08-31,4,3,7,2,6
ST005,V00536,P0025,2026-08-31,6,1,7,3,9
ST005,V00537,P0025,2026-08-31,4,2,6,6,18
ST005,V00538,P0025,2026-08-31,6,4,10,2,6
ST005,V00539,P0025,2026-08-31,6,3,9,3,9
ST005,V00541,P0025,2026-08-31,2,1,3,6,18
ST005,V00542,P0025,2026-08-31,6,10,16,3,9
ST005,V00545,P0025,2026-08-31,3,4,7,2,6
ST005,V00546,P0025,2026-08-31,5,5,10,3,9
ST005,V00547,P0026,2026-08-31,2,0,2,2,6
ST005,V00548,P0026,2026-08-31,15,5,20,4,12
ST005,V00549,P0026,2026-08-31,4,2,6,2,6
ST005,V00550,P0026,2026-08-31,4,3,7,2,6
ST005,V00552,P0026,2026-08-31,8,8,16,6,18
ST005,V00555,P0026,2026-08-31,5,3,8,2,6
ST005,V00556,P0026,2026-08-31,7,0,7,3,9
ST005,V00557,P0026,2026-08-31,3,2,5,3,9
ST005,V00559,P0026,2026-08-31,6,13,19,6,18
ST005,V00560,P0026,2026-08-31,14,3,17,4,12
ST005,V00562,P0026,2026-08-31,15,0,15,4,12
ST005,V00563,P0026,2026-08-31,6,7,13,3,9
ST005,V00566,P0027,2026-08-31,8,3,11,3,9
ST005,V00569,P0027,2026-08-31,6,8,14,4,12
ST005,V00571,P0027,2026-08-31,8,16,24,6,18
ST005,V00574,P0027,2026-08-31,3,0,3,6,18
ST005,V00575,P0027,2026-08-31,2,1,3,2,6
ST005,V00576,P0027,2026-08-31,6,0,6,2,6
ST005,V00578,P0027,2026-08-31,6,0,6,3,9
ST005,V00579,P0027,2026-08-31,7,5,12,3,9
ST005,V00580,P0027,2026-08-31,7,3,10,2,6
ST005,V00581,P0027,2026-08-31,1,4,5,2,6
ST005,V00582,P0027,2026-08-31,0,1,1,2,6
ST005,V00583,P0028,2026-08-31,5,5,10,3,9
ST005,V00585,P0028,2026-08-31,11,6,17,3,9
ST005,V00586,P0028,2026-08-31,6,6,12,3,9
ST005,V00588,P0028,2026-08-31,11,9,20,6,18
ST005,V00593,P0028,2026-08-31,9,4,13,4,12
ST005,V00596,P0028,2026-08-31,7,3,10,4,12
ST005,V00598,P0028,2026-08-31,5,0,5,3,9
ST005,V00602,P0029,2026-08-31,4,1,5,3,9
ST005,V00603,P0029,2026-08-31,5,5,10,2,6
ST005,V00604,P0029,2026-08-31,4,3,7,3,9
ST005,V00605,P0029,2026-08-31,7,23,30,6,18
ST005,V00606,P0029,2026-08-31,4,3,7,2,6
ST005,V00608,P0029,2026-08-31,6,3,9,4,12
ST005,V00609,P0029,2026-08-31,2,2,4,2,6
ST005,V00611,P0029,2026-08-31,6,0,6,4,12
ST005,V00612,P0029,2026-08-31,5,7,12,3,9
ST005,V00613,P0029,2026-08-31,3,1,4,3,9
ST005,V00616,P0029,2026-08-31,4,0,4,2,6
ST005,V00617,P0029,2026-08-31,2,2,4,3,9
ST005,V00619,P0030,2026-08-31,0,14,14,6,18
ST005,V00622,P0030,2026-08-31,5,0,5,2,6
ST005,V00628,P0030,2026-08-31,11,10,21,4,12
ST005,V00634,P0030,2026-08-31,12,1,13,4,12
ST005,V00636,P0030,2026-08-31,3,2,5,2,6
ST005,V00637,P0031,2026-08-31,9,14,23,4,12
ST005,V00639,P0031,2026-08-31,5,5,10,2,6
ST005,V00641,P0031,2026-08-31,7,5,12,3,9
ST005,V00642,P0031,2026-08-31,9,7,16,4,12
ST005,V00644,P0031,2026-08-31,3,0,3,2,6
ST005,V00645,P0031,2026-08-31,5,1,6,2,6
ST005,V00646,P0031,2026-08-31,4,0,4,3,9
ST005,V00647,P0031,2026-08-31,3,0,3,4,12
ST005,V00648,P0031,2026-08-31,7,10,17,4,12
ST005,V00649,P0031,2026-08-31,9,0,9,4,12
ST005,V00650,P0031,2026-08-31,3,0,3,2,6
ST005,V00652,P0031,2026-08-31,5,3,8,3,9
ST005,V00653,P0031,2026-08-31,6,4,10,3,9
ST005,V00654,P0031,2026-08-31,4,2,6,2,6
ST005,V00655,P0032,2026-08-31,5,7,12,2,6
ST005,V00656,P0032,2026-08-31,7,3,10,3,9
ST005,V00659,P0032,2026-08-31,4,0,4,2,6
ST005,V00663,P0032,2026-08-31,5,1,6,2,6
ST005,V00665,P0032,2026-08-31,21,2,23,6,18
ST005,V00666,P0032,2026-08-31,6,4,10,3,9
ST005,V00668,P0032,2026-08-31,4,2,6,2,6
ST005,V00670,P0032,2026-08-31,5,5,10,4,12
ST005,V00671,P0032,2026-08-31,8,0,8,3,9
ST005,V00672,P0032,2026-08-31,3,0,3,4,12
ST005,V00675,P0033,2026-08-31,5,1,6,3,9
ST005,V00676,P0033,2026-08-31,4,8,12,4,12
ST005,V00677,P0033,2026-08-31,4,0,4,3,9
ST005,V00678,P0033,2026-08-31,3,11,14,4,12
ST005,V00679,P0033,2026-08-31,8,9,17,3,9
ST005,V00681,P0033,2026-08-31,3,5,8,2,6
ST005,V00684,P0033,2026-08-31,2,1,3,2,6
ST005,V00685,P0033,2026-08-31,9,12,21,6,18
ST005,V00686,P0033,2026-08-31,6,0,6,2,6
ST005,V00687,P0033,2026-08-31,9,0,9,3,9
ST005,V00688,P0033,2026-08-31,6,1,7,2,6
ST005,V00689,P0033,2026-08-31,15,4,19,4,12
ST005,V00690,P0033,2026-08-31,6,4,10,3,9
ST005,V00691,P0034,2026-08-31,7,3,10,3,9
ST005,V00693,P0034,2026-08-31,6,7,13,3,9
ST005,V00696,P0034,2026-08-31,6,2,8,2,6
ST005,V00698,P0034,2026-08-31,5,4,9,3,9
ST005,V00699,P0034,2026-08-31,7,4,11,2,6
ST005,V00700,P0034,2026-08-31,4,0,4,2,6
ST005,V00702,P0034,2026-08-31,6,0,6,2,6
ST005,V00704,P0034,2026-08-31,6,11,17,3,9
ST005,V00705,P0034,2026-08-31,10,0,10,3,9
ST005,V00706,P0034,2026-08-31,9,19,28,6,18
ST005,V00707,P0034,2026-08-31,6,3,9,3,9
ST005,V00708,P0034,2026-08-31,2,1,3,3,9
ST006,V00001,P0001,2026-08-31,3,5,8,3,9
ST006,V00002,P0001,2026-08-31,6,1,7,2,6
ST006,V00003,P0001,2026-08-31,7,4,11,2,6
ST006,V00006,P0001,2026-08-31,1,2,3,3,9
ST006,V00009,P0001,2026-08-31,5,6,11,3,9
ST006,V00011,P0001,2026-08-31,2,10,12,2,6
ST006,V00013,P0001,2026-08-31,1,2,3,2,6
ST006,V00014,P0001,2026-08-31,7,7,14,3,9
ST006,V00017,P0001,2026-08-31,9,2,11,3,9
ST006,V00018,P0001,2026-08-31,2,5,7,2,6
ST006,V00020,P0001,2026-08-31,5,5,10,3,9
ST006,V00022,P0001,2026-08-31,7,10,17,6,18
ST006,V00026,P0002,2026-08-31,2,2,4,2,6
ST006,V00028,P0002,2026-08-31,5,8,13,3,9
ST006,V00029,P0002,2026-08-31,3,3,6,2,6
ST006,V00030,P0002,2026-08-31,5,2,7,2,6
ST006,V00034,P0002,2026-08-31,11,4,15,4,12
ST006,V00035,P0002,2026-08-31,3,0,3,2,6
ST006,V00036,P0002,2026-08-31,18,3,21,6,18
ST006,V00037,P0002,2026-08-31,8,1,9,3,9
ST006,V00040,P0002,2026-08-31,4,3,7,2,6
ST006,V00041,P0002,2026-08-31,3,1,4,2,6
ST006,V00043,P0002,2026-08-31,8,0,8,3,9
ST006,V00047,P0002,2026-08-31,7,0,7,4,12
ST006,V00049,P0003,2026-08-31,1,0,1,4,12
ST006,V00054,P0003,2026-08-31,7,2,9,2,6
ST006,V00055,P0003,2026-08-31,5,4,9,2,6
ST006,V00059,P0003,2026-08-31,5,6,11,3,9
ST006,V00062,P0003,2026-08-31,3,1,4,2,6
ST006,V00067,P0003,2026-08-31,6,3,9,2,6
ST006,V00068,P0003,2026-08-31,6,7,13,2,6
ST006,V00073,P0004,2026-08-31,8,5,13,3,9
ST006,V00075,P0004,2026-08-31,1,5,6,3,9
ST006,V00076,P0004,2026-08-31,5,1,6,2,6
ST006,V00077,P0004,2026-08-31,13,20,33,6,18
ST006,V00079,P0004,2026-08-31,4,3,7,2,6
ST006,V00080,P0004,2026-08-31,4,4,8,2,6
ST006,V00082,P0004,2026-08-31,5,2,7,2,6
ST006,V00083,P0004,2026-08-31,10,2,12,6,18
ST006,V00084,P0004,2026-08-31,4,4,8,3,9
ST006,V00086,P0004,2026-08-31,3,4,7,2,6
ST006,V00087,P0004,2026-08-31,6,0,6,2,6
ST006,V00090,P0004,2026-08-31,11,8,19,6,18
ST006,V00091,P0004,2026-08-31,6,4,10,3,9
ST006,V00092,P0004,2026-08-31,5,7,12,2,6
ST006,V00094,P0004,2026-08-31,8,7,15,4,12
ST006,V00100,P0005,2026-08-31,4,3,7,2,6
ST006,V00102,P0005,2026-08-31,13,10,23,6,18
ST006,V00105,P0005,2026-08-31,3,5,8,2,6
ST006,V00106,P0005,2026-08-31,8,8,16,3,9
ST006,V00108,P0005,2026-08-31,4,3,7,2,6
ST006,V00109,P0005,2026-08-31,12,10,22,4,12
ST006,V00110,P0005,2026-08-31,4,1,5,2,6
ST006,V00112,P0005,2026-08-31,6,2,8,3,9
ST006,V00114,P0005,2026-08-31,8,10,18,4,12
ST006,V00115,P0005,2026-08-31,3,5,8,3,9
ST006,V00118,P0005,2026-08-31,12,7,19,4,12
ST006,V00120,P0005,2026-08-31,7,9,16,4,12
ST006,V00121,P0006,2026-08-31,5,2,7,3,9
ST006,V00123,P0006,2026-08-31,5,0,5,2,6
ST006,V00124,P0006,2026-08-31,5,8,13,4,12
ST006,V00126,P0006,2026-08-31,10,7,17,4,12
ST006,V00131,P0006,2026-08-31,5,5,10,3,9
ST006,V00134,P0006,2026-08-31,6,3,9,2,6
ST006,V00136,P0006,2026-08-31,9,6,15,4,12
ST006,V00137,P0006,2026-08-31,11,10,21,4,12
ST006,V00142,P0006,2026-08-31,3,2,5,2,6
ST006,V00144,P0006,2026-08-31,5,2,7,2,6
ST006,V00145,P0007,2026-08-31,4,5,9,2,6
ST006,V00149,P0007,2026-08-31,6,8,14,2,6
ST006,V00151,P0007,2026-08-31,0,1,1,2,6
ST006,V00152,P0007,2026-08-31,2,5,7,3,9
ST006,V00156,P0007,2026-08-31,6,0,6,2,6
ST006,V00157,P0007,2026-08-31,2,1,3,2,6
ST006,V00158,P0007,2026-08-31,5,5,10,2,6
ST006,V00159,P0007,2026-08-31,8,9,17,4,12
ST006,V00160,P0007,2026-08-31,5,2,7,2,6
ST006,V00161,P0007,2026-08-31,8,0,8,3,9
ST006,V00163,P0007,2026-08-31,7,2,9,2,6
ST006,V00165,P0007,2026-08-31,5,10,15,3,9
ST006,V00166,P0007,2026-08-31,7,1,8,3,9
ST006,V00167,P0007,2026-08-31,1,8,9,4,12
ST006,V00169,P0008,2026-08-31,5,2,7,2,6
ST006,V00171,P0008,2026-08-31,6,9,15,4,12
ST006,V00172,P0008,2026-08-31,4,6,10,3,9
ST006,V00174,P0008,2026-08-31,8,4,12,4,12
ST006,V00175,P0008,2026-08-31,5,3,8,3,9
ST006,V00176,P0008,2026-08-31,4,5,9,2,6
ST006,V00177,P0008,2026-08-31,6,0,6,2,6
ST006,V00178,P0008,2026-08-31,9,0,9,3,9
ST006,V00179,P0008,2026-08-31,6,0,6,2,6
ST006,V00180,P0008,2026-08-31,5,2,7,3,9
ST006,V00182,P0008,2026-08-31,8,19,27,4,12
ST006,V00183,P0008,2026-08-31,4,3,7,2,6
ST006,V00193,P0009,2026-08-31,12,5,17,4,12
ST006,V00196,P0009,2026-08-31,8,7,15,3,9
ST006,V00198,P0009,2026-08-31,4,1,5,6,18
ST006,V00201,P0009,2026-08-31,2,6,8,2,6
ST006,V00203,P0009,2026-08-31,8,8,16,2,6
ST006,V00206,P0009,2026-08-31,8,13,21,4,12
ST006,V00208,P0009,2026-08-31,9,3,12,4,12
ST006,V00209,P0009,2026-08-31,4,2,6,3,9
ST006,V00210,P0009,2026-08-31,6,5,11,2,6
ST006,V00211,P0009,2026-08-31,5,0,5,3,9
ST006,V00212,P0009,2026-08-31,5,4,9,2,6
ST006,V00214,P0009,2026-08-31,5,4,9,3,9
ST006,V00215,P0009,2026-08-31,4,3,7,2,6
ST006,V00216,P0009,2026-08-31,5,5,10,2,6
ST006,V00217,P0010,2026-08-31,4,4,8,2,6
ST006,V00218,P0010,2026-08-31,8,4,12,3,9
ST006,V00219,P0010,2026-08-31,6,2,8,3,9
ST006,V00221,P0010,2026-08-31,9,4,13,4,12
ST006,V00222,P0010,2026-08-31,15,13,28,6,18
ST006,V00223,P0010,2026-08-31,10,0,10,4,12
ST006,V00225,P0010,2026-08-31,0,1,1,2,6
ST006,V00226,P0010,2026-08-31,6,3,9,2,6
ST006,V00229,P0010,2026-08-31,8,7,15,3,9
ST006,V00230,P0010,2026-08-31,9,4,13,6,18
ST006,V00232,P0010,2026-08-31,8,5,13,3,9
ST006,V00233,P0010,2026-08-31,10,9,19,4,12
ST006,V00234,P0010,2026-08-31,2,0,2,2,6
ST006,V00236,P0010,2026-08-31,3,3,6,2,6
ST006,V00237,P0010,2026-08-31,7,5,12,2,6
ST006,V00242,P0011,2026-08-31,3,1,4,3,9
ST006,V00244,P0011,2026-08-31,6,0,6,3,9
ST006,V00245,P0011,2026-08-31,3,5,8,2,6
ST006,V00248,P0011,2026-08-31,5,0,5,2,6
ST006,V00249,P0011,2026-08-31,6,3,9,2,6
ST006,V00250,P0011,2026-08-31,8,13,21,4,12
ST006,V00252,P0011,2026-08-31,7,12,19,3,9
ST006,V00256,P0011,2026-08-31,6,8,14,6,18
ST006,V00258,P0011,2026-08-31,7,17,24,6,18
ST006,V00259,P0011,2026-08-31,6,8,14,3,9
ST006,V00260,P0011,2026-08-31,5,4,9,2,6
ST006,V00261,P0011,2026-08-31,3,2,5,2,6
ST006,V00262,P0011,2026-08-31,16,13,29,6,18
ST006,V00263,P0011,2026-08-31,3,4,7,2,6
ST006,V00266,P0012,2026-08-31,6,1,7,3,9
ST006,V00268,P0012,2026-08-31,4,3,7,2,6
ST006,V00270,P0012,2026-08-31,3,2,5,2,6
ST006,V00271,P0012,2026-08-31,5,0,5,2,6
ST006,V00274,P0012,2026-08-31,3,4,7,2,6
ST006,V00276,P0012,2026-08-31,3,1,4,2,6
ST006,V00277,P0012,2026-08-31,0,1,1,4,12
ST006,V00278,P0012,2026-08-31,6,2,8,2,6
ST006,V00279,P0012,2026-08-31,11,7,18,6,18
ST006,V00282,P0012,2026-08-31,5,4,9,2,6
ST006,V00284,P0012,2026-08-31,3,5,8,3,9
ST006,V00286,P0012,2026-08-31,7,5,12,2,6
ST006,V00287,P0012,2026-08-31,7,5,12,4,12
ST006,V00288,P0012,2026-08-31,4,2,6,2,6
ST006,V00291,P0013,2026-08-31,3,5,8,2,6
ST006,V00294,P0013,2026-08-31,0,2,2,2,6
ST006,V00295,P0013,2026-08-31,4,3,7,3,9
ST006,V00296,P0013,2026-08-31,3,3,6,2,6
ST006,V00298,P0013,2026-08-31,5,4,9,3,9
ST006,V00300,P0013,2026-08-31,12,16,28,6,18
ST006,V00302,P0013,2026-08-31,5,0,5,2,6
ST006,V00303,P0013,2026-08-31,4,3,7,3,9
ST006,V00306,P0013,2026-08-31,6,7,13,3,9
ST006,V00307,P0013,2026-08-31,10,6,16,3,9
ST006,V00313,P0014,2026-08-31,3,1,4,2,6
ST006,V00314,P0014,2026-08-31,4,2,6,2,6
ST006,V00315,P0014,2026-08-31,8,18,26,6,18
ST006,V00318,P0014,2026-08-31,7,2,9,2,6
ST006,V00322,P0014,2026-08-31,2,4,6,3,9
ST006,V00324,P0014,2026-08-31,2,2,4,2,6
ST006,V00326,P0014,2026-08-31,11,7,18,4,12
ST006,V00327,P0014,2026-08-31,8,12,20,3,9
ST006,V00328,P0014,2026-08-31,9,8,17,3,9
ST006,V00330,P0014,2026-08-31,10,9,19,4,12
ST006,V00332,P0014,2026-08-31,10,2,12,4,12
ST006,V00335,P0014,2026-08-31,6,1,7,2,6
ST006,V00336,P0014,2026-08-31,3,6,9,3,9
ST006,V00337,P0015,2026-08-31,12,7,19,4,12
ST006,V00340,P0015,2026-08-31,9,7,16,3,9
ST006,V00344,P0015,2026-08-31,14,5,19,6,18
ST006,V00345,P0015,2026-08-31,3,0,3,2,6
ST006,V00346,P0015,2026-08-31,5,4,9,4,12
ST006,V00348,P0015,2026-08-31,5,4,9,2,6
ST006,V00349,P0015,2026-08-31,4,4,8,2,6
ST006,V00350,P0015,2026-08-31,17,13,30,6,18
ST006,V00354,P0015,2026-08-31,5,3,8,2,6
ST006,V00355,P0015,2026-08-31,6,11,17,3,9
ST006,V00357,P0015,2026-08-31,0,5,5,4,12
ST006,V00358,P0015,2026-08-31,3,3,6,2,6
ST006,V00359,P0015,2026-08-31,3,3,6,3,9
ST006,V00360,P0015,2026-08-31,9,0,9,4,12
ST006,V00361,P0016,2026-08-31,2,1,3,2,6
ST006,V00363,P0016,2026-08-31,8,2,10,3,9
ST006,V00365,P0016,2026-08-31,6,5,11,2,6
ST006,V00367,P0016,2026-08-31,4,6,10,3,9
ST006,V00368,P0016,2026-08-31,3,2,5,2,6
ST006,V00370,P0016,2026-08-31,5,9,14,4,12
ST006,V00371,P0016,2026-08-31,9,1,10,4,12
ST006,V00372,P0016,2026-08-31,5,4,9,2,6
ST006,V00373,P0016,2026-08-31,3,2,5,2,6
ST006,V00377,P0016,2026-08-31,10,11,21,6,18
ST006,V00378,P0016,2026-08-31,0,3,3,2,6
ST006,V00379,P0016,2026-08-31,0,0,0,2,6
ST006,V00380,P0016,2026-08-31,5,4,9,3,9
ST006,V00382,P0016,2026-08-31,7,2,9,3,9
ST006,V00383,P0016,2026-08-31,9,5,14,6,18
ST006,V00384,P0016,2026-08-31,6,1,7,4,12
ST006,V00385,P0017,2026-08-31,4,3,7,2,6
ST006,V00388,P0017,2026-08-31,17,7,24,6,18
ST006,V00389,P0017,2026-08-31,1,1,2,2,6
ST006,V00390,P0017,2026-08-31,2,1,3,2,6
ST006,V00393,P0017,2026-08-31,4,5,9,2,6
ST006,V00398,P0017,2026-08-31,7,2,9,2,6
ST006,V00399,P0017,2026-08-31,6,0,6,3,9
ST006,V00402,P0017,2026-08-31,9,12,21,6,18
ST006,V00403,P0018,2026-08-31,10,2,12,3,9
ST006,V00407,P0018,2026-08-31,3,0,3,2,6
ST006,V00408,P0018,2026-08-31,3,2,5,3,9
ST006,V00411,P0018,2026-08-31,7,11,18,3,9
ST006,V00412,P0018,2026-08-31,9,5,14,3,9
ST006,V00413,P0018,2026-08-31,4,2,6,2,6
ST006,V00414,P0018,2026-08-31,9,8,17,4,12
ST006,V00417,P0018,2026-08-31,15,6,21,4,12
ST006,V00419,P0018,2026-08-31,1,5,6,2,6
ST006,V00420,P0018,2026-08-31,4,0,4,2,6
ST006,V00422,P0019,2026-08-31,1,5,6,2,6
ST006,V00424,P0019,2026-08-31,9,2,11,3,9
ST006,V00426,P0019,2026-08-31,0,0,0,2,6
ST006,V00429,P0019,2026-08-31,6,6,12,4,12
ST006,V00431,P0019,2026-08-31,4,7,11,3,9
ST006,V00432,P0019,2026-08-31,9,0,9,6,18
ST006,V00433,P0019,2026-08-31,8,2,10,3,9
ST006,V00435,P0019,2026-08-31,10,10,20,4,12
ST006,V00436,P0019,2026-08-31,0,8,8,3,9
ST006,V00439,P0020,2026-08-31,8,3,11,3,9
ST006,V00440,P0020,2026-08-31,4,5,9,4,12
ST006,V00441,P0020,2026-08-31,9,6,15,4,12
ST006,V00444,P0020,2026-08-31,8,14,22,6,18
ST006,V00445,P0020,2026-08-31,9,12,21,3,9
ST006,V00446,P0020,2026-08-31,4,5,9,6,18
ST006,V00449,P0020,2026-08-31,0,4,4,2,6
ST006,V00451,P0020,2026-08-31,13,3,16,4,12
ST006,V00452,P0020,2026-08-31,6,4,10,2,6
ST006,V00454,P0020,2026-08-31,11,0,11,4,12
ST006,V00455,P0020,2026-08-31,9,4,13,4,12
ST006,V00458,P0021,2026-08-31,6,5,11,3,9
ST006,V00460,P0021,2026-08-31,4,2,6,2,6
ST006,V00461,P0021,2026-08-31,2,8,10,2,6
ST006,V00462,P0021,2026-08-31,13,0,13,4,12
ST006,V00463,P0021,2026-08-31,5,0,5,2,6
ST006,V00468,P0021,2026-08-31,4,1,5,2,6
ST006,V00469,P0021,2026-08-31,2,3,5,2,6
ST006,V00470,P0021,2026-08-31,7,10,17,3,9
ST006,V00471,P0021,2026-08-31,17,10,27,6,18
ST006,V00474,P0021,2026-08-31,14,11,25,6,18
ST006,V00475,P0022,2026-08-31,5,3,8,2,6
ST006,V00478,P0022,2026-08-31,22,0,22,6,18
ST006,V00480,P0022,2026-08-31,2,3,5,2,6
ST006,V00481,P0022,2026-08-31,11,0,11,3,9
ST006,V00482,P0022,2026-08-31,2,6,8,3,9
ST006,V00483,P0022,2026-08-31,6,3,9,2,6
ST006,V00484,P0022,2026-08-31,10,0,10,2,6
ST006,V00487,P0022,2026-08-31,16,6,22,4,12
ST006,V00488,P0022,2026-08-31,2,1,3,2,6
ST006,V00490,P0022,2026-08-31,10,12,22,4,12
ST006,V00491,P0022,2026-08-31,3,6,9,4,12
ST006,V00493,P0023,2026-08-31,4,5,9,2,6
ST006,V00494,P0023,2026-08-31,8,6,14,4,12
ST006,V00495,P0023,2026-08-31,4,1,5,2,6
ST006,V00497,P0023,2026-08-31,5,5,10,3,9
ST006,V00499,P0023,2026-08-31,6,4,10,3,9
ST006,V00500,P0023,2026-08-31,5,5,10,2,6
ST006,V00501,P0023,2026-08-31,17,6,23,4,12
ST006,V00505,P0023,2026-08-31,12,1,13,6,18
ST006,V00506,P0023,2026-08-31,8,9,17,3,9
ST006,V00507,P0023,2026-08-31,1,3,4,2,6
ST006,V00508,P0023,2026-08-31,8,8,16,3,9
ST006,V00512,P0024,2026-08-31,9,2,11,3,9
ST006,V00513,P0024,2026-08-31,5,8,13,4,12
ST006,V00514,P0024,2026-08-31,20,16,36,6,18
ST006,V00515,P0024,2026-08-31,6,1,7,4,12
ST006,V00516,P0024,2026-08-31,5,12,17,4,12
ST006,V00517,P0024,2026-08-31,3,6,9,2,6
ST006,V00519,P0024,2026-08-31,9,3,12,3,9
ST006,V00521,P0024,2026-08-31,24,20,44,6,18
ST006,V00524,P0024,2026-08-31,1,6,7,2,6
ST006,V00525,P0024,2026-08-31,8,3,11,2,6
ST006,V00527,P0024,2026-08-31,6,6,12,2,6
ST006,V00529,P0025,2026-08-31,5,1,6,2,6
ST006,V00530,P0025,2026-08-31,6,2,8,3,9
ST006,V00532,P0025,2026-08-31,2,9,11,4,12
ST006,V00534,P0025,2026-08-31,1,6,7,2,6
ST006,V00535,P0025,2026-08-31,5,6,11,4,12
ST006,V00536,P0025,2026-08-31,5,0,5,2,6
ST006,V00539,P0025,2026-08-31,4,5,9,2,6
ST006,V00540,P0025,2026-08-31,5,5,10,3,9
ST006,V00542,P0025,2026-08-31,6,8,14,3,9
ST006,V00543,P0025,2026-08-31,6,5,11,4,12
ST006,V00544,P0025,2026-08-31,8,2,10,4,12
ST006,V00545,P0025,2026-08-31,10,9,19,4,12
ST006,V00547,P0026,2026-08-31,2,2,4,2,6
ST006,V00549,P0026,2026-08-31,2,4,6,2,6
ST006,V00550,P0026,2026-08-31,10,9,19,3,9
ST006,V00551,P0026,2026-08-31,15,4,19,4,12
ST006,V00552,P0026,2026-08-31,3,3,6,2,6
ST006,V00553,P0026,2026-08-31,2,4,6,3,9
ST006,V00556,P0026,2026-08-31,2,2,4,2,6
ST006,V00561,P0026,2026-08-31,5,1,6,2,6
ST006,V00565,P0027,2026-08-31,6,2,8,3,9
ST006,V00567,P0027,2026-08-31,4,3,7,2,6
ST006,V00569,P0027,2026-08-31,5,1,6,4,12
ST006,V00571,P0027,2026-08-31,4,8,12,4,12
ST006,V00572,P0027,2026-08-31,4,6,10,2,6
ST006,V00574,P0027,2026-08-31,8,8,16,3,9
ST006,V00575,P0027,2026-08-31,6,4,10,2,6
ST006,V00576,P0027,2026-08-31,5,0,5,3,9
ST006,V00577,P0027,2026-08-31,3,8,11,3,9
ST006,V00578,P0027,2026-08-31,2,2,4,2,6
ST006,V00579,P0027,2026-08-31,9,2,11,2,6
ST006,V00580,P0027,2026-08-31,7,4,11,2,6
ST006,V00582,P0027,2026-08-31,12,11,23,4,12
ST006,V00583,P0028,2026-08-31,14,10,24,6,18
ST006,V00586,P0028,2026-08-31,6,6,12,2,6
ST006,V00587,P0028,2026-08-31,3,0,3,2,6
ST006,V00588,P0028,2026-08-31,3,2,5,2,6
ST006,V00589,P0028,2026-08-31,10,9,19,4,12
ST006,V00590,P0028,2026-08-31,2,2,4,3,9
ST006,V00592,P0028,2026-08-31,6,2,8,3,9
ST006,V00593,P0028,2026-08-31,5,2,7,2,6
ST006,V00594,P0028,2026-08-31,3,1,4,2,6
ST006,V00595,P0028,2026-08-31,2,0,2,2,6
ST006,V00596,P0028,2026-08-31,24,8,32,6,18
ST006,V00602,P0029,2026-08-31,1,4,5,2,6
ST006,V00603,P0029,2026-08-31,3,0,3,2,6
ST006,V00605,P0029,2026-08-31,7,4,11,2,6
ST006,V00606,P0029,2026-08-31,3,4,7,2,6
ST006,V00607,P0029,2026-08-31,7,9,16,3,9
ST006,V00608,P0029,2026-08-31,11,16,27,6,18
ST006,V00609,P0029,2026-08-31,5,3,8,3,9
ST006,V00611,P0029,2026-08-31,3,1,4,3,9
ST006,V00612,P0029,2026-08-31,5,0,5,2,6
ST006,V00613,P0029,2026-08-31,5,0,5,2,6
ST006,V00614,P0029,2026-08-31,8,4,12,6,18
ST006,V00616,P0029,2026-08-31,4,4,8,2,6
ST006,V00617,P0029,2026-08-31,9,0,9,4,12
ST006,V00620,P0030,2026-08-31,3,4,7,2,6
ST006,V00621,P0030,2026-08-31,6,10,16,3,9
ST006,V00624,P0030,2026-08-31,11,3,14,3,9
ST006,V00628,P0030,2026-08-31,6,1,7,3,9
ST006,V00629,P0030,2026-08-31,4,0,4,2,6
ST006,V00631,P0030,2026-08-31,5,7,12,4,12
ST006,V00632,P0030,2026-08-31,5,13,18,6,18
ST006,V00633,P0030,2026-08-31,3,6,9,2,6
ST006,V00634,P0030,2026-08-31,7,2,9,6,18
ST006,V00635,P0030,2026-08-31,0,2,2,2,6
ST006,V00641,P0031,2026-08-31,12,17,29,6,18
ST006,V00642,P0031,2026-08-31,8,4,12,3,9
ST006,V00643,P0031,2026-08-31,3,0,3,2,6
ST006,V00645,P0031,2026-08-31,4,5,9,2,6
ST006,V00646,P0031,2026-08-31,6,1,7,3,9
ST006,V00650,P0031,2026-08-31,9,0,9,4,12
ST006,V00655,P0032,2026-08-31,8,4,12,4,12
ST006,V00659,P0032,2026-08-31,5,1,6,2,6
ST006,V00661,P0032,2026-08-31,4,6,10,2,6
ST006,V00663,P0032,2026-08-31,4,6,10,2,6
ST006,V00667,P0032,2026-08-31,5,3,8,2,6
ST006,V00668,P0032,2026-08-31,6,7,13,3,9
ST006,V00669,P0032,2026-08-31,3,0,3,2,6
ST006,V00672,P0032,2026-08-31,5,4,9,2,6
ST006,V00674,P0033,2026-08-31,5,2,7,3,9
ST006,V00677,P0033,2026-08-31,2,2,4,2,6
ST006,V00678,P0033,2026-08-31,10,5,15,4,12
ST006,V00679,P0033,2026-08-31,3,6,9,4,12
ST006,V00680,P0033,2026-08-31,9,3,12,3,9
ST006,V00681,P0033,2026-08-31,5,7,12,3,9
ST006,V00683,P0033,2026-08-31,20,0,20,6,18
ST006,V00684,P0033,2026-08-31,1,7,8,2,6
ST006,V00685,P0033,2026-08-31,4,5,9,2,6
ST006,V00686,P0033,2026-08-31,0,7,7,3,9
ST006,V00688,P0033,2026-08-31,7,5,12,2,6
ST006,V00691,P0034,2026-08-31,3,1,4,2,6
ST006,V00693,P0034,2026-08-31,4,0,4,2,6
ST006,V00695,P0034,2026-08-31,7,0,7,4,12
ST006,V00699,P0034,2026-08-31,8,6,14,3,9
ST006,V00700,P0034,2026-08-31,3,2,5,2,6
ST006,V00701,P0034,2026-08-31,1,2,3,3,9
ST006,V00702,P0034,2026-08-31,1,0,1,2,6
ST006,V00706,P0034,2026-08-31,0,7,7,4,12
ST006,V00707,P0034,2026-08-31,7,8,15,3,9
ST006,V00708,P0034,2026-08-31,4,0,4,2,6
ST007,V00001,P0001,2026-08-31,6,7,13,2,6
ST007,V00003,P0001,2026-08-31,10,8,18,6,18
ST007,V00005,P0001,2026-08-31,6,3,9,2,6
ST007,V00006,P0001,2026-08-31,11,13,24,4,12
ST007,V00008,P0001,2026-08-31,3,1,4,2,6
ST007,V00009,P0001,2026-08-31,5,3,8,3,9
ST007,V00010,P0001,2026-08-31,22,0,22,6,18
ST007,V00012,P0001,2026-08-31,13,2,15,4,12
ST007,V00013,P0001,2026-08-31,0,5,5,4,12
ST007,V00015,P0001,2026-08-31,1,1,2,3,9
ST007,V00017,P0001,2026-08-31,4,8,12,4,12
ST007,V00018,P0001,2026-08-31,8,4,12,2,6
ST007,V00019,P0001,2026-08-31,10,18,28,6,18
ST007,V00020,P0001,2026-08-31,10,0,10,3,9
ST007,V00021,P0001,2026-08-31,6,2,8,2,6
ST007,V00022,P0001,2026-08-31,3,4,7,3,9
ST007,V00023,P0001,2026-08-31,4,14,18,6,18
ST007,V00024,P0001,2026-08-31,7,12,19,4,12
ST007,V00028,P0002,2026-08-31,5,8,13,3,9
ST007,V00032,P0002,2026-08-31,4,3,7,4,12
ST007,V00033,P0002,2026-08-31,10,0,10,4,12
ST007,V00034,P0002,2026-08-31,7,3,10,2,6
ST007,V00035,P0002,2026-08-31,7,2,9,4,12
ST007,V00038,P0002,2026-08-31,14,2,16,6,18
ST007,V00039,P0002,2026-08-31,5,1,6,2,6
ST007,V00040,P0002,2026-08-31,4,4,8,2,6
ST007,V00041,P0002,2026-08-31,10,0,10,4,12
ST007,V00043,P0002,2026-08-31,2,4,6,2,6
ST007,V00045,P0002,2026-08-31,2,1,3,2,6
ST007,V00047,P0002,2026-08-31,2,0,2,2,6
ST007,V00048,P0002,2026-08-31,6,2,8,2,6
ST007,V00049,P0003,2026-08-31,1,6,7,2,6
ST007,V00054,P0003,2026-08-31,8,4,12,3,9
ST007,V00055,P0003,2026-08-31,6,0,6,6,18
ST007,V00056,P0003,2026-08-31,8,0,8,6,18
ST007,V00064,P0003,2026-08-31,4,2,6,2,6
ST007,V00065,P0003,2026-08-31,8,11,19,4,12
ST007,V00067,P0003,2026-08-31,4,2,6,2,6
ST007,V00069,P0003,2026-08-31,6,4,10,3,9
ST007,V00070,P0003,2026-08-31,10,3,13,4,12
ST007,V00072,P0003,2026-08-31,1,1,2,2,6
ST007,V00073,P0004,2026-08-31,2,7,9,3,9
ST007,V00075,P0004,2026-08-31,10,11,21,4,12
ST007,V00077,P0004,2026-08-31,3,6,9,3,9
ST007,V00082,P0004,2026-08-31,11,1,12,4,12
ST007,V00083,P0004,2026-08-31,11,2,13,3,9
ST007,V00084,P0004,2026-08-31,3,4,7,2,6
ST007,V00085,P0004,2026-08-31,17,14,31,6,18
ST007,V00086,P0004,2026-08-31,4,0,4,2,6
ST007,V00087,P0004,2026-08-31,3,2,5,2,6
ST007,V00089,P0004,2026-08-31,5,5,10,3,9
ST007,V00090,P0004,2026-08-31,1,1,2,2,6
ST007,V00092,P0004,2026-08-31,6,6,12,2,6
ST007,V00094,P0004,2026-08-31,3,1,4,3,9
ST007,V00096,P0004,2026-08-31,5,7,12,2,6
ST007,V00097,P0005,2026-08-31,5,1,6,2,6
ST007,V00098,P0005,2026-08-31,8,8,16,4,12
ST007,V00100,P0005,2026-08-31,6,3,9,2,6
ST007,V00104,P0005,2026-08-31,13,1,14,4,12
ST007,V00107,P0005,2026-08-31,8,11,19,4,12
ST007,V00108,P0005,2026-08-31,8,0,8,4,12
ST007,V00109,P0005,2026-08-31,15,6,21,6,18
ST007,V00111,P0005,2026-08-31,8,6,14,3,9
ST007,V00114,P0005,2026-08-31,5,14,19,4,12
ST007,V00119,P0005,2026-08-31,10,6,16,3,9
ST007,V00120,P0005,2026-08-31,1,1,2,3,9
ST007,V00122,P0006,2026-08-31,4,4,8,2,6
ST007,V00123,P0006,2026-08-31,8,1,9,3,9
ST007,V00124,P0006,2026-08-31,4,6,10,2,6
ST007,V00128,P0006,2026-08-31,7,1,8,3,9
ST007,V00129,P0006,2026-08-31,5,3,8,6,18
ST007,V00130,P0006,2026-08-31,5,2,7,3,9
ST007,V00134,P0006,2026-08-31,6,4,10,2,6
ST007,V00135,P0006,2026-08-31,9,4,13,3,9
ST007,V00136,P0006,2026-08-31,5,9,14,4,12
ST007,V00143,P0006,2026-08-31,13,5,18,4,12
ST007,V00144,P0006,2026-08-31,3,1,4,2,6
ST007,V00145,P0007,2026-08-31,2,1,3,2,6
ST007,V00146,P0007,2026-08-31,7,5,12,3,9
ST007,V00147,P0007,2026-08-31,8,7,15,4,12
ST007,V00148,P0007,2026-08-31,3,4,7,2,6
ST007,V00149,P0007,2026-08-31,10,9,19,3,9
ST007,V00152,P0007,2026-08-31,2,5,7,4,12
ST007,V00153,P0007,2026-08-31,3,2,5,2,6
ST007,V00154,P0007,2026-08-31,5,0,5,2,6
ST007,V00155,P0007,2026-08-31,5,1,6,2,6
ST007,V00156,P0007,2026-08-31,4,4,8,2,6
ST007,V00157,P0007,2026-08-31,8,3,11,3,9
ST007,V00159,P0007,2026-08-31,6,4,10,2,6
ST007,V00161,P0007,2026-08-31,6,6,12,3,9
ST007,V00164,P0007,2026-08-31,24,7,31,6,18
ST007,V00166,P0007,2026-08-31,8,2,10,2,6
ST007,V00167,P0007,2026-08-31,2,5,7,2,6
ST007,V00168,P0007,2026-08-31,14,10,24,6,18
ST007,V00170,P0008,2026-08-31,2,0,2,2,6
ST007,V00175,P0008,2026-08-31,5,6,11,4,12
ST007,V00177,P0008,2026-08-31,13,16,29,6,18
ST007,V00178,P0008,2026-08-31,6,8,14,4,12
ST007,V00180,P0008,2026-08-31,11,5,16,4,12
ST007,V00184,P0008,2026-08-31,4,0,4,2,6
ST007,V00188,P0008,2026-08-31,7,8,15,3,9
ST007,V00192,P0008,2026-08-31,5,5,10,2,6
ST007,V00194,P0009,2026-08-31,2,2,4,2,6
ST007,V00197,P0009,2026-08-31,7,3,10,3,9
ST007,V00200,P0009,2026-08-31,10,3,13,3,9
ST007,V00202,P0009,2026-08-31,4,5,9,2,6
ST007,V00203,P0009,2026-08-31,2,0,2,2,6
ST007,V00205,P0009,2026-08-31,2,5,7,2,6
ST007,V00208,P0009,2026-08-31,4,1,5,2,6
ST007,V00209,P0009,2026-08-31,3,2,5,4,12
ST007,V00210,P0009,2026-08-31,8,7,15,4,12
ST007,V00212,P0009,2026-08-31,5,1,6,2,6
ST007,V00213,P0009,2026-08-31,8,9,17,3,9
ST007,V00215,P0009,2026-08-31,8,7,15,6,18
ST007,V00217,P0010,2026-08-31,5,1,6,2,6
ST007,V00218,P0010,2026-08-31,1,5,6,2,6
ST007,V00221,P0010,2026-08-31,7,0,7,4,12
ST007,V00222,P0010,2026-08-31,9,8,17,4,12
ST007,V00224,P0010,2026-08-31,3,1,4,2,6
ST007,V00226,P0010,2026-08-31,10,2,12,4,12
ST007,V00227,P0010,2026-08-31,7,0,7,4,12
ST007,V00228,P0010,2026-08-31,2,2,4,3,9
ST007,V00229,P0010,2026-08-31,4,2,6,2,6
ST007,V00230,P0010,2026-08-31,5,6,11,3,9
ST007,V00231,P0010,2026-08-31,2,6,8,2,6
ST007,V00232,P0010,2026-08-31,4,5,9,3,9
ST007,V00234,P0010,2026-08-31,4,4,8,2,6
ST007,V00235,P0010,2026-08-31,4,2,6,2,6
ST007,V00237,P0010,2026-08-31,8,4,12,3,9
ST007,V00238,P0010,2026-08-31,3,1,4,3,9
ST007,V00239,P0010,2026-08-31,0,6,6,2,6
ST007,V00245,P0011,2026-08-31,4,0,4,2,6
ST007,V00246,P0011,2026-08-31,1,3,4,2,6
ST007,V00247,P0011,2026-08-31,4,2,6,2,6
ST007,V00248,P0011,2026-08-31,10,6,16,4,12
ST007,V00251,P0011,2026-08-31,8,3,11,2,6
ST007,V00252,P0011,2026-08-31,0,1,1,2,6
ST007,V00255,P0011,2026-08-31,2,7,9,3,9
ST007,V00256,P0011,2026-08-31,3,6,9,2,6
ST007,V00258,P0011,2026-08-31,4,7,11,3,9
ST007,V00259,P0011,2026-08-31,6,9,15,3,9
ST007,V00261,P0011,2026-08-31,7,1,8,3,9
ST007,V00263,P0011,2026-08-31,12,0,12,4,12
ST007,V00264,P0011,2026-08-31,5,5,10,2,6
ST007,V00265,P0012,2026-08-31,4,0,4,2,6
ST007,V00267,P0012,2026-08-31,12,2,14,3,9
ST007,V00268,P0012,2026-08-31,5,19,24,6,18
ST007,V00270,P0012,2026-08-31,3,14,17,4,12
ST007,V00272,P0012,2026-08-31,8,10,18,4,12
ST007,V00273,P0012,2026-08-31,11,12,23,4,12
ST007,V00274,P0012,2026-08-31,4,3,7,2,6
ST007,V00278,P0012,2026-08-31,3,0,3,2,6
ST007,V00280,P0012,2026-08-31,11,9,20,3,9
ST007,V00281,P0012,2026-08-31,4,4,8,2,6
ST007,V00284,P0012,2026-08-31,2,4,6,2,6
ST007,V00285,P0012,2026-08-31,5,0,5,2,6
ST007,V00287,P0012,2026-08-31,5,1,6,3,9
ST007,V00289,P0013,2026-08-31,3,3,6,2,6
ST007,V00290,P0013,2026-08-31,2,0,2,2,6
ST007,V00291,P0013,2026-08-31,9,3,12,4,12
ST007,V00292,P0013,2026-08-31,2,3,5,2,6
ST007,V00293,P0013,2026-08-31,10,5,15,4,12
ST007,V00296,P0013,2026-08-31,5,1,6,2,6
ST007,V00297,P0013,2026-08-31,6,0,6,4,12
ST007,V00300,P0013,2026-08-31,9,11,20,4,12
ST007,V00301,P0013,2026-08-31,12,5,17,6,18
ST007,V00302,P0013,2026-08-31,4,1,5,2,6
ST007,V00304,P0013,2026-08-31,12,3,15,4,12
ST007,V00306,P0013,2026-08-31,10,13,23,4,12
ST007,V00307,P0013,2026-08-31,2,1,3,2,6
ST007,V00308,P0013,2026-08-31,5,5,10,3,9
ST007,V00309,P0013,2026-08-31,3,12,15,4,12
ST007,V00310,P0013,2026-08-31,1,2,3,4,12
ST007,V00311,P0013,2026-08-31,8,10,18,6,18
ST007,V00314,P0014,2026-08-31,3,3,6,3,9
ST007,V00315,P0014,2026-08-31,4,9,13,3,9
ST007,V00316,P0014,2026-08-31,2,4,6,3,9
ST007,V00318,P0014,2026-08-31,5,8,13,3,9
ST007,V00319,P0014,2026-08-31,6,0,6,3,9
ST007,V00323,P0014,2026-08-31,9,1,10,3,9
ST007,V00325,P0014,2026-08-31,7,2,9,4,12
ST007,V00326,P0014,2026-08-31,4,7,11,2,6
ST007,V00327,P0014,2026-08-31,14,0,14,6,18
ST007,V00328,P0014,2026-08-31,3,4,7,2,6
ST007,V00331,P0014,2026-08-31,4,5,9,3,9
ST007,V00332,P0014,2026-08-31,14,2,16,3,9
ST007,V00334,P0014,2026-08-31,6,4,10,2,6
ST007,V00336,P0014,2026-08-31,4,0,4,4,12
ST007,V00339,P0015,2026-08-31,8,5,13,6,18
ST007,V00340,P0015,2026-08-31,7,4,11,3,9
ST007,V00341,P0015,2026-08-31,10,4,14,3,9
ST007,V00342,P0015,2026-08-31,5,8,13,3,9
ST007,V00343,P0015,2026-08-31,8,8,16,3,9
ST007,V00344,P0015,2026-08-31,8,1,9,4,12
ST007,V00345,P0015,2026-08-31,8,2,10,2,6
ST007,V00347,P0015,2026-08-31,3,7,10,4,12
ST007,V00348,P0015,2026-08-31,6,6,12,4,12
ST007,V00350,P0015,2026-08-31,14,0,14,4,12
ST007,V00352,P0015,2026-08-31,4,2,6,2,6
ST007,V00354,P0015,2026-08-31,13,10,23,3,9
ST007,V00358,P0015,2026-08-31,1,4,5,2,6
ST007,V00359,P0015,2026-08-31,6,4,10,4,12
ST007,V00360,P0015,2026-08-31,3,5,8,2,6
ST007,V00362,P0016,2026-08-31,1,0,1,2,6
ST007,V00367,P0016,2026-08-31,2,6,8,2,6
ST007,V00369,P0016,2026-08-31,5,6,11,2,6
ST007,V00373,P0016,2026-08-31,1,6,7,3,9
ST007,V00376,P0016,2026-08-31,5,0,5,2,6
ST007,V00377,P0016,2026-08-31,5,5,10,2,6
ST007,V00382,P0016,2026-08-31,2,2,4,2,6
ST007,V00384,P0016,2026-08-31,3,4,7,2,6
ST007,V00386,P0017,2026-08-31,8,0,8,2,6
ST007,V00388,P0017,2026-08-31,3,5,8,2,6
ST007,V00389,P0017,2026-08-31,12,9,21,6,18
ST007,V00391,P0017,2026-08-31,8,6,14,4,12
ST007,V00395,P0017,2026-08-31,8,4,12,3,9
ST007,V00397,P0017,2026-08-31,2,4,6,2,6
ST007,V00399,P0017,2026-08-31,6,5,11,2,6
ST007,V00402,P0017,2026-08-31,12,5,17,4,12
ST007,V00407,P0018,2026-08-31,0,1,1,3,9
ST007,V00408,P0018,2026-08-31,8,5,13,3,9
ST007,V00409,P0018,2026-08-31,4,8,12,3,9
ST007,V00412,P0018,2026-08-31,5,5,10,3,9
ST007,V00413,P0018,2026-08-31,19,13,32,6,18
ST007,V00414,P0018,2026-08-31,5,1,6,3,9
ST007,V00415,P0018,2026-08-31,6,1,7,3,9
ST007,V00416,P0018,2026-08-31,7,10,17,3,9
ST007,V00418,P0018,2026-08-31,5,3,8,2,6
ST007,V00419,P0018,2026-08-31,4,2,6,2,6
ST007,V00424,P0019,2026-08-31,5,4,9,2,6
ST007,V00425,P0019,2026-08-31,9,5,14,3,9
ST007,V00428,P0019,2026-08-31,2,2,4,2,6
ST007,V00429,P0019,2026-08-31,10,11,21,4,12
ST007,V00430,P0019,2026-08-31,0,2,2,2,6
ST007,V00431,P0019,2026-08-31,4,2,6,2,6
ST007,V00432,P0019,2026-08-31,15,6,21,6,18
ST007,V00433,P0019,2026-08-31,6,5,11,3,9
ST007,V00434,P0019,2026-08-31,11,8,19,6,18
ST007,V00435,P0019,2026-08-31,5,9,14,3,9
ST007,V00436,P0019,2026-08-31,4,8,12,3,9
ST007,V00437,P0019,2026-08-31,14,0,14,6,18
ST007,V00438,P0019,2026-08-31,4,1,5,2,6
ST007,V00439,P0020,2026-08-31,2,4,6,4,12
ST007,V00441,P0020,2026-08-31,6,3,9,4,12
ST007,V00442,P0020,2026-08-31,1,8,9,3,9
ST007,V00443,P0020,2026-08-31,19,10,29,6,18
ST007,V00447,P0020,2026-08-31,3,0,3,2,6
ST007,V00448,P0020,2026-08-31,2,2,4,2,6
ST007,V00450,P0020,2026-08-31,0,2,2,2,6
ST007,V00452,P0020,2026-08-31,6,8,14,4,12
ST007,V00454,P0020,2026-08-31,4,5,9,3,9
ST007,V00455,P0020,2026-08-31,7,3,10,3,9
ST007,V00457,P0021,2026-08-31,9,0,9,4,12
ST007,V00458,P0021,2026-08-31,3,7,10,2,6
ST007,V00464,P0021,2026-08-31,7,3,10,3,9
ST007,V00465,P0021,2026-08-31,4,5,9,2,6
ST007,V00467,P0021,2026-08-31,5,0,5,2,6
ST007,V00470,P0021,2026-08-31,8,5,13,3,9
ST007,V00471,P0021,2026-08-31,7,10,17,3,9
ST007,V00475,P0022,2026-08-31,4,1,5,2,6
ST007,V00476,P0022,2026-08-31,8,4,12,3,9
ST007,V00477,P0022,2026-08-31,2,2,4,2,6
ST007,V00478,P0022,2026-08-31,11,0,11,3,9
ST007,V00480,P0022,2026-08-31,4,3,7,2,6
ST007,V00482,P0022,2026-08-31,6,6,12,3,9
ST007,V00484,P0022,2026-08-31,2,3,5,2,6
ST007,V00485,P0022,2026-08-31,2,4,6,2,6
ST007,V00487,P0022,2026-08-31,6,4,10,2,6
ST007,V00492,P0022,2026-08-31,9,9,18,4,12
ST007,V00493,P0023,2026-08-31,2,2,4,2,6
ST007,V00494,P0023,2026-08-31,4,4,8,2,6
ST007,V00495,P0023,2026-08-31,3,0,3,2,6
ST007,V00496,P0023,2026-08-31,6,1,7,2,6
ST007,V00498,P0023,2026-08-31,12,13,25,6,18
ST007,V00499,P0023,2026-08-31,2,10,12,3,9
ST007,V00500,P0023,2026-08-31,7,7,14,3,9
ST007,V00502,P0023,2026-08-31,2,4,6,4,12
ST007,V00505,P0023,2026-08-31,3,1,4,3,9
ST007,V00508,P0023,2026-08-31,5,2,7,2,6
ST007,V00512,P0024,2026-08-31,8,5,13,3,9
ST007,V00513,P0024,2026-08-31,8,9,17,3,9
ST007,V00517,P0024,2026-08-31,5,2,7,3,9
ST007,V00521,P0024,2026-08-31,3,4,7,2,6
ST007,V00522,P0024,2026-08-31,7,4,11,3,9
ST007,V00523,P0024,2026-08-31,7,8,15,3,9
ST007,V00526,P0024,2026-08-31,5,1,6,4,12
ST007,V00528,P0024,2026-08-31,2,6,8,3,9
ST007,V00530,P0025,2026-08-31,12,5,17,6,18
ST007,V00531,P0025,2026-08-31,8,0,8,3,9
ST007,V00532,P0025,2026-08-31,5,0,5,2,6
ST007,V00533,P0025,2026-08-31,9,7,16,6,18
ST007,V00534,P0025,2026-08-31,5,0,5,2,6
ST007,V00537,P0025,2026-08-31,14,11,25,6,18
ST007,V00538,P0025,2026-08-31,2,3,5,2,6
ST007,V00539,P0025,2026-08-31,5,2,7,3,9
ST007,V00540,P0025,2026-08-31,4,0,4,3,9
ST007,V00543,P0025,2026-08-31,4,2,6,2,6
ST007,V00544,P0025,2026-08-31,9,14,23,6,18
ST007,V00546,P0025,2026-08-31,8,0,8,3,9
ST007,V00547,P0026,2026-08-31,8,0,8,3,9
ST007,V00548,P0026,2026-08-31,7,4,11,2,6
ST007,V00550,P0026,2026-08-31,3,5,8,2,6
ST007,V00552,P0026,2026-08-31,5,2,7,2,6
ST007,V00555,P0026,2026-08-31,10,2,12,3,9
ST007,V00556,P0026,2026-08-31,5,0,5,2,6
ST007,V00557,P0026,2026-08-31,6,9,15,3,9
ST007,V00558,P0026,2026-08-31,8,3,11,4,12
ST007,V00561,P0026,2026-08-31,2,1,3,2,6
ST007,V00563,P0026,2026-08-31,8,9,17,3,9
ST007,V00564,P0026,2026-08-31,3,6,9,4,12
ST007,V00567,P0027,2026-08-31,6,14,20,6,18
ST007,V00572,P0027,2026-08-31,8,5,13,3,9
ST007,V00573,P0027,2026-08-31,4,4,8,2,6
ST007,V00574,P0027,2026-08-31,1,0,1,2,6
ST007,V00575,P0027,2026-08-31,1,6,7,4,12
ST007,V00579,P0027,2026-08-31,4,1,5,2,6
ST007,V00582,P0027,2026-08-31,4,6,10,2,6
ST007,V00583,P0028,2026-08-31,0,3,3,2,6
ST007,V00585,P0028,2026-08-31,7,4,11,4,12
ST007,V00586,P0028,2026-08-31,5,4,9,2,6
ST007,V00587,P0028,2026-08-31,1,2,3,2,6
ST007,V00591,P0028,2026-08-31,3,0,3,6,18
ST007,V00593,P0028,2026-08-31,5,1,6,2,6
ST007,V00594,P0028,2026-08-31,1,4,5,4,12
ST007,V00597,P0028,2026-08-31,2,1,3,2,6
ST007,V00599,P0028,2026-08-31,3,4,7,2,6
ST007,V00600,P0028,2026-08-31,2,3,5,2,6
ST007,V00601,P0029,2026-08-31,5,0,5,3,9
ST007,V00604,P0029,2026-08-31,10,0,10,4,12
ST007,V00607,P0029,2026-08-31,8,3,11,3,9
ST007,V00608,P0029,2026-08-31,9,4,13,4,12
ST007,V00609,P0029,2026-08-31,14,19,33,6,18
ST007,V00611,P0029,2026-08-31,10,16,26,4,12
ST007,V00613,P0029,2026-08-31,5,0,5,2,6
ST007,V00617,P0029,2026-08-31,8,7,15,3,9
ST007,V00620,P0030,2026-08-31,1,5,6,2,6
ST007,V00622,P0030,2026-08-31,1,5,6,2,6
ST007,V00623,P0030,2026-08-31,10,1,11,4,12
ST007,V00626,P0030,2026-08-31,9,2,11,4,12
ST007,V00627,P0030,2026-08-31,18,6,24,6,18
ST007,V00630,P0030,2026-08-31,6,3,9,2,6
ST007,V00634,P0030,2026-08-31,3,7,10,2,6
ST007,V00636,P0030,2026-08-31,7,4,11,2,6
ST007,V00637,P0031,2026-08-31,7,2,9,3,9
ST007,V00638,P0031,2026-08-31,5,0,5,2,6
ST007,V00640,P0031,2026-08-31,10,0,10,3,9
ST007,V00641,P0031,2026-08-31,7,0,7,3,9
ST007,V00643,P0031,2026-08-31,18,14,32,6,18
ST007,V00647,P0031,2026-08-31,7,2,9,3,9
ST007,V00648,P0031,2026-08-31,6,4,10,2,6
ST007,V00649,P0031,2026-08-31,3,6,9,2,6
ST007,V00650,P0031,2026-08-31,7,18,25,6,18
ST007,V00653,P0031,2026-08-31,0,3,3,2,6
ST007,V00654,P0031,2026-08-31,5,3,8,3,9
ST007,V00656,P0032,2026-08-31,5,0,5,2,6
ST007,V00657,P0032,2026-08-31,11,7,18,4,12
ST007,V00659,P0032,2026-08-31,6,6,12,2,6
ST007,V00661,P0032,2026-08-31,6,3,9,3,9
ST007,V00662,P0032,2026-08-31,1,4,5,2,6
ST007,V00663,P0032,2026-08-31,8,2,10,2,6
ST007,V00667,P0032,2026-08-31,4,5,9,2,6
ST007,V00670,P0032,2026-08-31,2,2,4,2,6
ST007,V00671,P0032,2026-08-31,5,2,7,3,9
ST007,V00681,P0033,2026-08-31,0,11,11,4,12
ST007,V00685,P0033,2026-08-31,2,5,7,2,6
ST007,V00690,P0033,2026-08-31,2,3,5,2,6
ST007,V00692,P0034,2026-08-31,4,6,10,3,9
ST007,V00694,P0034,2026-08-31,3,0,3,3,9
ST007,V00695,P0034,2026-08-31,4,3,7,3,9
ST007,V00697,P0034,2026-08-31,1,0,1,2,6
ST007,V00698,P0034,2026-08-31,2,5,7,2,6
ST007,V00700,P0034,2026-08-31,10,5,15,6,18
ST007,V00701,P0034,2026-08-31,5,4,9,2,6
ST007,V00702,P0034,2026-08-31,6,6,12,4,12
ST007,V00704,P0034,2026-08-31,5,4,9,2,6
ST007,V00706,P0034,2026-08-31,4,4,8,2,6
ST007,V00708,P0034,2026-08-31,7,3,10,4,12
ST008,V00001,P0001,2026-08-31,6,0,6,2,6
ST008,V00006,P0001,2026-08-31,5,3,8,2,6
ST008,V00009,P0001,2026-08-31,6,13,19,3,9
ST008,V00011,P0001,2026-08-31,10,0,10,3,9
ST008,V00012,P0001,2026-08-31,8,9,17,4,12
ST008,V00013,P0001,2026-08-31,1,0,1,3,9
ST008,V00014,P0001,2026-08-31,6,5,11,2,6
ST008,V00018,P0001,2026-08-31,1,2,3,2,6
ST008,V00019,P0001,2026-08-31,23,7,30,6,18
ST008,V00023,P0001,2026-08-31,10,0,10,6,18
ST008,V00024,P0001,2026-08-31,4,4,8,2,6
ST008,V00025,P0002,2026-08-31,5,0,5,2,6
ST008,V00028,P0002,2026-08-31,3,5,8,3,9
ST008,V00029,P0002,2026-08-31,8,11,19,4,12
ST008,V00030,P0002,2026-08-31,9,3,12,3,9
ST008,V00031,P0002,2026-08-31,9,8,17,6,18
ST008,V00032,P0002,2026-08-31,3,12,15,6,18
ST008,V00034,P0002,2026-08-31,11,1,12,4,12
ST008,V00035,P0002,2026-08-31,2,6,8,4,12
ST008,V00036,P0002,2026-08-31,9,0,9,4,12
ST008,V00037,P0002,2026-08-31,1,5,6,3,9
ST008,V00040,P0002,2026-08-31,4,12,16,3,9
ST008,V00041,P0002,2026-08-31,3,4,7,2,6
ST008,V00042,P0002,2026-08-31,2,1,3,2,6
ST008,V00043,P0002,2026-08-31,6,2,8,3,9
ST008,V00048,P0002,2026-08-31,2,0,2,3,9
ST008,V00054,P0003,2026-08-31,7,5,12,2,6
ST008,V00056,P0003,2026-08-31,4,1,5,2,6
ST008,V00058,P0003,2026-08-31,5,2,7,2,6
ST008,V00060,P0003,2026-08-31,3,0,3,3,9
ST008,V00061,P0003,2026-08-31,10,6,16,4,12
ST008,V00062,P0003,2026-08-31,4,1,5,2,6
ST008,V00063,P0003,2026-08-31,11,8,19,3,9
ST008,V00064,P0003,2026-08-31,14,0,14,4,12
ST008,V00067,P0003,2026-08-31,11,6,17,4,12
ST008,V00070,P0003,2026-08-31,10,12,22,4,12
ST008,V00071,P0003,2026-08-31,6,3,9,2,6
ST008,V00072,P0003,2026-08-31,7,3,10,2,6
ST008,V00073,P0004,2026-08-31,6,0,6,2,6
ST008,V00076,P0004,2026-08-31,14,14,28,6,18
ST008,V00077,P0004,2026-08-31,5,2,7,2,6
ST008,V00078,P0004,2026-08-31,0,6,6,2,6
ST008,V00081,P0004,2026-08-31,4,11,15,3,9
ST008,V00085,P0004,2026-08-31,5,0,5,2,6
ST008,V00086,P0004,2026-08-31,7,6,13,4,12
ST008,V00090,P0004,2026-08-31,3,1,4,4,12
ST008,V00091,P0004,2026-08-31,8,6,14,4,12
ST008,V00094,P0004,2026-08-31,4,0,4,3,9
ST008,V00096,P0004,2026-08-31,9,11,20,6,18
ST008,V00097,P0005,2026-08-31,17,0,17,6,18
ST008,V00099,P0005,2026-08-31,2,2,4,2,6
ST008,V00100,P0005,2026-08-31,10,10,20,4,12
ST008,V00101,P0005,2026-08-31,5,5,10,3,9
ST008,V00103,P0005,2026-08-31,5,3,8,3,9
ST008,V00104,P0005,2026-08-31,2,7,9,6,18
ST008,V00106,P0005,2026-08-31,6,3,9,2,6
ST008,V00108,P0005,2026-08-31,3,4,7,2,6
ST008,V00109,P0005,2026-08-31,4,0,4,3,9
ST008,V00110,P0005,2026-08-31,5,0,5,2,6
ST008,V00112,P0005,2026-08-31,6,0,6,2,6
ST008,V00116,P0005,2026-08-31,3,2,5,3,9
ST008,V00118,P0005,2026-08-31,2,2,4,2,6
ST008,V00121,P0006,2026-08-31,6,1,7,2,6
ST008,V00123,P0006,2026-08-31,3,5,8,2,6
ST008,V00124,P0006,2026-08-31,8,10,18,3,9
ST008,V00125,P0006,2026-08-31,22,10,32,6,18
ST008,V00129,P0006,2026-08-31,3,0,3,2,6
ST008,V00132,P0006,2026-08-31,3,6,9,2,6
ST008,V00136,P0006,2026-08-31,3,0,3,2,6
ST008,V00141,P0006,2026-08-31,8,11,19,4,12
ST008,V00142,P0006,2026-08-31,7,5,12,4,12
ST008,V00143,P0006,2026-08-31,8,0,8,6,18
ST008,V00145,P0007,2026-08-31,2,3,5,2,6
ST008,V00147,P0007,2026-08-31,10,10,20,4,12
ST008,V00148,P0007,2026-08-31,12,0,12,6,18
ST008,V00150,P0007,2026-08-31,6,3,9,2,6
ST008,V00151,P0007,2026-08-31,3,4,7,2,6
ST008,V00152,P0007,2026-08-31,3,0,3,2,6
ST008,V00154,P0007,2026-08-31,5,3,8,2,6
ST008,V00155,P0007,2026-08-31,2,0,2,2,6
ST008,V00160,P0007,2026-08-31,4,4,8,2,6
ST008,V00162,P0007,2026-08-31,4,7,11,2,6
ST008,V00167,P0007,2026-08-31,2,7,9,2,6
ST008,V00172,P0008,2026-08-31,5,3,8,2,6
ST008,V00173,P0008,2026-08-31,7,7,14,3,9
ST008,V00174,P0008,2026-08-31,6,6,12,3,9
ST008,V00175,P0008,2026-08-31,4,8,12,2,6
ST008,V00176,P0008,2026-08-31,4,3,7,2,6
ST008,V00180,P0008,2026-08-31,3,0,3,2,6
ST008,V00182,P0008,2026-08-31,11,12,23,4,12
ST008,V00185,P0008,2026-08-31,8,1,9,3,9
ST008,V00188,P0008,2026-08-31,11,7,18,4,12
ST008,V00189,P0008,2026-08-31,3,1,4,2,6
ST008,V00190,P0008,2026-08-31,12,6,18,6,18
ST008,V00193,P0009,2026-08-31,6,2,8,4,12
ST008,V00194,P0009,2026-08-31,5,3,8,3,9
ST008,V00195,P0009,2026-08-31,8,8,16,3,9
ST008,V00196,P0009,2026-08-31,4,6,10,2,6
ST008,V00197,P0009,2026-08-31,4,1,5,2,6
ST008,V00199,P0009,2026-08-31,21,8,29,6,18
ST008,V00201,P0009,2026-08-31,8,2,10,6,18
ST008,V00203,P0009,2026-08-31,8,2,10,3,9
ST008,V00205,P0009,2026-08-31,1,2,3,2,6
ST008,V00208,P0009,2026-08-31,6,0,6,3,9
ST008,V00209,P0009,2026-08-31,2,6,8,3,9
ST008,V00210,P0009,2026-08-31,4,4,8,3,9
ST008,V00212,P0009,2026-08-31,6,6,12,3,9
ST008,V00215,P0009,2026-08-31,8,5,13,6,18
ST008,V00216,P0009,2026-08-31,7,2,9,3,9
ST008,V00217,P0010,2026-08-31,12,14,26,6,18
ST008,V00219,P0010,2026-08-31,11,7,18,3,9
ST008,V00221,P0010,2026-08-31,3,3,6,2,6
ST008,V00222,P0010,2026-08-31,4,4,8,3,9
ST008,V00223,P0010,2026-08-31,3,4,7,2,6
ST008,V00224,P0010,2026-08-31,9,3,12,2,6
ST008,V00226,P0010,2026-08-31,4,4,8,2,6
ST008,V00228,P0010,2026-08-31,5,9,14,4,12
ST008,V00229,P0010,2026-08-31,7,1,8,2,6
ST008,V00232,P0010,2026-08-31,2,4,6,2,6
ST008,V00233,P0010,2026-08-31,4,4,8,2,6
ST008,V00234,P0010,2026-08-31,3,2,5,3,9
ST008,V00235,P0010,2026-08-31,0,3,3,2,6
ST008,V00236,P0010,2026-08-31,4,5,9,3,9
ST008,V00237,P0010,2026-08-31,6,0,6,3,9
ST008,V00238,P0010,2026-08-31,4,3,7,2,6
ST008,V00239,P0010,2026-08-31,6,5,11,2,6
ST008,V00241,P0011,2026-08-31,15,12,27,4,12
ST008,V00242,P0011,2026-08-31,3,11,14,3,9
ST008,V00243,P0011,2026-08-31,0,5,5,3,9
ST008,V00245,P0011,2026-08-31,16,12,28,6,18
ST008,V00246,P0011,2026-08-31,4,3,7,3,9
ST008,V00247,P0011,2026-08-31,13,12,25,4,12
ST008,V00248,P0011,2026-08-31,3,4,7,2,6
ST008,V00249,P0011,2026-08-31,8,0,8,3,9
ST008,V00250,P0011,2026-08-31,6,3,9,3,9
ST008,V00251,P0011,2026-08-31,3,6,9,3,9
ST008,V00252,P0011,2026-08-31,4,6,10,3,9
ST008,V00253,P0011,2026-08-31,6,7,13,3,9
ST008,V00254,P0011,2026-08-31,7,5,12,4,12
ST008,V00255,P0011,2026-08-31,19,21,40,6,18
ST008,V00256,P0011,2026-08-31,10,7,17,4,12
ST008,V00257,P0011,2026-08-31,3,1,4,2,6
ST008,V00258,P0011,2026-08-31,9,5,14,3,9
ST008,V00261,P0011,2026-08-31,4,5,9,4,12
ST008,V00262,P0011,2026-08-31,3,4,7,2,6
ST008,V00263,P0011,2026-08-31,4,3,7,3,9
ST008,V00264,P0011,2026-08-31,4,3,7,2,6
ST008,V00265,P0012,2026-08-31,10,7,17,3,9
ST008,V00266,P0012,2026-08-31,3,4,7,2,6
ST008,V00267,P0012,2026-08-31,6,7,13,3,9
ST008,V00268,P0012,2026-08-31,4,3,7,3,9
ST008,V00270,P0012,2026-08-31,3,3,6,3,9
ST008,V00271,P0012,2026-08-31,2,5,7,3,9
ST008,V00272,P0012,2026-08-31,7,8,15,3,9
ST008,V00273,P0012,2026-08-31,3,1,4,2,6
ST008,V00274,P0012,2026-08-31,4,0,4,2,6
ST008,V00275,P0012,2026-08-31,8,2,10,2,6
ST008,V00276,P0012,2026-08-31,5,4,9,2,6
ST008,V00277,P0012,2026-08-31,6,4,10,3,9
ST008,V00278,P0012,2026-08-31,9,2,11,3,9
ST008,V00280,P0012,2026-08-31,6,1,7,2,6
ST008,V00283,P0012,2026-08-31,6,0,6,3,9
ST008,V00284,P0012,2026-08-31,5,3,8,2,6
ST008,V00285,P0012,2026-08-31,5,4,9,2,6
ST008,V00288,P0012,2026-08-31,4,3,7,2,6
ST008,V00291,P0013,2026-08-31,12,0,12,4,12
ST008,V00295,P0013,2026-08-31,9,10,19,3,9
ST008,V00299,P0013,2026-08-31,0,7,7,3,9
ST008,V00302,P0013,2026-08-31,5,0,5,2,6
ST008,V00303,P0013,2026-08-31,2,17,19,4,12
ST008,V00304,P0013,2026-08-31,7,5,12,3,9
ST008,V00306,P0013,2026-08-31,5,1,6,3,9
ST008,V00307,P0013,2026-08-31,1,0,1,2,6
ST008,V00312,P0013,2026-08-31,5,7,12,4,12
ST008,V00314,P0014,2026-08-31,11,0,11,4,12
ST008,V00316,P0014,2026-08-31,2,3,5,2,6
ST008,V00318,P0014,2026-08-31,4,3,7,3,9
ST008,V00321,P0014,2026-08-31,9,7,16,3,9
ST008,V00322,P0014,2026-08-31,4,5,9,2,6
ST008,V00323,P0014,2026-08-31,2,2,4,2,6
ST008,V00325,P0014,2026-08-31,2,1,3,2,6
ST008,V00326,P0014,2026-08-31,2,1,3,2,6
ST008,V00327,P0014,2026-08-31,3,6,9,3,9
ST008,V00329,P0014,2026-08-31,2,6,8,3,9
ST008,V00330,P0014,2026-08-31,4,5,9,2,6
ST008,V00331,P0014,2026-08-31,1,8,9,2,6
ST008,V00332,P0014,2026-08-31,1,7,8,3,9
ST008,V00334,P0014,2026-08-31,12,8,20,4,12
ST008,V00337,P0015,2026-08-31,5,1,6,3,9
ST008,V00338,P0015,2026-08-31,1,2,3,2,6
ST008,V00339,P0015,2026-08-31,7,6,13,6,18
ST008,V00341,P0015,2026-08-31,2,5,7,2,6
ST008,V00343,P0015,2026-08-31,22,2,24,6,18
ST008,V00344,P0015,2026-08-31,7,4,11,4,12
ST008,V00345,P0015,2026-08-31,9,5,14,3,9
ST008,V00346,P0015,2026-08-31,11,5,16,4,12
ST008,V00348,P0015,2026-08-31,6,5,11,2,6
ST008,V00349,P0015,2026-08-31,3,0,3,2,6
ST008,V00350,P0015,2026-08-31,0,2,2,2,6
ST008,V00352,P0015,2026-08-31,5,10,15,4,12
ST008,V00353,P0015,2026-08-31,6,4,10,2,6
ST008,V00359,P0015,2026-08-31,8,5,13,3,9
ST008,V00361,P0016,2026-08-31,4,2,6,2,6
ST008,V00364,P0016,2026-08-31,2,8,10,3,9
ST008,V00367,P0016,2026-08-31,6,3,9,2,6
ST008,V00370,P0016,2026-08-31,3,3,6,2,6
ST008,V00372,P0016,2026-08-31,9,7,16,3,9
ST008,V00373,P0016,2026-08-31,5,8,13,4,12
ST008,V00374,P0016,2026-08-31,8,0,8,2,6
ST008,V00378,P0016,2026-08-31,1,4,5,3,9
ST008,V00379,P0016,2026-08-31,5,10,15,3,9
ST008,V00383,P0016,2026-08-31,8,18,26,6,18
ST008,V00386,P0017,2026-08-31,7,1,8,3,9
ST008,V00388,P0017,2026-08-31,4,1,5,3,9
ST008,V00389,P0017,2026-08-31,3,6,9,4,12
ST008,V00390,P0017,2026-08-31,9,6,15,6,18
ST008,V00391,P0017,2026-08-31,11,11,22,4,12
ST008,V00393,P0017,2026-08-31,2,4,6,3,9
ST008,V00397,P0017,2026-08-31,9,2,11,3,9
ST008,V00399,P0017,2026-08-31,1,1,2,2,6
ST008,V00400,P0017,2026-08-31,5,4,9,2,6
ST008,V00401,P0017,2026-08-31,6,12,18,6,18
ST008,V00402,P0017,2026-08-31,10,1,11,3,9
ST008,V00403,P0018,2026-08-31,6,2,8,3,9
ST008,V00404,P0018,2026-08-31,4,4,8,3,9
ST008,V00406,P0018,2026-08-31,7,1,8,3,9
ST008,V00407,P0018,2026-08-31,5,6,11,3,9
ST008,V00409,P0018,2026-08-31,3,2,5,2,6
ST008,V00410,P0018,2026-08-31,2,5,7,2,6
ST008,V00411,P0018,2026-08-31,4,5,9,2,6
ST008,V00412,P0018,2026-08-31,4,8,12,3,9
ST008,V00417,P0018,2026-08-31,16,1,17,6,18
ST008,V00418,P0018,2026-08-31,9,14,23,3,9
ST008,V00420,P0018,2026-08-31,3,5,8,2,6
ST008,V00424,P0019,2026-08-31,1,3,4,2,6
ST008,V00426,P0019,2026-08-31,13,8,21,4,12
ST008,V00427,P0019,2026-08-31,4,4,8,2,6
ST008,V00428,P0019,2026-08-31,2,1,3,2,6
ST008,V00429,P0019,2026-08-31,5,2,7,3,9
ST008,V00430,P0019,2026-08-31,2,3,5,2,6
ST008,V00431,P0019,2026-08-31,5,1,6,3,9
ST008,V00432,P0019,2026-08-31,7,0,7,3,9
ST008,V00433,P0019,2026-08-31,11,12,23,6,18
ST008,V00435,P0019,2026-08-31,8,10,18,6,18
ST008,V00436,P0019,2026-08-31,4,6,10,2,6
ST008,V00437,P0019,2026-08-31,4,0,4,2,6
ST008,V00438,P0019,2026-08-31,7,4,11,4,12
ST008,V00440,P0020,2026-08-31,13,9,22,4,12
ST008,V00441,P0020,2026-08-31,4,6,10,2,6
ST008,V00444,P0020,2026-08-31,4,5,9,2,6
ST008,V00446,P0020,2026-08-31,5,6,11,3,9
ST008,V00448,P0020,2026-08-31,4,2,6,3,9
ST008,V00449,P0020,2026-08-31,11,6,17,4,12
ST008,V00450,P0020,2026-08-31,4,0,4,2,6
ST008,V00451,P0020,2026-08-31,8,4,12,3,9
ST008,V00452,P0020,2026-08-31,7,2,9,4,12
ST008,V00454,P0020,2026-08-31,3,5,8,3,9
ST008,V00459,P0021,2026-08-31,2,2,4,4,12
ST008,V00461,P0021,2026-08-31,3,4,7,2,6
ST008,V00462,P0021,2026-08-31,8,11,19,4,12
ST008,V00463,P0021,2026-08-31,0,4,4,2,6
ST008,V00465,P0021,2026-08-31,10,1,11,3,9
ST008,V00467,P0021,2026-08-31,15,3,18,6,18
ST008,V00468,P0021,2026-08-31,1,2,3,3,9
ST008,V00469,P0021,2026-08-31,13,3,16,3,9
ST008,V00470,P0021,2026-08-31,3,3,6,3,9
ST008,V00471,P0021,2026-08-31,4,3,7,2,6
ST008,V00472,P0021,2026-08-31,1,0,1,2,6
ST008,V00473,P0021,2026-08-31,2,0,2,3,9
ST008,V00475,P0022,2026-08-31,8,0,8,3,9
ST008,V00476,P0022,2026-08-31,7,12,19,4,12
ST008,V00477,P0022,2026-08-31,11,7,18,4,12
ST008,V00478,P0022,2026-08-31,1,7,8,3,9
ST008,V00480,P0022,2026-08-31,10,7,17,3,9
ST008,V00481,P0022,2026-08-31,6,3,9,3,9
ST008,V00482,P0022,2026-08-31,1,9,10,4,12
ST008,V00483,P0022,2026-08-31,9,6,15,4,12
ST008,V00484,P0022,2026-08-31,7,1,8,2,6
ST008,V00485,P0022,2026-08-31,7,7,14,3,9
ST008,V00488,P0022,2026-08-31,5,1,6,2,6
ST008,V00489,P0022,2026-08-31,11,13,24,4,12
ST008,V00502,P0023,2026-08-31,0,2,2,2,6
ST008,V00506,P0023,2026-08-31,6,1,7,2,6
ST008,V00509,P0023,2026-08-31,6,3,9,2,6
ST008,V00510,P0023,2026-08-31,2,3,5,3,9
ST008,V00512,P0024,2026-08-31,3,0,3,4,12
ST008,V00515,P0024,2026-08-31,3,2,5,2,6
ST008,V00516,P0024,2026-08-31,4,2,6,2,6
ST008,V00519,P0024,2026-08-31,7,16,23,4,12
ST008,V00521,P0024,2026-08-31,18,5,23,6,18
ST008,V00522,P0024,2026-08-31,5,0,5,2,6
ST008,V00523,P0024,2026-08-31,5,4,9,2,6
ST008,V00525,P0024,2026-08-31,2,4,6,3,9
ST008,V00527,P0024,2026-08-31,4,2,6,2,6
ST008,V00528,P0024,2026-08-31,3,0,3,2,6
ST008,V00530,P0025,2026-08-31,5,1,6,2,6
ST008,V00531,P0025,2026-08-31,7,3,10,4,12
ST008,V00533,P0025,2026-08-31,2,3,5,2,6
ST008,V00534,P0025,2026-08-31,0,4,4,2,6
ST008,V00535,P0025,2026-08-31,6,6,12,2,6
ST008,V00536,P0025,2026-08-31,3,4,7,2,6
ST008,V00538,P0025,2026-08-31,19,10,29,6,18
ST008,V00539,P0025,2026-08-31,1,4,5,2,6
ST008,V00540,P0025,2026-08-31,2,4,6,2,6
ST008,V00544,P0025,2026-08-31,6,0,6,2,6
ST008,V00545,P0025,2026-08-31,1,5,6,3,9
ST008,V00547,P0026,2026-08-31,0,2,2,2,6
ST008,V00551,P0026,2026-08-31,0,2,2,2,6
ST008,V00555,P0026,2026-08-31,9,7,16,3,9
ST008,V00556,P0026,2026-08-31,7,4,11,2,6
ST008,V00557,P0026,2026-08-31,10,4,14,3,9
ST008,V00560,P0026,2026-08-31,3,4,7,2,6
ST008,V00561,P0026,2026-08-31,9,6,15,4,12
ST008,V00562,P0026,2026-08-31,11,6,17,6,18
ST008,V00563,P0026,2026-08-31,7,6,13,2,6
ST008,V00564,P0026,2026-08-31,3,3,6,3,9
ST008,V00565,P0027,2026-08-31,5,0,5,4,12
ST008,V00566,P0027,2026-08-31,12,6,18,6,18
ST008,V00567,P0027,2026-08-31,2,1,3,2,6
ST008,V00568,P0027,2026-08-31,11,6,17,4,12
ST008,V00569,P0027,2026-08-31,6,0,6,4,12
ST008,V00571,P0027,2026-08-31,6,2,8,2,6
ST008,V00574,P0027,2026-08-31,2,1,3,2,6
ST008,V00577,P0027,2026-08-31,5,5,10,2,6
ST008,V00578,P0027,2026-08-31,4,1,5,2,6
ST008,V00579,P0027,2026-08-31,7,0,7,4,12
ST008,V00581,P0027,2026-08-31,4,2,6,2,6
ST008,V00586,P0028,2026-08-31,4,1,5,2,6
ST008,V00587,P0028,2026-08-31,2,2,4,2,6
ST008,V00589,P0028,2026-08-31,7,2,9,2,6
ST008,V00591,P0028,2026-08-31,4,0,4,3,9
ST008,V00593,P0028,2026-08-31,3,7,10,3,9
ST008,V00594,P0028,2026-08-31,2,4,6,2,6
ST008,V00596,P0028,2026-08-31,5,4,9,2,6
ST008,V00597,P0028,2026-08-31,9,8,17,4,12
ST008,V00598,P0028,2026-08-31,4,7,11,3,9
ST008,V00600,P0028,2026-08-31,6,1,7,4,12
ST008,V00605,P0029,2026-08-31,10,6,16,4,12
ST008,V00606,P0029,2026-08-31,6,7,13,3,9
ST008,V00613,P0029,2026-08-31,0,6,6,4,12
ST008,V00614,P0029,2026-08-31,5,6,11,3,9
ST008,V00616,P0029,2026-08-31,10,6,16,3,9
ST008,V00617,P0029,2026-08-31,5,1,6,3,9
ST008,V00618,P0029,2026-08-31,10,0,10,6,18
ST008,V00620,P0030,2026-08-31,7,9,16,3,9
ST008,V00623,P0030,2026-08-31,11,27,38,6,18
ST008,V00626,P0030,2026-08-31,7,4,11,3,9
ST008,V00630,P0030,2026-08-31,8,8,16,3,9
ST008,V00631,P0030,2026-08-31,6,5,11,2,6
ST008,V00638,P0031,2026-08-31,5,4,9,2,6
ST008,V00640,P0031,2026-08-31,15,7,22,6,18
ST008,V00641,P0031,2026-08-31,3,5,8,2,6
ST008,V00643,P0031,2026-08-31,8,6,14,3,9
ST008,V00644,P0031,2026-08-31,5,2,7,2,6
ST008,V00645,P0031,2026-08-31,9,11,20,3,9
ST008,V00649,P0031,2026-08-31,1,3,4,3,9
ST008,V00651,P0031,2026-08-31,6,3,9,6,18
ST008,V00654,P0031,2026-08-31,6,3,9,4,12
ST008,V00656,P0032,2026-08-31,10,4,14,3,9
ST008,V00657,P0032,2026-08-31,2,2,4,2,6
ST008,V00658,P0032,2026-08-31,15,6,21,6,18
ST008,V00659,P0032,2026-08-31,3,0,3,3,9
ST008,V00662,P0032,2026-08-31,7,8,15,4,12
ST008,V00663,P0032,2026-08-31,7,3,10,3,9
ST008,V00664,P0032,2026-08-31,4,2,6,2,6
ST008,V00665,P0032,2026-08-31,6,9,15,2,6
ST008,V00667,P0032,2026-08-31,4,0,4,2,6
ST008,V00670,P0032,2026-08-31,1,0,1,2,6
ST008,V00672,P0032,2026-08-31,6,4,10,2,6
ST008,V00674,P0033,2026-08-31,0,5,5,4,12
ST008,V00675,P0033,2026-08-31,6,4,10,3,9
ST008,V00676,P0033,2026-08-31,4,2,6,2,6
ST008,V00677,P0033,2026-08-31,7,2,9,2,6
ST008,V00679,P0033,2026-08-31,4,0,4,3,9
ST008,V00682,P0033,2026-08-31,3,4,7,2,6
ST008,V00685,P0033,2026-08-31,7,4,11,3,9
ST008,V00690,P0033,2026-08-31,10,11,21,4,12
ST008,V00691,P0034,2026-08-31,9,14,23,6,18
ST008,V00692,P0034,2026-08-31,1,3,4,3,9
ST008,V00693,P0034,2026-08-31,1,2,3,2,6
ST008,V00695,P0034,2026-08-31,8,11,19,4,12
ST008,V00696,P0034,2026-08-31,2,1,3,2,6
ST008,V00697,P0034,2026-08-31,9,6,15,4,12
ST008,V00698,P0034,2026-08-31,5,8,13,3,9
ST008,V00702,P0034,2026-08-31,0,2,2,2,6
ST008,V00703,P0034,2026-08-31,3,2,5,2,6
ST008,V00704,P0034,2026-08-31,11,4,15,4,12
ST008,V00706,P0034,2026-08-31,6,8,14,3,9
ST008,V00708,P0034,2026-08-31,1,0,1,2,6
ST009,V00001,P0001,2026-08-31,5,4,9,6,18
ST009,V00002,P0001,2026-08-31,3,4,7,2,6
ST009,V00005,P0001,2026-08-31,8,3,11,2,6
ST009,V00006,P0001,2026-08-31,8,2,10,3,9
ST009,V00007,P0001,2026-08-31,6,7,13,4,12
ST009,V00010,P0001,2026-08-31,2,2,4,2,6
ST009,V00012,P0001,2026-08-31,16,12,28,6,18
ST009,V00013,P0001,2026-08-31,11,3,14,3,9
ST009,V00015,P0001,2026-08-31,3,6,9,2,6
ST009,V00016,P0001,2026-08-31,8,5,13,4,12
ST009,V00017,P0001,2026-08-31,6,5,11,6,18
ST009,V00019,P0001,2026-08-31,5,0,5,2,6
ST009,V00020,P0001,2026-08-31,13,0,13,4,12
ST009,V00025,P0002,2026-08-31,4,2,6,2,6
ST009,V00026,P0002,2026-08-31,11,7,18,3,9
ST009,V00028,P0002,2026-08-31,6,7,13,3,9
ST009,V00030,P0002,2026-08-31,2,8,10,2,6
ST009,V00031,P0002,2026-08-31,6,5,11,2,6
ST009,V00034,P0002,2026-08-31,10,2,12,4,12
ST009,V00035,P0002,2026-08-31,6,4,10,3,9
ST009,V00036,P0002,2026-08-31,5,1,6,3,9
ST009,V00037,P0002,2026-08-31,4,4,8,4,12
ST009,V00038,P0002,2026-08-31,6,1,7,2,6
ST009,V00039,P0002,2026-08-31,5,1,6,2,6
ST009,V00040,P0002,2026-08-31,6,6,12,4,12
ST009,V00043,P0002,2026-08-31,7,11,18,3,9
ST009,V00046,P0002,2026-08-31,4,3,7,3,9
ST009,V00047,P0002,2026-08-31,4,2,6,2,6
ST009,V00048,P0002,2026-08-31,1,0,1,2,6
ST009,V00050,P0003,2026-08-31,3,0,3,2,6
ST009,V00051,P0003,2026-08-31,13,3,16,6,18
ST009,V00053,P0003,2026-08-31,4,3,7,2,6
ST009,V00055,P0003,2026-08-31,6,2,8,3,9
ST009,V00057,P0003,2026-08-31,5,4,9,2,6
ST009,V00058,P0003,2026-08-31,5,8,13,3,9
ST009,V00059,P0003,2026-08-31,3,3,6,3,9
ST009,V00060,P0003,2026-08-31,3,3,6,2,6
ST009,V00061,P0003,2026-08-31,9,0,9,3,9
ST009,V00062,P0003,2026-08-31,14,0,14,6,18
ST009,V00065,P0003,2026-08-31,2,1,3,2,6
ST009,V00066,P0003,2026-08-31,6,13,19,6,18
ST009,V00069,P0003,2026-08-31,8,13,21,4,12
ST009,V00070,P0003,2026-08-31,10,7,17,4,12
ST009,V00073,P0004,2026-08-31,1,1,2,2,6
ST009,V00074,P0004,2026-08-31,12,10,22,4,12
ST009,V00075,P0004,2026-08-31,5,2,7,2,6
ST009,V00078,P0004,2026-08-31,3,2,5,2,6
ST009,V00079,P0004,2026-08-31,3,3,6,2,6
ST009,V00082,P0004,2026-08-31,10,0,10,3,9
ST009,V00083,P0004,2026-08-31,4,1,5,2,6
ST009,V00087,P0004,2026-08-31,4,5,9,3,9
ST009,V00090,P0004,2026-08-31,7,7,14,3,9
ST009,V00091,P0004,2026-08-31,5,1,6,3,9
ST009,V00093,P0004,2026-08-31,6,0,6,3,9
ST009,V00095,P0004,2026-08-31,7,7,14,4,12
ST009,V00096,P0004,2026-08-31,4,3,7,2,6
ST009,V00098,P0005,2026-08-31,5,4,9,3,9
ST009,V00099,P0005,2026-08-31,9,0,9,2,6
ST009,V00100,P0005,2026-08-31,1,3,4,3,9
ST009,V00102,P0005,2026-08-31,0,2,2,2,6
ST009,V00103,P0005,2026-08-31,4,3,7,2,6
ST009,V00105,P0005,2026-08-31,5,3,8,2,6
ST009,V00106,P0005,2026-08-31,10,1,11,2,6
ST009,V00107,P0005,2026-08-31,4,1,5,2,6
ST009,V00108,P0005,2026-08-31,3,2,5,2,6
ST009,V00110,P0005,2026-08-31,5,2,7,3,9
ST009,V00113,P0005,2026-08-31,8,5,13,3,9
ST009,V00114,P0005,2026-08-31,13,12,25,6,18
ST009,V00115,P0005,2026-08-31,6,4,10,4,12
ST009,V00117,P0005,2026-08-31,5,2,7,2,6
ST009,V00120,P0005,2026-08-31,8,9,17,4,12
ST009,V00121,P0006,2026-08-31,3,5,8,2,6
ST009,V00122,P0006,2026-08-31,4,0,4,2,6
ST009,V00125,P0006,2026-08-31,1,0,1,4,12
ST009,V00127,P0006,2026-08-31,5,11,16,4,12
ST009,V00128,P0006,2026-08-31,3,5,8,2,6
ST009,V00129,P0006,2026-08-31,10,11,21,4,12
ST009,V00131,P0006,2026-08-31,3,5,8,2,6
ST009,V00134,P0006,2026-08-31,7,0,7,3,9
ST009,V00137,P0006,2026-08-31,11,3,14,3,9
ST009,V00140,P0006,2026-08-31,7,5,12,2,6
ST009,V00142,P0006,2026-08-31,2,5,7,2,6
ST009,V00145,P0007,2026-08-31,8,4,12,2,6
ST009,V00147,P0007,2026-08-31,0,0,0,2,6
ST009,V00150,P0007,2026-08-31,0,3,3,3,9
ST009,V00152,P0007,2026-08-31,6,5,11,3,9
ST009,V00153,P0007,2026-08-31,8,1,9,4,12
ST009,V00155,P0007,2026-08-31,2,5,7,2,6
ST009,V00157,P0007,2026-08-31,11,11,22,4,12
ST009,V00158,P0007,2026-08-31,15,2,17,6,18
ST009,V00160,P0007,2026-08-31,8,7,15,4,12
ST009,V00163,P0007,2026-08-31,2,6,8,3,9
ST009,V00168,P0007,2026-08-31,4,3,7,2,6
ST009,V00170,P0008,2026-08-31,5,6,11,3,9
ST009,V00175,P0008,2026-08-31,6,0,6,4,12
ST009,V00176,P0008,2026-08-31,5,4,9,3,9
ST009,V00177,P0008,2026-08-31,22,8,30,6,18
ST009,V00178,P0008,2026-08-31,3,1,4,2,6
ST009,V00181,P0008,2026-08-31,7,3,10,2,6
ST009,V00182,P0008,2026-08-31,7,5,12,6,18
ST009,V00186,P0008,2026-08-31,8,9,17,3,9
ST009,V00188,P0008,2026-08-31,1,3,4,3,9
ST009,V00189,P0008,2026-08-31,6,10,16,3,9
ST009,V00191,P0008,2026-08-31,5,3,8,2,6
ST009,V00192,P0008,2026-08-31,9,2,11,3,9
ST009,V00193,P0009,2026-08-31,6,5,11,2,6
ST009,V00194,P0009,2026-08-31,3,2,5,2,6
ST009,V00195,P0009,2026-08-31,4,4,8,2,6
ST009,V00196,P0009,2026-08-31,4,3,7,2,6
ST009,V00197,P0009,2026-08-31,10,3,13,3,9
ST009,V00199,P0009,2026-08-31,19,1,20,6,18
ST009,V00202,P0009,2026-08-31,3,2,5,3,9
ST009,V00204,P0009,2026-08-31,3,1,4,2,6
ST009,V00205,P0009,2026-08-31,17,13,30,6,18
ST009,V00207,P0009,2026-08-31,2,8,10,3,9
ST009,V00208,P0009,2026-08-31,11,10,21,4,12
ST009,V00212,P0009,2026-08-31,14,11,25,6,18
ST009,V00214,P0009,2026-08-31,10,0,10,4,12
ST009,V00215,P0009,2026-08-31,6,4,10,3,9
ST009,V00217,P0010,2026-08-31,2,3,5,2,6
ST009,V00218,P0010,2026-08-31,4,2,6,3,9
ST009,V00219,P0010,2026-08-31,3,1,4,2,6
ST009,V00220,P0010,2026-08-31,5,3,8,3,9
ST009,V00221,P0010,2026-08-31,9,15,24,4,12
ST009,V00222,P0010,2026-08-31,2,5,7,2,6
ST009,V00224,P0010,2026-08-31,15,13,28,3,9
ST009,V00225,P0010,2026-08-31,2,10,12,3,9
ST009,V00226,P0010,2026-08-31,3,9,12,4,12
ST009,V00227,P0010,2026-08-31,9,10,19,6,18
ST009,V00232,P0010,2026-08-31,2,4,6,2,6
ST009,V00234,P0010,2026-08-31,11,10,21,6,18
ST009,V00236,P0010,2026-08-31,2,5,7,2,6
ST009,V00238,P0010,2026-08-31,7,7,14,3,9
ST009,V00241,P0011,2026-08-31,12,15,27,6,18
ST009,V00242,P0011,2026-08-31,4,3,7,4,12
ST009,V00246,P0011,2026-08-31,4,2,6,2,6
ST009,V00248,P0011,2026-08-31,6,2,8,3,9
ST009,V00253,P0011,2026-08-31,3,5,8,2,6
ST009,V00254,P0011,2026-08-31,5,4,9,2,6
ST009,V00258,P0011,2026-08-31,6,4,10,2,6
ST009,V00259,P0011,2026-08-31,1,4,5,2,6
ST009,V00261,P0011,2026-08-31,14,11,25,6,18
ST009,V00262,P0011,2026-08-31,7,6,13,3,9
ST009,V00264,P0011,2026-08-31,8,12,20,3,9
ST009,V00265,P0012,2026-08-31,4,1,5,2,6
ST009,V00267,P0012,2026-08-31,7,2,9,2,6
ST009,V00268,P0012,2026-08-31,4,4,8,2,6
ST009,V00269,P0012,2026-08-31,3,7,10,2,6
ST009,V00270,P0012,2026-08-31,3,0,3,2,6
ST009,V00271,P0012,2026-08-31,5,3,8,3,9
ST009,V00272,P0012,2026-08-31,9,5,14,3,9
ST009,V00274,P0012,2026-08-31,9,3,12,4,12
ST009,V00276,P0012,2026-08-31,6,9,15,3,9
ST009,V00278,P0012,2026-08-31,5,8,13,6,18
ST009,V00279,P0012,2026-08-31,18,12,30,6,18
ST009,V00284,P0012,2026-08-31,8,5,13,4,12
ST009,V00288,P0012,2026-08-31,5,0,5,3,9
ST009,V00290,P0013,2026-08-31,4,1,5,4,12
ST009,V00293,P0013,2026-08-31,8,2,10,3,9
ST009,V00295,P0013,2026-08-31,1,3,4,2,6
ST009,V00296,P0013,2026-08-31,3,2,5,3,9
ST009,V00297,P0013,2026-08-31,3,1,4,2,6
ST009,V00298,P0013,2026-08-31,9,1,10,3,9
ST009,V00300,P0013,2026-08-31,8,15,23,6,18
ST009,V00302,P0013,2026-08-31,4,4,8,2,6
ST009,V00303,P0013,2026-08-31,7,4,11,3,9
ST009,V00304,P0013,2026-08-31,4,7,11,3,9
ST009,V00306,P0013,2026-08-31,4,0,4,2,6
ST009,V00307,P0013,2026-08-31,2,0,2,2,6
ST009,V00308,P0013,2026-08-31,25,12,37,6,18
ST009,V00309,P0013,2026-08-31,7,2,9,2,6
ST009,V00310,P0013,2026-08-31,12,0,12,4,12
ST009,V00311,P0013,2026-08-31,4,3,7,3,9
ST009,V00313,P0014,2026-08-31,3,2,5,2,6
ST009,V00314,P0014,2026-08-31,9,8,17,4,12
ST009,V00315,P0014,2026-08-31,5,2,7,2,6
ST009,V00316,P0014,2026-08-31,8,3,11,3,9
ST009,V00317,P0014,2026-08-31,12,4,16,6,18
ST009,V00318,P0014,2026-08-31,5,0,5,3,9
ST009,V00319,P0014,2026-08-31,5,5,10,4,12
ST009,V00320,P0014,2026-08-31,13,4,17,6,18
ST009,V00326,P0014,2026-08-31,16,7,23,4,12
ST009,V00328,P0014,2026-08-31,4,6,10,4,12
ST009,V00329,P0014,2026-08-31,7,12,19,6,18
ST009,V00330,P0014,2026-08-31,16,13,29,6,18
ST009,V00331,P0014,2026-08-31,6,6,12,4,12
ST009,V00332,P0014,2026-08-31,5,3,8,3,9
ST009,V00333,P0014,2026-08-31,5,5,10,3,9
ST009,V00334,P0014,2026-08-31,5,1,6,4,12
ST009,V00338,P0015,2026-08-31,6,1,7,2,6
ST009,V00340,P0015,2026-08-31,3,7,10,2,6
ST009,V00341,P0015,2026-08-31,12,5,17,4,12
ST009,V00343,P0015,2026-08-31,4,3,7,3,9
ST009,V00345,P0015,2026-08-31,2,4,6,2,6
ST009,V00346,P0015,2026-08-31,8,0,8,2,6
ST009,V00347,P0015,2026-08-31,3,0,3,2,6
ST009,V00349,P0015,2026-08-31,2,0,2,2,6
ST009,V00350,P0015,2026-08-31,5,8,13,2,6
ST009,V00351,P0015,2026-08-31,7,14,21,6,18
ST009,V00353,P0015,2026-08-31,5,5,10,2,6
ST009,V00354,P0015,2026-08-31,2,9,11,4,12
ST009,V00355,P0015,2026-08-31,3,6,9,3,9
ST009,V00356,P0015,2026-08-31,4,2,6,3,9
ST009,V00358,P0015,2026-08-31,3,5,8,3,9
ST009,V00360,P0015,2026-08-31,10,14,24,6,18
ST009,V00362,P0016,2026-08-31,1,7,8,2,6
ST009,V00364,P0016,2026-08-31,5,5,10,2,6
ST009,V00365,P0016,2026-08-31,2,2,4,2,6
ST009,V00367,P0016,2026-08-31,0,8,8,2,6
ST009,V00368,P0016,2026-08-31,6,6,12,3,9
ST009,V00369,P0016,2026-08-31,4,12,16,4,12
ST009,V00371,P0016,2026-08-31,5,4,9,2,6
ST009,V00373,P0016,2026-08-31,6,4,10,3,9
ST009,V00374,P0016,2026-08-31,8,0,8,3,9
ST009,V00375,P0016,2026-08-31,15,4,19,4,12
ST009,V00382,P0016,2026-08-31,14,21,35,6,18
ST009,V00384,P0016,2026-08-31,4,1,5,3,9
ST009,V00387,P0017,2026-08-31,9,9,18,3,9
ST009,V00389,P0017,2026-08-31,7,8,15,4,12
ST009,V00391,P0017,2026-08-31,5,6,11,2,6
ST009,V00393,P0017,2026-08-31,3,7,10,2,6
ST009,V00395,P0017,2026-08-31,2,2,4,2,6
ST009,V00398,P0017,2026-08-31,4,0,4,2,6
ST009,V00400,P0017,2026-08-31,2,7,9,2,6
ST009,V00401,P0017,2026-08-31,9,9,18,3,9
ST009,V00403,P0018,2026-08-31,5,1,6,2,6
ST009,V00404,P0018,2026-08-31,11,4,15,4,12
ST009,V00405,P0018,2026-08-31,5,0,5,2,6
ST009,V00406,P0018,2026-08-31,5,7,12,6,18
ST009,V00408,P0018,2026-08-31,8,4,12,3,9
ST009,V00409,P0018,2026-08-31,4,4,8,2,6
ST009,V00411,P0018,2026-08-31,8,0,8,3,9
ST009,V00413,P0018,2026-08-31,14,8,22,6,18
ST009,V00415,P0018,2026-08-31,10,7,17,4,12
ST009,V00416,P0018,2026-08-31,5,0,5,2,6
ST009,V00417,P0018,2026-08-31,4,3,7,2,6
ST009,V00419,P0018,2026-08-31,6,8,14,4,12
ST009,V00420,P0018,2026-08-31,10,12,22,4,12
ST009,V00421,P0019,2026-08-31,7,8,15,3,9
ST009,V00424,P0019,2026-08-31,5,7,12,2,6
ST009,V00426,P0019,2026-08-31,4,10,14,4,12
ST009,V00427,P0019,2026-08-31,2,2,4,4,12
ST009,V00428,P0019,2026-08-31,4,4,8,2,6
ST009,V00429,P0019,2026-08-31,8,4,12,2,6
ST009,V00430,P0019,2026-08-31,13,5,18,4,12
ST009,V00431,P0019,2026-08-31,3,3,6,2,6
ST009,V00432,P0019,2026-08-31,5,6,11,6,18
ST009,V00433,P0019,2026-08-31,3,1,4,3,9
ST009,V00434,P0019,2026-08-31,4,1,5,2,6
ST009,V00435,P0019,2026-08-31,2,1,3,3,9
ST009,V00436,P0019,2026-08-31,12,10,22,4,12
ST009,V00441,P0020,2026-08-31,12,5,17,3,9
ST009,V00442,P0020,2026-08-31,5,3,8,2,6
ST009,V00445,P0020,2026-08-31,4,5,9,2,6
ST009,V00446,P0020,2026-08-31,12,6,18,3,9
ST009,V00447,P0020,2026-08-31,8,4,12,6,18
ST009,V00448,P0020,2026-08-31,3,2,5,2,6
ST009,V00449,P0020,2026-08-31,3,1,4,2,6
ST009,V00452,P0020,2026-08-31,12,2,14,4,12
ST009,V00455,P0020,2026-08-31,9,6,15,3,9
ST009,V00456,P0020,2026-08-31,4,6,10,6,18
ST009,V00459,P0021,2026-08-31,6,11,17,3,9
ST009,V00460,P0021,2026-08-31,14,4,18,6,18
ST009,V00461,P0021,2026-08-31,6,7,13,6,18
ST009,V00462,P0021,2026-08-31,8,9,17,6,18
ST009,V00463,P0021,2026-08-31,6,5,11,3,9
ST009,V00465,P0021,2026-08-31,5,4,9,3,9
ST009,V00467,P0021,2026-08-31,11,9,20,4,12
ST009,V00468,P0021,2026-08-31,4,1,5,2,6
ST009,V00469,P0021,2026-08-31,6,3,9,2,6
ST009,V00470,P0021,2026-08-31,7,10,17,4,12
ST009,V00472,P0021,2026-08-31,1,3,4,2,6
ST009,V00474,P0021,2026-08-31,5,2,7,2,6
ST009,V00476,P0022,2026-08-31,9,3,12,6,18
ST009,V00477,P0022,2026-08-31,12,1,13,3,9
ST009,V00479,P0022,2026-08-31,1,3,4,2,6
ST009,V00481,P0022,2026-08-31,3,0,3,2,6
ST009,V00482,P0022,2026-08-31,12,6,18,4,12
ST009,V00483,P0022,2026-08-31,7,5,12,2,6
ST009,V00485,P0022,2026-08-31,3,4,7,2,6
ST009,V00487,P0022,2026-08-31,5,2,7,2,6
ST009,V00491,P0022,2026-08-31,2,8,10,4,12
ST009,V00492,P0022,2026-08-31,15,25,40,6,18
ST009,V00494,P0023,2026-08-31,8,5,13,2,6
ST009,V00499,P0023,2026-08-31,7,7,14,3,9
ST009,V00500,P0023,2026-08-31,13,8,21,4,12
ST009,V00501,P0023,2026-08-31,5,4,9,3,9
ST009,V00502,P0023,2026-08-31,2,2,4,2,6
ST009,V00504,P0023,2026-08-31,3,3,6,2,6
ST009,V00506,P0023,2026-08-31,3,6,9,3,9
ST009,V00509,P0023,2026-08-31,7,9,16,3,9
ST009,V00511,P0024,2026-08-31,2,4,6,2,6
ST009,V00512,P0024,2026-08-31,7,2,9,3,9
ST009,V00514,P0024,2026-08-31,9,8,17,3,9
ST009,V00515,P0024,2026-08-31,4,1,5,2,6
ST009,V00517,P0024,2026-08-31,25,8,33,6,18
ST009,V00519,P0024,2026-08-31,6,0,6,2,6
ST009,V00521,P0024,2026-08-31,10,11,21,4,12
ST009,V00525,P0024,2026-08-31,3,5,8,2,6
ST009,V00527,P0024,2026-08-31,7,4,11,4,12
ST009,V00528,P0024,2026-08-31,11,2,13,4,12
ST009,V00529,P0025,2026-08-31,4,3,7,2,6
ST009,V00530,P0025,2026-08-31,10,2,12,6,18
ST009,V00531,P0025,2026-08-31,5,3,8,2,6
ST009,V00532,P0025,2026-08-31,4,2,6,2,6
ST009,V00533,P0025,2026-08-31,8,4,12,4,12
ST009,V00534,P0025,2026-08-31,16,13,29,6,18
ST009,V00535,P0025,2026-08-31,5,1,6,3,9
ST009,V00536,P0025,2026-08-31,5,0,5,2,6
ST009,V00537,P0025,2026-08-31,7,3,10,3,9
ST009,V00538,P0025,2026-08-31,2,1,3,2,6
ST009,V00540,P0025,2026-08-31,4,7,11,2,6
ST009,V00543,P0025,2026-08-31,4,1,5,2,6
ST009,V00545,P0025,2026-08-31,7,7,14,3,9
ST009,V00546,P0025,2026-08-31,6,4,10,2,6
ST009,V00548,P0026,2026-08-31,8,3,11,3,9
ST009,V00549,P0026,2026-08-31,5,2,7,3,9
ST009,V00550,P0026,2026-08-31,4,4,8,2,6
ST009,V00552,P0026,2026-08-31,9,12,21,6,18
ST009,V00553,P0026,2026-08-31,0,5,5,3,9
ST009,V00554,P0026,2026-08-31,4,3,7,2,6
ST009,V00555,P0026,2026-08-31,5,2,7,3,9
ST009,V00557,P0026,2026-08-31,5,8,13,3,9
ST009,V00561,P0026,2026-08-31,4,6,10,2,6
ST009,V00562,P0026,2026-08-31,6,5,11,2,6
ST009,V00568,P0027,2026-08-31,6,6,12,2,6
ST009,V00569,P0027,2026-08-31,4,0,4,3,9
ST009,V00570,P0027,2026-08-31,5,4,9,2,6
ST009,V00576,P0027,2026-08-31,5,3,8,2,6
ST009,V00578,P0027,2026-08-31,9,9,18,4,12
ST009,V00579,P0027,2026-08-31,6,3,9,3,9
ST009,V00581,P0027,2026-08-31,2,0,2,2,6
ST009,V00582,P0027,2026-08-31,2,5,7,3,9
ST009,V00583,P0028,2026-08-31,9,1,10,4,12
ST009,V00586,P0028,2026-08-31,3,3,6,3,9
ST009,V00589,P0028,2026-08-31,8,9,17,3,9
ST009,V00590,P0028,2026-08-31,3,8,11,4,12
ST009,V00591,P0028,2026-08-31,5,4,9,2,6
ST009,V00593,P0028,2026-08-31,2,4,6,2,6
ST009,V00596,P0028,2026-08-31,3,0,3,3,9
ST009,V00597,P0028,2026-08-31,5,2,7,2,6
ST009,V00598,P0028,2026-08-31,3,2,5,2,6
ST009,V00599,P0028,2026-08-31,6,0,6,4,12
ST009,V00600,P0028,2026-08-31,2,0,2,2,6
ST009,V00605,P0029,2026-08-31,9,0,9,4,12
ST009,V00608,P0029,2026-08-31,8,7,15,3,9
ST009,V00610,P0029,2026-08-31,1,0,1,2,6
ST009,V00611,P0029,2026-08-31,11,4,15,3,9
ST009,V00612,P0029,2026-08-31,5,0,5,2,6
ST009,V00615,P0029,2026-08-31,4,6,10,2,6
ST009,V00617,P0029,2026-08-31,2,6,8,2,6
ST009,V00618,P0029,2026-08-31,5,6,11,2,6
ST009,V00619,P0030,2026-08-31,6,1,7,2,6
ST009,V00620,P0030,2026-08-31,4,1,5,2,6
ST009,V00623,P0030,2026-08-31,6,5,11,2,6
ST009,V00624,P0030,2026-08-31,4,4,8,3,9
ST009,V00626,P0030,2026-08-31,2,4,6,2,6
ST009,V00627,P0030,2026-08-31,5,7,12,3,9
ST009,V00628,P0030,2026-08-31,5,10,15,3,9
ST009,V00629,P0030,2026-08-31,6,13,19,4,12
ST009,V00630,P0030,2026-08-31,4,1,5,2,6
ST009,V00632,P0030,2026-08-31,2,3,5,2,6
ST009,V00633,P0030,2026-08-31,5,4,9,3,9
ST009,V00637,P0031,2026-08-31,2,1,3,2,6
ST009,V00639,P0031,2026-08-31,2,4,6,3,9
ST009,V00640,P0031,2026-08-31,3,2,5,2,6
ST009,V00641,P0031,2026-08-31,5,1,6,2,6
ST009,V00642,P0031,2026-08-31,5,1,6,4,12
ST009,V00643,P0031,2026-08-31,4,2,6,2,6
ST009,V00644,P0031,2026-08-31,5,4,9,3,9
ST009,V00650,P0031,2026-08-31,6,5,11,3,9
ST009,V00651,P0031,2026-08-31,5,1,6,3,9
ST009,V00653,P0031,2026-08-31,0,5,5,3,9
ST009,V00654,P0031,2026-08-31,4,3,7,3,9
ST009,V00655,P0032,2026-08-31,5,2,7,2,6
ST009,V00656,P0032,2026-08-31,8,6,14,4,12
ST009,V00657,P0032,2026-08-31,6,9,15,6,18
ST009,V00658,P0032,2026-08-31,3,4,7,2,6
ST009,V00660,P0032,2026-08-31,12,2,14,3,9
ST009,V00661,P0032,2026-08-31,2,4,6,4,12
ST009,V00664,P0032,2026-08-31,4,4,8,2,6
ST009,V00665,P0032,2026-08-31,7,4,11,3,9
ST009,V00672,P0032,2026-08-31,14,2,16,6,18
ST009,V00673,P0033,2026-08-31,5,5,10,4,12
ST009,V00675,P0033,2026-08-31,4,3,7,2,6
ST009,V00676,P0033,2026-08-31,13,4,17,4,12
ST009,V00677,P0033,2026-08-31,10,4,14,4,12
ST009,V00679,P0033,2026-08-31,4,0,4,2,6
ST009,V00680,P0033,2026-08-31,3,3,6,2,6
ST009,V00681,P0033,2026-08-31,2,4,6,2,6
ST009,V00682,P0033,2026-08-31,7,3,10,3,9
ST009,V00683,P0033,2026-08-31,6,3,9,3,9
ST009,V00684,P0033,2026-08-31,9,2,11,6,18
ST009,V00687,P0033,2026-08-31,9,5,14,6,18
ST009,V00688,P0033,2026-08-31,3,1,4,2,6
ST009,V00689,P0033,2026-08-31,7,4,11,3,9
ST009,V00690,P0033,2026-08-31,17,12,29,6,18
ST009,V00691,P0034,2026-08-31,5,2,7,2,6
ST009,V00692,P0034,2026-08-31,3,2,5,2,6
ST009,V00693,P0034,2026-08-31,7,14,21,6,18
ST009,V00694,P0034,2026-08-31,2,5,7,2,6
ST009,V00696,P0034,2026-08-31,2,7,9,3,9
ST009,V00697,P0034,2026-08-31,11,8,19,4,12
ST009,V00700,P0034,2026-08-31,5,4,9,2,6
ST009,V00701,P0034,2026-08-31,11,0,11,4,12
ST009,V00702,P0034,2026-08-31,7,4,11,6,18
ST009,V00703,P0034,2026-08-31,4,7,11,2,6
ST009,V00704,P0034,2026-08-31,8,8,16,4,12
ST009,V00705,P0034,2026-08-31,8,8,16,4,12
ST009,V00706,P0034,2026-08-31,4,1,5,2,6
ST010,V00003,P0001,2026-08-31,3,2,5,2,6
ST010,V00004,P0001,2026-08-31,7,0,7,3,9
ST010,V00006,P0001,2026-08-31,8,8,16,3,9
ST010,V00007,P0001,2026-08-31,6,6,12,3,9
ST010,V00008,P0001,2026-08-31,9,6,15,4,12
ST010,V00010,P0001,2026-08-31,7,2,9,4,12
ST010,V00013,P0001,2026-08-31,4,6,10,2,6
ST010,V00015,P0001,2026-08-31,4,4,8,3,9
ST010,V00019,P0001,2026-08-31,16,7,23,6,18
ST010,V00020,P0001,2026-08-31,4,5,9,2,6
ST010,V00021,P0001,2026-08-31,2,4,6,2,6
ST010,V00022,P0001,2026-08-31,5,6,11,3,9
ST010,V00023,P0001,2026-08-31,4,2,6,2,6
ST010,V00024,P0001,2026-08-31,13,15,28,6,18
ST010,V00026,P0002,2026-08-31,6,6,12,4,12
ST010,V00027,P0002,2026-08-31,2,7,9,2,6
ST010,V00030,P0002,2026-08-31,8,3,11,3,9
ST010,V00031,P0002,2026-08-31,14,12,26,4,12
ST010,V00032,P0002,2026-08-31,4,12,16,4,12
ST010,V00035,P0002,2026-08-31,8,3,11,3,9
ST010,V00039,P0002,2026-08-31,14,4,18,4,12
ST010,V00040,P0002,2026-08-31,7,9,16,4,12
ST010,V00041,P0002,2026-08-31,5,5,10,2,6
ST010,V00042,P0002,2026-08-31,5,4,9,2,6
ST010,V00043,P0002,2026-08-31,9,0,9,6,18
ST010,V00044,P0002,2026-08-31,2,3,5,2,6
ST010,V00045,P0002,2026-08-31,7,15,22,4,12
ST010,V00048,P0002,2026-08-31,2,6,8,2,6
ST010,V00049,P0003,2026-08-31,7,6,13,2,6
ST010,V00050,P0003,2026-08-31,5,4,9,3,9
ST010,V00052,P0003,2026-08-31,5,6,11,3,9
ST010,V00055,P0003,2026-08-31,7,23,30,6,18
ST010,V00056,P0003,2026-08-31,7,8,15,4,12
ST010,V00057,P0003,2026-08-31,3,14,17,6,18
ST010,V00061,P0003,2026-08-31,6,2,8,3,9
ST010,V00062,P0003,2026-08-31,5,4,9,3,9
ST010,V00064,P0003,2026-08-31,6,6,12,2,6
ST010,V00065,P0003,2026-08-31,10,16,26,6,18
ST010,V00069,P0003,2026-08-31,4,6,10,3,9
ST010,V00070,P0003,2026-08-31,2,11,13,3,9
ST010,V00074,P0004,2026-08-31,8,10,18,6,18
ST010,V00075,P0004,2026-08-31,2,3,5,2,6
ST010,V00085,P0004,2026-08-31,5,0,5,2,6
ST010,V00086,P0004,2026-08-31,10,11,21,6,18
ST010,V00088,P0004,2026-08-31,5,3,8,2,6
ST010,V00090,P0004,2026-08-31,1,2,3,2,6
ST010,V00092,P0004,2026-08-31,10,0,10,4,12
ST010,V00093,P0004,2026-08-31,6,10,16,3,9
ST010,V00095,P0004,2026-08-31,2,9,11,3,9
ST010,V00096,P0004,2026-08-31,7,4,11,3,9
ST010,V00097,P0005,2026-08-31,2,0,2,2,6
ST010,V00098,P0005,2026-08-31,6,2,8,2,6
ST010,V00107,P0005,2026-08-31,5,6,11,3,9
ST010,V00109,P0005,2026-08-31,0,5,5,3,9
ST010,V00110,P0005,2026-08-31,4,2,6,2,6
ST010,V00111,P0005,2026-08-31,7,2,9,3,9
ST010,V00112,P0005,2026-08-31,6,4,10,2,6
ST010,V00113,P0005,2026-08-31,9,5,14,3,9
ST010,V00118,P0005,2026-08-31,6,0,6,4,12
ST010,V00120,P0005,2026-08-31,2,0,2,2,6
ST010,V00122,P0006,2026-08-31,4,10,14,4,12
ST010,V00125,P0006,2026-08-31,8,5,13,2,6
ST010,V00127,P0006,2026-08-31,9,5,14,3,9
ST010,V00129,P0006,2026-08-31,5,1,6,3,9
ST010,V00130,P0006,2026-08-31,7,5,12,3,9
ST010,V00132,P0006,2026-08-31,7,0,7,2,6
ST010,V00133,P0006,2026-08-31,7,6,13,4,12
ST010,V00135,P0006,2026-08-31,1,5,6,4,12
ST010,V00138,P0006,2026-08-31,11,3,14,6,18
ST010,V00139,P0006,2026-08-31,11,3,14,3,9
ST010,V00141,P0006,2026-08-31,4,22,26,6,18
ST010,V00142,P0006,2026-08-31,6,1,7,3,9
ST010,V00145,P0007,2026-08-31,2,6,8,2,6
ST010,V00146,P0007,2026-08-31,5,4,9,2,6
ST010,V00147,P0007,2026-08-31,4,0,4,2,6
ST010,V00148,P0007,2026-08-31,2,3,5,3,9
ST010,V00153,P0007,2026-08-31,3,5,8,2,6
ST010,V00157,P0007,2026-08-31,6,9,15,4,12
ST010,V00158,P0007,2026-08-31,8,5,13,4,12
ST010,V00160,P0007,2026-08-31,12,10,22,3,9
ST010,V00164,P0007,2026-08-31,4,4,8,2,6
ST010,V00168,P0007,2026-08-31,4,2,6,2,6
ST010,V00169,P0008,2026-08-31,3,6,9,2,6
ST010,V00171,P0008,2026-08-31,18,11,29,6,18
ST010,V00172,P0008,2026-08-31,7,3,10,3,9
ST010,V00174,P0008,2026-08-31,3,2,5,2,6
ST010,V00177,P0008,2026-08-31,3,2,5,2,6
ST010,V00178,P0008,2026-08-31,2,4,6,2,6
ST010,V00181,P0008,2026-08-31,3,9,12,4,12
ST010,V00184,P0008,2026-08-31,12,6,18,4,12
ST010,V00185,P0008,2026-08-31,10,3,13,4,12
ST010,V00187,P0008,2026-08-31,10,6,16,4,12
ST010,V00189,P0008,2026-08-31,6,3,9,3,9
ST010,V00190,P0008,2026-08-31,7,6,13,4,12
ST010,V00191,P0008,2026-08-31,4,6,10,2,6
ST010,V00194,P0009,2026-08-31,4,3,7,3,9
ST010,V00195,P0009,2026-08-31,7,7,14,3,9
ST010,V00198,P0009,2026-08-31,0,5,5,2,6
ST010,V00199,P0009,2026-08-31,4,0,4,3,9
ST010,V00202,P0009,2026-08-31,8,8,16,3,9
ST010,V00203,P0009,2026-08-31,6,3,9,3,9
ST010,V00204,P0009,2026-08-31,4,3,7,2,6
ST010,V00205,P0009,2026-08-31,5,6,11,6,18
ST010,V00208,P0009,2026-08-31,7,3,10,3,9
ST010,V00211,P0009,2026-08-31,2,1,3,2,6
ST010,V00212,P0009,2026-08-31,10,1,11,4,12
ST010,V00222,P0010,2026-08-31,14,4,18,4,12
ST010,V00224,P0010,2026-08-31,6,14,20,6,18
ST010,V00225,P0010,2026-08-31,5,3,8,2,6
ST010,V00228,P0010,2026-08-31,3,2,5,2,6
ST010,V00229,P0010,2026-08-31,4,3,7,2,6
ST010,V00231,P0010,2026-08-31,15,7,22,4,12
ST010,V00232,P0010,2026-08-31,2,5,7,2,6
ST010,V00233,P0010,2026-08-31,5,4,9,3,9
ST010,V00235,P0010,2026-08-31,2,6,8,4,12
ST010,V00236,P0010,2026-08-31,4,0,4,2,6
ST010,V00238,P0010,2026-08-31,4,6,10,2,6
ST010,V00239,P0010,2026-08-31,7,0,7,3,9
ST010,V00240,P0010,2026-08-31,9,2,11,4,12
ST010,V00241,P0011,2026-08-31,4,3,7,2,6
ST010,V00245,P0011,2026-08-31,3,3,6,2,6
ST010,V00246,P0011,2026-08-31,6,7,13,3,9
ST010,V00249,P0011,2026-08-31,10,5,15,3,9
ST010,V00250,P0011,2026-08-31,4,3,7,2,6
ST010,V00251,P0011,2026-08-31,7,3,10,3,9
ST010,V00252,P0011,2026-08-31,4,5,9,6,18
ST010,V00255,P0011,2026-08-31,9,5,14,3,9
ST010,V00256,P0011,2026-08-31,7,1,8,3,9
ST010,V00259,P0011,2026-08-31,9,8,17,6,18
ST010,V00260,P0011,2026-08-31,4,5,9,2,6
ST010,V00264,P0011,2026-08-31,5,2,7,3,9
ST010,V00266,P0012,2026-08-31,2,3,5,3,9
ST010,V00268,P0012,2026-08-31,1,4,5,2,6
ST010,V00272,P0012,2026-08-31,13,22,35,6,18
ST010,V00273,P0012,2026-08-31,3,1,4,2,6
ST010,V00277,P0012,2026-08-31,3,4,7,3,9
ST010,V00281,P0012,2026-08-31,5,3,8,3,9
ST010,V00282,P0012,2026-08-31,6,3,9,3,9
ST010,V00283,P0012,2026-08-31,1,3,4,2,6
ST010,V00285,P0012,2026-08-31,6,0,6,2,6
ST010,V00288,P0012,2026-08-31,9,1,10,2,6
ST010,V00289,P0013,2026-08-31,3,4,7,2,6
ST010,V00290,P0013,2026-08-31,10,6,16,3,9
ST010,V00292,P0013,2026-08-31,16,11,27,6,18
ST010,V00294,P0013,2026-08-31,6,4,10,3,9
ST010,V00295,P0013,2026-08-31,16,4,20,6,18
ST010,V00296,P0013,2026-08-31,1,2,3,2,6
ST010,V00297,P0013,2026-08-31,16,11,27,6,18
ST010,V00298,P0013,2026-08-31,2,3,5,2,6
ST010,V00299,P0013,2026-08-31,3,7,10,3,9
ST010,V00303,P0013,2026-08-31,5,3,8,3,9
ST010,V00307,P0013,2026-08-31,10,2,12,4,12
ST010,V00309,P0013,2026-08-31,5,5,10,2,6
ST010,V00310,P0013,2026-08-31,5,1,6,3,9
ST010,V00311,P0013,2026-08-31,14,10,24,6,18
ST010,V00312,P0013,2026-08-31,4,1,5,3,9
ST010,V00314,P0014,2026-08-31,5,3,8,2,6
ST010,V00316,P0014,2026-08-31,5,9,14,3,9
ST010,V00317,P0014,2026-08-31,6,5,11,2,6
ST010,V00320,P0014,2026-08-31,13,1,14,4,12
ST010,V00322,P0014,2026-08-31,11,4,15,4,12
ST010,V00324,P0014,2026-08-31,6,2,8,4,12
ST010,V00325,P0014,2026-08-31,7,6,13,3,9
ST010,V00326,P0014,2026-08-31,8,16,24,6,18
ST010,V00328,P0014,2026-08-31,5,3,8,2,6
ST010,V00329,P0014,2026-08-31,1,14,15,4,12
ST010,V00330,P0014,2026-08-31,5,6,11,2,6
ST010,V00331,P0014,2026-08-31,4,4,8,2,6
ST010,V00332,P0014,2026-08-31,4,0,4,3,9
ST010,V00334,P0014,2026-08-31,1,3,4,2,6
ST010,V00336,P0014,2026-08-31,4,0,4,2,6
ST010,V00337,P0015,2026-08-31,3,4,7,2,6
ST010,V00339,P0015,2026-08-31,3,8,11,4,12
ST010,V00340,P0015,2026-08-31,8,8,16,3,9
ST010,V00341,P0015,2026-08-31,5,9,14,3,9
ST010,V00344,P0015,2026-08-31,12,3,15,4,12
ST010,V00348,P0015,2026-08-31,17,22,39,6,18
ST010,V00349,P0015,2026-08-31,21,4,25,6,18
ST010,V00350,P0015,2026-08-31,2,3,5,2,6
ST010,V00351,P0015,2026-08-31,3,3,6,2,6
ST010,V00352,P0015,2026-08-31,7,0,7,2,6
ST010,V00353,P0015,2026-08-31,8,0,8,4,12
ST010,V00354,P0015,2026-08-31,7,2,9,4,12
ST010,V00356,P0015,2026-08-31,10,9,19,3,9
ST010,V00357,P0015,2026-08-31,17,9,26,4,12
ST010,V00359,P0015,2026-08-31,5,3,8,2,6
ST010,V00361,P0016,2026-08-31,5,1,6,2,6
ST010,V00362,P0016,2026-08-31,0,3,3,2,6
ST010,V00364,P0016,2026-08-31,9,2,11,3,9
ST010,V00365,P0016,2026-08-31,5,0,5,2,6
ST010,V00368,P0016,2026-08-31,8,12,20,4,12
ST010,V00369,P0016,2026-08-31,3,3,6,2,6
ST010,V00370,P0016,2026-08-31,3,6,9,2,6
ST010,V00373,P0016,2026-08-31,1,1,2,2,6
ST010,V00375,P0016,2026-08-31,3,1,4,2,6
ST010,V00376,P0016,2026-08-31,4,3,7,2,6
ST010,V00377,P0016,2026-08-31,4,6,10,4,12
ST010,V00378,P0016,2026-08-31,3,3,6,2,6
ST010,V00380,P0016,2026-08-31,5,1,6,2,6
ST010,V00381,P0016,2026-08-31,6,6,12,3,9
ST010,V00382,P0016,2026-08-31,4,4,8,2,6
ST010,V00383,P0016,2026-08-31,1,0,1,2,6
ST010,V00388,P0017,2026-08-31,12,5,17,3,9
ST010,V00391,P0017,2026-08-31,11,7,18,3,9
ST010,V00392,P0017,2026-08-31,6,6,12,4,12
ST010,V00397,P0017,2026-08-31,3,5,8,3,9
ST010,V00399,P0017,2026-08-31,16,11,27,6,18
ST010,V00402,P0017,2026-08-31,11,0,11,3,9
ST010,V00403,P0018,2026-08-31,1,4,5,3,9
ST010,V00404,P0018,2026-08-31,8,7,15,3,9
ST010,V00405,P0018,2026-08-31,14,7,21,6,18
ST010,V00412,P0018,2026-08-31,3,4,7,3,9
ST010,V00417,P0018,2026-08-31,7,2,9,2,6
ST010,V00418,P0018,2026-08-31,14,6,20,6,18
ST010,V00421,P0019,2026-08-31,3,2,5,2,6
ST010,V00422,P0019,2026-08-31,7,4,11,2,6
ST010,V00425,P0019,2026-08-31,3,8,11,2,6
ST010,V00427,P0019,2026-08-31,1,7,8,3,9
ST010,V00428,P0019,2026-08-31,3,3,6,2,6
ST010,V00429,P0019,2026-08-31,14,0,14,4,12
ST010,V00430,P0019,2026-08-31,2,0,2,2,6
ST010,V00432,P0019,2026-08-31,16,0,16,6,18
ST010,V00433,P0019,2026-08-31,3,2,5,2,6
ST010,V00435,P0019,2026-08-31,4,3,7,3,9
ST010,V00439,P0020,2026-08-31,4,8,12,3,9
ST010,V00441,P0020,2026-08-31,10,1,11,3,9
ST010,V00443,P0020,2026-08-31,2,4,6,2,6
ST010,V00445,P0020,2026-08-31,13,2,15,3,9
ST010,V00447,P0020,2026-08-31,1,2,3,2,6
ST010,V00448,P0020,2026-08-31,3,6,9,2,6
ST010,V00449,P0020,2026-08-31,9,8,17,4,12
ST010,V00450,P0020,2026-08-31,0,2,2,2,6
ST010,V00452,P0020,2026-08-31,8,7,15,4,12
ST010,V00453,P0020,2026-08-31,4,7,11,3,9
ST010,V00454,P0020,2026-08-31,1,1,2,2,6
ST010,V00455,P0020,2026-08-31,3,1,4,2,6
ST010,V00457,P0021,2026-08-31,4,3,7,2,6
ST010,V00458,P0021,2026-08-31,3,11,14,3,9
ST010,V00459,P0021,2026-08-31,1,6,7,3,9
ST010,V00460,P0021,2026-08-31,13,8,21,4,12
ST010,V00461,P0021,2026-08-31,4,0,4,2,6
ST010,V00464,P0021,2026-08-31,7,3,10,2,6
ST010,V00465,P0021,2026-08-31,1,3,4,2,6
ST010,V00467,P0021,2026-08-31,9,1,10,4,12
ST010,V00468,P0021,2026-08-31,16,5,21,6,18
ST010,V00469,P0021,2026-08-31,7,6,13,2,6
ST010,V00470,P0021,2026-08-31,2,4,6,2,6
ST010,V00473,P0021,2026-08-31,7,8,15,3,9
ST010,V00476,P0022,2026-08-31,18,15,33,6,18
ST010,V00478,P0022,2026-08-31,10,4,14,4,12
ST010,V00481,P0022,2026-08-31,4,1,5,3,9
ST010,V00482,P0022,2026-08-31,7,7,14,2,6
ST010,V00484,P0022,2026-08-31,1,1,2,2,6
ST010,V00489,P0022,2026-08-31,4,2,6,2,6
ST010,V00491,P0022,2026-08-31,3,3,6,2,6
ST010,V00492,P0022,2026-08-31,4,0,4,3,9
ST010,V00493,P0023,2026-08-31,0,8,8,6,18
ST010,V00494,P0023,2026-08-31,11,21,32,6,18
ST010,V00495,P0023,2026-08-31,5,5,10,2,6
ST010,V00496,P0023,2026-08-31,4,3,7,2,6
ST010,V00498,P0023,2026-08-31,7,5,12,2,6
ST010,V00499,P0023,2026-08-31,12,11,23,6,18
ST010,V00502,P0023,2026-08-31,8,9,17,3,9
ST010,V00503,P0023,2026-08-31,3,5,8,2,6
ST010,V00505,P0023,2026-08-31,9,4,13,3,9
ST010,V00510,P0023,2026-08-31,6,2,8,4,12
ST010,V00511,P0024,2026-08-31,9,17,26,4,12
ST010,V00512,P0024,2026-08-31,8,1,9,4,12
ST010,V00514,P0024,2026-08-31,7,10,17,4,12
ST010,V00515,P0024,2026-08-31,7,6,13,4,12
ST010,V00516,P0024,2026-08-31,6,6,12,3,9
ST010,V00517,P0024,2026-08-31,5,6,11,3,9
ST010,V00521,P0024,2026-08-31,9,10,19,3,9
ST010,V00523,P0024,2026-08-31,8,9,17,4,12
ST010,V00526,P0024,2026-08-31,6,4,10,2,6
ST010,V00533,P0025,2026-08-31,6,6,12,2,6
ST010,V00534,P0025,2026-08-31,6,1,7,2,6
ST010,V00536,P0025,2026-08-31,5,5,10,2,6
ST010,V00537,P0025,2026-08-31,4,5,9,3,9
ST010,V00538,P0025,2026-08-31,2,0,2,2,6
ST010,V00543,P0025,2026-08-31,4,6,10,4,12
ST010,V00544,P0025,2026-08-31,4,3,7,4,12
ST010,V00545,P0025,2026-08-31,3,2,5,2,6
ST010,V00547,P0026,2026-08-31,9,5,14,3,9
ST010,V00548,P0026,2026-08-31,6,0,6,3,9
ST010,V00549,P0026,2026-08-31,6,4,10,2,6
ST010,V00550,P0026,2026-08-31,8,0,8,3,9
ST010,V00552,P0026,2026-08-31,6,1,7,3,9
ST010,V00553,P0026,2026-08-31,7,3,10,4,12
ST010,V00556,P0026,2026-08-31,8,5,13,4,12
ST010,V00558,P0026,2026-08-31,10,16,26,6,18
ST010,V00559,P0026,2026-08-31,7,3,10,3,9
ST010,V00561,P0026,2026-08-31,9,6,15,4,12
ST010,V00562,P0026,2026-08-31,3,2,5,2,6
ST010,V00565,P0027,2026-08-31,8,13,21,6,18
ST010,V00566,P0027,2026-08-31,11,9,20,4,12
ST010,V00567,P0027,2026-08-31,7,6,13,3,9
ST010,V00570,P0027,2026-08-31,4,4,8,2,6
ST010,V00574,P0027,2026-08-31,8,1,9,3,9
ST010,V00576,P0027,2026-08-31,1,2,3,3,9
ST010,V00577,P0027,2026-08-31,3,6,9,3,9
ST010,V00579,P0027,2026-08-31,2,5,7,2,6
ST010,V00580,P0027,2026-08-31,0,4,4,2,6
ST010,V00581,P0027,2026-08-31,2,5,7,3,9
ST010,V00582,P0027,2026-08-31,5,4,9,3,9
ST010,V00583,P0028,2026-08-31,13,8,21,6,18
ST010,V00584,P0028,2026-08-31,6,8,14,4,12
ST010,V00585,P0028,2026-08-31,5,4,9,4,12
ST010,V00586,P0028,2026-08-31,3,5,8,4,12
ST010,V00589,P0028,2026-08-31,11,10,21,4,12
ST010,V00590,P0028,2026-08-31,7,0,7,3,9
ST010,V00592,P0028,2026-08-31,4,0,4,2,6
ST010,V00593,P0028,2026-08-31,7,11,18,3,9
ST010,V00594,P0028,2026-08-31,4,0,4,2,6
ST010,V00595,P0028,2026-08-31,11,16,27,6,18
ST010,V00596,P0028,2026-08-31,7,8,15,3,9
ST010,V00597,P0028,2026-08-31,3,7,10,3,9
ST010,V00599,P0028,2026-08-31,4,4,8,2,6
ST010,V00605,P0029,2026-08-31,11,1,12,4,12
ST010,V00607,P0029,2026-08-31,5,0,5,3,9
ST010,V00608,P0029,2026-08-31,5,3,8,2,6
ST010,V00612,P0029,2026-08-31,3,2,5,3,9
ST010,V00614,P0029,2026-08-31,2,1,3,3,9
ST010,V00616,P0029,2026-08-31,4,4,8,4,12
ST010,V00618,P0029,2026-08-31,5,3,8,4,12
ST010,V00620,P0030,2026-08-31,4,3,7,2,6
ST010,V00621,P0030,2026-08-31,4,1,5,2,6
ST010,V00622,P0030,2026-08-31,3,4,7,2,6
ST010,V00624,P0030,2026-08-31,11,2,13,6,18
ST010,V00630,P0030,2026-08-31,10,15,25,4,12
ST010,V00631,P0030,2026-08-31,8,3,11,3,9
ST010,V00632,P0030,2026-08-31,4,4,8,2,6
ST010,V00633,P0030,2026-08-31,2,3,5,2,6
ST010,V00635,P0030,2026-08-31,5,3,8,2,6
ST010,V00636,P0030,2026-08-31,0,0,0,2,6
ST010,V00637,P0031,2026-08-31,11,2,13,4,12
ST010,V00639,P0031,2026-08-31,5,8,13,4,12
ST010,V00644,P0031,2026-08-31,0,3,3,2,6
ST010,V00645,P0031,2026-08-31,7,0,7,2,6
ST010,V00646,P0031,2026-08-31,6,3,9,2,6
ST010,V00647,P0031,2026-08-31,1,5,6,2,6
ST010,V00656,P0032,2026-08-31,4,5,9,2,6
ST010,V00659,P0032,2026-08-31,2,8,10,2,6
ST010,V00661,P0032,2026-08-31,13,1,14,4,12
ST010,V00662,P0032,2026-08-31,8,7,15,3,9
ST010,V00664,P0032,2026-08-31,5,7,12,3,9
ST010,V00667,P0032,2026-08-31,6,0,6,4,12
ST010,V00668,P0032,2026-08-31,1,5,6,2,6
ST010,V00672,P0032,2026-08-31,5,9,14,3,9
ST010,V00676,P0033,2026-08-31,3,3,6,2,6
ST010,V00681,P0033,2026-08-31,13,8,21,6,18
ST010,V00682,P0033,2026-08-31,15,14,29,4,12
ST010,V00685,P0033,2026-08-31,2,1,3,2,6
ST010,V00687,P0033,2026-08-31,3,0,3,2,6
ST010,V00688,P0033,2026-08-31,3,1,4,2,6
ST010,V00689,P0033,2026-08-31,4,3,7,2,6
ST010,V00690,P0033,2026-08-31,8,6,14,3,9
ST010,V00692,P0034,2026-08-31,5,3,8,2,6
ST010,V00693,P0034,2026-08-31,5,8,13,3,9
ST010,V00694,P0034,2026-08-31,9,9,18,4,12
ST010,V00696,P0034,2026-08-31,8,2,10,3,9
ST010,V00697,P0034,2026-08-31,8,1,9,3,9
ST010,V00698,P0034,2026-08-31,3,3,6,2,6
ST010,V00701,P0034,2026-08-31,2,0,2,3,9
ST010,V00702,P0034,2026-08-31,3,1,4,2,6
ST010,V00703,P0034,2026-08-31,1,5,6,2,6
ST010,V00705,P0034,2026-08-31,5,6,11,4,12
ST010,V00706,P0034,2026-08-31,2,3,5,2,6
ST010,V00707,P0034,2026-08-31,4,6,10,3,9
ST011,V00002,P0001,2026-08-31,9,11,20,3,9
ST011,V00003,P0001,2026-08-31,7,9,16,3,9
ST011,V00005,P0001,2026-08-31,16,0,16,6,18
ST011,V00006,P0001,2026-08-31,11,8,19,4,12
ST011,V00008,P0001,2026-08-31,8,1,9,3,9
ST011,V00009,P0001,2026-08-31,2,4,6,2,6
ST011,V00013,P0001,2026-08-31,2,0,2,2,6
ST011,V00014,P0001,2026-08-31,4,1,5,2,6
ST011,V00015,P0001,2026-08-31,10,3,13,3,9
ST011,V00016,P0001,2026-08-31,8,8,16,3,9
ST011,V00020,P0001,2026-08-31,0,0,0,2,6
ST011,V00021,P0001,2026-08-31,5,1,6,2,6
ST011,V00022,P0001,2026-08-31,5,1,6,2,6
ST011,V00024,P0001,2026-08-31,0,1,1,2,6
ST011,V00026,P0002,2026-08-31,7,0,7,4,12
ST011,V00030,P0002,2026-08-31,6,4,10,4,12
ST011,V00032,P0002,2026-08-31,11,11,22,4,12
ST011,V00035,P0002,2026-08-31,3,8,11,2,6
ST011,V00036,P0002,2026-08-31,7,6,13,2,6
ST011,V00040,P0002,2026-08-31,4,6,10,2,6
ST011,V00042,P0002,2026-08-31,4,2,6,2,6
ST011,V00045,P0002,2026-08-31,13,10,23,4,12
ST011,V00046,P0002,2026-08-31,5,4,9,2,6
ST011,V00047,P0002,2026-08-31,3,4,7,3,9
ST011,V00048,P0002,2026-08-31,6,5,11,3,9
ST011,V00049,P0003,2026-08-31,18,1,19,4,12
ST011,V00050,P0003,2026-08-31,10,7,17,4,12
ST011,V00053,P0003,2026-08-31,3,6,9,4,12
ST011,V00055,P0003,2026-08-31,5,8,13,3,9
ST011,V00056,P0003,2026-08-31,3,3,6,2,6
ST011,V00058,P0003,2026-08-31,7,6,13,3,9
ST011,V00060,P0003,2026-08-31,4,4,8,2,6
ST011,V00061,P0003,2026-08-31,6,4,10,2,6
ST011,V00065,P0003,2026-08-31,2,1,3,2,6
ST011,V00066,P0003,2026-08-31,1,5,6,3,9
ST011,V00067,P0003,2026-08-31,11,6,17,4,12
ST011,V00070,P0003,2026-08-31,4,4,8,2,6
ST011,V00071,P0003,2026-08-31,7,2,9,2,6
ST011,V00072,P0003,2026-08-31,9,8,17,3,9
ST011,V00073,P0004,2026-08-31,5,1,6,2,6
ST011,V00074,P0004,2026-08-31,10,0,10,4,12
ST011,V00076,P0004,2026-08-31,5,4,9,2,6
ST011,V00081,P0004,2026-08-31,4,5,9,2,6
ST011,V00082,P0004,2026-08-31,8,6,14,4,12
ST011,V00083,P0004,2026-08-31,5,8,13,3,9
ST011,V00084,P0004,2026-08-31,11,2,13,3,9
ST011,V00087,P0004,2026-08-31,3,2,5,2,6
ST011,V00091,P0004,2026-08-31,7,7,14,6,18
ST011,V00093,P0004,2026-08-31,7,5,12,2,6
ST011,V00094,P0004,2026-08-31,4,7,11,2,6
ST011,V00095,P0004,2026-08-31,5,3,8,2,6
ST011,V00096,P0004,2026-08-31,5,5,10,2,6
ST011,V00097,P0005,2026-08-31,13,2,15,6,18
ST011,V00099,P0005,2026-08-31,7,3,10,3,9
ST011,V00102,P0005,2026-08-31,5,2,7,3,9
ST011,V00105,P0005,2026-08-31,5,8,13,4,12
ST011,V00107,P0005,2026-08-31,9,11,20,4,12
ST011,V00108,P0005,2026-08-31,9,8,17,4,12
ST011,V00109,P0005,2026-08-31,3,4,7,2,6
ST011,V00112,P0005,2026-08-31,4,5,9,2,6
ST011,V00117,P0005,2026-08-31,6,0,6,2,6
ST011,V00118,P0005,2026-08-31,4,0,4,2,6
ST011,V00119,P0005,2026-08-31,3,4,7,2,6
ST011,V00121,P0006,2026-08-31,3,1,4,3,9
ST011,V00124,P0006,2026-08-31,7,4,11,3,9
ST011,V00127,P0006,2026-08-31,4,2,6,2,6
ST011,V00128,P0006,2026-08-31,8,6,14,3,9
ST011,V00137,P0006,2026-08-31,3,6,9,2,6
ST011,V00139,P0006,2026-08-31,4,4,8,2,6
ST011,V00140,P0006,2026-08-31,11,5,16,6,18
ST011,V00141,P0006,2026-08-31,7,5,12,3,9
ST011,V00142,P0006,2026-08-31,6,6,12,4,12
ST011,V00144,P0006,2026-08-31,10,0,10,4,12
ST011,V00145,P0007,2026-08-31,7,1,8,3,9
ST011,V00148,P0007,2026-08-31,1,2,3,4,12
ST011,V00150,P0007,2026-08-31,8,5,13,4,12
ST011,V00154,P0007,2026-08-31,6,4,10,3,9
ST011,V00156,P0007,2026-08-31,5,7,12,4,12
ST011,V00157,P0007,2026-08-31,4,4,8,2,6
ST011,V00158,P0007,2026-08-31,10,8,18,3,9
ST011,V00165,P0007,2026-08-31,3,3,6,2,6
ST011,V00168,P0007,2026-08-31,9,13,22,3,9
ST011,V00169,P0008,2026-08-31,1,5,6,3,9
ST011,V00170,P0008,2026-08-31,7,7,14,4,12
ST011,V00171,P0008,2026-08-31,2,2,4,3,9
ST011,V00172,P0008,2026-08-31,3,2,5,2,6
ST011,V00173,P0008,2026-08-31,6,7,13,3,9
ST011,V00174,P0008,2026-08-31,6,1,7,2,6
ST011,V00176,P0008,2026-08-31,3,3,6,3,9
ST011,V00177,P0008,2026-08-31,3,6,9,2,6
ST011,V00178,P0008,2026-08-31,5,1,6,4,12
ST011,V00180,P0008,2026-08-31,3,5,8,3,9
ST011,V00181,P0008,2026-08-31,7,14,21,4,12
ST011,V00182,P0008,2026-08-31,8,4,12,3,9
ST011,V00188,P0008,2026-08-31,3,3,6,2,6
ST011,V00189,P0008,2026-08-31,8,0,8,4,12
ST011,V00190,P0008,2026-08-31,5,3,8,2,6
ST011,V00191,P0008,2026-08-31,10,6,16,4,12
ST011,V00193,P0009,2026-08-31,3,0,3,3,9
ST011,V00196,P0009,2026-08-31,6,4,10,3,9
ST011,V00200,P0009,2026-08-31,4,4,8,2,6
ST011,V00201,P0009,2026-08-31,5,21,26,4,12
ST011,V00202,P0009,2026-08-31,10,9,19,3,9
ST011,V00203,P0009,2026-08-31,2,3,5,2,6
ST011,V00204,P0009,2026-08-31,1,3,4,2,6
ST011,V00205,P0009,2026-08-31,3,4,7,2,6
ST011,V00206,P0009,2026-08-31,8,0,8,4,12
ST011,V00210,P0009,2026-08-31,3,4,7,2,6
ST011,V00211,P0009,2026-08-31,7,3,10,2,6
ST011,V00214,P0009,2026-08-31,6,8,14,3,9
ST011,V00215,P0009,2026-08-31,3,3,6,2,6
ST011,V00216,P0009,2026-08-31,13,15,28,6,18
ST011,V00218,P0010,2026-08-31,2,5,7,2,6
ST011,V00219,P0010,2026-08-31,5,10,15,4,12
ST011,V00220,P0010,2026-08-31,19,7,26,6,18
ST011,V00222,P0010,2026-08-31,6,13,19,4,12
ST011,V00226,P0010,2026-08-31,6,7,13,4,12
ST011,V00227,P0010,2026-08-31,12,5,17,3,9
ST011,V00228,P0010,2026-08-31,6,1,7,2,6
ST011,V00229,P0010,2026-08-31,3,5,8,2,6
ST011,V00230,P0010,2026-08-31,5,4,9,4,12
ST011,V00233,P0010,2026-08-31,14,0,14,6,18
ST011,V00234,P0010,2026-08-31,11,0,11,6,18
ST011,V00241,P0011,2026-08-31,1,3,4,2,6
ST011,V00242,P0011,2026-08-31,5,4,9,2,6
ST011,V00243,P0011,2026-08-31,2,1,3,2,6
ST011,V00244,P0011,2026-08-31,3,1,4,2,6
ST011,V00245,P0011,2026-08-31,2,4,6,3,9
ST011,V00246,P0011,2026-08-31,14,4,18,6,18
ST011,V00247,P0011,2026-08-31,4,4,8,3,9
ST011,V00248,P0011,2026-08-31,4,0,4,3,9
ST011,V00249,P0011,2026-08-31,3,5,8,4,12
ST011,V00253,P0011,2026-08-31,7,6,13,3,9
ST011,V00257,P0011,2026-08-31,7,12,19,4,12
ST011,V00259,P0011,2026-08-31,14,5,19,4,12
ST011,V00263,P0011,2026-08-31,10,9,19,6,18
ST011,V00265,P0012,2026-08-31,9,1,10,3,9
ST011,V00266,P0012,2026-08-31,4,7,11,3,9
ST011,V00267,P0012,2026-08-31,19,13,32,6,18
ST011,V00268,P0012,2026-08-31,8,1,9,4,12
ST011,V00270,P0012,2026-08-31,3,6,9,2,6
ST011,V00272,P0012,2026-08-31,3,5,8,3,9
ST011,V00273,P0012,2026-08-31,3,8,11,3,9
ST011,V00274,P0012,2026-08-31,8,0,8,6,18
ST011,V00276,P0012,2026-08-31,7,0,7,3,9
ST011,V00278,P0012,2026-08-31,4,5,9,2,6
ST011,V00280,P0012,2026-08-31,5,5,10,2,6
ST011,V00284,P0012,2026-08-31,6,0,6,6,18
ST011,V00285,P0012,2026-08-31,4,3,7,2,6
ST011,V00286,P0012,2026-08-31,14,6,20,6,18
ST011,V00287,P0012,2026-08-31,5,8,13,2,6
ST011,V00289,P0013,2026-08-31,6,6,12,4,12
ST011,V00290,P0013,2026-08-31,2,15,17,4,12
ST011,V00292,P0013,2026-08-31,4,7,11,3,9
ST011,V00293,P0013,2026-08-31,6,5,11,3,9
ST011,V00294,P0013,2026-08-31,5,6,11,2,6
ST011,V00297,P0013,2026-08-31,9,5,14,4,12
ST011,V00298,P0013,2026-08-31,7,8,15,3,9
ST011,V00300,P0013,2026-08-31,19,3,22,6,18
ST011,V00302,P0013,2026-08-31,5,1,6,3,9
ST011,V00303,P0013,2026-08-31,5,7,12,4,12
ST011,V00308,P0013,2026-08-31,11,8,19,3,9
ST011,V00309,P0013,2026-08-31,2,3,5,2,6
ST011,V00312,P0013,2026-08-31,6,3,9,2,6
ST011,V00315,P0014,2026-08-31,1,4,5,2,6
ST011,V00316,P0014,2026-08-31,6,5,11,3,9
ST011,V00319,P0014,2026-08-31,3,4,7,3,9
ST011,V00321,P0014,2026-08-31,3,4,7,2,6
ST011,V00323,P0014,2026-08-31,13,7,20,4,12
ST011,V00324,P0014,2026-08-31,5,9,14,3,9
ST011,V00326,P0014,2026-08-31,13,3,16,6,18
ST011,V00327,P0014,2026-08-31,4,10,14,3,9
ST011,V00329,P0014,2026-08-31,2,2,4,2,6
ST011,V00334,P0014,2026-08-31,8,7,15,3,9
ST011,V00335,P0014,2026-08-31,6,5,11,2,6
ST011,V00336,P0014,2026-08-31,1,2,3,3,9
ST011,V00337,P0015,2026-08-31,10,5,15,3,9
ST011,V00338,P0015,2026-08-31,9,3,12,4,12
ST011,V00339,P0015,2026-08-31,2,1,3,3,9
ST011,V00340,P0015,2026-08-31,7,7,14,4,12
ST011,V00343,P0015,2026-08-31,3,4,7,3,9
ST011,V00346,P0015,2026-08-31,5,3,8,6,18
ST011,V00349,P0015,2026-08-31,3,2,5,2,6
ST011,V00350,P0015,2026-08-31,16,12,28,4,12
ST011,V00351,P0015,2026-08-31,5,2,7,2,6
ST011,V00352,P0015,2026-08-31,13,9,22,6,18
ST011,V00353,P0015,2026-08-31,11,0,11,6,18
ST011,V00355,P0015,2026-08-31,7,3,10,4,12
ST011,V00356,P0015,2026-08-31,6,4,10,3,9
ST011,V00358,P0015,2026-08-31,1,2,3,2,6
ST011,V00359,P0015,2026-08-31,7,0,7,4,12
ST011,V00360,P0015,2026-08-31,7,0,7,4,12
ST011,V00361,P0016,2026-08-31,3,0,3,2,6
ST011,V00363,P0016,2026-08-31,6,2,8,2,6
ST011,V00365,P0016,2026-08-31,16,14,30,6,18
ST011,V00369,P0016,2026-08-31,5,1,6,2,6
ST011,V00370,P0016,2026-08-31,7,10,17,4,12
ST011,V00371,P0016,2026-08-31,4,1,5,2,6
ST011,V00372,P0016,2026-08-31,2,2,4,2,6
ST011,V00376,P0016,2026-08-31,10,11,21,4,12
ST011,V00377,P0016,2026-08-31,6,6,12,3,9
ST011,V00378,P0016,2026-08-31,1,3,4,2,6
ST011,V00380,P0016,2026-08-31,7,3,10,4,12
ST011,V00383,P0016,2026-08-31,13,16,29,6,18
ST011,V00386,P0017,2026-08-31,3,16,19,6,18
ST011,V00387,P0017,2026-08-31,6,4,10,2,6
ST011,V00388,P0017,2026-08-31,5,2,7,2,6
ST011,V00391,P0017,2026-08-31,5,10,15,3,9
ST011,V00392,P0017,2026-08-31,7,9,16,3,9
ST011,V00394,P0017,2026-08-31,6,11,17,4,12
ST011,V00396,P0017,2026-08-31,13,6,19,6,18
ST011,V00401,P0017,2026-08-31,0,1,1,6,18
ST011,V00402,P0017,2026-08-31,2,4,6,3,9
ST011,V00403,P0018,2026-08-31,6,3,9,2,6
ST011,V00404,P0018,2026-08-31,3,7,10,2,6
ST011,V00410,P0018,2026-08-31,3,3,6,2,6
ST011,V00411,P0018,2026-08-31,7,3,10,6,18
ST011,V00412,P0018,2026-08-31,5,3,8,2,6
ST011,V00414,P0018,2026-08-31,6,8,14,3,9
ST011,V00416,P0018,2026-08-31,3,2,5,2,6
ST011,V00417,P0018,2026-08-31,9,10,19,3,9
ST011,V00418,P0018,2026-08-31,6,6,12,2,6
ST011,V00421,P0019,2026-08-31,11,11,22,4,12
ST011,V00422,P0019,2026-08-31,4,3,7,2,6
ST011,V00424,P0019,2026-08-31,1,2,3,2,6
ST011,V00427,P0019,2026-08-31,6,7,13,4,12
ST011,V00429,P0019,2026-08-31,8,5,13,4,12
ST011,V00431,P0019,2026-08-31,8,6,14,3,9
ST011,V00436,P0019,2026-08-31,4,7,11,2,6
ST011,V00438,P0019,2026-08-31,5,4,9,3,9
ST011,V00439,P0020,2026-08-31,10,9,19,3,9
ST011,V00441,P0020,2026-08-31,9,3,12,4,12
ST011,V00443,P0020,2026-08-31,6,3,9,3,9
ST011,V00444,P0020,2026-08-31,6,9,15,3,9
ST011,V00445,P0020,2026-08-31,9,8,17,3,9
ST011,V00446,P0020,2026-08-31,5,4,9,3,9
ST011,V00447,P0020,2026-08-31,8,9,17,4,12
ST011,V00448,P0020,2026-08-31,3,7,10,2,6
ST011,V00452,P0020,2026-08-31,1,0,1,2,6
ST011,V00453,P0020,2026-08-31,2,7,9,4,12
ST011,V00454,P0020,2026-08-31,0,2,2,2,6
ST011,V00455,P0020,2026-08-31,13,10,23,6,18
ST011,V00457,P0021,2026-08-31,4,2,6,2,6
ST011,V00458,P0021,2026-08-31,17,7,24,4,12
ST011,V00459,P0021,2026-08-31,9,1,10,3,9
ST011,V00460,P0021,2026-08-31,8,0,8,4,12
ST011,V00461,P0021,2026-08-31,2,4,6,2,6
ST011,V00462,P0021,2026-08-31,6,3,9,2,6
ST011,V00465,P0021,2026-08-31,13,9,22,6,18
ST011,V00471,P0021,2026-08-31,6,6,12,3,9
ST011,V00472,P0021,2026-08-31,3,6,9,3,9
ST011,V00473,P0021,2026-08-31,6,1,7,3,9
ST011,V00474,P0021,2026-08-31,2,5,7,2,6
ST011,V00475,P0022,2026-08-31,7,0,7,4,12
ST011,V00476,P0022,2026-08-31,5,5,10,2,6
ST011,V00478,P0022,2026-08-31,2,4,6,2,6
ST011,V00479,P0022,2026-08-31,9,17,26,4,12
ST011,V00482,P0022,2026-08-31,3,6,9,3,9
ST011,V00484,P0022,2026-08-31,4,7,11,3,9
ST011,V00485,P0022,2026-08-31,2,0,2,2,6
ST011,V00486,P0022,2026-08-31,8,6,14,6,18
ST011,V00488,P0022,2026-08-31,5,3,8,3,9
ST011,V00492,P0022,2026-08-31,3,2,5,2,6
ST011,V00495,P0023,2026-08-31,5,7,12,2,6
ST011,V00496,P0023,2026-08-31,0,0,0,2,6
ST011,V00500,P0023,2026-08-31,8,7,15,2,6
ST011,V00501,P0023,2026-08-31,5,10,15,3,9
ST011,V00502,P0023,2026-08-31,4,8,12,3,9
ST011,V00504,P0023,2026-08-31,4,1,5,2,6
ST011,V00505,P0023,2026-08-31,2,2,4,2,6
ST011,V00507,P0023,2026-08-31,7,5,12,3,9
ST011,V00508,P0023,2026-08-31,4,9,13,6,18
ST011,V00510,P0023,2026-08-31,11,8,19,4,12
ST011,V00515,P0024,2026-08-31,4,0,4,2,6
ST011,V00519,P0024,2026-08-31,8,7,15,3,9
ST011,V00521,P0024,2026-08-31,8,2,10,3,9
ST011,V00522,P0024,2026-08-31,7,1,8,3,9
ST011,V00526,P0024,2026-08-31,5,3,8,2,6
ST011,V00527,P0024,2026-08-31,11,10,21,6,18
ST011,V00528,P0024,2026-08-31,0,2,2,2,6
ST011,V00532,P0025,2026-08-31,7,5,12,4,12
ST011,V00534,P0025,2026-08-31,1,4,5,2,6
ST011,V00535,P0025,2026-08-31,5,7,12,3,9
ST011,V00537,P0025,2026-08-31,5,6,11,2,6
ST011,V00538,P0025,2026-08-31,5,4,9,2,6
ST011,V00539,P0025,2026-08-31,4,11,15,4,12
ST011,V00540,P0025,2026-08-31,3,5,8,3,9
ST011,V00542,P0025,2026-08-31,6,5,11,3,9
ST011,V00543,P0025,2026-08-31,10,10,20,4,12
ST011,V00544,P0025,2026-08-31,9,0,9,4,12
ST011,V00547,P0026,2026-08-31,6,4,10,3,9
ST011,V00551,P0026,2026-08-31,6,3,9,3,9
ST011,V00552,P0026,2026-08-31,3,2,5,2,6
ST011,V00554,P0026,2026-08-31,3,0,3,2,6
ST011,V00557,P0026,2026-08-31,3,2,5,3,9
ST011,V00558,P0026,2026-08-31,4,3,7,3,9
ST011,V00559,P0026,2026-08-31,2,11,13,4,12
ST011,V00560,P0026,2026-08-31,12,2,14,3,9
ST011,V00562,P0026,2026-08-31,2,6,8,2,6
ST011,V00565,P0027,2026-08-31,6,5,11,4,12
ST011,V00566,P0027,2026-08-31,5,6,11,2,6
ST011,V00567,P0027,2026-08-31,5,2,7,2,6
ST011,V00569,P0027,2026-08-31,5,6,11,2,6
ST011,V00570,P0027,2026-08-31,8,4,12,3,9
ST011,V00571,P0027,2026-08-31,2,5,7,3,9
ST011,V00572,P0027,2026-08-31,5,4,9,4,12
ST011,V00575,P0027,2026-08-31,10,4,14,3,9
ST011,V00577,P0027,2026-08-31,6,4,10,3,9
ST011,V00578,P0027,2026-08-31,6,0,6,3,9
ST011,V00580,P0027,2026-08-31,5,1,6,2,6
ST011,V00583,P0028,2026-08-31,2,3,5,2,6
ST011,V00584,P0028,2026-08-31,4,6,10,2,6
ST011,V00585,P0028,2026-08-31,2,6,8,3,9
ST011,V00586,P0028,2026-08-31,3,2,5,3,9
ST011,V00588,P0028,2026-08-31,10,6,16,4,12
ST011,V00589,P0028,2026-08-31,3,4,7,2,6
ST011,V00590,P0028,2026-08-31,1,5,6,2,6
ST011,V00592,P0028,2026-08-31,4,2,6,2,6
ST011,V00593,P0028,2026-08-31,5,6,11,3,9
ST011,V00594,P0028,2026-08-31,8,0,8,3,9
ST011,V00596,P0028,2026-08-31,10,0,10,4,12
ST011,V00599,P0028,2026-08-31,4,4,8,3,9
ST011,V00601,P0029,2026-08-31,7,6,13,2,6
ST011,V00602,P0029,2026-08-31,3,8,11,3,9
ST011,V00604,P0029,2026-08-31,4,3,7,3,9
ST011,V00607,P0029,2026-08-31,15,10,25,6,18
ST011,V00608,P0029,2026-08-31,9,3,12,4,12
ST011,V00609,P0029,2026-08-31,3,3,6,2,6
ST011,V00610,P0029,2026-08-31,7,4,11,3,9
ST011,V00612,P0029,2026-08-31,4,1,5,2,6
ST011,V00613,P0029,2026-08-31,1,0,1,2,6
ST011,V00614,P0029,2026-08-31,5,1,6,2,6
ST011,V00615,P0029,2026-08-31,4,7,11,2,6
ST011,V00616,P0029,2026-08-31,15,11,26,6,18
ST011,V00617,P0029,2026-08-31,12,7,19,6,18
ST011,V00618,P0029,2026-08-31,2,3,5,2,6
ST011,V00619,P0030,2026-08-31,1,5,6,3,9
ST011,V00620,P0030,2026-08-31,4,3,7,2,6
ST011,V00623,P0030,2026-08-31,1,8,9,4,12
ST011,V00624,P0030,2026-08-31,12,9,21,4,12
ST011,V00626,P0030,2026-08-31,10,2,12,4,12
ST011,V00629,P0030,2026-08-31,10,2,12,4,12
ST011,V00631,P0030,2026-08-31,3,11,14,4,12
ST011,V00632,P0030,2026-08-31,9,5,14,3,9
ST011,V00634,P0030,2026-08-31,2,4,6,3,9
ST011,V00638,P0031,2026-08-31,4,1,5,2,6
ST011,V00639,P0031,2026-08-31,3,5,8,2,6
ST011,V00642,P0031,2026-08-31,4,4,8,2,6
ST011,V00643,P0031,2026-08-31,7,4,11,3,9
ST011,V00644,P0031,2026-08-31,7,3,10,2,6
ST011,V00646,P0031,2026-08-31,11,8,19,6,18
ST011,V00647,P0031,2026-08-31,6,4,10,2,6
ST011,V00653,P0031,2026-08-31,5,1,6,2,6
ST011,V00655,P0032,2026-08-31,7,7,14,3,9
ST011,V00660,P0032,2026-08-31,9,8,17,6,18
ST011,V00661,P0032,2026-08-31,3,5,8,3,9
ST011,V00663,P0032,2026-08-31,5,1,6,2,6
ST011,V00666,P0032,2026-08-31,2,1,3,2,6
ST011,V00667,P0032,2026-08-31,13,27,40,6,18
ST011,V00668,P0032,2026-08-31,12,0,12,4,12
ST011,V00669,P0032,2026-08-31,4,4,8,2,6
ST011,V00671,P0032,2026-08-31,4,11,15,4,12
ST011,V00672,P0032,2026-08-31,9,7,16,3,9
ST011,V00677,P0033,2026-08-31,6,9,15,3,9
ST011,V00678,P0033,2026-08-31,5,0,5,2,6
ST011,V00682,P0033,2026-08-31,7,2,9,4,12
ST011,V00683,P0033,2026-08-31,3,7,10,2,6
ST011,V00684,P0033,2026-08-31,7,3,10,4,12
ST011,V00686,P0033,2026-08-31,3,3,6,2,6
ST011,V00688,P0033,2026-08-31,9,3,12,4,12
ST011,V00689,P0033,2026-08-31,3,1,4,3,9
ST011,V00691,P0034,2026-08-31,2,0,2,2,6
ST011,V00692,P0034,2026-08-31,4,2,6,2,6
ST011,V00694,P0034,2026-08-31,3,4,7,2,6
ST011,V00701,P0034,2026-08-31,7,4,11,3,9
ST011,V00702,P0034,2026-08-31,4,6,10,2,6
ST011,V00704,P0034,2026-08-31,4,2,6,2,6
ST011,V00705,P0034,2026-08-31,3,2,5,2,6
ST012,V00004,P0001,2026-08-31,10,10,20,4,12
ST012,V00005,P0001,2026-08-31,13,1,14,4,12
ST012,V00006,P0001,2026-08-31,5,13,18,4,12
ST012,V00007,P0001,2026-08-31,6,2,8,2,6
ST012,V00008,P0001,2026-08-31,3,1,4,2,6
ST012,V00009,P0001,2026-08-31,12,6,18,4,12
ST012,V00011,P0001,2026-08-31,4,6,10,2,6
ST012,V00012,P0001,2026-08-31,5,9,14,4,12
ST012,V00015,P0001,2026-08-31,4,0,4,2,6
ST012,V00016,P0001,2026-08-31,9,3,12,3,9
ST012,V00019,P0001,2026-08-31,3,2,5,2,6
ST012,V00022,P0001,2026-08-31,4,0,4,2,6
ST012,V00023,P0001,2026-08-31,7,4,11,3,9
ST012,V00026,P0002,2026-08-31,4,2,6,2,6
ST012,V00027,P0002,2026-08-31,4,4,8,3,9
ST012,V00028,P0002,2026-08-31,6,4,10,2,6
ST012,V00029,P0002,2026-08-31,2,3,5,2,6
ST012,V00031,P0002,2026-08-31,6,5,11,2,6
ST012,V00032,P0002,2026-08-31,3,5,8,2,6
ST012,V00034,P0002,2026-08-31,2,4,6,2,6
ST012,V00035,P0002,2026-08-31,4,3,7,3,9
ST012,V00036,P0002,2026-08-31,2,3,5,2,6
ST012,V00037,P0002,2026-08-31,3,5,8,2,6
ST012,V00039,P0002,2026-08-31,0,3,3,2,6
ST012,V00040,P0002,2026-08-31,8,6,14,4,12
ST012,V00042,P0002,2026-08-31,4,0,4,3,9
ST012,V00043,P0002,2026-08-31,5,1,6,2,6
ST012,V00045,P0002,2026-08-31,5,4,9,2,6
ST012,V00046,P0002,2026-08-31,0,7,7,4,12
ST012,V00047,P0002,2026-08-31,6,2,8,3,9
ST012,V00048,P0002,2026-08-31,7,1,8,3,9
ST012,V00049,P0003,2026-08-31,9,9,18,3,9
ST012,V00050,P0003,2026-08-31,1,1,2,2,6
ST012,V00051,P0003,2026-08-31,1,4,5,3,9
ST012,V00052,P0003,2026-08-31,5,5,10,3,9
ST012,V00054,P0003,2026-08-31,9,12,21,3,9
ST012,V00058,P0003,2026-08-31,7,11,18,3,9
ST012,V00059,P0003,2026-08-31,2,0,2,2,6
ST012,V00060,P0003,2026-08-31,3,2,5,3,9
ST012,V00062,P0003,2026-08-31,3,3,6,2,6
ST012,V00070,P0003,2026-08-31,0,1,1,2,6
ST012,V00071,P0003,2026-08-31,6,2,8,2,6
ST012,V00072,P0003,2026-08-31,4,4,8,2,6
ST012,V00076,P0004,2026-08-31,4,4,8,2,6
ST012,V00077,P0004,2026-08-31,4,3,7,2,6
ST012,V00079,P0004,2026-08-31,4,6,10,3,9
ST012,V00080,P0004,2026-08-31,6,5,11,3,9
ST012,V00082,P0004,2026-08-31,8,2,10,2,6
ST012,V00085,P0004,2026-08-31,7,0,7,3,9
ST012,V00086,P0004,2026-08-31,7,0,7,3,9
ST012,V00090,P0004,2026-08-31,3,15,18,4,12
ST012,V00091,P0004,2026-08-31,12,9,21,3,9
ST012,V00093,P0004,2026-08-31,4,3,7,3,9
ST012,V00095,P0004,2026-08-31,6,2,8,2,6
ST012,V00097,P0005,2026-08-31,8,4,12,3,9
ST012,V00098,P0005,2026-08-31,6,5,11,3,9
ST012,V00100,P0005,2026-08-31,4,3,7,3,9
ST012,V00101,P0005,2026-08-31,2,10,12,4,12
ST012,V00103,P0005,2026-08-31,6,0,6,2,6
ST012,V00104,P0005,2026-08-31,13,7,20,4,12
ST012,V00105,P0005,2026-08-31,4,5,9,2,6
ST012,V00108,P0005,2026-08-31,13,9,22,4,12
ST012,V00109,P0005,2026-08-31,5,3,8,3,9
ST012,V00110,P0005,2026-08-31,13,7,20,4,12
ST012,V00111,P0005,2026-08-31,5,1,6,3,9
ST012,V00112,P0005,2026-08-31,4,3,7,2,6
ST012,V00115,P0005,2026-08-31,5,4,9,3,9
ST012,V00119,P0005,2026-08-31,3,4,7,2,6
ST012,V00120,P0005,2026-08-31,8,2,10,4,12
ST012,V00124,P0006,2026-08-31,9,7,16,3,9
ST012,V00125,P0006,2026-08-31,3,4,7,2,6
ST012,V00126,P0006,2026-08-31,3,4,7,2,6
ST012,V00127,P0006,2026-08-31,12,5,17,4,12
ST012,V00129,P0006,2026-08-31,4,12,16,4,12
ST012,V00131,P0006,2026-08-31,1,3,4,2,6
ST012,V00134,P0006,2026-08-31,4,7,11,3,9
ST012,V00138,P0006,2026-08-31,12,5,17,6,18
ST012,V00142,P0006,2026-08-31,4,3,7,2,6
ST012,V00143,P0006,2026-08-31,6,7,13,4,12
ST012,V00144,P0006,2026-08-31,4,4,8,4,12
ST012,V00145,P0007,2026-08-31,15,14,29,6,18
ST012,V00147,P0007,2026-08-31,8,8,16,3,9
ST012,V00150,P0007,2026-08-31,3,0,3,3,9
ST012,V00151,P0007,2026-08-31,3,3,6,2,6
ST012,V00153,P0007,2026-08-31,4,1,5,3,9
ST012,V00155,P0007,2026-08-31,3,5,8,2,6
ST012,V00156,P0007,2026-08-31,4,4,8,2,6
ST012,V00157,P0007,2026-08-31,2,4,6,2,6
ST012,V00160,P0007,2026-08-31,2,4,6,3,9
ST012,V00161,P0007,2026-08-31,16,6,22,6,18
ST012,V00162,P0007,2026-08-31,3,1,4,2,6
ST012,V00163,P0007,2026-08-31,4,3,7,2,6
ST012,V00164,P0007,2026-08-31,4,2,6,2,6
ST012,V00166,P0007,2026-08-31,4,0,4,2,6
ST012,V00167,P0007,2026-08-31,5,6,11,2,6
ST012,V00168,P0007,2026-08-31,6,3,9,2,6
ST012,V00170,P0008,2026-08-31,5,4,9,2,6
ST012,V00171,P0008,2026-08-31,0,4,4,2,6
ST012,V00172,P0008,2026-08-31,23,14,37,6,18
ST012,V00175,P0008,2026-08-31,5,3,8,2,6
ST012,V00177,P0008,2026-08-31,7,2,9,3,9
ST012,V00180,P0008,2026-08-31,5,8,13,3,9
ST012,V00181,P0008,2026-08-31,11,0,11,4,12
ST012,V00184,P0008,2026-08-31,5,3,8,2,6
ST012,V00185,P0008,2026-08-31,4,2,6,2,6
ST012,V00189,P0008,2026-08-31,12,9,21,4,12
ST012,V00190,P0008,2026-08-31,9,5,14,2,6
ST012,V00192,P0008,2026-08-31,2,2,4,2,6
ST012,V00193,P0009,2026-08-31,7,1,8,3,9
ST012,V00194,P0009,2026-08-31,6,4,10,2,6
ST012,V00195,P0009,2026-08-31,9,0,9,4,12
ST012,V00197,P0009,2026-08-31,5,3,8,2,6
ST012,V00198,P0009,2026-08-31,7,8,15,4,12
ST012,V00200,P0009,2026-08-31,11,0,11,4,12
ST012,V00201,P0009,2026-08-31,12,9,21,6,18
ST012,V00205,P0009,2026-08-31,3,1,4,3,9
ST012,V00210,P0009,2026-08-31,5,0,5,3,9
ST012,V00211,P0009,2026-08-31,5,4,9,3,9
ST012,V00212,P0009,2026-08-31,0,0,0,2,6
ST012,V00215,P0009,2026-08-31,1,3,4,2,6
ST012,V00216,P0009,2026-08-31,7,4,11,3,9
ST012,V00217,P0010,2026-08-31,5,10,15,3,9
ST012,V00218,P0010,2026-08-31,5,6,11,2,6
ST012,V00221,P0010,2026-08-31,13,13,26,6,18
ST012,V00223,P0010,2026-08-31,4,3,7,2,6
ST012,V00224,P0010,2026-08-31,8,6,14,4,12
ST012,V00225,P0010,2026-08-31,11,9,20,4,12
ST012,V00230,P0010,2026-08-31,0,3,3,2,6
ST012,V00231,P0010,2026-08-31,6,0,6,4,12
ST012,V00232,P0010,2026-08-31,4,0,4,2,6
ST012,V00233,P0010,2026-08-31,3,4,7,3,9
ST012,V00234,P0010,2026-08-31,13,12,25,6,18
ST012,V00235,P0010,2026-08-31,10,2,12,3,9
ST012,V00238,P0010,2026-08-31,3,4,7,2,6
ST012,V00239,P0010,2026-08-31,3,4,7,2,6
ST012,V00240,P0010,2026-08-31,11,3,14,4,12
ST012,V00242,P0011,2026-08-31,3,13,16,4,12
ST012,V00244,P0011,2026-08-31,5,6,11,2,6
ST012,V00247,P0011,2026-08-31,11,9,20,4,12
ST012,V00253,P0011,2026-08-31,2,1,3,2,6
ST012,V00254,P0011,2026-08-31,6,10,16,3,9
ST012,V00255,P0011,2026-08-31,6,16,22,6,18
ST012,V00256,P0011,2026-08-31,21,21,42,6,18
ST012,V00259,P0011,2026-08-31,4,2,6,2,6
ST012,V00261,P0011,2026-08-31,13,8,21,4,12
ST012,V00262,P0011,2026-08-31,7,7,14,3,9
ST012,V00264,P0011,2026-08-31,9,21,30,6,18
ST012,V00265,P0012,2026-08-31,6,7,13,3,9
ST012,V00267,P0012,2026-08-31,13,4,17,4,12
ST012,V00268,P0012,2026-08-31,6,2,8,2,6
ST012,V00269,P0012,2026-08-31,3,0,3,2,6
ST012,V00270,P0012,2026-08-31,7,5,12,2,6
ST012,V00272,P0012,2026-08-31,7,3,10,2,6
ST012,V00275,P0012,2026-08-31,4,4,8,3,9
ST012,V00278,P0012,2026-08-31,3,0,3,3,9
ST012,V00279,P0012,2026-08-31,5,3,8,2,6
ST012,V00280,P0012,2026-08-31,11,6,17,4,12
ST012,V00281,P0012,2026-08-31,7,5,12,3,9
ST012,V00282,P0012,2026-08-31,3,3,6,2,6
ST012,V00283,P0012,2026-08-31,0,0,0,2,6
ST012,V00285,P0012,2026-08-31,10,5,15,3,9
ST012,V00286,P0012,2026-08-31,2,6,8,3,9
ST012,V00287,P0012,2026-08-31,9,6,15,3,9
ST012,V00288,P0012,2026-08-31,7,0,7,2,6
ST012,V00290,P0013,2026-08-31,2,5,7,2,6
ST012,V00293,P0013,2026-08-31,5,6,11,6,18
ST012,V00294,P0013,2026-08-31,11,0,11,6,18
ST012,V00298,P0013,2026-08-31,4,7,11,3,9
ST012,V00300,P0013,2026-08-31,13,5,18,4,12
ST012,V00302,P0013,2026-08-31,4,3,7,2,6
ST012,V00303,P0013,2026-08-31,7,1,8,2,6
ST012,V00304,P0013,2026-08-31,5,2,7,2,6
ST012,V00311,P0013,2026-08-31,3,2,5,3,9
ST012,V00313,P0014,2026-08-31,4,4,8,2,6
ST012,V00314,P0014,2026-08-31,1,0,1,2,6
ST012,V00315,P0014,2026-08-31,8,7,15,4,12
ST012,V00316,P0014,2026-08-31,14,9,23,6,18
ST012,V00317,P0014,2026-08-31,3,2,5,2,6
ST012,V00318,P0014,2026-08-31,8,2,10,4,12
ST012,V00319,P0014,2026-08-31,11,2,13,3,9
ST012,V00320,P0014,2026-08-31,3,0,3,2,6
ST012,V00321,P0014,2026-08-31,4,5,9,2,6
ST012,V00323,P0014,2026-08-31,2,5,7,2,6
ST012,V00324,P0014,2026-08-31,3,3,6,2,6
ST012,V00326,P0014,2026-08-31,26,8,34,6,18
ST012,V00327,P0014,2026-08-31,7,1,8,4,12
ST012,V00328,P0014,2026-08-31,4,5,9,3,9
ST012,V00329,P0014,2026-08-31,8,4,12,4,12
ST012,V00330,P0014,2026-08-31,3,6,9,2,6
ST012,V00331,P0014,2026-08-31,3,5,8,2,6
ST012,V00333,P0014,2026-08-31,4,7,11,3,9
ST012,V00334,P0014,2026-08-31,11,3,14,4,12
ST012,V00335,P0014,2026-08-31,8,6,14,3,9
ST012,V00337,P0015,2026-08-31,1,3,4,2,6
ST012,V00347,P0015,2026-08-31,3,6,9,3,9
ST012,V00348,P0015,2026-08-31,3,1,4,2,6
ST012,V00349,P0015,2026-08-31,18,3,21,6,18
ST012,V00351,P0015,2026-08-31,2,31,33,6,18
ST012,V00352,P0015,2026-08-31,9,14,23,4,12
ST012,V00353,P0015,2026-08-31,2,1,3,3,9
ST012,V00354,P0015,2026-08-31,6,1,7,2,6
ST012,V00355,P0015,2026-08-31,17,10,27,6,18
ST012,V00357,P0015,2026-08-31,4,1,5,2,6
ST012,V00361,P0016,2026-08-31,6,8,14,3,9
ST012,V00362,P0016,2026-08-31,6,5,11,3,9
ST012,V00364,P0016,2026-08-31,7,1,8,2,6
ST012,V00369,P0016,2026-08-31,12,2,14,4,12
ST012,V00371,P0016,2026-08-31,21,14,35,6,18
ST012,V00374,P0016,2026-08-31,6,7,13,3,9
ST012,V00377,P0016,2026-08-31,9,8,17,3,9
ST012,V00379,P0016,2026-08-31,12,0,12,6,18
ST012,V00381,P0016,2026-08-31,10,19,29,6,18
ST012,V00382,P0016,2026-08-31,7,5,12,3,9
ST012,V00383,P0016,2026-08-31,2,3,5,2,6
ST012,V00385,P0017,2026-08-31,12,5,17,4,12
ST012,V00388,P0017,2026-08-31,2,4,6,2,6
ST012,V00390,P0017,2026-08-31,2,2,4,2,6
ST012,V00391,P0017,2026-08-31,14,13,27,6,18
ST012,V00393,P0017,2026-08-31,5,1,6,2,6
ST012,V00396,P0017,2026-08-31,9,8,17,3,9
ST012,V00399,P0017,2026-08-31,4,1,5,2,6
ST012,V00400,P0017,2026-08-31,4,11,15,3,9
ST012,V00401,P0017,2026-08-31,13,26,39,6,18
ST012,V00403,P0018,2026-08-31,4,2,6,3,9
ST012,V00404,P0018,2026-08-31,1,7,8,3,9
ST012,V00405,P0018,2026-08-31,7,0,7,3,9
ST012,V00406,P0018,2026-08-31,7,11,18,4,12
ST012,V00407,P0018,2026-08-31,7,3,10,3,9
ST012,V00409,P0018,2026-08-31,3,5,8,2,6
ST012,V00411,P0018,2026-08-31,6,7,13,4,12
ST012,V00412,P0018,2026-08-31,7,3,10,3,9
ST012,V00413,P0018,2026-08-31,11,11,22,4,12
ST012,V00417,P0018,2026-08-31,1,5,6,2,6
ST012,V00418,P0018,2026-08-31,9,10,19,4,12
ST012,V00421,P0019,2026-08-31,5,5,10,2,6
ST012,V00422,P0019,2026-08-31,2,1,3,2,6
ST012,V00427,P0019,2026-08-31,0,7,7,4,12
ST012,V00428,P0019,2026-08-31,4,2,6,2,6
ST012,V00430,P0019,2026-08-31,9,6,15,3,9
ST012,V00431,P0019,2026-08-31,2,0,2,2,6
ST012,V00434,P0019,2026-08-31,3,7,10,2,6
ST012,V00435,P0019,2026-08-31,4,0,4,2,6
ST012,V00437,P0019,2026-08-31,1,6,7,3,9
ST012,V00440,P0020,2026-08-31,5,6,11,3,9
ST012,V00441,P0020,2026-08-31,7,7,14,3,9
ST012,V00442,P0020,2026-08-31,8,4,12,3,9
ST012,V00443,P0020,2026-08-31,3,2,5,2,6
ST012,V00444,P0020,2026-08-31,6,0,6,2,6
ST012,V00445,P0020,2026-08-31,5,3,8,4,12
ST012,V00446,P0020,2026-08-31,5,3,8,2,6
ST012,V00447,P0020,2026-08-31,2,4,6,2,6
ST012,V00453,P0020,2026-08-31,5,2,7,2,6
ST012,V00455,P0020,2026-08-31,1,4,5,2,6
ST012,V00458,P0021,2026-08-31,7,3,10,4,12
ST012,V00459,P0021,2026-08-31,9,11,20,4,12
ST012,V00461,P0021,2026-08-31,15,12,27,6,18
ST012,V00462,P0021,2026-08-31,5,3,8,3,9
ST012,V00465,P0021,2026-08-31,3,4,7,2,6
ST012,V00467,P0021,2026-08-31,6,1,7,3,9
ST012,V00468,P0021,2026-08-31,4,2,6,4,12
ST012,V00469,P0021,2026-08-31,5,15,20,6,18
ST012,V00470,P0021,2026-08-31,5,0,5,2,6
ST012,V00472,P0021,2026-08-31,4,3,7,2,6
ST012,V00474,P0021,2026-08-31,5,8,13,4,12
ST012,V00476,P0022,2026-08-31,7,2,9,2,6
ST012,V00478,P0022,2026-08-31,14,10,24,6,18
ST012,V00481,P0022,2026-08-31,5,4,9,2,6
ST012,V00482,P0022,2026-08-31,2,1,3,2,6
ST012,V00483,P0022,2026-08-31,4,4,8,2,6
ST012,V00484,P0022,2026-08-31,6,3,9,3,9
ST012,V00485,P0022,2026-08-31,7,6,13,4,12
ST012,V00486,P0022,2026-08-31,2,3,5,2,6
ST012,V00489,P0022,2026-08-31,6,1,7,2,6
ST012,V00490,P0022,2026-08-31,8,4,12,3,9
ST012,V00492,P0022,2026-08-31,2,5,7,2,6
ST012,V00493,P0023,2026-08-31,8,0,8,3,9
ST012,V00494,P0023,2026-08-31,1,9,10,4,12
ST012,V00495,P0023,2026-08-31,2,2,4,2,6
ST012,V00496,P0023,2026-08-31,5,3,8,2,6
ST012,V00497,P0023,2026-08-31,2,0,2,2,6
ST012,V00498,P0023,2026-08-31,9,9,18,4,12
ST012,V00499,P0023,2026-08-31,4,3,7,2,6
ST012,V00502,P0023,2026-08-31,5,5,10,3,9
ST012,V00505,P0023,2026-08-31,5,2,7,2,6
ST012,V00506,P0023,2026-08-31,6,3,9,4,12
ST012,V00507,P0023,2026-08-31,9,1,10,4,12
ST012,V00508,P0023,2026-08-31,5,2,7,3,9
ST012,V00513,P0024,2026-08-31,10,17,27,6,18
ST012,V00514,P0024,2026-08-31,7,3,10,3,9
ST012,V00515,P0024,2026-08-31,5,4,9,2,6
ST012,V00516,P0024,2026-08-31,12,3,15,4,12
ST012,V00518,P0024,2026-08-31,9,9,18,3,9
ST012,V00522,P0024,2026-08-31,5,5,10,2,6
ST012,V00524,P0024,2026-08-31,8,5,13,4,12
ST012,V00525,P0024,2026-08-31,9,6,15,4,12
ST012,V00526,P0024,2026-08-31,2,0,2,4,12
ST012,V00527,P0024,2026-08-31,3,3,6,2,6
ST012,V00529,P0025,2026-08-31,8,0,8,3,9
ST012,V00530,P0025,2026-08-31,12,3,15,4,12
ST012,V00531,P0025,2026-08-31,21,24,45,6,18
ST012,V00533,P0025,2026-08-31,5,1,6,2,6
ST012,V00535,P0025,2026-08-31,7,4,11,3,9
ST012,V00536,P0025,2026-08-31,3,2,5,2,6
ST012,V00537,P0025,2026-08-31,9,13,22,3,9
ST012,V00538,P0025,2026-08-31,2,6,8,2,6
ST012,V00539,P0025,2026-08-31,4,4,8,4,12
ST012,V00541,P0025,2026-08-31,4,5,9,3,9
ST012,V00542,P0025,2026-08-31,7,3,10,2,6
ST012,V00543,P0025,2026-08-31,16,2,18,6,18
ST012,V00544,P0025,2026-08-31,2,5,7,2,6
ST012,V00546,P0025,2026-08-31,4,0,4,3,9
ST012,V00550,P0026,2026-08-31,5,4,9,3,9
ST012,V00553,P0026,2026-08-31,2,9,11,3,9
ST012,V00555,P0026,2026-08-31,0,4,4,2,6
ST012,V00557,P0026,2026-08-31,4,5,9,3,9
ST012,V00558,P0026,2026-08-31,4,5,9,2,6
ST012,V00559,P0026,2026-08-31,7,3,10,2,6
ST012,V00561,P0026,2026-08-31,6,5,11,2,6
ST012,V00562,P0026,2026-08-31,2,3,5,2,6
ST012,V00564,P0026,2026-08-31,5,3,8,2,6
ST012,V00565,P0027,2026-08-31,7,10,17,4,12
ST012,V00567,P0027,2026-08-31,13,5,18,4,12
ST012,V00568,P0027,2026-08-31,2,1,3,2,6
ST012,V00569,P0027,2026-08-31,9,8,17,6,18
ST012,V00570,P0027,2026-08-31,3,2,5,2,6
ST012,V00571,P0027,2026-08-31,3,3,6,2,6
ST012,V00575,P0027,2026-08-31,1,5,6,2,6
ST012,V00577,P0027,2026-08-31,4,6,10,2,6
ST012,V00579,P0027,2026-08-31,4,2,6,3,9
ST012,V00581,P0027,2026-08-31,3,1,4,2,6
ST012,V00582,P0027,2026-08-31,2,8,10,4,12
ST012,V00583,P0028,2026-08-31,4,6,10,2,6
ST012,V00585,P0028,2026-08-31,15,9,24,6,18
ST012,V00586,P0028,2026-08-31,7,9,16,4,12
ST012,V00590,P0028,2026-08-31,6,8,14,4,12
ST012,V00595,P0028,2026-08-31,4,5,9,2,6
ST012,V00596,P0028,2026-08-31,6,0,6,4,12
ST012,V00599,P0028,2026-08-31,3,5,8,2,6
ST012,V00602,P0029,2026-08-31,6,6,12,3,9
ST012,V00605,P0029,2026-08-31,7,7,14,2,6
ST012,V00609,P0029,2026-08-31,7,8,15,4,12
ST012,V00612,P0029,2026-08-31,4,3,7,2,6
ST012,V00614,P0029,2026-08-31,5,5,10,3,9
ST012,V00615,P0029,2026-08-31,10,2,12,3,9
ST012,V00616,P0029,2026-08-31,5,2,7,3,9
ST012,V00617,P0029,2026-08-31,5,0,5,3,9
ST012,V00620,P0030,2026-08-31,4,5,9,2,6
ST012,V00621,P0030,2026-08-31,6,4,10,3,9
ST012,V00622,P0030,2026-08-31,19,0,19,6,18
ST012,V00623,P0030,2026-08-31,6,0,6,3,9
ST012,V00625,P0030,2026-08-31,2,4,6,3,9
ST012,V00626,P0030,2026-08-31,7,8,15,4,12
ST012,V00627,P0030,2026-08-31,10,4,14,3,9
ST012,V00629,P0030,2026-08-31,15,27,42,6,18
ST012,V00634,P0030,2026-08-31,2,0,2,2,6
ST012,V00635,P0030,2026-08-31,7,13,20,4,12
ST012,V00636,P0030,2026-08-31,5,8,13,3,9
ST012,V00637,P0031,2026-08-31,3,4,7,2,6
ST012,V00639,P0031,2026-08-31,7,4,11,3,9
ST012,V00640,P0031,2026-08-31,5,4,9,6,18
ST012,V00643,P0031,2026-08-31,8,7,15,4,12
ST012,V00644,P0031,2026-08-31,3,5,8,2,6
ST012,V00645,P0031,2026-08-31,10,4,14,6,18
ST012,V00646,P0031,2026-08-31,4,6,10,2,6
ST012,V00647,P0031,2026-08-31,2,3,5,2,6
ST012,V00648,P0031,2026-08-31,7,1,8,6,18
ST012,V00649,P0031,2026-08-31,4,2,6,4,12
ST012,V00652,P0031,2026-08-31,4,6,10,4,12
ST012,V00653,P0031,2026-08-31,9,13,22,4,12
ST012,V00654,P0031,2026-08-31,4,6,10,3,9
ST012,V00657,P0032,2026-08-31,4,1,5,2,6
ST012,V00660,P0032,2026-08-31,5,10,15,3,9
ST012,V00661,P0032,2026-08-31,2,4,6,2,6
ST012,V00664,P0032,2026-08-31,6,4,10,4,12
ST012,V00665,P0032,2026-08-31,12,1,13,4,12
ST012,V00666,P0032,2026-08-31,7,5,12,2,6
ST012,V00667,P0032,2026-08-31,7,2,9,2,6
ST012,V00668,P0032,2026-08-31,8,1,9,3,9
ST012,V00670,P0032,2026-08-31,3,5,8,2,6
ST012,V00671,P0032,2026-08-31,6,1,7,2,6
ST012,V00674,P0033,2026-08-31,9,11,20,4,12
ST012,V00675,P0033,2026-08-31,5,6,11,3,9
ST012,V00678,P0033,2026-08-31,4,0,4,2,6
ST012,V00679,P0033,2026-08-31,3,6,9,3,9
ST012,V00680,P0033,2026-08-31,2,2,4,3,9
ST012,V00681,P0033,2026-08-31,1,5,6,4,12
ST012,V00682,P0033,2026-08-31,15,6,21,6,18
ST012,V00683,P0033,2026-08-31,3,1,4,2,6
ST012,V00684,P0033,2026-08-31,2,8,10,3,9
ST012,V00688,P0033,2026-08-31,9,0,9,3,9
ST012,V00689,P0033,2026-08-31,8,3,11,3,9
ST012,V00691,P0034,2026-08-31,10,12,22,3,9
ST012,V00692,P0034,2026-08-31,4,0,4,2,6
ST012,V00695,P0034,2026-08-31,5,0,5,2,6
ST012,V00696,P0034,2026-08-31,14,7,21,6,18
ST012,V00697,P0034,2026-08-31,6,5,11,2,6
ST012,V00698,P0034,2026-08-31,5,4,9,4,12
ST012,V00700,P0034,2026-08-31,6,0,6,2,6
ST012,V00701,P0034,2026-08-31,3,4,7,2,6
ST012,V00702,P0034,2026-08-31,8,11,19,3,9
ST012,V00703,P0034,2026-08-31,5,8,13,3,9
ST012,V00705,P0034,2026-08-31,10,10,20,6,18
ST013,V00002,P0001,2026-08-31,6,1,7,2,6
ST013,V00005,P0001,2026-08-31,9,5,14,3,9
ST013,V00007,P0001,2026-08-31,8,3,11,3,9
ST013,V00008,P0001,2026-08-31,4,3,7,2,6
ST013,V00009,P0001,2026-08-31,16,11,27,6,18
ST013,V00010,P0001,2026-08-31,4,0,4,2,6
ST013,V00012,P0001,2026-08-31,4,2,6,3,9
ST013,V00014,P0001,2026-08-31,0,19,19,6,18
ST013,V00019,P0001,2026-08-31,5,0,5,3,9
ST013,V00020,P0001,2026-08-31,6,5,11,2,6
ST013,V00022,P0001,2026-08-31,2,4,6,2,6
ST013,V00023,P0001,2026-08-31,5,2,7,2,6
ST013,V00024,P0001,2026-08-31,8,0,8,3,9
ST013,V00025,P0002,2026-08-31,5,2,7,2,6
ST013,V00027,P0002,2026-08-31,7,2,9,4,12
ST013,V00028,P0002,2026-08-31,10,5,15,6,18
ST013,V00030,P0002,2026-08-31,10,6,16,4,12
ST013,V00033,P0002,2026-08-31,5,5,10,2,6
ST013,V00037,P0002,2026-08-31,0,23,23,6,18
ST013,V00041,P0002,2026-08-31,6,8,14,4,12
ST013,V00043,P0002,2026-08-31,6,2,8,2,6
ST013,V00044,P0002,2026-08-31,3,0,3,2,6
ST013,V00045,P0002,2026-08-31,5,1,6,2,6
ST013,V00047,P0002,2026-08-31,4,0,4,2,6
ST013,V00048,P0002,2026-08-31,3,2,5,2,6
ST013,V00049,P0003,2026-08-31,14,6,20,6,18
ST013,V00050,P0003,2026-08-31,3,5,8,2,6
ST013,V00051,P0003,2026-08-31,13,12,25,4,12
ST013,V00052,P0003,2026-08-31,13,6,19,4,12
ST013,V00053,P0003,2026-08-31,10,8,18,6,18
ST013,V00057,P0003,2026-08-31,8,6,14,6,18
ST013,V00059,P0003,2026-08-31,12,0,12,4,12
ST013,V00060,P0003,2026-08-31,7,9,16,3,9
ST013,V00061,P0003,2026-08-31,7,5,12,2,6
ST013,V00062,P0003,2026-08-31,7,0,7,2,6
ST013,V00063,P0003,2026-08-31,3,1,4,2,6
ST013,V00065,P0003,2026-08-31,1,6,7,2,6
ST013,V00066,P0003,2026-08-31,3,5,8,3,9
ST013,V00067,P0003,2026-08-31,1,12,13,4,12
ST013,V00069,P0003,2026-08-31,8,7,15,3,9
ST013,V00072,P0003,2026-08-31,4,4,8,3,9
ST013,V00074,P0004,2026-08-31,17,1,18,6,18
ST013,V00075,P0004,2026-08-31,5,4,9,2,6
ST013,V00076,P0004,2026-08-31,2,10,12,4,12
ST013,V00078,P0004,2026-08-31,9,0,9,6,18
ST013,V00079,P0004,2026-08-31,4,4,8,2,6
ST013,V00080,P0004,2026-08-31,4,4,8,2,6
ST013,V00082,P0004,2026-08-31,10,0,10,4,12
ST013,V00085,P0004,2026-08-31,2,8,10,3,9
ST013,V00087,P0004,2026-08-31,8,2,10,3,9
ST013,V00088,P0004,2026-08-31,1,21,22,6,18
ST013,V00096,P0004,2026-08-31,2,5,7,2,6
ST013,V00097,P0005,2026-08-31,8,9,17,4,12
ST013,V00098,P0005,2026-08-31,12,5,17,6,18
ST013,V00101,P0005,2026-08-31,2,4,6,2,6
ST013,V00103,P0005,2026-08-31,17,3,20,6,18
ST013,V00106,P0005,2026-08-31,6,4,10,3,9
ST013,V00108,P0005,2026-08-31,4,2,6,3,9
ST013,V00109,P0005,2026-08-31,3,8,11,4,12
ST013,V00112,P0005,2026-08-31,6,3,9,2,6
ST013,V00113,P0005,2026-08-31,6,2,8,2,6
ST013,V00114,P0005,2026-08-31,5,5,10,2,6
ST013,V00116,P0005,2026-08-31,3,1,4,3,9
ST013,V00117,P0005,2026-08-31,9,4,13,3,9
ST013,V00118,P0005,2026-08-31,7,8,15,3,9
ST013,V00121,P0006,2026-08-31,9,1,10,4,12
ST013,V00122,P0006,2026-08-31,13,9,22,4,12
ST013,V00123,P0006,2026-08-31,4,4,8,2,6
ST013,V00126,P0006,2026-08-31,1,1,2,2,6
ST013,V00130,P0006,2026-08-31,2,0,2,2,6
ST013,V00133,P0006,2026-08-31,5,2,7,4,12
ST013,V00134,P0006,2026-08-31,6,6,12,4,12
ST013,V00135,P0006,2026-08-31,3,6,9,2,6
ST013,V00137,P0006,2026-08-31,2,2,4,2,6
ST013,V00138,P0006,2026-08-31,20,11,31,6,18
ST013,V00140,P0006,2026-08-31,5,2,7,2,6
ST013,V00141,P0006,2026-08-31,4,2,6,2,6
ST013,V00142,P0006,2026-08-31,7,8,15,4,12
ST013,V00143,P0006,2026-08-31,3,1,4,2,6
ST013,V00147,P0007,2026-08-31,4,9,13,4,12
ST013,V00149,P0007,2026-08-31,2,4,6,2,6
ST013,V00150,P0007,2026-08-31,3,1,4,2,6
ST013,V00152,P0007,2026-08-31,2,1,3,2,6
ST013,V00154,P0007,2026-08-31,2,3,5,3,9
ST013,V00155,P0007,2026-08-31,10,5,15,3,9
ST013,V00156,P0007,2026-08-31,9,0,9,3,9
ST013,V00157,P0007,2026-08-31,5,3,8,2,6
ST013,V00158,P0007,2026-08-31,11,2,13,4,12
ST013,V00162,P0007,2026-08-31,5,5,10,2,6
ST013,V00164,P0007,2026-08-31,1,7,8,2,6
ST013,V00170,P0008,2026-08-31,4,4,8,2,6
ST013,V00171,P0008,2026-08-31,3,3,6,2,6
ST013,V00172,P0008,2026-08-31,0,1,1,2,6
ST013,V00175,P0008,2026-08-31,4,4,8,2,6
ST013,V00176,P0008,2026-08-31,5,9,14,2,6
ST013,V00179,P0008,2026-08-31,11,18,29,6,18
ST013,V00180,P0008,2026-08-31,7,9,16,3,9
ST013,V00182,P0008,2026-08-31,3,5,8,2,6
ST013,V00184,P0008,2026-08-31,4,7,11,3,9
ST013,V00185,P0008,2026-08-31,6,2,8,3,9
ST013,V00187,P0008,2026-08-31,10,6,16,4,12
ST013,V00188,P0008,2026-08-31,2,2,4,2,6
ST013,V00190,P0008,2026-08-31,8,3,11,4,12
ST013,V00192,P0008,2026-08-31,3,2,5,2,6
ST013,V00195,P0009,2026-08-31,3,7,10,3,9
ST013,V00197,P0009,2026-08-31,8,3,11,3,9
ST013,V00200,P0009,2026-08-31,1,0,1,2,6
ST013,V00201,P0009,2026-08-31,6,0,6,3,9
ST013,V00202,P0009,2026-08-31,2,0,2,2,6
ST013,V00205,P0009,2026-08-31,7,0,7,2,6
ST013,V00206,P0009,2026-08-31,9,0,9,3,9
ST013,V00208,P0009,2026-08-31,2,3,5,2,6
ST013,V00209,P0009,2026-08-31,15,18,33,6,18
ST013,V00212,P0009,2026-08-31,7,1,8,2,6
ST013,V00216,P0009,2026-08-31,3,4,7,2,6
ST013,V00218,P0010,2026-08-31,7,1,8,2,6
ST013,V00220,P0010,2026-08-31,13,8,21,4,12
ST013,V00222,P0010,2026-08-31,12,4,16,4,12
ST013,V00224,P0010,2026-08-31,14,6,20,3,9
ST013,V00225,P0010,2026-08-31,4,2,6,2,6
ST013,V00227,P0010,2026-08-31,6,11,17,3,9
ST013,V00229,P0010,2026-08-31,1,0,1,2,6
ST013,V00230,P0010,2026-08-31,6,3,9,3,9
ST013,V00233,P0010,2026-08-31,4,3,7,2,6
ST013,V00234,P0010,2026-08-31,6,4,10,3,9
ST013,V00237,P0010,2026-08-31,6,5,11,3,9
ST013,V00244,P0011,2026-08-31,5,6,11,2,6
ST013,V00245,P0011,2026-08-31,0,4,4,6,18
ST013,V00246,P0011,2026-08-31,11,10,21,3,9
ST013,V00247,P0011,2026-08-31,8,7,15,3,9
ST013,V00249,P0011,2026-08-31,2,5,7,2,6
ST013,V00250,P0011,2026-08-31,8,3,11,2,6
ST013,V00251,P0011,2026-08-31,15,11,26,4,12
ST013,V00252,P0011,2026-08-31,5,3,8,2,6
ST013,V00255,P0011,2026-08-31,6,4,10,2,6
ST013,V00256,P0011,2026-08-31,2,5,7,3,9
ST013,V00258,P0011,2026-08-31,13,14,27,6,18
ST013,V00259,P0011,2026-08-31,10,1,11,3,9
ST013,V00260,P0011,2026-08-31,4,2,6,4,12
ST013,V00262,P0011,2026-08-31,12,5,17,4,12
ST013,V00263,P0011,2026-08-31,1,3,4,2,6
ST013,V00264,P0011,2026-08-31,14,7,21,6,18
ST013,V00270,P0012,2026-08-31,12,1,13,6,18
ST013,V00273,P0012,2026-08-31,3,2,5,2,6
ST013,V00274,P0012,2026-08-31,5,3,8,3,9
ST013,V00277,P0012,2026-08-31,5,6,11,3,9
ST013,V00279,P0012,2026-08-31,8,4,12,4,12
ST013,V00280,P0012,2026-08-31,5,7,12,3,9
ST013,V00281,P0012,2026-08-31,3,5,8,2,6
ST013,V00283,P0012,2026-08-31,9,2,11,3,9
ST013,V00284,P0012,2026-08-31,14,10,24,6,18
ST013,V00285,P0012,2026-08-31,7,3,10,2,6
ST013,V00287,P0012,2026-08-31,8,10,18,6,18
ST013,V00288,P0012,2026-08-31,2,4,6,3,9
ST013,V00289,P0013,2026-08-31,8,2,10,3,9
ST013,V00290,P0013,2026-08-31,1,2,3,2,6
ST013,V00293,P0013,2026-08-31,6,2,8,3,9
ST013,V00294,P0013,2026-08-31,5,2,7,2,6
ST013,V00296,P0013,2026-08-31,4,0,4,2,6
ST013,V00299,P0013,2026-08-31,4,5,9,2,6
ST013,V00300,P0013,2026-08-31,5,0,5,2,6
ST013,V00303,P0013,2026-08-31,7,12,19,3,9
ST013,V00304,P0013,2026-08-31,9,11,20,4,12
ST013,V00305,P0013,2026-08-31,9,17,26,4,12
ST013,V00307,P0013,2026-08-31,6,4,10,3,9
ST013,V00310,P0013,2026-08-31,7,2,9,2,6
ST013,V00312,P0013,2026-08-31,3,6,9,2,6
ST013,V00316,P0014,2026-08-31,11,6,17,4,12
ST013,V00317,P0014,2026-08-31,9,8,17,3,9
ST013,V00319,P0014,2026-08-31,11,10,21,4,12
ST013,V00322,P0014,2026-08-31,8,13,21,3,9
ST013,V00324,P0014,2026-08-31,6,4,10,2,6
ST013,V00330,P0014,2026-08-31,8,6,14,3,9
ST013,V00331,P0014,2026-08-31,9,9,18,3,9
ST013,V00333,P0014,2026-08-31,3,0,3,2,6
ST013,V00338,P0015,2026-08-31,1,4,5,2,6
ST013,V00340,P0015,2026-08-31,3,6,9,2,6
ST013,V00341,P0015,2026-08-31,8,10,18,4,12
ST013,V00342,P0015,2026-08-31,3,2,5,2,6
ST013,V00344,P0015,2026-08-31,1,1,2,2,6
ST013,V00345,P0015,2026-08-31,6,2,8,2,6
ST013,V00346,P0015,2026-08-31,6,8,14,3,9
ST013,V00347,P0015,2026-08-31,7,6,13,2,6
ST013,V00349,P0015,2026-08-31,8,5,13,4,12
ST013,V00351,P0015,2026-08-31,5,4,9,2,6
ST013,V00353,P0015,2026-08-31,2,7,9,3,9
ST013,V00354,P0015,2026-08-31,6,4,10,2,6
ST013,V00355,P0015,2026-08-31,5,3,8,2,6
ST013,V00358,P0015,2026-08-31,1,0,1,2,6
ST013,V00360,P0015,2026-08-31,6,3,9,2,6
ST013,V00362,P0016,2026-08-31,5,2,7,2,6
ST013,V00365,P0016,2026-08-31,4,5,9,3,9
ST013,V00367,P0016,2026-08-31,8,7,15,3,9
ST013,V00368,P0016,2026-08-31,17,5,22,6,18
ST013,V00369,P0016,2026-08-31,7,0,7,3,9
ST013,V00370,P0016,2026-08-31,9,2,11,4,12
ST013,V00371,P0016,2026-08-31,6,1,7,2,6
ST013,V00372,P0016,2026-08-31,7,5,12,2,6
ST013,V00374,P0016,2026-08-31,2,7,9,2,6
ST013,V00375,P0016,2026-08-31,5,3,8,2,6
ST013,V00378,P0016,2026-08-31,6,3,9,2,6
ST013,V00379,P0016,2026-08-31,2,7,9,2,6
ST013,V00380,P0016,2026-08-31,4,1,5,2,6
ST013,V00381,P0016,2026-08-31,2,0,2,2,6
ST013,V00383,P0016,2026-08-31,7,3,10,3,9
ST013,V00384,P0016,2026-08-31,7,4,11,4,12
ST013,V00385,P0017,2026-08-31,4,1,5,2,6
ST013,V00388,P0017,2026-08-31,5,2,7,3,9
ST013,V00389,P0017,2026-08-31,1,3,4,2,6
ST013,V00390,P0017,2026-08-31,2,6,8,2,6
ST013,V00392,P0017,2026-08-31,9,10,19,4,12
ST013,V00394,P0017,2026-08-31,6,2,8,3,9
ST013,V00395,P0017,2026-08-31,5,3,8,3,9
ST013,V00399,P0017,2026-08-31,9,9,18,4,12
ST013,V00402,P0017,2026-08-31,6,3,9,2,6
ST013,V00403,P0018,2026-08-31,13,14,27,6,18
ST013,V00404,P0018,2026-08-31,7,4,11,2,6
ST013,V00406,P0018,2026-08-31,5,0,5,4,12
ST013,V00407,P0018,2026-08-31,3,6,9,2,6
ST013,V00411,P0018,2026-08-31,9,1,10,2,6
ST013,V00415,P0018,2026-08-31,1,2,3,3,9
ST013,V00417,P0018,2026-08-31,9,3,12,3,9
ST013,V00418,P0018,2026-08-31,2,5,7,2,6
ST013,V00419,P0018,2026-08-31,4,0,4,2,6
ST013,V00422,P0019,2026-08-31,10,0,10,3,9
ST013,V00423,P0019,2026-08-31,5,6,11,2,6
ST013,V00425,P0019,2026-08-31,11,1,12,3,9
ST013,V00426,P0019,2026-08-31,5,2,7,2,6
ST013,V00428,P0019,2026-08-31,4,1,5,2,6
ST013,V00429,P0019,2026-08-31,2,2,4,2,6
ST013,V00432,P0019,2026-08-31,5,3,8,4,12
ST013,V00438,P0019,2026-08-31,5,3,8,3,9
ST013,V00440,P0020,2026-08-31,4,2,6,3,9
ST013,V00441,P0020,2026-08-31,6,1,7,4,12
ST013,V00443,P0020,2026-08-31,6,0,6,4,12
ST013,V00445,P0020,2026-08-31,12,0,12,4,12
ST013,V00446,P0020,2026-08-31,4,12,16,6,18
ST013,V00449,P0020,2026-08-31,6,15,21,4,12
ST013,V00450,P0020,2026-08-31,12,2,14,6,18
ST013,V00451,P0020,2026-08-31,3,5,8,2,6
ST013,V00452,P0020,2026-08-31,2,1,3,2,6
ST013,V00454,P0020,2026-08-31,6,10,16,3,9
ST013,V00457,P0021,2026-08-31,3,1,4,2,6
ST013,V00459,P0021,2026-08-31,7,4,11,3,9
ST013,V00460,P0021,2026-08-31,3,1,4,2,6
ST013,V00461,P0021,2026-08-31,5,6,11,3,9
ST013,V00463,P0021,2026-08-31,7,7,14,3,9
ST013,V00464,P0021,2026-08-31,5,2,7,3,9
ST013,V00465,P0021,2026-08-31,5,3,8,2,6
ST013,V00466,P0021,2026-08-31,2,0,2,3,9
ST013,V00468,P0021,2026-08-31,5,3,8,2,6
ST013,V00469,P0021,2026-08-31,3,12,15,4,12
ST013,V00470,P0021,2026-08-31,2,1,3,4,12
ST013,V00474,P0021,2026-08-31,3,11,14,6,18
ST013,V00476,P0022,2026-08-31,6,7,13,3,9
ST013,V00477,P0022,2026-08-31,8,8,16,6,18
ST013,V00483,P0022,2026-08-31,11,2,13,6,18
ST013,V00485,P0022,2026-08-31,2,5,7,2,6
ST013,V00487,P0022,2026-08-31,2,3,5,2,6
ST013,V00488,P0022,2026-08-31,3,7,10,2,6
ST013,V00491,P0022,2026-08-31,8,9,17,3,9
ST013,V00492,P0022,2026-08-31,7,9,16,3,9
ST013,V00493,P0023,2026-08-31,3,2,5,2,6
ST013,V00494,P0023,2026-08-31,8,0,8,2,6
ST013,V00495,P0023,2026-08-31,6,13,19,6,18
ST013,V00496,P0023,2026-08-31,10,8,18,3,9
ST013,V00498,P0023,2026-08-31,9,5,14,4,12
ST013,V00500,P0023,2026-08-31,9,6,15,6,18
ST013,V00502,P0023,2026-08-31,2,0,2,3,9
ST013,V00503,P0023,2026-08-31,10,9,19,4,12
ST013,V00509,P0023,2026-08-31,8,0,8,3,9
ST013,V00511,P0024,2026-08-31,2,4,6,2,6
ST013,V00512,P0024,2026-08-31,7,7,14,3,9
ST013,V00513,P0024,2026-08-31,3,4,7,3,9
ST013,V00514,P0024,2026-08-31,6,8,14,3,9
ST013,V00516,P0024,2026-08-31,5,0,5,2,6
ST013,V00518,P0024,2026-08-31,3,9,12,3,9
ST013,V00521,P0024,2026-08-31,0,5,5,2,6
ST013,V00522,P0024,2026-08-31,3,7,10,2,6
ST013,V00524,P0024,2026-08-31,7,2,9,4,12
ST013,V00528,P0024,2026-08-31,8,0,8,2,6
ST013,V00531,P0025,2026-08-31,2,0,2,2,6
ST013,V00533,P0025,2026-08-31,12,7,19,6,18
ST013,V00536,P0025,2026-08-31,13,10,23,4,12
ST013,V00537,P0025,2026-08-31,4,1,5,2,6
ST013,V00538,P0025,2026-08-31,1,7,8,2,6
ST013,V00539,P0025,2026-08-31,6,3,9,3,9
ST013,V00540,P0025,2026-08-31,4,2,6,3,9
ST013,V00541,P0025,2026-08-31,7,6,13,4,12
ST013,V00542,P0025,2026-08-31,8,7,15,3,9
ST013,V00543,P0025,2026-08-31,5,0,5,2,6
ST013,V00545,P0025,2026-08-31,16,7,23,6,18
ST013,V00546,P0025,2026-08-31,4,4,8,4,12
ST013,V00548,P0026,2026-08-31,5,5,10,2,6
ST013,V00550,P0026,2026-08-31,7,2,9,2,6
ST013,V00551,P0026,2026-08-31,3,1,4,2,6
ST013,V00552,P0026,2026-08-31,7,9,16,3,9
ST013,V00553,P0026,2026-08-31,4,3,7,2,6
ST013,V00554,P0026,2026-08-31,4,0,4,2,6
ST013,V00557,P0026,2026-08-31,16,10,26,6,18
ST013,V00561,P0026,2026-08-31,11,15,26,6,18
ST013,V00563,P0026,2026-08-31,2,0,2,2,6
ST013,V00565,P0027,2026-08-31,2,2,4,3,9
ST013,V00566,P0027,2026-08-31,5,0,5,2,6
ST013,V00569,P0027,2026-08-31,1,0,1,3,9
ST013,V00570,P0027,2026-08-31,13,2,15,4,12
ST013,V00572,P0027,2026-08-31,2,0,2,2,6
ST013,V00574,P0027,2026-08-31,3,5,8,2,6
ST013,V00575,P0027,2026-08-31,5,2,7,2,6
ST013,V00577,P0027,2026-08-31,6,6,12,3,9
ST013,V00580,P0027,2026-08-31,9,8,17,4,12
ST013,V00581,P0027,2026-08-31,4,0,4,2,6
ST013,V00582,P0027,2026-08-31,19,4,23,4,12
ST013,V00585,P0028,2026-08-31,6,0,6,2,6
ST013,V00590,P0028,2026-08-31,6,7,13,3,9
ST013,V00591,P0028,2026-08-31,11,0,11,3,9
ST013,V00595,P0028,2026-08-31,6,1,7,2,6
ST013,V00596,P0028,2026-08-31,23,8,31,6,18
ST013,V00597,P0028,2026-08-31,10,7,17,4,12
ST013,V00598,P0028,2026-08-31,6,6,12,2,6
ST013,V00601,P0029,2026-08-31,6,0,6,2,6
ST013,V00602,P0029,2026-08-31,3,3,6,2,6
ST013,V00603,P0029,2026-08-31,2,4,6,2,6
ST013,V00604,P0029,2026-08-31,5,2,7,2,6
ST013,V00608,P0029,2026-08-31,6,10,16,3,9
ST013,V00612,P0029,2026-08-31,6,0,6,3,9
ST013,V00613,P0029,2026-08-31,5,0,5,2,6
ST013,V00614,P0029,2026-08-31,7,10,17,3,9
ST013,V00615,P0029,2026-08-31,6,4,10,4,12
ST013,V00616,P0029,2026-08-31,9,4,13,3,9
ST013,V00617,P0029,2026-08-31,7,3,10,3,9
ST013,V00618,P0029,2026-08-31,5,14,19,4,12
ST013,V00620,P0030,2026-08-31,0,3,3,2,6
ST013,V00623,P0030,2026-08-31,0,4,4,3,9
ST013,V00624,P0030,2026-08-31,3,6,9,2,6
ST013,V00625,P0030,2026-08-31,15,3,18,4,12
ST013,V00626,P0030,2026-08-31,4,7,11,4,12
ST013,V00627,P0030,2026-08-31,5,2,7,2,6
ST013,V00629,P0030,2026-08-31,2,3,5,2,6
ST013,V00631,P0030,2026-08-31,1,1,2,3,9
ST013,V00632,P0030,2026-08-31,1,0,1,3,9
ST013,V00633,P0030,2026-08-31,9,4,13,3,9
ST013,V00634,P0030,2026-08-31,5,2,7,2,6
ST013,V00635,P0030,2026-08-31,10,8,18,2,6
ST013,V00637,P0031,2026-08-31,6,5,11,3,9
ST013,V00639,P0031,2026-08-31,9,3,12,3,9
ST013,V00640,P0031,2026-08-31,8,8,16,3,9
ST013,V00641,P0031,2026-08-31,7,8,15,3,9
ST013,V00642,P0031,2026-08-31,9,9,18,3,9
ST013,V00643,P0031,2026-08-31,5,0,5,2,6
ST013,V00644,P0031,2026-08-31,9,11,20,3,9
ST013,V00645,P0031,2026-08-31,4,4,8,2,6
ST013,V00646,P0031,2026-08-31,13,0,13,4,12
ST013,V00647,P0031,2026-08-31,2,3,5,4,12
ST013,V00648,P0031,2026-08-31,5,0,5,2,6
ST013,V00649,P0031,2026-08-31,16,14,30,4,12
ST013,V00650,P0031,2026-08-31,7,6,13,2,6
ST013,V00652,P0031,2026-08-31,7,6,13,3,9
ST013,V00656,P0032,2026-08-31,7,5,12,4,12
ST013,V00657,P0032,2026-08-31,2,6,8,3,9
ST013,V00658,P0032,2026-08-31,5,2,7,3,9
ST013,V00659,P0032,2026-08-31,6,3,9,3,9
ST013,V00660,P0032,2026-08-31,2,5,7,3,9
ST013,V00661,P0032,2026-08-31,4,10,14,4,12
ST013,V00662,P0032,2026-08-31,6,14,20,4,12
ST013,V00663,P0032,2026-08-31,4,6,10,3,9
ST013,V00664,P0032,2026-08-31,4,2,6,3,9
ST013,V00665,P0032,2026-08-31,2,2,4,2,6
ST013,V00667,P0032,2026-08-31,4,2,6,2,6
ST013,V00671,P0032,2026-08-31,3,4,7,2,6
ST013,V00672,P0032,2026-08-31,2,0,2,3,9
ST013,V00673,P0033,2026-08-31,16,11,27,6,18
ST013,V00674,P0033,2026-08-31,2,1,3,2,6
ST013,V00675,P0033,2026-08-31,2,3,5,2,6
ST013,V00678,P0033,2026-08-31,4,0,4,4,12
ST013,V00681,P0033,2026-08-31,2,1,3,2,6
ST013,V00686,P0033,2026-08-31,3,3,6,2,6
ST013,V00691,P0034,2026-08-31,5,1,6,2,6
ST013,V00692,P0034,2026-08-31,4,4,8,2,6
ST013,V00694,P0034,2026-08-31,4,6,10,2,6
ST013,V00695,P0034,2026-08-31,6,3,9,2,6
ST013,V00697,P0034,2026-08-31,3,4,7,2,6
ST013,V00700,P0034,2026-08-31,3,5,8,2,6
ST013,V00701,P0034,2026-08-31,4,2,6,4,12
ST013,V00703,P0034,2026-08-31,4,4,8,3,9
ST013,V00704,P0034,2026-08-31,14,17,31,6,18
ST013,V00705,P0034,2026-08-31,4,3,7,3,9
ST013,V00707,P0034,2026-08-31,9,0,9,4,12
ST014,V00001,P0001,2026-08-31,11,6,17,4,12
ST014,V00003,P0001,2026-08-31,11,2,13,4,12
ST014,V00005,P0001,2026-08-31,1,6,7,2,6
ST014,V00007,P0001,2026-08-31,5,8,13,4,12
ST014,V00009,P0001,2026-08-31,4,4,8,2,6
ST014,V00011,P0001,2026-08-31,3,0,3,2,6
ST014,V00012,P0001,2026-08-31,9,2,11,3,9
ST014,V00013,P0001,2026-08-31,5,0,5,4,12
ST014,V00015,P0001,2026-08-31,3,0,3,2,6
ST014,V00016,P0001,2026-08-31,7,5,12,2,6
ST014,V00017,P0001,2026-08-31,2,3,5,2,6
ST014,V00020,P0001,2026-08-31,19,9,28,6,18
ST014,V00021,P0001,2026-08-31,5,5,10,3,9
ST014,V00022,P0001,2026-08-31,7,0,7,3,9
ST014,V00023,P0001,2026-08-31,5,5,10,3,9
ST014,V00025,P0002,2026-08-31,2,2,4,2,6
ST014,V00026,P0002,2026-08-31,6,6,12,3,9
ST014,V00028,P0002,2026-08-31,3,8,11,3,9
ST014,V00029,P0002,2026-08-31,4,6,10,3,9
ST014,V00031,P0002,2026-08-31,4,10,14,4,12
ST014,V00035,P0002,2026-08-31,5,5,10,2,6
ST014,V00036,P0002,2026-08-31,9,0,9,4,12
ST014,V00037,P0002,2026-08-31,1,0,1,3,9
ST014,V00038,P0002,2026-08-31,8,6,14,4,12
ST014,V00040,P0002,2026-08-31,10,1,11,3,9
ST014,V00042,P0002,2026-08-31,4,0,4,3,9
ST014,V00043,P0002,2026-08-31,3,0,3,2,6
ST014,V00045,P0002,2026-08-31,7,5,12,4,12
ST014,V00047,P0002,2026-08-31,11,8,19,6,18
ST014,V00048,P0002,2026-08-31,5,3,8,2,6
ST014,V00049,P0003,2026-08-31,4,1,5,2,6
ST014,V00053,P0003,2026-08-31,8,10,18,4,12
ST014,V00055,P0003,2026-08-31,2,0,2,3,9
ST014,V00057,P0003,2026-08-31,4,0,4,3,9
ST014,V00060,P0003,2026-08-31,4,2,6,2,6
ST014,V00062,P0003,2026-08-31,6,0,6,6,18
ST014,V00064,P0003,2026-08-31,14,9,23,4,12
ST014,V00065,P0003,2026-08-31,2,0,2,2,6
ST014,V00069,P0003,2026-08-31,5,4,9,3,9
ST014,V00071,P0003,2026-08-31,4,3,7,3,9
ST014,V00074,P0004,2026-08-31,9,9,18,6,18
ST014,V00076,P0004,2026-08-31,4,4,8,2,6
ST014,V00078,P0004,2026-08-31,12,10,22,6,18
ST014,V00079,P0004,2026-08-31,4,0,4,2,6
ST014,V00080,P0004,2026-08-31,7,3,10,3,9
ST014,V00082,P0004,2026-08-31,8,7,15,3,9
ST014,V00084,P0004,2026-08-31,5,6,11,2,6
ST014,V00085,P0004,2026-08-31,14,13,27,6,18
ST014,V00089,P0004,2026-08-31,7,4,11,2,6
ST014,V00092,P0004,2026-08-31,0,8,8,4,12
ST014,V00094,P0004,2026-08-31,1,4,5,2,6
ST014,V00095,P0004,2026-08-31,4,0,4,2,6
ST014,V00096,P0004,2026-08-31,20,0,20,6,18
ST014,V00097,P0005,2026-08-31,7,2,9,3,9
ST014,V00099,P0005,2026-08-31,6,1,7,3,9
ST014,V00100,P0005,2026-08-31,3,3,6,3,9
ST014,V00101,P0005,2026-08-31,3,2,5,2,6
ST014,V00102,P0005,2026-08-31,4,6,10,3,9
ST014,V00106,P0005,2026-08-31,7,3,10,3,9
ST014,V00108,P0005,2026-08-31,2,0,2,2,6
ST014,V00114,P0005,2026-08-31,14,7,21,4,12
ST014,V00115,P0005,2026-08-31,7,11,18,3,9
ST014,V00117,P0005,2026-08-31,2,3,5,2,6
ST014,V00118,P0005,2026-08-31,5,3,8,2,6
ST014,V00119,P0005,2026-08-31,6,3,9,3,9
ST014,V00121,P0006,2026-08-31,7,4,11,3,9
ST014,V00122,P0006,2026-08-31,10,0,10,4,12
ST014,V00123,P0006,2026-08-31,1,7,8,4,12
ST014,V00124,P0006,2026-08-31,9,4,13,3,9
ST014,V00126,P0006,2026-08-31,5,6,11,2,6
ST014,V00127,P0006,2026-08-31,5,13,18,6,18
ST014,V00128,P0006,2026-08-31,3,5,8,2,6
ST014,V00130,P0006,2026-08-31,3,5,8,2,6
ST014,V00134,P0006,2026-08-31,9,11,20,4,12
ST014,V00135,P0006,2026-08-31,0,10,10,4,12
ST014,V00136,P0006,2026-08-31,6,5,11,2,6
ST014,V00137,P0006,2026-08-31,2,5,7,2,6
ST014,V00138,P0006,2026-08-31,6,2,8,2,6
ST014,V00139,P0006,2026-08-31,3,1,4,2,6
ST014,V00142,P0006,2026-08-31,13,14,27,6,18
ST014,V00147,P0007,2026-08-31,8,0,8,2,6
ST014,V00150,P0007,2026-08-31,0,9,9,6,18
ST014,V00151,P0007,2026-08-31,5,8,13,3,9
ST014,V00152,P0007,2026-08-31,23,10,33,6,18
ST014,V00158,P0007,2026-08-31,3,5,8,3,9
ST014,V00160,P0007,2026-08-31,11,0,11,4,12
ST014,V00161,P0007,2026-08-31,5,1,6,2,6
ST014,V00162,P0007,2026-08-31,2,1,3,2,6
ST014,V00164,P0007,2026-08-31,3,1,4,2,6
ST014,V00165,P0007,2026-08-31,6,1,7,2,6
ST014,V00169,P0008,2026-08-31,17,3,20,6,18
ST014,V00170,P0008,2026-08-31,6,4,10,3,9
ST014,V00171,P0008,2026-08-31,9,0,9,4,12
ST014,V00172,P0008,2026-08-31,6,3,9,3,9
ST014,V00173,P0008,2026-08-31,8,1,9,3,9
ST014,V00174,P0008,2026-08-31,6,0,6,6,18
ST014,V00175,P0008,2026-08-31,6,8,14,2,6
ST014,V00176,P0008,2026-08-31,2,2,4,2,6
ST014,V00177,P0008,2026-08-31,7,6,13,3,9
ST014,V00178,P0008,2026-08-31,10,18,28,6,18
ST014,V00179,P0008,2026-08-31,23,23,46,6,18
ST014,V00181,P0008,2026-08-31,4,0,4,2,6
ST014,V00184,P0008,2026-08-31,8,1,9,4,12
ST014,V00188,P0008,2026-08-31,9,11,20,6,18
ST014,V00198,P0009,2026-08-31,7,3,10,2,6
ST014,V00199,P0009,2026-08-31,10,8,18,4,12
ST014,V00200,P0009,2026-08-31,9,8,17,4,12
ST014,V00201,P0009,2026-08-31,0,0,0,2,6
ST014,V00202,P0009,2026-08-31,11,5,16,3,9
ST014,V00209,P0009,2026-08-31,8,13,21,3,9
ST014,V00211,P0009,2026-08-31,0,3,3,2,6
ST014,V00215,P0009,2026-08-31,8,7,15,3,9
ST014,V00216,P0009,2026-08-31,14,9,23,4,12
ST014,V00220,P0010,2026-08-31,11,3,14,4,12
ST014,V00222,P0010,2026-08-31,9,8,17,4,12
ST014,V00223,P0010,2026-08-31,2,1,3,2,6
ST014,V00225,P0010,2026-08-31,7,0,7,2,6
ST014,V00228,P0010,2026-08-31,9,7,16,3,9
ST014,V00229,P0010,2026-08-31,3,0,3,2,6
ST014,V00230,P0010,2026-08-31,2,6,8,2,6
ST014,V00231,P0010,2026-08-31,6,3,9,2,6
ST014,V00232,P0010,2026-08-31,5,1,6,4,12
ST014,V00234,P0010,2026-08-31,7,9,16,4,12
ST014,V00235,P0010,2026-08-31,2,7,9,2,6
ST014,V00236,P0010,2026-08-31,9,7,16,3,9
ST014,V00237,P0010,2026-08-31,6,3,9,2,6
ST014,V00238,P0010,2026-08-31,10,0,10,3,9
ST014,V00240,P0010,2026-08-31,5,3,8,2,6
ST014,V00242,P0011,2026-08-31,8,6,14,4,12
ST014,V00243,P0011,2026-08-31,4,3,7,2,6
ST014,V00246,P0011,2026-08-31,3,2,5,2,6
ST014,V00247,P0011,2026-08-31,1,6,7,2,6
ST014,V00249,P0011,2026-08-31,3,4,7,3,9
ST014,V00251,P0011,2026-08-31,5,11,16,4,12
ST014,V00252,P0011,2026-08-31,6,1,7,2,6
ST014,V00253,P0011,2026-08-31,13,6,19,4,12
ST014,V00254,P0011,2026-08-31,4,1,5,4,12
ST014,V00255,P0011,2026-08-31,2,6,8,3,9
ST014,V00257,P0011,2026-08-31,1,3,4,2,6
ST014,V00258,P0011,2026-08-31,7,3,10,2,6
ST014,V00260,P0011,2026-08-31,2,9,11,4,12
ST014,V00261,P0011,2026-08-31,5,4,9,3,9
ST014,V00262,P0011,2026-08-31,0,2,2,3,9
ST014,V00263,P0011,2026-08-31,8,5,13,4,12
ST014,V00265,P0012,2026-08-31,8,1,9,3,9
ST014,V00267,P0012,2026-08-31,7,2,9,3,9
ST014,V00269,P0012,2026-08-31,3,7,10,3,9
ST014,V00270,P0012,2026-08-31,3,3,6,2,6
ST014,V00271,P0012,2026-08-31,7,3,10,3,9
ST014,V00272,P0012,2026-08-31,6,7,13,2,6
ST014,V00273,P0012,2026-08-31,3,3,6,2,6
ST014,V00275,P0012,2026-08-31,6,0,6,3,9
ST014,V00276,P0012,2026-08-31,1,5,6,2,6
ST014,V00278,P0012,2026-08-31,5,6,11,2,6
ST014,V00279,P0012,2026-08-31,9,9,18,3,9
ST014,V00280,P0012,2026-08-31,5,3,8,2,6
ST014,V00283,P0012,2026-08-31,5,3,8,2,6
ST014,V00284,P0012,2026-08-31,10,1,11,3,9
ST014,V00285,P0012,2026-08-31,2,3,5,2,6
ST014,V00286,P0012,2026-08-31,5,4,9,2,6
ST014,V00288,P0012,2026-08-31,7,3,10,3,9
ST014,V00289,P0013,2026-08-31,5,3,8,2,6
ST014,V00295,P0013,2026-08-31,12,2,14,6,18
ST014,V00303,P0013,2026-08-31,2,3,5,2,6
ST014,V00304,P0013,2026-08-31,12,15,27,6,18
ST014,V00306,P0013,2026-08-31,6,2,8,2,6
ST014,V00307,P0013,2026-08-31,11,9,20,6,18
ST014,V00308,P0013,2026-08-31,0,6,6,3,9
ST014,V00309,P0013,2026-08-31,6,5,11,3,9
ST014,V00311,P0013,2026-08-31,3,6,9,2,6
ST014,V00312,P0013,2026-08-31,7,4,11,3,9
ST014,V00315,P0014,2026-08-31,2,0,2,2,6
ST014,V00316,P0014,2026-08-31,4,0,4,3,9
ST014,V00318,P0014,2026-08-31,3,7,10,2,6
ST014,V00320,P0014,2026-08-31,12,6,18,4,12
ST014,V00322,P0014,2026-08-31,24,15,39,6,18
ST014,V00324,P0014,2026-08-31,6,0,6,4,12
ST014,V00325,P0014,2026-08-31,2,6,8,2,6
ST014,V00328,P0014,2026-08-31,3,1,4,2,6
ST014,V00329,P0014,2026-08-31,14,2,16,4,12
ST014,V00330,P0014,2026-08-31,2,5,7,2,6
ST014,V00331,P0014,2026-08-31,4,1,5,2,6
ST014,V00332,P0014,2026-08-31,6,1,7,2,6
ST014,V00335,P0014,2026-08-31,2,5,7,2,6
ST014,V00338,P0015,2026-08-31,3,8,11,3,9
ST014,V00339,P0015,2026-08-31,3,3,6,2,6
ST014,V00342,P0015,2026-08-31,21,0,21,6,18
ST014,V00344,P0015,2026-08-31,4,4,8,2,6
ST014,V00345,P0015,2026-08-31,10,8,18,4,12
ST014,V00347,P0015,2026-08-31,10,6,16,4,12
ST014,V00348,P0015,2026-08-31,4,7,11,2,6
ST014,V00349,P0015,2026-08-31,9,10,19,4,12
ST014,V00351,P0015,2026-08-31,15,6,21,6,18
ST014,V00352,P0015,2026-08-31,5,2,7,2,6
ST014,V00353,P0015,2026-08-31,2,0,2,2,6
ST014,V00357,P0015,2026-08-31,5,8,13,3,9
ST014,V00359,P0015,2026-08-31,5,9,14,3,9
ST014,V00361,P0016,2026-08-31,2,11,13,4,12
ST014,V00366,P0016,2026-08-31,3,2,5,2,6
ST014,V00367,P0016,2026-08-31,8,0,8,3,9
ST014,V00369,P0016,2026-08-31,0,18,18,6,18
ST014,V00371,P0016,2026-08-31,13,0,13,3,9
ST014,V00375,P0016,2026-08-31,6,3,9,2,6
ST014,V00376,P0016,2026-08-31,5,4,9,2,6
ST014,V00378,P0016,2026-08-31,7,13,20,4,12
ST014,V00380,P0016,2026-08-31,10,8,18,3,9
ST014,V00382,P0016,2026-08-31,3,3,6,3,9
ST014,V00385,P0017,2026-08-31,1,1,2,2,6
ST014,V00387,P0017,2026-08-31,4,4,8,2,6
ST014,V00390,P0017,2026-08-31,5,4,9,3,9
ST014,V00395,P0017,2026-08-31,6,4,10,2,6
ST014,V00396,P0017,2026-08-31,6,2,8,4,12
ST014,V00397,P0017,2026-08-31,5,2,7,3,9
ST014,V00399,P0017,2026-08-31,6,3,9,3,9
ST014,V00401,P0017,2026-08-31,4,5,9,2,6
ST014,V00402,P0017,2026-08-31,9,9,18,4,12
ST014,V00403,P0018,2026-08-31,6,12,18,6,18
ST014,V00404,P0018,2026-08-31,7,3,10,2,6
ST014,V00405,P0018,2026-08-31,3,5,8,2,6
ST014,V00408,P0018,2026-08-31,3,2,5,2,6
ST014,V00409,P0018,2026-08-31,3,2,5,2,6
ST014,V00411,P0018,2026-08-31,7,9,16,4,12
ST014,V00413,P0018,2026-08-31,9,4,13,3,9
ST014,V00414,P0018,2026-08-31,2,0,2,2,6
ST014,V00416,P0018,2026-08-31,15,11,26,6,18
ST014,V00417,P0018,2026-08-31,5,8,13,4,12
ST014,V00419,P0018,2026-08-31,6,4,10,3,9
ST014,V00422,P0019,2026-08-31,7,4,11,3,9
ST014,V00423,P0019,2026-08-31,6,9,15,3,9
ST014,V00425,P0019,2026-08-31,12,7,19,3,9
ST014,V00429,P0019,2026-08-31,5,5,10,2,6
ST014,V00431,P0019,2026-08-31,5,6,11,3,9
ST014,V00435,P0019,2026-08-31,4,0,4,2,6
ST014,V00440,P0020,2026-08-31,2,3,5,2,6
ST014,V00441,P0020,2026-08-31,6,4,10,2,6
ST014,V00443,P0020,2026-08-31,4,3,7,2,6
ST014,V00444,P0020,2026-08-31,0,12,12,4,12
ST014,V00446,P0020,2026-08-31,5,2,7,2,6
ST014,V00447,P0020,2026-08-31,5,7,12,3,9
ST014,V00449,P0020,2026-08-31,4,2,6,2,6
ST014,V00450,P0020,2026-08-31,3,1,4,2,6
ST014,V00451,P0020,2026-08-31,7,23,30,6,18
ST014,V00452,P0020,2026-08-31,13,12,25,4,12
ST014,V00454,P0020,2026-08-31,5,3,8,3,9
ST014,V00455,P0020,2026-08-31,4,3,7,3,9
ST014,V00456,P0020,2026-08-31,6,2,8,3,9
ST014,V00458,P0021,2026-08-31,6,2,8,2,6
ST014,V00460,P0021,2026-08-31,10,14,24,4,12
ST014,V00461,P0021,2026-08-31,3,4,7,2,6
ST014,V00463,P0021,2026-08-31,5,2,7,4,12
ST014,V00464,P0021,2026-08-31,4,9,13,3,9
ST014,V00466,P0021,2026-08-31,7,10,17,3,9
ST014,V00469,P0021,2026-08-31,13,10,23,6,18
ST014,V00470,P0021,2026-08-31,7,3,10,2,6
ST014,V00472,P0021,2026-08-31,4,1,5,2,6
ST014,V00474,P0021,2026-08-31,9,3,12,3,9
ST014,V00475,P0022,2026-08-31,7,5,12,2,6
ST014,V00476,P0022,2026-08-31,5,8,13,3,9
ST014,V00479,P0022,2026-08-31,6,9,15,3,9
ST014,V00481,P0022,2026-08-31,5,7,12,3,9
ST014,V00482,P0022,2026-08-31,3,9,12,4,12
ST014,V00484,P0022,2026-08-31,4,4,8,2,6
ST014,V00487,P0022,2026-08-31,11,3,14,3,9
ST014,V00491,P0022,2026-08-31,5,1,6,2,6
ST014,V00492,P0022,2026-08-31,9,0,9,6,18
ST014,V00493,P0023,2026-08-31,12,10,22,4,12
ST014,V00495,P0023,2026-08-31,4,2,6,2,6
ST014,V00496,P0023,2026-08-31,10,3,13,4,12
ST014,V00498,P0023,2026-08-31,15,6,21,4,12
ST014,V00499,P0023,2026-08-31,9,0,9,4,12
ST014,V00500,P0023,2026-08-31,5,5,10,2,6
ST014,V00501,P0023,2026-08-31,6,4,10,3,9
ST014,V00502,P0023,2026-08-31,5,5,10,4,12
ST014,V00503,P0023,2026-08-31,5,15,20,4,12
ST014,V00504,P0023,2026-08-31,3,6,9,4,12
ST014,V00505,P0023,2026-08-31,5,5,10,2,6
ST014,V00506,P0023,2026-08-31,4,1,5,2,6
ST014,V00508,P0023,2026-08-31,4,5,9,2,6
ST014,V00509,P0023,2026-08-31,13,5,18,4,12
ST014,V00510,P0023,2026-08-31,9,12,21,4,12
ST014,V00511,P0024,2026-08-31,5,3,8,2,6
ST014,V00513,P0024,2026-08-31,1,1,2,3,9
ST014,V00516,P0024,2026-08-31,6,12,18,3,9
ST014,V00517,P0024,2026-08-31,10,3,13,3,9
ST014,V00518,P0024,2026-08-31,19,3,22,4,12
ST014,V00519,P0024,2026-08-31,11,6,17,3,9
ST014,V00522,P0024,2026-08-31,3,5,8,2,6
ST014,V00524,P0024,2026-08-31,3,3,6,2,6
ST014,V00525,P0024,2026-08-31,3,0,3,2,6
ST014,V00526,P0024,2026-08-31,7,7,14,4,12
ST014,V00527,P0024,2026-08-31,3,9,12,4,12
ST014,V00528,P0024,2026-08-31,4,7,11,3,9
ST014,V00529,P0025,2026-08-31,5,4,9,3,9
ST014,V00530,P0025,2026-08-31,4,4,8,2,6
ST014,V00531,P0025,2026-08-31,7,7,14,3,9
ST014,V00533,P0025,2026-08-31,11,7,18,4,12
ST014,V00534,P0025,2026-08-31,5,3,8,2,6
ST014,V00537,P0025,2026-08-31,4,5,9,2,6
ST014,V00538,P0025,2026-08-31,0,1,1,2,6
ST014,V00539,P0025,2026-08-31,6,8,14,4,12
ST014,V00540,P0025,2026-08-31,14,2,16,6,18
ST014,V00541,P0025,2026-08-31,7,8,15,4,12
ST014,V00542,P0025,2026-08-31,6,9,15,3,9
ST014,V00543,P0025,2026-08-31,4,1,5,2,6
ST014,V00544,P0025,2026-08-31,6,3,9,2,6
ST014,V00545,P0025,2026-08-31,5,3,8,2,6
ST014,V00547,P0026,2026-08-31,6,4,10,4,12
ST014,V00549,P0026,2026-08-31,9,3,12,3,9
ST014,V00552,P0026,2026-08-31,9,21,30,6,18
ST014,V00554,P0026,2026-08-31,16,14,30,6,18
ST014,V00558,P0026,2026-08-31,5,1,6,3,9
ST014,V00559,P0026,2026-08-31,11,12,23,6,18
ST014,V00560,P0026,2026-08-31,5,6,11,4,12
ST014,V00561,P0026,2026-08-31,6,0,6,3,9
ST014,V00562,P0026,2026-08-31,11,6,17,6,18
ST014,V00564,P0026,2026-08-31,3,3,6,2,6
ST014,V00569,P0027,2026-08-31,3,3,6,2,6
ST014,V00574,P0027,2026-08-31,7,2,9,2,6
ST014,V00576,P0027,2026-08-31,7,2,9,4,12
ST014,V00577,P0027,2026-08-31,8,8,16,3,9
ST014,V00578,P0027,2026-08-31,2,4,6,2,6
ST014,V00579,P0027,2026-08-31,11,9,20,4,12
ST014,V00581,P0027,2026-08-31,3,2,5,2,6
ST014,V00583,P0028,2026-08-31,10,4,14,4,12
ST014,V00584,P0028,2026-08-31,6,5,11,3,9
ST014,V00586,P0028,2026-08-31,2,1,3,2,6
ST014,V00587,P0028,2026-08-31,7,1,8,2,6
ST014,V00589,P0028,2026-08-31,0,13,13,4,12
ST014,V00591,P0028,2026-08-31,8,6,14,4,12
ST014,V00592,P0028,2026-08-31,4,3,7,3,9
ST014,V00595,P0028,2026-08-31,7,5,12,3,9
ST014,V00596,P0028,2026-08-31,6,9,15,6,18
ST014,V00597,P0028,2026-08-31,2,2,4,2,6
ST014,V00600,P0028,2026-08-31,10,6,16,4,12
ST014,V00606,P0029,2026-08-31,6,3,9,2,6
ST014,V00611,P0029,2026-08-31,3,2,5,2,6
ST014,V00612,P0029,2026-08-31,9,0,9,2,6
ST014,V00613,P0029,2026-08-31,3,1,4,2,6
ST014,V00614,P0029,2026-08-31,7,8,15,4,12
ST014,V00615,P0029,2026-08-31,19,9,28,6,18
ST014,V00616,P0029,2026-08-31,8,1,9,2,6
ST014,V00617,P0029,2026-08-31,5,4,9,2,6
ST014,V00618,P0029,2026-08-31,5,0,5,2,6
ST014,V00619,P0030,2026-08-31,13,3,16,6,18
ST014,V00620,P0030,2026-08-31,4,5,9,3,9
ST014,V00622,P0030,2026-08-31,6,7,13,2,6
ST014,V00624,P0030,2026-08-31,9,7,16,3,9
ST014,V00626,P0030,2026-08-31,2,3,5,2,6
ST014,V00627,P0030,2026-08-31,9,5,14,4,12
ST014,V00628,P0030,2026-08-31,5,6,11,2,6
ST014,V00629,P0030,2026-08-31,5,5,10,4,12
ST014,V00633,P0030,2026-08-31,6,0,6,6,18
ST014,V00634,P0030,2026-08-31,1,0,1,2,6
ST014,V00637,P0031,2026-08-31,3,6,9,2,6
ST014,V00638,P0031,2026-08-31,2,2,4,2,6
ST014,V00644,P0031,2026-08-31,3,4,7,2,6
ST014,V00646,P0031,2026-08-31,9,3,12,4,12
ST014,V00647,P0031,2026-08-31,6,4,10,2,6
ST014,V00648,P0031,2026-08-31,14,10,24,6,18
ST014,V00652,P0031,2026-08-31,11,0,11,4,12
ST014,V00655,P0032,2026-08-31,5,2,7,3,9
ST014,V00656,P0032,2026-08-31,5,5,10,3,9
ST014,V00658,P0032,2026-08-31,6,11,17,4,12
ST014,V00661,P0032,2026-08-31,1,2,3,2,6
ST014,V00662,P0032,2026-08-31,14,7,21,4,12
ST014,V00664,P0032,2026-08-31,1,7,8,3,9
ST014,V00666,P0032,2026-08-31,4,1,5,2,6
ST014,V00672,P0032,2026-08-31,9,8,17,3,9
ST014,V00674,P0033,2026-08-31,3,1,4,2,6
ST014,V00675,P0033,2026-08-31,3,4,7,2,6
ST014,V00677,P0033,2026-08-31,11,12,23,4,12
ST014,V00678,P0033,2026-08-31,0,2,2,2,6
ST014,V00681,P0033,2026-08-31,5,2,7,3,9
ST014,V00683,P0033,2026-08-31,6,3,9,3,9
ST014,V00684,P0033,2026-08-31,2,0,2,2,6
ST014,V00686,P0033,2026-08-31,2,1,3,2,6
ST014,V00687,P0033,2026-08-31,4,10,14,4,12
ST014,V00688,P0033,2026-08-31,4,3,7,2,6
ST014,V00689,P0033,2026-08-31,15,12,27,4,12
ST014,V00690,P0033,2026-08-31,11,6,17,4,12
ST014,V00692,P0034,2026-08-31,4,6,10,2,6
ST014,V00694,P0034,2026-08-31,0,3,3,2,6
ST014,V00695,P0034,2026-08-31,14,2,16,4,12
ST014,V00697,P0034,2026-08-31,3,6,9,3,9
ST014,V00698,P0034,2026-08-31,1,0,1,2,6
ST014,V00701,P0034,2026-08-31,7,1,8,3,9
ST014,V00702,P0034,2026-08-31,7,0,7,4,12
ST014,V00704,P0034,2026-08-31,5,0,5,2,6
ST014,V00705,P0034,2026-08-31,7,10,17,3,9
ST014,V00706,P0034,2026-08-31,4,1,5,3,9
ST014,V00707,P0034,2026-08-31,9,6,15,4,12
ST014,V00708,P0034,2026-08-31,6,6,12,2,6
ST015,V00002,P0001,2026-08-31,5,7,12,2,6
ST015,V00008,P0001,2026-08-31,4,7,11,4,12
ST015,V00009,P0001,2026-08-31,9,4,13,3,9
ST015,V00013,P0001,2026-08-31,2,3,5,2,6
ST015,V00015,P0001,2026-08-31,15,3,18,6,18
ST015,V00016,P0001,2026-08-31,4,0,4,2,6
ST015,V00017,P0001,2026-08-31,1,2,3,2,6
ST015,V00018,P0001,2026-08-31,15,0,15,4,12
ST015,V00020,P0001,2026-08-31,2,1,3,2,6
ST015,V00023,P0001,2026-08-31,13,1,14,4,12
ST015,V00026,P0002,2026-08-31,8,9,17,4,12
ST015,V00030,P0002,2026-08-31,8,7,15,3,9
ST015,V00032,P0002,2026-08-31,4,0,4,2,6
ST015,V00034,P0002,2026-08-31,4,4,8,2,6
ST015,V00037,P0002,2026-08-31,8,0,8,3,9
ST015,V00038,P0002,2026-08-31,8,6,14,3,9
ST015,V00040,P0002,2026-08-31,2,4,6,3,9
ST015,V00042,P0002,2026-08-31,3,3,6,2,6
ST015,V00044,P0002,2026-08-31,4,4,8,3,9
ST015,V00045,P0002,2026-08-31,8,9,17,4,12
ST015,V00046,P0002,2026-08-31,5,22,27,6,18
ST015,V00049,P0003,2026-08-31,5,10,15,3,9
ST015,V00051,P0003,2026-08-31,5,2,7,2,6
ST015,V00052,P0003,2026-08-31,6,3,9,3,9
ST015,V00055,P0003,2026-08-31,2,2,4,2,6
ST015,V00056,P0003,2026-08-31,6,2,8,2,6
ST015,V00057,P0003,2026-08-31,3,3,6,2,6
ST015,V00058,P0003,2026-08-31,8,7,15,3,9
ST015,V00060,P0003,2026-08-31,3,1,4,2,6
ST015,V00064,P0003,2026-08-31,10,4,14,3,9
ST015,V00065,P0003,2026-08-31,4,4,8,2,6
ST015,V00066,P0003,2026-08-31,7,12,19,3,9
ST015,V00069,P0003,2026-08-31,2,0,2,2,6
ST015,V00070,P0003,2026-08-31,6,8,14,3,9
ST015,V00071,P0003,2026-08-31,8,2,10,3,9
ST015,V00072,P0003,2026-08-31,11,5,16,4,12
ST015,V00073,P0004,2026-08-31,0,6,6,3,9
ST015,V00075,P0004,2026-08-31,16,7,23,4,12
ST015,V00077,P0004,2026-08-31,3,4,7,2,6
ST015,V00078,P0004,2026-08-31,7,0,7,3,9
ST015,V00079,P0004,2026-08-31,6,0,6,2,6
ST015,V00080,P0004,2026-08-31,14,0,14,4,12
ST015,V00081,P0004,2026-08-31,4,0,4,2,6
ST015,V00083,P0004,2026-08-31,10,9,19,4,12
ST015,V00084,P0004,2026-08-31,10,18,28,6,18
ST015,V00087,P0004,2026-08-31,4,0,4,3,9
ST015,V00088,P0004,2026-08-31,0,0,0,6,18
ST015,V00089,P0004,2026-08-31,7,12,19,4,12
ST015,V00090,P0004,2026-08-31,5,3,8,2,6
ST015,V00093,P0004,2026-08-31,9,5,14,3,9
ST015,V00095,P0004,2026-08-31,12,1,13,4,12
ST015,V00096,P0004,2026-08-31,6,1,7,3,9
ST015,V00097,P0005,2026-08-31,3,2,5,2,6
ST015,V00099,P0005,2026-08-31,5,7,12,3,9
ST015,V00102,P0005,2026-08-31,4,0,4,2,6
ST015,V00103,P0005,2026-08-31,8,6,14,4,12
ST015,V00105,P0005,2026-08-31,7,8,15,3,9
ST015,V00106,P0005,2026-08-31,1,1,2,2,6
ST015,V00107,P0005,2026-08-31,7,8,15,4,12
ST015,V00108,P0005,2026-08-31,3,0,3,2,6
ST015,V00109,P0005,2026-08-31,7,5,12,3,9
ST015,V00110,P0005,2026-08-31,8,8,16,4,12
ST015,V00111,P0005,2026-08-31,8,2,10,3,9
ST015,V00112,P0005,2026-08-31,10,5,15,6,18
ST015,V00115,P0005,2026-08-31,6,3,9,2,6
ST015,V00117,P0005,2026-08-31,14,10,24,6,18
ST015,V00119,P0005,2026-08-31,6,0,6,3,9
ST015,V00120,P0005,2026-08-31,8,7,15,3,9
ST015,V00121,P0006,2026-08-31,6,0,6,3,9
ST015,V00122,P0006,2026-08-31,21,1,22,6,18
ST015,V00124,P0006,2026-08-31,2,1,3,2,6
ST015,V00125,P0006,2026-08-31,17,11,28,6,18
ST015,V00126,P0006,2026-08-31,10,9,19,4,12
ST015,V00127,P0006,2026-08-31,11,13,24,4,12
ST015,V00130,P0006,2026-08-31,0,10,10,3,9
ST015,V00132,P0006,2026-08-31,3,0,3,2,6
ST015,V00135,P0006,2026-08-31,11,5,16,4,12
ST015,V00138,P0006,2026-08-31,4,3,7,2,6
ST015,V00139,P0006,2026-08-31,3,4,7,2,6
ST015,V00140,P0006,2026-08-31,3,11,14,3,9
ST015,V00141,P0006,2026-08-31,8,6,14,3,9
ST015,V00144,P0006,2026-08-31,6,2,8,6,18
ST015,V00145,P0007,2026-08-31,4,5,9,3,9
ST015,V00151,P0007,2026-08-31,4,4,8,2,6
ST015,V00152,P0007,2026-08-31,6,2,8,3,9
ST015,V00154,P0007,2026-08-31,5,2,7,2,6
ST015,V00156,P0007,2026-08-31,23,12,35,6,18
ST015,V00157,P0007,2026-08-31,5,7,12,2,6
ST015,V00158,P0007,2026-08-31,5,0,5,2,6
ST015,V00159,P0007,2026-08-31,5,1,6,3,9
ST015,V00160,P0007,2026-08-31,3,6,9,4,12
ST015,V00163,P0007,2026-08-31,9,0,9,4,12
ST015,V00164,P0007,2026-08-31,3,7,10,3,9
ST015,V00165,P0007,2026-08-31,12,10,22,4,12
ST015,V00166,P0007,2026-08-31,2,0,2,3,9
ST015,V00167,P0007,2026-08-31,5,12,17,4,12
ST015,V00169,P0008,2026-08-31,14,16,30,4,12
ST015,V00170,P0008,2026-08-31,2,2,4,2,6
ST015,V00178,P0008,2026-08-31,5,6,11,3,9
ST015,V00182,P0008,2026-08-31,0,5,5,3,9
ST015,V00183,P0008,2026-08-31,2,1,3,2,6
ST015,V00184,P0008,2026-08-31,5,3,8,3,9
ST015,V00185,P0008,2026-08-31,10,7,17,3,9
ST015,V00186,P0008,2026-08-31,7,6,13,2,6
ST015,V00187,P0008,2026-08-31,9,9,18,4,12
ST015,V00188,P0008,2026-08-31,1,6,7,6,18
ST015,V00194,P0009,2026-08-31,14,13,27,4,12
ST015,V00196,P0009,2026-08-31,5,6,11,3,9
ST015,V00201,P0009,2026-08-31,2,6,8,3,9
ST015,V00202,P0009,2026-08-31,4,1,5,2,6
ST015,V00203,P0009,2026-08-31,1,3,4,2,6
ST015,V00207,P0009,2026-08-31,7,5,12,3,9
ST015,V00209,P0009,2026-08-31,6,1,7,2,6
ST015,V00210,P0009,2026-08-31,13,9,22,4,12
ST015,V00212,P0009,2026-08-31,5,4,9,2,6
ST015,V00213,P0009,2026-08-31,4,6,10,2,6
ST015,V00215,P0009,2026-08-31,5,2,7,2,6
ST015,V00218,P0010,2026-08-31,4,0,4,2,6
ST015,V00219,P0010,2026-08-31,3,4,7,2,6
ST015,V00221,P0010,2026-08-31,17,1,18,6,18
ST015,V00222,P0010,2026-08-31,6,9,15,4,12
ST015,V00223,P0010,2026-08-31,15,0,15,4,12
ST015,V00224,P0010,2026-08-31,5,2,7,2,6
ST015,V00227,P0010,2026-08-31,6,17,23,6,18
ST015,V00230,P0010,2026-08-31,3,5,8,2,6
ST015,V00232,P0010,2026-08-31,9,4,13,3,9
ST015,V00233,P0010,2026-08-31,12,5,17,4,12
ST015,V00235,P0010,2026-08-31,3,2,5,2,6
ST015,V00237,P0010,2026-08-31,5,1,6,2,6
ST015,V00240,P0010,2026-08-31,5,2,7,2,6
ST015,V00242,P0011,2026-08-31,13,2,15,3,9
ST015,V00243,P0011,2026-08-31,6,7,13,3,9
ST015,V00244,P0011,2026-08-31,4,0,4,2,6
ST015,V00245,P0011,2026-08-31,7,5,12,3,9
ST015,V00247,P0011,2026-08-31,9,11,20,3,9
ST015,V00248,P0011,2026-08-31,13,1,14,4,12
ST015,V00249,P0011,2026-08-31,0,8,8,3,9
ST015,V00252,P0011,2026-08-31,10,8,18,6,18
ST015,V00256,P0011,2026-08-31,1,2,3,2,6
ST015,V00258,P0011,2026-08-31,3,11,14,4,12
ST015,V00260,P0011,2026-08-31,9,8,17,3,9
ST015,V00265,P0012,2026-08-31,15,9,24,6,18
ST015,V00267,P0012,2026-08-31,1,3,4,2,6
ST015,V00268,P0012,2026-08-31,5,2,7,2,6
ST015,V00269,P0012,2026-08-31,4,2,6,3,9
ST015,V00270,P0012,2026-08-31,2,12,14,4,12
ST015,V00271,P0012,2026-08-31,5,13,18,4,12
ST015,V00273,P0012,2026-08-31,2,0,2,2,6
ST015,V00275,P0012,2026-08-31,8,7,15,4,12
ST015,V00277,P0012,2026-08-31,9,18,27,6,18
ST015,V00279,P0012,2026-08-31,6,7,13,3,9
ST015,V00282,P0012,2026-08-31,3,6,9,2,6
ST015,V00283,P0012,2026-08-31,5,10,15,3,9
ST015,V00284,P0012,2026-08-31,6,9,15,3,9
ST015,V00286,P0012,2026-08-31,1,0,1,2,6
ST015,V00287,P0012,2026-08-31,3,0,3,2,6
ST015,V00288,P0012,2026-08-31,4,4,8,2,6
ST015,V00289,P0013,2026-08-31,5,7,12,4,12
ST015,V00290,P0013,2026-08-31,7,9,16,4,12
ST015,V00292,P0013,2026-08-31,8,7,15,4,12
ST015,V00296,P0013,2026-08-31,3,4,7,2,6
ST015,V00298,P0013,2026-08-31,2,5,7,2,6
ST015,V00299,P0013,2026-08-31,9,5,14,4,12
ST015,V00300,P0013,2026-08-31,6,2,8,2,6
ST015,V00301,P0013,2026-08-31,3,10,13,3,9
ST015,V00308,P0013,2026-08-31,10,0,10,4,12
ST015,V00310,P0013,2026-08-31,9,2,11,3,9
ST015,V00311,P0013,2026-08-31,5,2,7,2,6
ST015,V00315,P0014,2026-08-31,0,4,4,3,9
ST015,V00319,P0014,2026-08-31,8,12,20,4,12
ST015,V00321,P0014,2026-08-31,8,1,9,4,12
ST015,V00322,P0014,2026-08-31,4,3,7,3,9
ST015,V00324,P0014,2026-08-31,5,5,10,2,6
ST015,V00326,P0014,2026-08-31,6,4,10,3,9
ST015,V00327,P0014,2026-08-31,13,0,13,3,9
ST015,V00328,P0014,2026-08-31,4,1,5,3,9
ST015,V00332,P0014,2026-08-31,10,6,16,4,12
ST015,V00334,P0014,2026-08-31,4,1,5,3,9
ST015,V00336,P0014,2026-08-31,6,0,6,3,9
ST015,V00337,P0015,2026-08-31,2,0,2,2,6
ST015,V00338,P0015,2026-08-31,6,8,14,3,9
ST015,V00339,P0015,2026-08-31,2,0,2,2,6
ST015,V00340,P0015,2026-08-31,3,5,8,2,6
ST015,V00341,P0015,2026-08-31,7,9,16,3,9
ST015,V00344,P0015,2026-08-31,10,2,12,3,9
ST015,V00346,P0015,2026-08-31,6,3,9,2,6
ST015,V00347,P0015,2026-08-31,4,3,7,2,6
ST015,V00349,P0015,2026-08-31,4,3,7,2,6
ST015,V00350,P0015,2026-08-31,5,3,8,2,6
ST015,V00351,P0015,2026-08-31,3,8,11,3,9
ST015,V00352,P0015,2026-08-31,8,7,15,4,12
ST015,V00354,P0015,2026-08-31,4,0,4,2,6
ST015,V00355,P0015,2026-08-31,2,3,5,2,6
ST015,V00356,P0015,2026-08-31,1,0,1,4,12
ST015,V00359,P0015,2026-08-31,5,2,7,2,6
ST015,V00360,P0015,2026-08-31,7,0,7,3,9
ST015,V00362,P0016,2026-08-31,9,10,19,4,12
ST015,V00363,P0016,2026-08-31,2,3,5,2,6
ST015,V00364,P0016,2026-08-31,6,9,15,4,12
ST015,V00365,P0016,2026-08-31,6,4,10,3,9
ST015,V00366,P0016,2026-08-31,5,2,7,2,6
ST015,V00367,P0016,2026-08-31,2,2,4,2,6
ST015,V00368,P0016,2026-08-31,6,4,10,3,9
ST015,V00370,P0016,2026-08-31,16,10,26,4,12
ST015,V00371,P0016,2026-08-31,8,5,13,3,9
ST015,V00375,P0016,2026-08-31,8,5,13,4,12
ST015,V00377,P0016,2026-08-31,3,3,6,2,6
ST015,V00378,P0016,2026-08-31,4,0,4,2,6
ST015,V00380,P0016,2026-08-31,14,4,18,4,12
ST015,V00382,P0016,2026-08-31,6,0,6,3,9
ST015,V00384,P0016,2026-08-31,3,0,3,2,6
ST015,V00385,P0017,2026-08-31,7,2,9,2,6
ST015,V00386,P0017,2026-08-31,4,0,4,3,9
ST015,V00387,P0017,2026-08-31,5,0,5,2,6
ST015,V00388,P0017,2026-08-31,4,2,6,2,6
ST015,V00390,P0017,2026-08-31,3,0,3,4,12
ST015,V00391,P0017,2026-08-31,6,2,8,3,9
ST015,V00394,P0017,2026-08-31,9,13,22,4,12
ST015,V00395,P0017,2026-08-31,12,4,16,4,12
ST015,V00396,P0017,2026-08-31,14,9,23,4,12
ST015,V00397,P0017,2026-08-31,3,0,3,2,6
ST015,V00401,P0017,2026-08-31,5,4,9,2,6
ST015,V00404,P0018,2026-08-31,8,8,16,3,9
ST015,V00406,P0018,2026-08-31,4,3,7,2,6
ST015,V00407,P0018,2026-08-31,13,7,20,6,18
ST015,V00408,P0018,2026-08-31,4,2,6,2,6
ST015,V00410,P0018,2026-08-31,5,1,6,2,6
ST015,V00411,P0018,2026-08-31,13,13,26,6,18
ST015,V00413,P0018,2026-08-31,5,0,5,3,9
ST015,V00416,P0018,2026-08-31,11,7,18,6,18
ST015,V00419,P0018,2026-08-31,10,9,19,4,12
ST015,V00423,P0019,2026-08-31,25,9,34,6,18
ST015,V00426,P0019,2026-08-31,3,1,4,4,12
ST015,V00427,P0019,2026-08-31,5,2,7,2,6
ST015,V00428,P0019,2026-08-31,5,12,17,4,12
ST015,V00429,P0019,2026-08-31,2,7,9,2,6
ST015,V00434,P0019,2026-08-31,5,3,8,2,6
ST015,V00437,P0019,2026-08-31,5,0,5,2,6
ST015,V00443,P0020,2026-08-31,3,3,6,2,6
ST015,V00444,P0020,2026-08-31,9,4,13,3,9
ST015,V00447,P0020,2026-08-31,2,3,5,2,6
ST015,V00448,P0020,2026-08-31,3,2,5,2,6
ST015,V00452,P0020,2026-08-31,1,2,3,2,6
ST015,V00454,P0020,2026-08-31,5,7,12,3,9
ST015,V00455,P0020,2026-08-31,2,0,2,3,9
ST015,V00457,P0021,2026-08-31,5,0,5,2,6
ST015,V00462,P0021,2026-08-31,9,4,13,3,9
ST015,V00465,P0021,2026-08-31,12,0,12,6,18
ST015,V00466,P0021,2026-08-31,4,14,18,4,12
ST015,V00471,P0021,2026-08-31,11,9,20,4,12
ST015,V00477,P0022,2026-08-31,5,3,8,4,12
ST015,V00478,P0022,2026-08-31,3,5,8,3,9
ST015,V00480,P0022,2026-08-31,8,12,20,3,9
ST015,V00481,P0022,2026-08-31,1,3,4,2,6
ST015,V00484,P0022,2026-08-31,12,1,13,4,12
ST015,V00485,P0022,2026-08-31,3,0,3,2,6
ST015,V00489,P0022,2026-08-31,5,1,6,2,6
ST015,V00490,P0022,2026-08-31,4,2,6,2,6
ST015,V00491,P0022,2026-08-31,5,6,11,2,6
ST015,V00493,P0023,2026-08-31,22,19,41,6,18
ST015,V00495,P0023,2026-08-31,4,8,12,3,9
ST015,V00497,P0023,2026-08-31,6,5,11,2,6
ST015,V00499,P0023,2026-08-31,10,2,12,3,9
ST015,V00500,P0023,2026-08-31,8,6,14,3,9
ST015,V00502,P0023,2026-08-31,2,9,11,3,9
ST015,V00513,P0024,2026-08-31,4,3,7,2,6
ST015,V00515,P0024,2026-08-31,4,4,8,2,6
ST015,V00516,P0024,2026-08-31,2,11,13,3,9
ST015,V00519,P0024,2026-08-31,6,4,10,3,9
ST015,V00520,P0024,2026-08-31,5,4,9,3,9
ST015,V00521,P0024,2026-08-31,5,9,14,4,12
ST015,V00522,P0024,2026-08-31,7,1,8,3,9
ST015,V00526,P0024,2026-08-31,5,21,26,6,18
ST015,V00530,P0025,2026-08-31,4,3,7,2,6
ST015,V00531,P0025,2026-08-31,9,4,13,4,12
ST015,V00533,P0025,2026-08-31,10,0,10,3,9
ST015,V00534,P0025,2026-08-31,12,0,12,6,18
ST015,V00535,P0025,2026-08-31,4,5,9,2,6
ST015,V00536,P0025,2026-08-31,5,2,7,2,6
ST015,V00537,P0025,2026-08-31,1,9,10,3,9
ST015,V00540,P0025,2026-08-31,7,0,7,3,9
ST015,V00542,P0025,2026-08-31,4,3,7,2,6
ST015,V00543,P0025,2026-08-31,5,0,5,2,6
ST015,V00544,P0025,2026-08-31,6,8,14,4,12
ST015,V00550,P0026,2026-08-31,3,4,7,3,9
ST015,V00551,P0026,2026-08-31,4,4,8,2,6
ST015,V00555,P0026,2026-08-31,8,8,16,3,9
ST015,V00557,P0026,2026-08-31,7,5,12,4,12
ST015,V00560,P0026,2026-08-31,5,9,14,4,12
ST015,V00562,P0026,2026-08-31,2,5,7,6,18
ST015,V00563,P0026,2026-08-31,4,9,13,3,9
ST015,V00564,P0026,2026-08-31,9,6,15,3,9
ST015,V00565,P0027,2026-08-31,3,7,10,3,9
ST015,V00567,P0027,2026-08-31,15,13,28,6,18
ST015,V00569,P0027,2026-08-31,4,1,5,2,6
ST015,V00571,P0027,2026-08-31,10,7,17,3,9
ST015,V00573,P0027,2026-08-31,2,1,3,2,6
ST015,V00578,P0027,2026-08-31,5,2,7,2,6
ST015,V00579,P0027,2026-08-31,4,8,12,4,12
ST015,V00580,P0027,2026-08-31,2,3,5,2,6
ST015,V00581,P0027,2026-08-31,17,24,41,6,18
ST015,V00582,P0027,2026-08-31,0,7,7,3,9
ST015,V00583,P0028,2026-08-31,3,1,4,2,6
ST015,V00584,P0028,2026-08-31,6,3,9,4,12
ST015,V00586,P0028,2026-08-31,4,0,4,4,12
ST015,V00587,P0028,2026-08-31,17,1,18,6,18
ST015,V00588,P0028,2026-08-31,8,5,13,2,6
ST015,V00589,P0028,2026-08-31,5,2,7,2,6
ST015,V00590,P0028,2026-08-31,17,15,32,4,12
ST015,V00591,P0028,2026-08-31,2,4,6,4,12
ST015,V00594,P0028,2026-08-31,1,8,9,4,12
ST015,V00595,P0028,2026-08-31,6,1,7,2,6
ST015,V00596,P0028,2026-08-31,2,6,8,2,6
ST015,V00597,P0028,2026-08-31,13,13,26,4,12
ST015,V00598,P0028,2026-08-31,3,3,6,3,9
ST015,V00599,P0028,2026-08-31,1,6,7,2,6
ST015,V00601,P0029,2026-08-31,3,8,11,3,9
ST015,V00602,P0029,2026-08-31,1,5,6,3,9
ST015,V00605,P0029,2026-08-31,8,11,19,4,12
ST015,V00606,P0029,2026-08-31,6,3,9,3,9
ST015,V00607,P0029,2026-08-31,12,16,28,6,18
ST015,V00611,P0029,2026-08-31,5,1,6,2,6
ST015,V00612,P0029,2026-08-31,2,0,2,2,6
ST015,V00615,P0029,2026-08-31,3,2,5,2,6
ST015,V00617,P0029,2026-08-31,4,3,7,2,6
ST015,V00618,P0029,2026-08-31,3,3,6,2,6
ST015,V00619,P0030,2026-08-31,4,5,9,3,9
ST015,V00620,P0030,2026-08-31,10,6,16,6,18
ST015,V00624,P0030,2026-08-31,13,1,14,4,12
ST015,V00625,P0030,2026-08-31,6,5,11,3,9
ST015,V00626,P0030,2026-08-31,4,5,9,2,6
ST015,V00627,P0030,2026-08-31,4,6,10,2,6
ST015,V00629,P0030,2026-08-31,9,0,9,3,9
ST015,V00631,P0030,2026-08-31,3,1,4,2,6
ST015,V00634,P0030,2026-08-31,6,8,14,6,18
ST015,V00637,P0031,2026-08-31,2,3,5,2,6
ST015,V00639,P0031,2026-08-31,1,4,5,2,6
ST015,V00640,P0031,2026-08-31,5,6,11,2,6
ST015,V00642,P0031,2026-08-31,1,2,3,2,6
ST015,V00644,P0031,2026-08-31,3,5,8,2,6
ST015,V00647,P0031,2026-08-31,11,1,12,6,18
ST015,V00648,P0031,2026-08-31,4,3,7,3,9
ST015,V00652,P0031,2026-08-31,3,3,6,2,6
ST015,V00654,P0031,2026-08-31,2,5,7,3,9
ST015,V00655,P0032,2026-08-31,6,5,11,3,9
ST015,V00656,P0032,2026-08-31,4,4,8,2,6
ST015,V00657,P0032,2026-08-31,10,1,11,4,12
ST015,V00659,P0032,2026-08-31,8,1,9,3,9
ST015,V00660,P0032,2026-08-31,9,7,16,3,9
ST015,V00662,P0032,2026-08-31,6,3,9,3,9
ST015,V00664,P0032,2026-08-31,7,11,18,4,12
ST015,V00665,P0032,2026-08-31,3,9,12,3,9
ST015,V00669,P0032,2026-08-31,4,3,7,2,6
ST015,V00670,P0032,2026-08-31,7,2,9,3,9
ST015,V00671,P0032,2026-08-31,9,1,10,3,9
ST015,V00672,P0032,2026-08-31,6,3,9,2,6
ST015,V00673,P0033,2026-08-31,6,3,9,3,9
ST015,V00674,P0033,2026-08-31,7,5,12,3,9
ST015,V00675,P0033,2026-08-31,1,2,3,2,6
ST015,V00678,P0033,2026-08-31,4,3,7,2,6
ST015,V00679,P0033,2026-08-31,3,5,8,2,6
ST015,V00682,P0033,2026-08-31,0,5,5,3,9
ST015,V00683,P0033,2026-08-31,6,0,6,4,12
ST015,V00684,P0033,2026-08-31,4,7,11,2,6
ST015,V00685,P0033,2026-08-31,1,5,6,2,6
ST015,V00686,P0033,2026-08-31,4,1,5,2,6
ST015,V00689,P0033,2026-08-31,7,1,8,3,9
ST015,V00691,P0034,2026-08-31,11,10,21,4,12
ST015,V00692,P0034,2026-08-31,3,3,6,2,6
ST015,V00693,P0034,2026-08-31,3,3,6,2,6
ST015,V00694,P0034,2026-08-31,1,0,1,2,6
ST015,V00698,P0034,2026-08-31,6,0,6,3,9
ST015,V00699,P0034,2026-08-31,14,11,25,6,18
ST015,V00701,P0034,2026-08-31,5,5,10,3,9
ST015,V00707,P0034,2026-08-31,5,8,13,3,9
ST015,V00708,P0034,2026-08-31,3,2,5,2,6
ST016,V00001,P0001,2026-08-31,4,2,6,2,6
ST016,V00002,P0001,2026-08-31,5,3,8,2,6
ST016,V00003,P0001,2026-08-31,3,13,16,4,12
ST016,V00004,P0001,2026-08-31,0,6,6,3,9
ST016,V00006,P0001,2026-08-31,9,3,12,3,9
ST016,V00008,P0001,2026-08-31,5,1,6,3,9
ST016,V00009,P0001,2026-08-31,6,2,8,3,9
ST016,V00010,P0001,2026-08-31,6,5,11,2,6
ST016,V00013,P0001,2026-08-31,5,2,7,3,9
ST016,V00015,P0001,2026-08-31,11,3,14,4,12
ST016,V00019,P0001,2026-08-31,3,0,3,3,9
ST016,V00020,P0001,2026-08-31,4,4,8,2,6
ST016,V00021,P0001,2026-08-31,8,10,18,4,12
ST016,V00022,P0001,2026-08-31,7,1,8,2,6
ST016,V00026,P0002,2026-08-31,4,2,6,2,6
ST016,V00027,P0002,2026-08-31,2,3,5,2,6
ST016,V00029,P0002,2026-08-31,5,1,6,2,6
ST016,V00030,P0002,2026-08-31,7,10,17,6,18
ST016,V00031,P0002,2026-08-31,5,3,8,2,6
ST016,V00032,P0002,2026-08-31,4,0,4,2,6
ST016,V00035,P0002,2026-08-31,9,7,16,6,18
ST016,V00036,P0002,2026-08-31,4,5,9,3,9
ST016,V00043,P0002,2026-08-31,6,2,8,3,9
ST016,V00046,P0002,2026-08-31,1,0,1,2,6
ST016,V00047,P0002,2026-08-31,4,4,8,3,9
ST016,V00049,P0003,2026-08-31,4,3,7,2,6
ST016,V00050,P0003,2026-08-31,5,8,13,3,9
ST016,V00051,P0003,2026-08-31,13,5,18,6,18
ST016,V00054,P0003,2026-08-31,8,0,8,4,12
ST016,V00055,P0003,2026-08-31,16,1,17,6,18
ST016,V00056,P0003,2026-08-31,4,7,11,3,9
ST016,V00057,P0003,2026-08-31,3,2,5,2,6
ST016,V00058,P0003,2026-08-31,1,3,4,2,6
ST016,V00059,P0003,2026-08-31,10,8,18,3,9
ST016,V00060,P0003,2026-08-31,5,5,10,3,9
ST016,V00061,P0003,2026-08-31,5,6,11,4,12
ST016,V00064,P0003,2026-08-31,4,3,7,2,6
ST016,V00065,P0003,2026-08-31,2,3,5,3,9
ST016,V00066,P0003,2026-08-31,4,5,9,3,9
ST016,V00068,P0003,2026-08-31,5,3,8,2,6
ST016,V00070,P0003,2026-08-31,3,3,6,2,6
ST016,V00071,P0003,2026-08-31,6,3,9,2,6
ST016,V00073,P0004,2026-08-31,7,9,16,3,9
ST016,V00075,P0004,2026-08-31,3,11,14,3,9
ST016,V00076,P0004,2026-08-31,12,7,19,4,12
ST016,V00077,P0004,2026-08-31,5,7,12,3,9
ST016,V00078,P0004,2026-08-31,3,8,11,2,6
ST016,V00080,P0004,2026-08-31,14,17,31,6,18
ST016,V00083,P0004,2026-08-31,3,6,9,2,6
ST016,V00085,P0004,2026-08-31,9,5,14,3,9
ST016,V00087,P0004,2026-08-31,3,0,3,2,6
ST016,V00088,P0004,2026-08-31,1,5,6,2,6
ST016,V00089,P0004,2026-08-31,10,5,15,6,18
ST016,V00091,P0004,2026-08-31,5,7,12,4,12
ST016,V00092,P0004,2026-08-31,3,8,11,6,18
ST016,V00093,P0004,2026-08-31,6,0,6,3,9
ST016,V00095,P0004,2026-08-31,3,5,8,2,6
ST016,V00099,P0005,2026-08-31,7,2,9,3,9
ST016,V00101,P0005,2026-08-31,6,5,11,3,9
ST016,V00104,P0005,2026-08-31,6,4,10,2,6
ST016,V00105,P0005,2026-08-31,1,0,1,4,12
ST016,V00109,P0005,2026-08-31,6,0,6,2,6
ST016,V00110,P0005,2026-08-31,17,17,34,6,18
ST016,V00111,P0005,2026-08-31,9,0,9,6,18
ST016,V00112,P0005,2026-08-31,0,3,3,2,6
ST016,V00113,P0005,2026-08-31,11,5,16,4,12
ST016,V00114,P0005,2026-08-31,6,11,17,4,12
ST016,V00115,P0005,2026-08-31,8,7,15,3,9
ST016,V00120,P0005,2026-08-31,7,0,7,4,12
ST016,V00121,P0006,2026-08-31,4,1,5,2,6
ST016,V00122,P0006,2026-08-31,4,9,13,3,9
ST016,V00123,P0006,2026-08-31,3,2,5,2,6
ST016,V00127,P0006,2026-08-31,4,1,5,2,6
ST016,V00131,P0006,2026-08-31,10,0,10,3,9
ST016,V00132,P0006,2026-08-31,2,4,6,2,6
ST016,V00134,P0006,2026-08-31,5,3,8,2,6
ST016,V00138,P0006,2026-08-31,9,6,15,3,9
ST016,V00141,P0006,2026-08-31,9,6,15,6,18
ST016,V00142,P0006,2026-08-31,9,9,18,4,12
ST016,V00143,P0006,2026-08-31,4,3,7,2,6
ST016,V00146,P0007,2026-08-31,8,4,12,3,9
ST016,V00148,P0007,2026-08-31,3,4,7,3,9
ST016,V00149,P0007,2026-08-31,10,6,16,4,12
ST016,V00150,P0007,2026-08-31,3,7,10,2,6
ST016,V00152,P0007,2026-08-31,5,1,6,2,6
ST016,V00153,P0007,2026-08-31,3,4,7,2,6
ST016,V00154,P0007,2026-08-31,4,3,7,2,6
ST016,V00157,P0007,2026-08-31,8,5,13,4,12
ST016,V00158,P0007,2026-08-31,7,9,16,3,9
ST016,V00161,P0007,2026-08-31,5,2,7,2,6
ST016,V00164,P0007,2026-08-31,7,3,10,2,6
ST016,V00165,P0007,2026-08-31,3,6,9,2,6
ST016,V00166,P0007,2026-08-31,5,3,8,3,9
ST016,V00167,P0007,2026-08-31,6,4,10,2,6
ST016,V00169,P0008,2026-08-31,6,4,10,4,12
ST016,V00171,P0008,2026-08-31,2,2,4,2,6
ST016,V00174,P0008,2026-08-31,6,8,14,3,9
ST016,V00175,P0008,2026-08-31,1,0,1,3,9
ST016,V00176,P0008,2026-08-31,14,2,16,6,18
ST016,V00177,P0008,2026-08-31,11,4,15,4,12
ST016,V00178,P0008,2026-08-31,2,2,4,3,9
ST016,V00179,P0008,2026-08-31,8,3,11,3,9
ST016,V00180,P0008,2026-08-31,9,5,14,4,12
ST016,V00182,P0008,2026-08-31,6,6,12,4,12
ST016,V00183,P0008,2026-08-31,3,4,7,2,6
ST016,V00186,P0008,2026-08-31,12,9,21,4,12
ST016,V00188,P0008,2026-08-31,3,7,10,4,12
ST016,V00189,P0008,2026-08-31,5,4,9,3,9
ST016,V00190,P0008,2026-08-31,4,2,6,3,9
ST016,V00191,P0008,2026-08-31,7,9,16,3,9
ST016,V00192,P0008,2026-08-31,5,1,6,2,6
ST016,V00193,P0009,2026-08-31,6,12,18,4,12
ST016,V00194,P0009,2026-08-31,6,5,11,2,6
ST016,V00195,P0009,2026-08-31,4,1,5,2,6
ST016,V00196,P0009,2026-08-31,6,7,13,3,9
ST016,V00198,P0009,2026-08-31,9,5,14,3,9
ST016,V00200,P0009,2026-08-31,2,1,3,3,9
ST016,V00201,P0009,2026-08-31,3,0,3,3,9
ST016,V00202,P0009,2026-08-31,5,7,12,3,9
ST016,V00203,P0009,2026-08-31,6,5,11,4,12
ST016,V00204,P0009,2026-08-31,6,1,7,2,6
ST016,V00206,P0009,2026-08-31,5,3,8,4,12
ST016,V00207,P0009,2026-08-31,2,3,5,2,6
ST016,V00209,P0009,2026-08-31,6,7,13,3,9
ST016,V00211,P0009,2026-08-31,5,8,13,3,9
ST016,V00212,P0009,2026-08-31,8,7,15,4,12
ST016,V00213,P0009,2026-08-31,4,2,6,2,6
ST016,V00216,P0009,2026-08-31,2,3,5,2,6
ST016,V00218,P0010,2026-08-31,4,4,8,3,9
ST016,V00219,P0010,2026-08-31,1,0,1,2,6
ST016,V00220,P0010,2026-08-31,11,2,13,4,12
ST016,V00222,P0010,2026-08-31,5,4,9,3,9
ST016,V00225,P0010,2026-08-31,5,13,18,4,12
ST016,V00226,P0010,2026-08-31,9,8,17,6,18
ST016,V00230,P0010,2026-08-31,7,13,20,6,18
ST016,V00231,P0010,2026-08-31,14,4,18,6,18
ST016,V00232,P0010,2026-08-31,17,6,23,6,18
ST016,V00233,P0010,2026-08-31,9,5,14,3,9
ST016,V00234,P0010,2026-08-31,3,3,6,2,6
ST016,V00235,P0010,2026-08-31,4,8,12,3,9
ST016,V00236,P0010,2026-08-31,6,11,17,4,12
ST016,V00238,P0010,2026-08-31,7,6,13,3,9
ST016,V00241,P0011,2026-08-31,4,4,8,2,6
ST016,V00243,P0011,2026-08-31,10,7,17,3,9
ST016,V00249,P0011,2026-08-31,6,3,9,2,6
ST016,V00250,P0011,2026-08-31,6,0,6,2,6
ST016,V00252,P0011,2026-08-31,5,6,11,2,6
ST016,V00253,P0011,2026-08-31,6,15,21,4,12
ST016,V00256,P0011,2026-08-31,5,3,8,3,9
ST016,V00257,P0011,2026-08-31,6,0,6,2,6
ST016,V00260,P0011,2026-08-31,3,4,7,2,6
ST016,V00261,P0011,2026-08-31,1,0,1,2,6
ST016,V00262,P0011,2026-08-31,7,7,14,3,9
ST016,V00263,P0011,2026-08-31,10,0,10,6,18
ST016,V00264,P0011,2026-08-31,4,0,4,3,9
ST016,V00265,P0012,2026-08-31,1,5,6,2,6
ST016,V00266,P0012,2026-08-31,3,6,9,3,9
ST016,V00267,P0012,2026-08-31,8,18,26,6,18
ST016,V00268,P0012,2026-08-31,11,2,13,3,9
ST016,V00270,P0012,2026-08-31,1,1,2,2,6
ST016,V00274,P0012,2026-08-31,2,1,3,2,6
ST016,V00275,P0012,2026-08-31,11,3,14,6,18
ST016,V00278,P0012,2026-08-31,7,2,9,3,9
ST016,V00279,P0012,2026-08-31,10,14,24,6,18
ST016,V00281,P0012,2026-08-31,0,6,6,2,6
ST016,V00283,P0012,2026-08-31,5,5,10,2,6
ST016,V00286,P0012,2026-08-31,6,0,6,2,6
ST016,V00287,P0012,2026-08-31,2,5,7,3,9
ST016,V00289,P0013,2026-08-31,6,9,15,3,9
ST016,V00290,P0013,2026-08-31,4,4,8,3,9
ST016,V00291,P0013,2026-08-31,10,6,16,3,9
ST016,V00292,P0013,2026-08-31,6,1,7,2,6
ST016,V00294,P0013,2026-08-31,5,3,8,3,9
ST016,V00300,P0013,2026-08-31,10,5,15,4,12
ST016,V00302,P0013,2026-08-31,3,1,4,2,6
ST016,V00307,P0013,2026-08-31,8,0,8,4,12
ST016,V00310,P0013,2026-08-31,7,6,13,3,9
ST016,V00311,P0013,2026-08-31,7,1,8,2,6
ST016,V00314,P0014,2026-08-31,7,0,7,3,9
ST016,V00315,P0014,2026-08-31,7,2,9,3,9
ST016,V00316,P0014,2026-08-31,9,7,16,3,9
ST016,V00318,P0014,2026-08-31,5,4,9,2,6
ST016,V00319,P0014,2026-08-31,9,4,13,4,12
ST016,V00320,P0014,2026-08-31,4,4,8,2,6
ST016,V00321,P0014,2026-08-31,4,4,8,2,6
ST016,V00322,P0014,2026-08-31,6,6,12,3,9
ST016,V00324,P0014,2026-08-31,12,5,17,4,12
ST016,V00325,P0014,2026-08-31,9,4,13,3,9
ST016,V00327,P0014,2026-08-31,3,3,6,2,6
ST016,V00331,P0014,2026-08-31,10,2,12,6,18
ST016,V00332,P0014,2026-08-31,7,0,7,3,9
ST016,V00336,P0014,2026-08-31,3,13,16,6,18
ST016,V00337,P0015,2026-08-31,5,3,8,2,6
ST016,V00339,P0015,2026-08-31,5,6,11,3,9
ST016,V00340,P0015,2026-08-31,7,6,13,3,9
ST016,V00341,P0015,2026-08-31,5,3,8,2,6
ST016,V00342,P0015,2026-08-31,8,6,14,3,9
ST016,V00344,P0015,2026-08-31,4,3,7,2,6
ST016,V00345,P0015,2026-08-31,3,5,8,2,6
ST016,V00346,P0015,2026-08-31,5,6,11,2,6
ST016,V00347,P0015,2026-08-31,3,5,8,2,6
ST016,V00354,P0015,2026-08-31,10,9,19,6,18
ST016,V00355,P0015,2026-08-31,9,6,15,4,12
ST016,V00357,P0015,2026-08-31,3,4,7,2,6
ST016,V00358,P0015,2026-08-31,4,3,7,2,6
ST016,V00360,P0015,2026-08-31,4,0,4,2,6
ST016,V00362,P0016,2026-08-31,7,5,12,2,6
ST016,V00364,P0016,2026-08-31,0,1,1,2,6
ST016,V00366,P0016,2026-08-31,14,4,18,4,12
ST016,V00367,P0016,2026-08-31,8,7,15,3,9
ST016,V00368,P0016,2026-08-31,5,0,5,2,6
ST016,V00370,P0016,2026-08-31,12,9,21,6,18
ST016,V00373,P0016,2026-08-31,4,1,5,2,6
ST016,V00377,P0016,2026-08-31,4,0,4,2,6
ST016,V00378,P0016,2026-08-31,4,9,13,3,9
ST016,V00380,P0016,2026-08-31,7,7,14,4,12
ST016,V00382,P0016,2026-08-31,2,5,7,2,6
ST016,V00386,P0017,2026-08-31,4,4,8,2,6
ST016,V00387,P0017,2026-08-31,4,0,4,2,6
ST016,V00388,P0017,2026-08-31,2,4,6,2,6
ST016,V00390,P0017,2026-08-31,8,1,9,2,6
ST016,V00391,P0017,2026-08-31,11,15,26,4,12
ST016,V00393,P0017,2026-08-31,7,5,12,3,9
ST016,V00394,P0017,2026-08-31,7,0,7,2,6
ST016,V00396,P0017,2026-08-31,4,0,4,2,6
ST016,V00398,P0017,2026-08-31,9,4,13,3,9
ST016,V00400,P0017,2026-08-31,5,7,12,3,9
ST016,V00402,P0017,2026-08-31,5,11,16,4,12
ST016,V00407,P0018,2026-08-31,4,8,12,4,12
ST016,V00408,P0018,2026-08-31,3,0,3,2,6
ST016,V00410,P0018,2026-08-31,9,8,17,6,18
ST016,V00413,P0018,2026-08-31,8,8,16,4,12
ST016,V00414,P0018,2026-08-31,8,3,11,3,9
ST016,V00416,P0018,2026-08-31,6,9,15,3,9
ST016,V00417,P0018,2026-08-31,11,0,11,4,12
ST016,V00418,P0018,2026-08-31,1,0,1,2,6
ST016,V00419,P0018,2026-08-31,2,5,7,2,6
ST016,V00421,P0019,2026-08-31,4,9,13,3,9
ST016,V00422,P0019,2026-08-31,3,3,6,2,6
ST016,V00424,P0019,2026-08-31,2,2,4,2,6
ST016,V00425,P0019,2026-08-31,4,6,10,3,9
ST016,V00427,P0019,2026-08-31,7,6,13,4,12
ST016,V00428,P0019,2026-08-31,3,8,11,4,12
ST016,V00429,P0019,2026-08-31,4,3,7,3,9
ST016,V00431,P0019,2026-08-31,6,7,13,3,9
ST016,V00432,P0019,2026-08-31,9,5,14,4,12
ST016,V00433,P0019,2026-08-31,6,8,14,3,9
ST016,V00438,P0019,2026-08-31,3,4,7,2,6
ST016,V00439,P0020,2026-08-31,3,3,6,2,6
ST016,V00440,P0020,2026-08-31,3,2,5,2,6
ST016,V00442,P0020,2026-08-31,9,3,12,3,9
ST016,V00443,P0020,2026-08-31,11,3,14,3,9
ST016,V00445,P0020,2026-08-31,0,5,5,2,6
ST016,V00446,P0020,2026-08-31,4,1,5,2,6
ST016,V00453,P0020,2026-08-31,2,4,6,2,6
ST016,V00455,P0020,2026-08-31,14,6,20,6,18
ST016,V00456,P0020,2026-08-31,6,2,8,2,6
ST016,V00458,P0021,2026-08-31,4,2,6,2,6
ST016,V00459,P0021,2026-08-31,12,17,29,6,18
ST016,V00460,P0021,2026-08-31,7,2,9,3,9
ST016,V00461,P0021,2026-08-31,8,13,21,6,18
ST016,V00463,P0021,2026-08-31,4,0,4,4,12
ST016,V00471,P0021,2026-08-31,3,2,5,2,6
ST016,V00475,P0022,2026-08-31,3,5,8,2,6
ST016,V00476,P0022,2026-08-31,8,3,11,3,9
ST016,V00477,P0022,2026-08-31,6,13,19,4,12
ST016,V00482,P0022,2026-08-31,6,4,10,3,9
ST016,V00484,P0022,2026-08-31,4,3,7,2,6
ST016,V00485,P0022,2026-08-31,9,13,22,3,9
ST016,V00487,P0022,2026-08-31,3,6,9,2,6
ST016,V00488,P0022,2026-08-31,5,3,8,2,6
ST016,V00490,P0022,2026-08-31,5,6,11,2,6
ST016,V00491,P0022,2026-08-31,3,5,8,2,6
ST016,V00492,P0022,2026-08-31,4,6,10,2,6
ST016,V00493,P0023,2026-08-31,1,2,3,2,6
ST016,V00496,P0023,2026-08-31,9,7,16,3,9
ST016,V00498,P0023,2026-08-31,5,2,7,2,6
ST016,V00499,P0023,2026-08-31,8,2,10,2,6
ST016,V00500,P0023,2026-08-31,3,0,3,2,6
ST016,V00502,P0023,2026-08-31,3,5,8,4,12
ST016,V00503,P0023,2026-08-31,5,1,6,2,6
ST016,V00506,P0023,2026-08-31,10,8,18,6,18
ST016,V00512,P0024,2026-08-31,3,7,10,3,9
ST016,V00513,P0024,2026-08-31,4,3,7,2,6
ST016,V00515,P0024,2026-08-31,2,2,4,2,6
ST016,V00517,P0024,2026-08-31,4,2,6,3,9
ST016,V00518,P0024,2026-08-31,2,4,6,2,6
ST016,V00519,P0024,2026-08-31,4,3,7,2,6
ST016,V00521,P0024,2026-08-31,6,3,9,3,9
ST016,V00523,P0024,2026-08-31,10,9,19,3,9
ST016,V00524,P0024,2026-08-31,6,2,8,2,6
ST016,V00525,P0024,2026-08-31,7,9,16,6,18
ST016,V00526,P0024,2026-08-31,5,4,9,2,6
ST016,V00527,P0024,2026-08-31,5,4,9,2,6
ST016,V00528,P0024,2026-08-31,4,0,4,2,6
ST016,V00529,P0025,2026-08-31,5,5,10,3,9
ST016,V00530,P0025,2026-08-31,5,7,12,2,6
ST016,V00531,P0025,2026-08-31,3,0,3,2,6
ST016,V00534,P0025,2026-08-31,11,3,14,4,12
ST016,V00535,P0025,2026-08-31,8,1,9,3,9
ST016,V00537,P0025,2026-08-31,13,6,19,6,18
ST016,V00542,P0025,2026-08-31,2,6,8,2,6
ST016,V00544,P0025,2026-08-31,13,1,14,4,12
ST016,V00545,P0025,2026-08-31,4,6,10,3,9
ST016,V00547,P0026,2026-08-31,10,1,11,3,9
ST016,V00548,P0026,2026-08-31,9,12,21,4,12
ST016,V00551,P0026,2026-08-31,7,9,16,4,12
ST016,V00552,P0026,2026-08-31,5,1,6,2,6
ST016,V00554,P0026,2026-08-31,2,2,4,2,6
ST016,V00559,P0026,2026-08-31,4,6,10,2,6
ST016,V00560,P0026,2026-08-31,5,14,19,4,12
ST016,V00561,P0026,2026-08-31,9,4,13,3,9
ST016,V00562,P0026,2026-08-31,3,8,11,3,9
ST016,V00563,P0026,2026-08-31,6,7,13,2,6
ST016,V00564,P0026,2026-08-31,7,6,13,3,9
ST016,V00565,P0027,2026-08-31,1,3,4,2,6
ST016,V00568,P0027,2026-08-31,14,0,14,3,9
ST016,V00573,P0027,2026-08-31,6,5,11,2,6
ST016,V00574,P0027,2026-08-31,3,2,5,2,6
ST016,V00575,P0027,2026-08-31,7,0,7,4,12
ST016,V00577,P0027,2026-08-31,1,14,15,4,12
ST016,V00578,P0027,2026-08-31,0,2,2,3,9
ST016,V00580,P0027,2026-08-31,7,4,11,3,9
ST016,V00581,P0027,2026-08-31,2,12,14,3,9
ST016,V00586,P0028,2026-08-31,9,4,13,4,12
ST016,V00593,P0028,2026-08-31,4,8,12,3,9
ST016,V00595,P0028,2026-08-31,3,2,5,3,9
ST016,V00596,P0028,2026-08-31,2,2,4,2,6
ST016,V00597,P0028,2026-08-31,3,0,3,3,9
ST016,V00605,P0029,2026-08-31,0,8,8,3,9
ST016,V00610,P0029,2026-08-31,1,2,3,2,6
ST016,V00611,P0029,2026-08-31,4,5,9,3,9
ST016,V00612,P0029,2026-08-31,10,0,10,3,9
ST016,V00615,P0029,2026-08-31,3,1,4,2,6
ST016,V00617,P0029,2026-08-31,19,19,38,6,18
ST016,V00618,P0029,2026-08-31,8,0,8,2,6
ST016,V00620,P0030,2026-08-31,2,5,7,3,9
ST016,V00623,P0030,2026-08-31,6,3,9,2,6
ST016,V00624,P0030,2026-08-31,6,4,10,2,6
ST016,V00625,P0030,2026-08-31,5,4,9,2,6
ST016,V00630,P0030,2026-08-31,7,2,9,3,9
ST016,V00634,P0030,2026-08-31,6,5,11,3,9
ST016,V00642,P0031,2026-08-31,7,3,10,3,9
ST016,V00643,P0031,2026-08-31,4,0,4,2,6
ST016,V00644,P0031,2026-08-31,5,3,8,2,6
ST016,V00645,P0031,2026-08-31,8,1,9,2,6
ST016,V00646,P0031,2026-08-31,3,1,4,2,6
ST016,V00647,P0031,2026-08-31,15,18,33,6,18
ST016,V00648,P0031,2026-08-31,8,5,13,2,6
ST016,V00649,P0031,2026-08-31,13,7,20,4,12
ST016,V00651,P0031,2026-08-31,2,7,9,3,9
ST016,V00653,P0031,2026-08-31,0,5,5,3,9
ST016,V00654,P0031,2026-08-31,11,4,15,3,9
ST016,V00655,P0032,2026-08-31,0,17,17,4,12
ST016,V00656,P0032,2026-08-31,9,3,12,6,18
ST016,V00657,P0032,2026-08-31,10,2,12,3,9
ST016,V00658,P0032,2026-08-31,1,1,2,2,6
ST016,V00660,P0032,2026-08-31,5,3,8,3,9
ST016,V00661,P0032,2026-08-31,7,25,32,6,18
ST016,V00662,P0032,2026-08-31,6,3,9,3,9
ST016,V00665,P0032,2026-08-31,5,0,5,4,12
ST016,V00666,P0032,2026-08-31,3,5,8,2,6
ST016,V00668,P0032,2026-08-31,8,6,14,4,12
ST016,V00670,P0032,2026-08-31,10,3,13,4,12
ST016,V00671,P0032,2026-08-31,4,0,4,4,12
ST016,V00672,P0032,2026-08-31,4,6,10,3,9
ST016,V00673,P0033,2026-08-31,11,4,15,4,12
ST016,V00675,P0033,2026-08-31,19,6,25,6,18
ST016,V00679,P0033,2026-08-31,6,2,8,2,6
ST016,V00682,P0033,2026-08-31,5,12,17,4,12
ST016,V00689,P0033,2026-08-31,7,3,10,3,9
ST016,V00690,P0033,2026-08-31,1,0,1,2,6
ST016,V00692,P0034,2026-08-31,8,1,9,3,9
ST016,V00695,P0034,2026-08-31,8,3,11,3,9
ST016,V00697,P0034,2026-08-31,18,11,29,6,18
ST016,V00698,P0034,2026-08-31,3,4,7,3,9
ST016,V00702,P0034,2026-08-31,14,12,26,6,18
ST016,V00703,P0034,2026-08-31,3,3,6,2,6
ST016,V00704,P0034,2026-08-31,2,12,14,4,12
ST016,V00706,P0034,2026-08-31,5,3,8,4,12
ST016,V00707,P0034,2026-08-31,5,0,5,4,12
ST016,V00708,P0034,2026-08-31,0,4,4,3,9
ST017,V00001,P0001,2026-08-31,7,10,17,4,12
ST017,V00006,P0001,2026-08-31,0,0,0,2,6
ST017,V00007,P0001,2026-08-31,11,10,21,4,12
ST017,V00011,P0001,2026-08-31,2,1,3,2,6
ST017,V00012,P0001,2026-08-31,6,2,8,2,6
ST017,V00013,P0001,2026-08-31,5,4,9,2,6
ST017,V00015,P0001,2026-08-31,14,3,17,4,12
ST017,V00019,P0001,2026-08-31,2,3,5,4,12
ST017,V00026,P0002,2026-08-31,4,11,15,3,9
ST017,V00027,P0002,2026-08-31,2,2,4,2,6
ST017,V00028,P0002,2026-08-31,14,15,29,6,18
ST017,V00029,P0002,2026-08-31,7,3,10,2,6
ST017,V00031,P0002,2026-08-31,4,2,6,3,9
ST017,V00032,P0002,2026-08-31,5,3,8,2,6
ST017,V00033,P0002,2026-08-31,8,10,18,3,9
ST017,V00034,P0002,2026-08-31,7,1,8,2,6
ST017,V00036,P0002,2026-08-31,14,14,28,4,12
ST017,V00037,P0002,2026-08-31,9,0,9,3,9
ST017,V00038,P0002,2026-08-31,5,0,5,2,6
ST017,V00041,P0002,2026-08-31,5,3,8,3,9
ST017,V00043,P0002,2026-08-31,6,8,14,3,9
ST017,V00044,P0002,2026-08-31,2,7,9,3,9
ST017,V00045,P0002,2026-08-31,7,2,9,2,6
ST017,V00046,P0002,2026-08-31,5,3,8,2,6
ST017,V00048,P0002,2026-08-31,7,4,11,3,9
ST017,V00050,P0003,2026-08-31,5,0,5,4,12
ST017,V00052,P0003,2026-08-31,19,4,23,6,18
ST017,V00054,P0003,2026-08-31,6,0,6,3,9
ST017,V00055,P0003,2026-08-31,22,0,22,6,18
ST017,V00056,P0003,2026-08-31,19,11,30,6,18
ST017,V00058,P0003,2026-08-31,4,7,11,3,9
ST017,V00063,P0003,2026-08-31,6,4,10,2,6
ST017,V00064,P0003,2026-08-31,4,2,6,2,6
ST017,V00065,P0003,2026-08-31,11,1,12,3,9
ST017,V00066,P0003,2026-08-31,17,9,26,6,18
ST017,V00068,P0003,2026-08-31,6,1,7,2,6
ST017,V00069,P0003,2026-08-31,3,3,6,2,6
ST017,V00070,P0003,2026-08-31,11,2,13,3,9
ST017,V00071,P0003,2026-08-31,7,7,14,4,12
ST017,V00073,P0004,2026-08-31,12,10,22,4,12
ST017,V00075,P0004,2026-08-31,4,2,6,2,6
ST017,V00076,P0004,2026-08-31,2,0,2,2,6
ST017,V00077,P0004,2026-08-31,16,3,19,4,12
ST017,V00078,P0004,2026-08-31,16,10,26,6,18
ST017,V00080,P0004,2026-08-31,6,10,16,4,12
ST017,V00081,P0004,2026-08-31,4,4,8,2,6
ST017,V00082,P0004,2026-08-31,4,2,6,2,6
ST017,V00083,P0004,2026-08-31,3,2,5,2,6
ST017,V00084,P0004,2026-08-31,9,9,18,6,18
ST017,V00085,P0004,2026-08-31,8,4,12,2,6
ST017,V00086,P0004,2026-08-31,3,3,6,2,6
ST017,V00087,P0004,2026-08-31,5,5,10,2,6
ST017,V00091,P0004,2026-08-31,2,1,3,2,6
ST017,V00094,P0004,2026-08-31,3,6,9,3,9
ST017,V00095,P0004,2026-08-31,3,2,5,2,6
ST017,V00096,P0004,2026-08-31,2,0,2,2,6
ST017,V00097,P0005,2026-08-31,13,11,24,6,18
ST017,V00098,P0005,2026-08-31,2,7,9,2,6
ST017,V00101,P0005,2026-08-31,4,2,6,2,6
ST017,V00104,P0005,2026-08-31,5,7,12,4,12
ST017,V00105,P0005,2026-08-31,4,2,6,2,6
ST017,V00107,P0005,2026-08-31,2,0,2,2,6
ST017,V00108,P0005,2026-08-31,6,0,6,3,9
ST017,V00109,P0005,2026-08-31,11,9,20,4,12
ST017,V00110,P0005,2026-08-31,4,8,12,3,9
ST017,V00111,P0005,2026-08-31,8,2,10,3,9
ST017,V00113,P0005,2026-08-31,9,11,20,4,12
ST017,V00114,P0005,2026-08-31,6,3,9,3,9
ST017,V00115,P0005,2026-08-31,11,6,17,4,12
ST017,V00119,P0005,2026-08-31,3,5,8,2,6
ST017,V00120,P0005,2026-08-31,9,1,10,4,12
ST017,V00121,P0006,2026-08-31,0,1,1,2,6
ST017,V00122,P0006,2026-08-31,4,0,4,2,6
ST017,V00123,P0006,2026-08-31,12,5,17,3,9
ST017,V00124,P0006,2026-08-31,6,4,10,3,9
ST017,V00126,P0006,2026-08-31,20,7,27,6,18
ST017,V00127,P0006,2026-08-31,8,4,12,2,6
ST017,V00128,P0006,2026-08-31,10,3,13,6,18
ST017,V00129,P0006,2026-08-31,8,7,15,3,9
ST017,V00130,P0006,2026-08-31,6,9,15,3,9
ST017,V00132,P0006,2026-08-31,7,4,11,4,12
ST017,V00133,P0006,2026-08-31,12,1,13,6,18
ST017,V00134,P0006,2026-08-31,5,7,12,4,12
ST017,V00135,P0006,2026-08-31,6,2,8,2,6
ST017,V00136,P0006,2026-08-31,14,15,29,6,18
ST017,V00138,P0006,2026-08-31,14,10,24,4,12
ST017,V00140,P0006,2026-08-31,2,4,6,2,6
ST017,V00142,P0006,2026-08-31,2,6,8,2,6
ST017,V00145,P0007,2026-08-31,9,0,9,4,12
ST017,V00147,P0007,2026-08-31,1,5,6,2,6
ST017,V00151,P0007,2026-08-31,4,1,5,2,6
ST017,V00153,P0007,2026-08-31,10,4,14,3,9
ST017,V00155,P0007,2026-08-31,6,1,7,3,9
ST017,V00156,P0007,2026-08-31,7,1,8,2,6
ST017,V00164,P0007,2026-08-31,4,1,5,3,9
ST017,V00166,P0007,2026-08-31,5,4,9,2,6
ST017,V00170,P0008,2026-08-31,5,1,6,2,6
ST017,V00175,P0008,2026-08-31,8,8,16,4,12
ST017,V00176,P0008,2026-08-31,5,0,5,2,6
ST017,V00178,P0008,2026-08-31,5,5,10,3,9
ST017,V00180,P0008,2026-08-31,7,3,10,3,9
ST017,V00181,P0008,2026-08-31,6,3,9,3,9
ST017,V00184,P0008,2026-08-31,3,0,3,4,12
ST017,V00186,P0008,2026-08-31,3,5,8,2,6
ST017,V00191,P0008,2026-08-31,3,4,7,3,9
ST017,V00195,P0009,2026-08-31,9,0,9,3,9
ST017,V00196,P0009,2026-08-31,6,0,6,2,6
ST017,V00198,P0009,2026-08-31,11,10,21,4,12
ST017,V00200,P0009,2026-08-31,11,9,20,4,12
ST017,V00201,P0009,2026-08-31,10,5,15,3,9
ST017,V00204,P0009,2026-08-31,9,1,10,2,6
ST017,V00205,P0009,2026-08-31,4,4,8,2,6
ST017,V00206,P0009,2026-08-31,3,10,13,4,12
ST017,V00208,P0009,2026-08-31,1,3,4,3,9
ST017,V00209,P0009,2026-08-31,3,3,6,3,9
ST017,V00210,P0009,2026-08-31,4,2,6,4,12
ST017,V00212,P0009,2026-08-31,3,5,8,2,6
ST017,V00213,P0009,2026-08-31,3,2,5,2,6
ST017,V00215,P0009,2026-08-31,6,0,6,3,9
ST017,V00218,P0010,2026-08-31,4,5,9,3,9
ST017,V00219,P0010,2026-08-31,8,3,11,3,9
ST017,V00221,P0010,2026-08-31,11,12,23,4,12
ST017,V00222,P0010,2026-08-31,0,6,6,3,9
ST017,V00230,P0010,2026-08-31,9,7,16,4,12
ST017,V00232,P0010,2026-08-31,6,1,7,2,6
ST017,V00233,P0010,2026-08-31,5,2,7,3,9
ST017,V00234,P0010,2026-08-31,5,3,8,2,6
ST017,V00235,P0010,2026-08-31,6,1,7,2,6
ST017,V00236,P0010,2026-08-31,6,8,14,4,12
ST017,V00237,P0010,2026-08-31,8,9,17,3,9
ST017,V00238,P0010,2026-08-31,0,1,1,2,6
ST017,V00239,P0010,2026-08-31,8,1,9,3,9
ST017,V00240,P0010,2026-08-31,4,4,8,2,6
ST017,V00241,P0011,2026-08-31,8,6,14,4,12
ST017,V00243,P0011,2026-08-31,4,3,7,3,9
ST017,V00245,P0011,2026-08-31,1,6,7,3,9
ST017,V00246,P0011,2026-08-31,12,1,13,3,9
ST017,V00249,P0011,2026-08-31,9,13,22,6,18
ST017,V00250,P0011,2026-08-31,5,4,9,3,9
ST017,V00251,P0011,2026-08-31,3,4,7,2,6
ST017,V00253,P0011,2026-08-31,13,3,16,6,18
ST017,V00254,P0011,2026-08-31,7,0,7,3,9
ST017,V00255,P0011,2026-08-31,18,26,44,6,18
ST017,V00257,P0011,2026-08-31,11,7,18,6,18
ST017,V00259,P0011,2026-08-31,3,3,6,3,9
ST017,V00260,P0011,2026-08-31,10,3,13,6,18
ST017,V00261,P0011,2026-08-31,7,13,20,4,12
ST017,V00263,P0011,2026-08-31,5,3,8,2,6
ST017,V00265,P0012,2026-08-31,6,5,11,2,6
ST017,V00271,P0012,2026-08-31,6,5,11,4,12
ST017,V00272,P0012,2026-08-31,8,3,11,3,9
ST017,V00274,P0012,2026-08-31,2,4,6,2,6
ST017,V00276,P0012,2026-08-31,6,0,6,4,12
ST017,V00277,P0012,2026-08-31,6,11,17,4,12
ST017,V00278,P0012,2026-08-31,4,0,4,2,6
ST017,V00283,P0012,2026-08-31,5,4,9,3,9
ST017,V00284,P0012,2026-08-31,10,0,10,3,9
ST017,V00285,P0012,2026-08-31,4,6,10,2,6
ST017,V00286,P0012,2026-08-31,10,9,19,6,18
ST017,V00289,P0013,2026-08-31,5,4,9,3,9
ST017,V00290,P0013,2026-08-31,5,5,10,2,6
ST017,V00293,P0013,2026-08-31,11,4,15,6,18
ST017,V00294,P0013,2026-08-31,4,4,8,2,6
ST017,V00299,P0013,2026-08-31,3,0,3,2,6
ST017,V00300,P0013,2026-08-31,3,3,6,3,9
ST017,V00301,P0013,2026-08-31,2,0,2,2,6
ST017,V00303,P0013,2026-08-31,5,4,9,2,6
ST017,V00307,P0013,2026-08-31,2,8,10,3,9
ST017,V00308,P0013,2026-08-31,14,11,25,6,18
ST017,V00309,P0013,2026-08-31,4,14,18,4,12
ST017,V00311,P0013,2026-08-31,4,0,4,2,6
ST017,V00312,P0013,2026-08-31,6,4,10,3,9
ST017,V00313,P0014,2026-08-31,7,0,7,2,6
ST017,V00314,P0014,2026-08-31,3,2,5,2,6
ST017,V00318,P0014,2026-08-31,12,2,14,4,12
ST017,V00319,P0014,2026-08-31,4,5,9,2,6
ST017,V00321,P0014,2026-08-31,3,4,7,2,6
ST017,V00322,P0014,2026-08-31,7,7,14,3,9
ST017,V00323,P0014,2026-08-31,3,2,5,2,6
ST017,V00324,P0014,2026-08-31,4,4,8,2,6
ST017,V00325,P0014,2026-08-31,5,1,6,3,9
ST017,V00328,P0014,2026-08-31,4,2,6,2,6
ST017,V00337,P0015,2026-08-31,11,8,19,3,9
ST017,V00339,P0015,2026-08-31,1,4,5,3,9
ST017,V00341,P0015,2026-08-31,7,0,7,2,6
ST017,V00346,P0015,2026-08-31,2,9,11,3,9
ST017,V00348,P0015,2026-08-31,6,0,6,3,9
ST017,V00349,P0015,2026-08-31,5,2,7,2,6
ST017,V00350,P0015,2026-08-31,14,2,16,6,18
ST017,V00351,P0015,2026-08-31,4,3,7,2,6
ST017,V00353,P0015,2026-08-31,2,0,2,2,6
ST017,V00354,P0015,2026-08-31,3,3,6,2,6
ST017,V00356,P0015,2026-08-31,6,2,8,2,6
ST017,V00357,P0015,2026-08-31,6,7,13,3,9
ST017,V00358,P0015,2026-08-31,3,0,3,2,6
ST017,V00359,P0015,2026-08-31,2,3,5,2,6
ST017,V00361,P0016,2026-08-31,5,1,6,2,6
ST017,V00365,P0016,2026-08-31,2,3,5,2,6
ST017,V00369,P0016,2026-08-31,7,8,15,4,12
ST017,V00371,P0016,2026-08-31,3,0,3,2,6
ST017,V00372,P0016,2026-08-31,2,2,4,2,6
ST017,V00373,P0016,2026-08-31,2,4,6,2,6
ST017,V00375,P0016,2026-08-31,1,0,1,2,6
ST017,V00376,P0016,2026-08-31,4,3,7,2,6
ST017,V00377,P0016,2026-08-31,10,8,18,4,12
ST017,V00380,P0016,2026-08-31,8,0,8,2,6
ST017,V00381,P0016,2026-08-31,9,7,16,3,9
ST017,V00382,P0016,2026-08-31,7,0,7,3,9
ST017,V00383,P0016,2026-08-31,7,6,13,3,9
ST017,V00384,P0016,2026-08-31,4,1,5,3,9
ST017,V00385,P0017,2026-08-31,5,3,8,2,6
ST017,V00386,P0017,2026-08-31,3,4,7,2,6
ST017,V00388,P0017,2026-08-31,3,4,7,2,6
ST017,V00389,P0017,2026-08-31,3,6,9,2,6
ST017,V00390,P0017,2026-08-31,5,1,6,4,12
ST017,V00393,P0017,2026-08-31,4,3,7,2,6
ST017,V00395,P0017,2026-08-31,13,0,13,3,9
ST017,V00399,P0017,2026-08-31,4,5,9,2,6
ST017,V00401,P0017,2026-08-31,2,1,3,2,6
ST017,V00402,P0017,2026-08-31,10,9,19,6,18
ST017,V00403,P0018,2026-08-31,3,3,6,2,6
ST017,V00405,P0018,2026-08-31,4,0,4,2,6
ST017,V00408,P0018,2026-08-31,11,15,26,4,12
ST017,V00413,P0018,2026-08-31,2,5,7,2,6
ST017,V00416,P0018,2026-08-31,12,5,17,3,9
ST017,V00417,P0018,2026-08-31,9,0,9,4,12
ST017,V00418,P0018,2026-08-31,3,10,13,3,9
ST017,V00420,P0018,2026-08-31,6,1,7,2,6
ST017,V00421,P0019,2026-08-31,6,6,12,3,9
ST017,V00422,P0019,2026-08-31,8,5,13,4,12
ST017,V00423,P0019,2026-08-31,6,3,9,3,9
ST017,V00424,P0019,2026-08-31,4,6,10,2,6
ST017,V00426,P0019,2026-08-31,7,5,12,4,12
ST017,V00427,P0019,2026-08-31,5,3,8,3,9
ST017,V00429,P0019,2026-08-31,5,5,10,4,12
ST017,V00430,P0019,2026-08-31,9,10,19,6,18
ST017,V00431,P0019,2026-08-31,4,3,7,2,6
ST017,V00432,P0019,2026-08-31,5,5,10,2,6
ST017,V00433,P0019,2026-08-31,3,2,5,2,6
ST017,V00435,P0019,2026-08-31,5,5,10,2,6
ST017,V00436,P0019,2026-08-31,10,8,18,4,12
ST017,V00438,P0019,2026-08-31,12,5,17,6,18
ST017,V00439,P0020,2026-08-31,9,2,11,4,12
ST017,V00440,P0020,2026-08-31,1,1,2,2,6
ST017,V00443,P0020,2026-08-31,2,1,3,3,9
ST017,V00446,P0020,2026-08-31,8,11,19,6,18
ST017,V00447,P0020,2026-08-31,5,5,10,2,6
ST017,V00449,P0020,2026-08-31,7,6,13,2,6
ST017,V00450,P0020,2026-08-31,3,0,3,2,6
ST017,V00451,P0020,2026-08-31,3,7,10,2,6
ST017,V00452,P0020,2026-08-31,13,13,26,6,18
ST017,V00453,P0020,2026-08-31,11,0,11,4,12
ST017,V00456,P0020,2026-08-31,3,8,11,2,6
ST017,V00460,P0021,2026-08-31,15,21,36,6,18
ST017,V00461,P0021,2026-08-31,9,5,14,3,9
ST017,V00464,P0021,2026-08-31,6,17,23,6,18
ST017,V00465,P0021,2026-08-31,3,3,6,2,6
ST017,V00466,P0021,2026-08-31,7,2,9,2,6
ST017,V00468,P0021,2026-08-31,4,6,10,2,6
ST017,V00470,P0021,2026-08-31,1,5,6,3,9
ST017,V00472,P0021,2026-08-31,1,5,6,2,6
ST017,V00477,P0022,2026-08-31,6,0,6,2,6
ST017,V00478,P0022,2026-08-31,5,7,12,2,6
ST017,V00479,P0022,2026-08-31,5,13,18,4,12
ST017,V00480,P0022,2026-08-31,3,2,5,2,6
ST017,V00481,P0022,2026-08-31,10,12,22,6,18
ST017,V00482,P0022,2026-08-31,11,17,28,4,12
ST017,V00483,P0022,2026-08-31,3,5,8,2,6
ST017,V00484,P0022,2026-08-31,7,0,7,3,9
ST017,V00486,P0022,2026-08-31,1,3,4,2,6
ST017,V00487,P0022,2026-08-31,9,0,9,3,9
ST017,V00488,P0022,2026-08-31,8,2,10,3,9
ST017,V00489,P0022,2026-08-31,5,9,14,4,12
ST017,V00490,P0022,2026-08-31,4,0,4,2,6
ST017,V00491,P0022,2026-08-31,2,3,5,2,6
ST017,V00493,P0023,2026-08-31,4,8,12,6,18
ST017,V00494,P0023,2026-08-31,5,1,6,2,6
ST017,V00496,P0023,2026-08-31,7,2,9,4,12
ST017,V00498,P0023,2026-08-31,11,1,12,3,9
ST017,V00499,P0023,2026-08-31,17,16,33,6,18
ST017,V00500,P0023,2026-08-31,16,13,29,6,18
ST017,V00501,P0023,2026-08-31,2,0,2,2,6
ST017,V00502,P0023,2026-08-31,6,1,7,3,9
ST017,V00503,P0023,2026-08-31,15,7,22,6,18
ST017,V00504,P0023,2026-08-31,12,5,17,4,12
ST017,V00507,P0023,2026-08-31,5,0,5,3,9
ST017,V00508,P0023,2026-08-31,11,16,27,6,18
ST017,V00509,P0023,2026-08-31,5,13,18,4,12
ST017,V00510,P0023,2026-08-31,5,2,7,2,6
ST017,V00514,P0024,2026-08-31,5,5,10,3,9
ST017,V00515,P0024,2026-08-31,6,10,16,3,9
ST017,V00518,P0024,2026-08-31,10,4,14,6,18
ST017,V00520,P0024,2026-08-31,7,4,11,3,9
ST017,V00528,P0024,2026-08-31,8,1,9,2,6
ST017,V00533,P0025,2026-08-31,5,4,9,2,6
ST017,V00536,P0025,2026-08-31,4,2,6,3,9
ST017,V00537,P0025,2026-08-31,5,5,10,3,9
ST017,V00541,P0025,2026-08-31,6,5,11,2,6
ST017,V00543,P0025,2026-08-31,4,3,7,2,6
ST017,V00546,P0025,2026-08-31,2,3,5,2,6
ST017,V00547,P0026,2026-08-31,6,2,8,2,6
ST017,V00551,P0026,2026-08-31,9,7,16,4,12
ST017,V00552,P0026,2026-08-31,7,5,12,3,9
ST017,V00553,P0026,2026-08-31,4,6,10,2,6
ST017,V00554,P0026,2026-08-31,3,6,9,3,9
ST017,V00555,P0026,2026-08-31,3,9,12,3,9
ST017,V00556,P0026,2026-08-31,3,0,3,2,6
ST017,V00558,P0026,2026-08-31,5,22,27,6,18
ST017,V00559,P0026,2026-08-31,13,6,19,6,18
ST017,V00561,P0026,2026-08-31,5,4,9,2,6
ST017,V00564,P0026,2026-08-31,5,1,6,3,9
ST017,V00565,P0027,2026-08-31,9,6,15,4,12
ST017,V00567,P0027,2026-08-31,3,3,6,2,6
ST017,V00568,P0027,2026-08-31,6,5,11,2,6
ST017,V00569,P0027,2026-08-31,8,2,10,2,6
ST017,V00570,P0027,2026-08-31,3,3,6,2,6
ST017,V00578,P0027,2026-08-31,2,5,7,4,12
ST017,V00579,P0027,2026-08-31,8,19,27,6,18
ST017,V00580,P0027,2026-08-31,2,13,15,4,12
ST017,V00582,P0027,2026-08-31,5,2,7,2,6
ST017,V00583,P0028,2026-08-31,7,10,17,6,18
ST017,V00584,P0028,2026-08-31,5,7,12,4,12
ST017,V00593,P0028,2026-08-31,9,10,19,4,12
ST017,V00594,P0028,2026-08-31,4,5,9,3,9
ST017,V00595,P0028,2026-08-31,4,3,7,2,6
ST017,V00596,P0028,2026-08-31,2,4,6,2,6
ST017,V00598,P0028,2026-08-31,13,6,19,6,18
ST017,V00599,P0028,2026-08-31,4,4,8,4,12
ST017,V00600,P0028,2026-08-31,11,12,23,4,12
ST017,V00603,P0029,2026-08-31,2,5,7,2,6
ST017,V00605,P0029,2026-08-31,3,7,10,2,6
ST017,V00607,P0029,2026-08-31,5,3,8,2,6
ST017,V00608,P0029,2026-08-31,5,5,10,4,12
ST017,V00613,P0029,2026-08-31,5,6,11,3,9
ST017,V00614,P0029,2026-08-31,5,4,9,3,9
ST017,V00617,P0029,2026-08-31,4,4,8,2,6
ST017,V00619,P0030,2026-08-31,4,1,5,2,6
ST017,V00621,P0030,2026-08-31,3,8,11,3,9
ST017,V00623,P0030,2026-08-31,3,2,5,2,6
ST017,V00624,P0030,2026-08-31,8,17,25,6,18
ST017,V00626,P0030,2026-08-31,0,4,4,4,12
ST017,V00628,P0030,2026-08-31,2,5,7,2,6
ST017,V00629,P0030,2026-08-31,3,11,14,3,9
ST017,V00632,P0030,2026-08-31,10,8,18,4,12
ST017,V00635,P0030,2026-08-31,4,5,9,3,9
ST017,V00637,P0031,2026-08-31,16,6,22,4,12
ST017,V00638,P0031,2026-08-31,6,9,15,4,12
ST017,V00641,P0031,2026-08-31,4,2,6,2,6
ST017,V00642,P0031,2026-08-31,2,8,10,4,12
ST017,V00643,P0031,2026-08-31,0,4,4,2,6
ST017,V00646,P0031,2026-08-31,7,6,13,2,6
ST017,V00647,P0031,2026-08-31,5,1,6,2,6
ST017,V00648,P0031,2026-08-31,10,0,10,3,9
ST017,V00650,P0031,2026-08-31,6,1,7,2,6
ST017,V00651,P0031,2026-08-31,1,3,4,3,9
ST017,V00652,P0031,2026-08-31,4,5,9,3,9
ST017,V00654,P0031,2026-08-31,14,7,21,6,18
ST017,V00655,P0032,2026-08-31,3,3,6,2,6
ST017,V00657,P0032,2026-08-31,4,2,6,2,6
ST017,V00658,P0032,2026-08-31,7,0,7,3,9
ST017,V00659,P0032,2026-08-31,6,7,13,3,9
ST017,V00660,P0032,2026-08-31,1,2,3,2,6
ST017,V00661,P0032,2026-08-31,4,6,10,4,12
ST017,V00662,P0032,2026-08-31,6,2,8,3,9
ST017,V00664,P0032,2026-08-31,6,6,12,2,6
ST017,V00666,P0032,2026-08-31,8,2,10,4,12
ST017,V00668,P0032,2026-08-31,7,3,10,2,6
ST017,V00669,P0032,2026-08-31,1,12,13,4,12
ST017,V00670,P0032,2026-08-31,4,6,10,2,6
ST017,V00671,P0032,2026-08-31,9,7,16,6,18
ST017,V00672,P0032,2026-08-31,2,3,5,3,9
ST017,V00673,P0033,2026-08-31,4,7,11,3,9
ST017,V00674,P0033,2026-08-31,4,3,7,4,12
ST017,V00675,P0033,2026-08-31,10,3,13,3,9
ST017,V00677,P0033,2026-08-31,8,2,10,3,9
ST017,V00678,P0033,2026-08-31,2,0,2,3,9
ST017,V00679,P0033,2026-08-31,5,5,10,2,6
ST017,V00681,P0033,2026-08-31,3,1,4,3,9
ST017,V00683,P0033,2026-08-31,9,13,22,4,12
ST017,V00684,P0033,2026-08-31,3,0,3,2,6
ST017,V00689,P0033,2026-08-31,8,12,20,4,12
ST017,V00692,P0034,2026-08-31,6,3,9,3,9
ST017,V00693,P0034,2026-08-31,3,4,7,2,6
ST017,V00696,P0034,2026-08-31,2,4,6,3,9
ST017,V00697,P0034,2026-08-31,6,5,11,3,9
ST017,V00698,P0034,2026-08-31,3,1,4,2,6
ST017,V00699,P0034,2026-08-31,10,7,17,6,18
ST017,V00701,P0034,2026-08-31,6,9,15,3,9
ST017,V00702,P0034,2026-08-31,5,4,9,2,6
ST017,V00703,P0034,2026-08-31,11,6,17,4,12
ST017,V00704,P0034,2026-08-31,2,7,9,2,6
ST017,V00705,P0034,2026-08-31,4,5,9,3,9
ST017,V00706,P0034,2026-08-31,5,2,7,3,9
ST017,V00707,P0034,2026-08-31,4,0,4,2,6
ST017,V00708,P0034,2026-08-31,8,3,11,3,9
ST018,V00001,P0001,2026-08-31,5,3,8,3,9
ST018,V00003,P0001,2026-08-31,5,4,9,4,12
ST018,V00004,P0001,2026-08-31,10,0,10,3,9
ST018,V00006,P0001,2026-08-31,5,6,11,4,12
ST018,V00008,P0001,2026-08-31,8,9,17,4,12
ST018,V00009,P0001,2026-08-31,3,1,4,2,6
ST018,V00011,P0001,2026-08-31,6,2,8,2,6
ST018,V00013,P0001,2026-08-31,12,12,24,6,18
ST018,V00014,P0001,2026-08-31,9,7,16,3,9
ST018,V00022,P0001,2026-08-31,4,0,4,2,6
ST018,V00024,P0001,2026-08-31,15,13,28,6,18
ST018,V00025,P0002,2026-08-31,4,3,7,2,6
ST018,V00026,P0002,2026-08-31,2,0,2,3,9
ST018,V00027,P0002,2026-08-31,8,13,21,3,9
ST018,V00029,P0002,2026-08-31,4,10,14,4,12
ST018,V00034,P0002,2026-08-31,19,6,25,6,18
ST018,V00035,P0002,2026-08-31,1,2,3,2,6
ST018,V00036,P0002,2026-08-31,6,8,14,3,9
ST018,V00039,P0002,2026-08-31,9,5,14,6,18
ST018,V00041,P0002,2026-08-31,3,4,7,2,6
ST018,V00043,P0002,2026-08-31,3,4,7,2,6
ST018,V00045,P0002,2026-08-31,2,8,10,2,6
ST018,V00048,P0002,2026-08-31,6,7,13,4,12
ST018,V00049,P0003,2026-08-31,14,5,19,6,18
ST018,V00050,P0003,2026-08-31,5,8,13,3,9
ST018,V00051,P0003,2026-08-31,11,12,23,4,12
ST018,V00052,P0003,2026-08-31,1,12,13,4,12
ST018,V00053,P0003,2026-08-31,3,1,4,2,6
ST018,V00055,P0003,2026-08-31,4,3,7,2,6
ST018,V00062,P0003,2026-08-31,13,3,16,3,9
ST018,V00063,P0003,2026-08-31,14,5,19,6,18
ST018,V00064,P0003,2026-08-31,7,8,15,3,9
ST018,V00067,P0003,2026-08-31,4,2,6,2,6
ST018,V00068,P0003,2026-08-31,5,4,9,2,6
ST018,V00069,P0003,2026-08-31,3,2,5,2,6
ST018,V00071,P0003,2026-08-31,7,4,11,3,9
ST018,V00072,P0003,2026-08-31,14,2,16,6,18
ST018,V00074,P0004,2026-08-31,6,4,10,2,6
ST018,V00075,P0004,2026-08-31,11,2,13,4,12
ST018,V00077,P0004,2026-08-31,4,3,7,2,6
ST018,V00078,P0004,2026-08-31,2,3,5,2,6
ST018,V00080,P0004,2026-08-31,9,10,19,3,9
ST018,V00081,P0004,2026-08-31,11,0,11,4,12
ST018,V00083,P0004,2026-08-31,5,4,9,2,6
ST018,V00087,P0004,2026-08-31,5,4,9,3,9
ST018,V00088,P0004,2026-08-31,9,7,16,4,12
ST018,V00089,P0004,2026-08-31,12,3,15,3,9
ST018,V00090,P0004,2026-08-31,2,4,6,2,6
ST018,V00092,P0004,2026-08-31,9,0,9,4,12
ST018,V00094,P0004,2026-08-31,5,3,8,3,9
ST018,V00097,P0005,2026-08-31,1,0,1,2,6
ST018,V00099,P0005,2026-08-31,5,3,8,2,6
ST018,V00102,P0005,2026-08-31,10,3,13,4,12
ST018,V00103,P0005,2026-08-31,2,3,5,2,6
ST018,V00106,P0005,2026-08-31,8,6,14,3,9
ST018,V00107,P0005,2026-08-31,6,2,8,3,9
ST018,V00108,P0005,2026-08-31,3,3,6,2,6
ST018,V00109,P0005,2026-08-31,2,2,4,2,6
ST018,V00110,P0005,2026-08-31,9,9,18,4,12
ST018,V00114,P0005,2026-08-31,10,14,24,4,12
ST018,V00115,P0005,2026-08-31,8,16,24,6,18
ST018,V00116,P0005,2026-08-31,3,3,6,2,6
ST018,V00117,P0005,2026-08-31,3,3,6,2,6
ST018,V00120,P0005,2026-08-31,8,0,8,4,12
ST018,V00121,P0006,2026-08-31,8,12,20,4,12
ST018,V00123,P0006,2026-08-31,1,4,5,2,6
ST018,V00124,P0006,2026-08-31,4,4,8,3,9
ST018,V00125,P0006,2026-08-31,1,6,7,2,6
ST018,V00126,P0006,2026-08-31,6,7,13,4,12
ST018,V00128,P0006,2026-08-31,17,12,29,6,18
ST018,V00129,P0006,2026-08-31,3,3,6,2,6
ST018,V00132,P0006,2026-08-31,5,4,9,2,6
ST018,V00135,P0006,2026-08-31,2,0,2,2,6
ST018,V00136,P0006,2026-08-31,1,5,6,2,6
ST018,V00137,P0006,2026-08-31,6,6,12,3,9
ST018,V00138,P0006,2026-08-31,6,1,7,2,6
ST018,V00139,P0006,2026-08-31,4,0,4,2,6
ST018,V00142,P0006,2026-08-31,4,6,10,2,6
ST018,V00143,P0006,2026-08-31,6,12,18,3,9
ST018,V00144,P0006,2026-08-31,9,11,20,4,12
ST018,V00145,P0007,2026-08-31,7,5,12,3,9
ST018,V00146,P0007,2026-08-31,11,7,18,6,18
ST018,V00147,P0007,2026-08-31,8,8,16,3,9
ST018,V00148,P0007,2026-08-31,4,4,8,2,6
ST018,V00150,P0007,2026-08-31,5,0,5,3,9
ST018,V00155,P0007,2026-08-31,5,4,9,3,9
ST018,V00156,P0007,2026-08-31,4,3,7,2,6
ST018,V00159,P0007,2026-08-31,5,5,10,2,6
ST018,V00160,P0007,2026-08-31,5,0,5,4,12
ST018,V00163,P0007,2026-08-31,5,7,12,3,9
ST018,V00164,P0007,2026-08-31,2,6,8,3,9
ST018,V00165,P0007,2026-08-31,0,3,3,2,6
ST018,V00168,P0007,2026-08-31,3,3,6,3,9
ST018,V00169,P0008,2026-08-31,6,9,15,3,9
ST018,V00171,P0008,2026-08-31,3,1,4,2,6
ST018,V00174,P0008,2026-08-31,0,6,6,2,6
ST018,V00175,P0008,2026-08-31,2,0,2,2,6
ST018,V00176,P0008,2026-08-31,8,8,16,6,18
ST018,V00179,P0008,2026-08-31,12,5,17,4,12
ST018,V00180,P0008,2026-08-31,5,3,8,4,12
ST018,V00182,P0008,2026-08-31,0,1,1,2,6
ST018,V00185,P0008,2026-08-31,2,6,8,3,9
ST018,V00190,P0008,2026-08-31,7,4,11,3,9
ST018,V00191,P0008,2026-08-31,6,2,8,2,6
ST018,V00192,P0008,2026-08-31,1,4,5,2,6
ST018,V00193,P0009,2026-08-31,17,24,41,6,18
ST018,V00197,P0009,2026-08-31,2,5,7,3,9
ST018,V00200,P0009,2026-08-31,4,2,6,2,6
ST018,V00201,P0009,2026-08-31,1,3,4,2,6
ST018,V00202,P0009,2026-08-31,6,4,10,3,9
ST018,V00207,P0009,2026-08-31,5,0,5,2,6
ST018,V00210,P0009,2026-08-31,0,14,14,4,12
ST018,V00211,P0009,2026-08-31,8,2,10,3,9
ST018,V00212,P0009,2026-08-31,7,6,13,3,9
ST018,V00214,P0009,2026-08-31,3,0,3,4,12
ST018,V00215,P0009,2026-08-31,6,2,8,2,6
ST018,V00216,P0009,2026-08-31,5,3,8,2,6
ST018,V00219,P0010,2026-08-31,2,6,8,3,9
ST018,V00220,P0010,2026-08-31,4,17,21,4,12
ST018,V00225,P0010,2026-08-31,8,9,17,3,9
ST018,V00227,P0010,2026-08-31,2,0,2,2,6
ST018,V00229,P0010,2026-08-31,1,3,4,3,9
ST018,V00230,P0010,2026-08-31,3,3,6,2,6
ST018,V00231,P0010,2026-08-31,4,2,6,2,6
ST018,V00232,P0010,2026-08-31,12,4,16,3,9
ST018,V00233,P0010,2026-08-31,5,5,10,2,6
ST018,V00236,P0010,2026-08-31,5,0,5,2,6
ST018,V00237,P0010,2026-08-31,5,3,8,2,6
ST018,V00238,P0010,2026-08-31,19,11,30,6,18
ST018,V00239,P0010,2026-08-31,0,4,4,3,9
ST018,V00242,P0011,2026-08-31,12,5,17,6,18
ST018,V00243,P0011,2026-08-31,2,2,4,2,6
ST018,V00244,P0011,2026-08-31,5,6,11,3,9
ST018,V00250,P0011,2026-08-31,2,1,3,2,6
ST018,V00251,P0011,2026-08-31,8,5,13,3,9
ST018,V00252,P0011,2026-08-31,10,1,11,3,9
ST018,V00253,P0011,2026-08-31,3,4,7,2,6
ST018,V00256,P0011,2026-08-31,10,3,13,3,9
ST018,V00257,P0011,2026-08-31,5,6,11,3,9
ST018,V00258,P0011,2026-08-31,6,9,15,3,9
ST018,V00259,P0011,2026-08-31,5,4,9,3,9
ST018,V00260,P0011,2026-08-31,6,2,8,3,9
ST018,V00261,P0011,2026-08-31,7,2,9,4,12
ST018,V00262,P0011,2026-08-31,6,2,8,3,9
ST018,V00264,P0011,2026-08-31,6,6,12,3,9
ST018,V00265,P0012,2026-08-31,3,2,5,2,6
ST018,V00266,P0012,2026-08-31,8,1,9,2,6
ST018,V00267,P0012,2026-08-31,10,2,12,6,18
ST018,V00272,P0012,2026-08-31,2,6,8,2,6
ST018,V00276,P0012,2026-08-31,2,3,5,3,9
ST018,V00278,P0012,2026-08-31,4,0,4,4,12
ST018,V00279,P0012,2026-08-31,5,13,18,4,12
ST018,V00280,P0012,2026-08-31,10,3,13,4,12
ST018,V00281,P0012,2026-08-31,2,3,5,4,12
ST018,V00283,P0012,2026-08-31,18,10,28,6,18
ST018,V00284,P0012,2026-08-31,14,0,14,4,12
ST018,V00285,P0012,2026-08-31,2,1,3,2,6
ST018,V00288,P0012,2026-08-31,3,5,8,2,6
ST018,V00290,P0013,2026-08-31,7,1,8,3,9
ST018,V00291,P0013,2026-08-31,4,3,7,2,6
ST018,V00292,P0013,2026-08-31,7,9,16,4,12
ST018,V00294,P0013,2026-08-31,7,0,7,4,12
ST018,V00295,P0013,2026-08-31,5,0,5,2,6
ST018,V00296,P0013,2026-08-31,10,13,23,6,18
ST018,V00297,P0013,2026-08-31,4,1,5,3,9
ST018,V00298,P0013,2026-08-31,10,7,17,3,9
ST018,V00299,P0013,2026-08-31,7,6,13,3,9
ST018,V00302,P0013,2026-08-31,5,9,14,3,9
ST018,V00303,P0013,2026-08-31,5,4,9,4,12
ST018,V00304,P0013,2026-08-31,7,2,9,2,6
ST018,V00305,P0013,2026-08-31,8,2,10,4,12
ST018,V00307,P0013,2026-08-31,9,3,12,4,12
ST018,V00308,P0013,2026-08-31,8,5,13,3,9
ST018,V00310,P0013,2026-08-31,7,8,15,3,9
ST018,V00311,P0013,2026-08-31,3,3,6,2,6
ST018,V00312,P0013,2026-08-31,6,10,16,3,9
ST018,V00313,P0014,2026-08-31,4,4,8,2,6
ST018,V00314,P0014,2026-08-31,4,9,13,4,12
ST018,V00317,P0014,2026-08-31,6,8,14,3,9
ST018,V00319,P0014,2026-08-31,0,9,9,4,12
ST018,V00320,P0014,2026-08-31,1,3,4,2,6
ST018,V00321,P0014,2026-08-31,0,7,7,4,12
ST018,V00322,P0014,2026-08-31,6,3,9,2,6
ST018,V00325,P0014,2026-08-31,2,4,6,3,9
ST018,V00327,P0014,2026-08-31,2,9,11,3,9
ST018,V00331,P0014,2026-08-31,1,4,5,2,6
ST018,V00333,P0014,2026-08-31,3,2,5,2,6
ST018,V00336,P0014,2026-08-31,1,1,2,3,9
ST018,V00337,P0015,2026-08-31,1,2,3,2,6
ST018,V00338,P0015,2026-08-31,6,5,11,2,6
ST018,V00339,P0015,2026-08-31,10,7,17,4,12
ST018,V00340,P0015,2026-08-31,0,4,4,2,6
ST018,V00342,P0015,2026-08-31,9,2,11,6,18
ST018,V00343,P0015,2026-08-31,10,7,17,4,12
ST018,V00345,P0015,2026-08-31,7,4,11,2,6
ST018,V00346,P0015,2026-08-31,4,2,6,2,6
ST018,V00347,P0015,2026-08-31,6,0,6,3,9
ST018,V00348,P0015,2026-08-31,5,12,17,3,9
ST018,V00349,P0015,2026-08-31,3,3,6,2,6
ST018,V00350,P0015,2026-08-31,10,5,15,3,9
ST018,V00351,P0015,2026-08-31,2,4,6,2,6
ST018,V00353,P0015,2026-08-31,4,3,7,2,6
ST018,V00354,P0015,2026-08-31,4,10,14,6,18
ST018,V00355,P0015,2026-08-31,10,2,12,3,9
ST018,V00357,P0015,2026-08-31,3,6,9,2,6
ST018,V00358,P0015,2026-08-31,9,2,11,3,9
ST018,V00359,P0015,2026-08-31,3,4,7,3,9
ST018,V00361,P0016,2026-08-31,17,9,26,6,18
ST018,V00362,P0016,2026-08-31,8,8,16,3,9
ST018,V00363,P0016,2026-08-31,5,4,9,2,6
ST018,V00364,P0016,2026-08-31,1,0,1,3,9
ST018,V00370,P0016,2026-08-31,2,2,4,2,6
ST018,V00372,P0016,2026-08-31,5,5,10,2,6
ST018,V00373,P0016,2026-08-31,5,0,5,3,9
ST018,V00375,P0016,2026-08-31,3,2,5,2,6
ST018,V00377,P0016,2026-08-31,0,4,4,3,9
ST018,V00378,P0016,2026-08-31,5,5,10,3,9
ST018,V00379,P0016,2026-08-31,6,12,18,4,12
ST018,V00386,P0017,2026-08-31,2,0,2,2,6
ST018,V00388,P0017,2026-08-31,8,6,14,6,18
ST018,V00392,P0017,2026-08-31,6,3,9,2,6
ST018,V00395,P0017,2026-08-31,6,5,11,3,9
ST018,V00396,P0017,2026-08-31,13,0,13,6,18
ST018,V00397,P0017,2026-08-31,2,8,10,3,9
ST018,V00398,P0017,2026-08-31,6,3,9,2,6
ST018,V00399,P0017,2026-08-31,2,7,9,2,6
ST018,V00400,P0017,2026-08-31,7,11,18,4,12
ST018,V00403,P0018,2026-08-31,6,2,8,2,6
ST018,V00405,P0018,2026-08-31,3,2,5,3,9
ST018,V00407,P0018,2026-08-31,5,11,16,4,12
ST018,V00408,P0018,2026-08-31,23,2,25,6,18
ST018,V00409,P0018,2026-08-31,5,5,10,2,6
ST018,V00410,P0018,2026-08-31,4,6,10,3,9
ST018,V00412,P0018,2026-08-31,3,13,16,6,18
ST018,V00413,P0018,2026-08-31,7,8,15,4,12
ST018,V00414,P0018,2026-08-31,10,7,17,4,12
ST018,V00416,P0018,2026-08-31,3,4,7,2,6
ST018,V00419,P0018,2026-08-31,8,9,17,4,12
ST018,V00420,P0018,2026-08-31,6,5,11,3,9
ST018,V00427,P0019,2026-08-31,3,0,3,3,9
ST018,V00429,P0019,2026-08-31,4,7,11,3,9
ST018,V00434,P0019,2026-08-31,1,0,1,4,12
ST018,V00435,P0019,2026-08-31,4,2,6,2,6
ST018,V00436,P0019,2026-08-31,4,5,9,2,6
ST018,V00438,P0019,2026-08-31,7,9,16,3,9
ST018,V00441,P0020,2026-08-31,8,3,11,6,18
ST018,V00442,P0020,2026-08-31,1,8,9,3,9
ST018,V00443,P0020,2026-08-31,3,5,8,3,9
ST018,V00444,P0020,2026-08-31,5,5,10,3,9
ST018,V00445,P0020,2026-08-31,7,5,12,6,18
ST018,V00446,P0020,2026-08-31,4,8,12,4,12
ST018,V00447,P0020,2026-08-31,14,4,18,6,18
ST018,V00448,P0020,2026-08-31,8,3,11,6,18
ST018,V00451,P0020,2026-08-31,2,2,4,3,9
ST018,V00453,P0020,2026-08-31,13,17,30,4,12
ST018,V00456,P0020,2026-08-31,2,3,5,2,6
ST018,V00457,P0021,2026-08-31,16,18,34,6,18
ST018,V00458,P0021,2026-08-31,4,4,8,3,9
ST018,V00459,P0021,2026-08-31,1,6,7,3,9
ST018,V00461,P0021,2026-08-31,2,3,5,2,6
ST018,V00462,P0021,2026-08-31,1,4,5,2,6
ST018,V00463,P0021,2026-08-31,7,7,14,4,12
ST018,V00470,P0021,2026-08-31,1,5,6,3,9
ST018,V00471,P0021,2026-08-31,14,3,17,6,18
ST018,V00473,P0021,2026-08-31,2,0,2,2,6
ST018,V00474,P0021,2026-08-31,5,5,10,3,9
ST018,V00475,P0022,2026-08-31,5,8,13,2,6
ST018,V00476,P0022,2026-08-31,1,0,1,2,6
ST018,V00477,P0022,2026-08-31,6,6,12,4,12
ST018,V00478,P0022,2026-08-31,0,0,0,4,12
ST018,V00480,P0022,2026-08-31,5,1,6,2,6
ST018,V00481,P0022,2026-08-31,5,8,13,4,12
ST018,V00483,P0022,2026-08-31,5,7,12,3,9
ST018,V00485,P0022,2026-08-31,6,6,12,4,12
ST018,V00486,P0022,2026-08-31,1,1,2,2,6
ST018,V00487,P0022,2026-08-31,5,6,11,2,6
ST018,V00490,P0022,2026-08-31,6,5,11,3,9
ST018,V00491,P0022,2026-08-31,8,12,20,4,12
ST018,V00492,P0022,2026-08-31,5,8,13,3,9
ST018,V00493,P0023,2026-08-31,5,3,8,2,6
ST018,V00495,P0023,2026-08-31,2,0,2,2,6
ST018,V00500,P0023,2026-08-31,5,3,8,3,9
ST018,V00501,P0023,2026-08-31,5,5,10,3,9
ST018,V00502,P0023,2026-08-31,7,8,15,3,9
ST018,V00503,P0023,2026-08-31,2,2,4,3,9
ST018,V00504,P0023,2026-08-31,4,2,6,2,6
ST018,V00505,P0023,2026-08-31,6,3,9,2,6
ST018,V00508,P0023,2026-08-31,10,2,12,4,12
ST018,V00509,P0023,2026-08-31,5,5,10,2,6
ST018,V00510,P0023,2026-08-31,5,6,11,2,6
ST018,V00516,P0024,2026-08-31,4,7,11,3,9
ST018,V00517,P0024,2026-08-31,3,4,7,2,6
ST018,V00518,P0024,2026-08-31,10,2,12,3,9
ST018,V00520,P0024,2026-08-31,3,4,7,2,6
ST018,V00521,P0024,2026-08-31,7,12,19,3,9
ST018,V00524,P0024,2026-08-31,9,8,17,6,18
ST018,V00526,P0024,2026-08-31,11,10,21,4,12
ST018,V00528,P0024,2026-08-31,9,8,17,6,18
ST018,V00530,P0025,2026-08-31,4,0,4,2,6
ST018,V00531,P0025,2026-08-31,3,0,3,4,12
ST018,V00533,P0025,2026-08-31,5,5,10,3,9
ST018,V00534,P0025,2026-08-31,6,8,14,4,12
ST018,V00537,P0025,2026-08-31,0,6,6,3,9
ST018,V00538,P0025,2026-08-31,7,7,14,3,9
ST018,V00542,P0025,2026-08-31,17,8,25,6,18
ST018,V00543,P0025,2026-08-31,9,6,15,3,9
ST018,V00544,P0025,2026-08-31,3,1,4,2,6
ST018,V00545,P0025,2026-08-31,10,4,14,3,9
ST018,V00546,P0025,2026-08-31,1,0,1,2,6
ST018,V00547,P0026,2026-08-31,7,3,10,3,9
ST018,V00549,P0026,2026-08-31,6,6,12,2,6
ST018,V00551,P0026,2026-08-31,5,3,8,2,6
ST018,V00552,P0026,2026-08-31,11,6,17,3,9
ST018,V00555,P0026,2026-08-31,4,0,4,2,6
ST018,V00556,P0026,2026-08-31,7,7,14,3,9
ST018,V00557,P0026,2026-08-31,3,9,12,4,12
ST018,V00558,P0026,2026-08-31,5,2,7,2,6
ST018,V00559,P0026,2026-08-31,1,1,2,2,6
ST018,V00560,P0026,2026-08-31,5,7,12,4,12
ST018,V00562,P0026,2026-08-31,9,3,12,6,18
ST018,V00565,P0027,2026-08-31,8,8,16,4,12
ST018,V00566,P0027,2026-08-31,4,3,7,2,6
ST018,V00567,P0027,2026-08-31,7,6,13,4,12
ST018,V00569,P0027,2026-08-31,3,0,3,2,6
ST018,V00570,P0027,2026-08-31,3,8,11,4,12
ST018,V00571,P0027,2026-08-31,7,5,12,3,9
ST018,V00572,P0027,2026-08-31,7,3,10,2,6
ST018,V00574,P0027,2026-08-31,10,7,17,4,12
ST018,V00575,P0027,2026-08-31,10,7,17,4,12
ST018,V00576,P0027,2026-08-31,14,5,19,4,12
ST018,V00578,P0027,2026-08-31,2,0,2,6,18
ST018,V00579,P0027,2026-08-31,8,4,12,4,12
ST018,V00581,P0027,2026-08-31,6,10,16,4,12
ST018,V00582,P0027,2026-08-31,2,0,2,2,6
ST018,V00583,P0028,2026-08-31,5,1,6,3,9
ST018,V00584,P0028,2026-08-31,8,7,15,3,9
ST018,V00586,P0028,2026-08-31,6,5,11,3,9
ST018,V00588,P0028,2026-08-31,5,7,12,3,9
ST018,V00589,P0028,2026-08-31,2,1,3,2,6
ST018,V00591,P0028,2026-08-31,4,4,8,3,9
ST018,V00592,P0028,2026-08-31,6,0,6,2,6
ST018,V00594,P0028,2026-08-31,3,6,9,2,6
ST018,V00595,P0028,2026-08-31,9,0,9,6,18
ST018,V00599,P0028,2026-08-31,14,3,17,6,18
ST018,V00600,P0028,2026-08-31,2,8,10,3,9
ST018,V00602,P0029,2026-08-31,5,5,10,2,6
ST018,V00603,P0029,2026-08-31,0,0,0,2,6
ST018,V00604,P0029,2026-08-31,10,1,11,4,12
ST018,V00605,P0029,2026-08-31,4,0,4,2,6
ST018,V00608,P0029,2026-08-31,3,11,14,3,9
ST018,V00609,P0029,2026-08-31,2,4,6,2,6
ST018,V00613,P0029,2026-08-31,9,4,13,3,9
ST018,V00614,P0029,2026-08-31,6,7,13,3,9
ST018,V00616,P0029,2026-08-31,12,4,16,3,9
ST018,V00619,P0030,2026-08-31,12,13,25,6,18
ST018,V00623,P0030,2026-08-31,11,8,19,6,18
ST018,V00624,P0030,2026-08-31,6,2,8,2,6
ST018,V00626,P0030,2026-08-31,1,2,3,2,6
ST018,V00627,P0030,2026-08-31,5,3,8,2,6
ST018,V00628,P0030,2026-08-31,8,0,8,6,18
ST018,V00630,P0030,2026-08-31,3,4,7,4,12
ST018,V00631,P0030,2026-08-31,5,1,6,3,9
ST018,V00634,P0030,2026-08-31,2,4,6,3,9
ST018,V00636,P0030,2026-08-31,3,0,3,2,6
ST018,V00637,P0031,2026-08-31,3,6,9,2,6
ST018,V00638,P0031,2026-08-31,7,5,12,2,6
ST018,V00641,P0031,2026-08-31,7,1,8,3,9
ST018,V00645,P0031,2026-08-31,6,8,14,3,9
ST018,V00646,P0031,2026-08-31,8,5,13,3,9
ST018,V00647,P0031,2026-08-31,5,7,12,3,9
ST018,V00648,P0031,2026-08-31,6,5,11,2,6
ST018,V00649,P0031,2026-08-31,16,14,30,6,18
ST018,V00651,P0031,2026-08-31,5,0,5,2,6
ST018,V00653,P0031,2026-08-31,10,18,28,6,18
ST018,V00656,P0032,2026-08-31,6,6,12,3,9
ST018,V00660,P0032,2026-08-31,3,2,5,2,6
ST018,V00661,P0032,2026-08-31,6,1,7,3,9
ST018,V00665,P0032,2026-08-31,4,9,13,4,12
ST018,V00666,P0032,2026-08-31,8,3,11,3,9
ST018,V00668,P0032,2026-08-31,2,4,6,2,6
ST018,V00669,P0032,2026-08-31,5,6,11,3,9
ST018,V00670,P0032,2026-08-31,3,6,9,2,6
ST018,V00672,P0032,2026-08-31,4,2,6,2,6
ST018,V00673,P0033,2026-08-31,8,1,9,2,6
ST018,V00679,P0033,2026-08-31,11,6,17,4,12
ST018,V00682,P0033,2026-08-31,3,5,8,2,6
ST018,V00683,P0033,2026-08-31,5,0,5,3,9
ST018,V00685,P0033,2026-08-31,7,5,12,4,12
ST018,V00686,P0033,2026-08-31,5,7,12,4,12
ST018,V00687,P0033,2026-08-31,4,7,11,4,12
ST018,V00689,P0033,2026-08-31,4,2,6,2,6
ST018,V00690,P0033,2026-08-31,21,9,30,6,18
ST018,V00694,P0034,2026-08-31,2,3,5,2,6
ST018,V00697,P0034,2026-08-31,12,3,15,4,12
ST018,V00699,P0034,2026-08-31,3,5,8,2,6
ST018,V00705,P0034,2026-08-31,4,1,5,2,6
ST018,V00706,P0034,2026-08-31,4,5,9,2,6
ST018,V00707,P0034,2026-08-31,5,1,6,2,6
ST018,V00708,P0034,2026-08-31,6,0,6,2,6
